chrom	start	end	major_cn	minor_cn	donor_id	study	id
1	1	244723585	1	1	sim80	Prost-AdenoCA	cna0
1	244723586	244826549	0	0	sim80	Prost-AdenoCA	cna1
1	244826550	249250621	2	2	sim80	Prost-AdenoCA	cna2
2	1	7405384	1	1	sim80	Prost-AdenoCA	cna3
2	7405385	7532240	0	0	sim80	Prost-AdenoCA	cna4
2	7532241	8848405	1	2	sim80	Prost-AdenoCA	cna5
2	8848406	9538772	2	1	sim80	Prost-AdenoCA	cna6
2	9538773	64719328	1	1	sim80	Prost-AdenoCA	cna7
2	64719329	64759671	0	0	sim80	Prost-AdenoCA	cna8
2	64759672	65357897	3	0	sim80	Prost-AdenoCA	cna9
2	65357898	65367651	2	1	sim80	Prost-AdenoCA	cna10
2	65367652	65460445	1	1	sim80	Prost-AdenoCA	cna11
2	65460446	94093635	2	2	sim80	Prost-AdenoCA	cna12
2	94093636	202874813	1	0	sim80	Prost-AdenoCA	cna13
2	202874814	243199373	1	1	sim80	Prost-AdenoCA	cna14
3	1	198022430	1	1	sim80	Prost-AdenoCA	cna15
4	1	85206391	1	1	sim80	Prost-AdenoCA	cna16
4	85206392	85510903	3	2	sim80	Prost-AdenoCA	cna17
4	85510904	86106100	2	1	sim80	Prost-AdenoCA	cna18
4	86106101	123381024	1	1	sim80	Prost-AdenoCA	cna19
4	123381025	158298513	2	0	sim80	Prost-AdenoCA	cna20
4	158298514	160029687	1	0	sim80	Prost-AdenoCA	cna21
4	160029688	191154276	1	1	sim80	Prost-AdenoCA	cna22
5	1	75329884	1	1	sim80	Prost-AdenoCA	cna23
5	75329885	75530095	0	1	sim80	Prost-AdenoCA	cna24
5	75530096	77706767	2	1	sim80	Prost-AdenoCA	cna25
5	77706768	172174197	1	1	sim80	Prost-AdenoCA	cna26
5	172174198	172185339	1	0	sim80	Prost-AdenoCA	cna27
5	172185340	180915260	2	1	sim80	Prost-AdenoCA	cna28
6	1	171115067	1	1	sim80	Prost-AdenoCA	cna29
7	1	40967448	1	1	sim80	Prost-AdenoCA	cna30
7	40967449	42780459	3	1	sim80	Prost-AdenoCA	cna31
7	42780460	139555035	1	1	sim80	Prost-AdenoCA	cna32
7	139555036	158287183	1	0	sim80	Prost-AdenoCA	cna33
7	158287184	159138663	1	1	sim80	Prost-AdenoCA	cna34
8	1	46391436	1	1	sim80	Prost-AdenoCA	cna35
8	46391437	60139350	2	2	sim80	Prost-AdenoCA	cna36
8	60139351	146364022	1	1	sim80	Prost-AdenoCA	cna37
9	1	141213431	1	1	sim80	Prost-AdenoCA	cna38
10	1	135534747	1	1	sim80	Prost-AdenoCA	cna39
11	1	63772136	1	1	sim80	Prost-AdenoCA	cna40
11	63772137	66257646	2	1	sim80	Prost-AdenoCA	cna41
11	66257647	66337641	0	0	sim80	Prost-AdenoCA	cna42
11	66337642	82246154	1	0	sim80	Prost-AdenoCA	cna43
11	82246155	119237857	1	1	sim80	Prost-AdenoCA	cna44
11	119237858	119409199	3	1	sim80	Prost-AdenoCA	cna45
11	119409200	135006516	1	1	sim80	Prost-AdenoCA	cna46
12	1	4248478	1	1	sim80	Prost-AdenoCA	cna47
12	4248479	73056643	1	0	sim80	Prost-AdenoCA	cna48
12	73056644	75599659	2	0	sim80	Prost-AdenoCA	cna49
12	75599660	133851895	1	1	sim80	Prost-AdenoCA	cna50
13	1	115169878	1	1	sim80	Prost-AdenoCA	cna51
14	1	49099834	1	1	sim80	Prost-AdenoCA	cna52
14	49099835	49247686	1	0	sim80	Prost-AdenoCA	cna53
14	49247687	49449755	1	1	sim80	Prost-AdenoCA	cna54
14	49449756	49497440	3	0	sim80	Prost-AdenoCA	cna55
14	49497441	107349540	1	1	sim80	Prost-AdenoCA	cna56
15	1	102531392	1	1	sim80	Prost-AdenoCA	cna57
16	1	90354753	1	1	sim80	Prost-AdenoCA	cna58
17	1	61652566	1	1	sim80	Prost-AdenoCA	cna59
17	61652567	68977343	1	0	sim80	Prost-AdenoCA	cna60
17	68977344	72088022	1	1	sim80	Prost-AdenoCA	cna61
17	72088023	72523965	3	1	sim80	Prost-AdenoCA	cna62
17	72523966	81195210	2	1	sim80	Prost-AdenoCA	cna63
18	1	78036516	1	1	sim80	Prost-AdenoCA	cna64
18	78036517	78077248	0	0	sim80	Prost-AdenoCA	cna65
19	1	59128983	1	1	sim80	Prost-AdenoCA	cna66
20	1	49904161	1	1	sim80	Prost-AdenoCA	cna67
20	49904162	50668931	0	0	sim80	Prost-AdenoCA	cna68
20	50668932	54041765	1	1	sim80	Prost-AdenoCA	cna69
20	54041766	54065706	3	1	sim80	Prost-AdenoCA	cna70
20	54065707	63025520	1	1	sim80	Prost-AdenoCA	cna71
21	1	48129895	1	1	sim80	Prost-AdenoCA	cna72
22	1	4991705	2	1	sim80	Prost-AdenoCA	cna73
22	4991706	22200097	1	1	sim80	Prost-AdenoCA	cna74
22	22200098	39309536	1	0	sim80	Prost-AdenoCA	cna75
22	39309537	49120179	2	1	sim80	Prost-AdenoCA	cna76
22	49120180	50411758	1	1	sim80	Prost-AdenoCA	cna77
22	50411759	51304566	1	0	sim80	Prost-AdenoCA	cna78
X	1	74251391	1	1	sim80	Prost-AdenoCA	cna79
X	74251392	75276658	3	3	sim80	Prost-AdenoCA	cna80
X	75276659	75387917	2	0	sim80	Prost-AdenoCA	cna81
X	75387918	76122081	1	1	sim80	Prost-AdenoCA	cna82
X	76122082	76228346	2	1	sim80	Prost-AdenoCA	cna83
X	76228347	150175908	1	1	sim80	Prost-AdenoCA	cna84
X	150175909	150256871	1	0	sim80	Prost-AdenoCA	cna85
X	150256872	150332096	2	2	sim80	Prost-AdenoCA	cna86
X	150332097	155270560	1	1	sim80	Prost-AdenoCA	cna87
Y	1	59268711	1	1	sim80	Prost-AdenoCA	cna88
Y	59268712	59373566	2	2	sim80	Prost-AdenoCA	cna89
