chrom	start	end	major_cn	minor_cn	donor_id	study	id
1	1	9585693	2	1	sim17	Prost-AdenoCA	cna0
1	9585694	9641136	1	0	sim17	Prost-AdenoCA	cna1
1	9641137	9975908	3	1	sim17	Prost-AdenoCA	cna2
1	9975909	153553875	1	1	sim17	Prost-AdenoCA	cna3
1	153553876	160778288	2	2	sim17	Prost-AdenoCA	cna4
1	160778289	195271251	1	0	sim17	Prost-AdenoCA	cna5
1	195271252	195286508	7	1	sim17	Prost-AdenoCA	cna6
1	195286509	241353540	1	1	sim17	Prost-AdenoCA	cna7
1	241353541	241395277	2	0	sim17	Prost-AdenoCA	cna8
1	241395278	243336625	1	1	sim17	Prost-AdenoCA	cna9
1	243336626	245729597	3	1	sim17	Prost-AdenoCA	cna10
1	245729598	245911951	1	1	sim17	Prost-AdenoCA	cna11
1	245911952	245927186	3	3	sim17	Prost-AdenoCA	cna12
1	245927187	246768783	2	2	sim17	Prost-AdenoCA	cna13
1	246768784	249250621	1	1	sim17	Prost-AdenoCA	cna14
2	1	92915665	1	1	sim17	Prost-AdenoCA	cna15
2	92915666	94261326	2	1	sim17	Prost-AdenoCA	cna16
2	94261327	97654097	1	0	sim17	Prost-AdenoCA	cna17
2	97654098	98974612	2	1	sim17	Prost-AdenoCA	cna18
2	98974613	100505069	1	0	sim17	Prost-AdenoCA	cna19
2	100505070	100515854	2	0	sim17	Prost-AdenoCA	cna20
2	100515855	173454047	1	1	sim17	Prost-AdenoCA	cna21
2	173454048	175536356	2	2	sim17	Prost-AdenoCA	cna22
2	175536357	181215799	1	1	sim17	Prost-AdenoCA	cna23
2	181215800	183403262	1	0	sim17	Prost-AdenoCA	cna24
2	183403263	193373894	2	0	sim17	Prost-AdenoCA	cna25
2	193373895	194779973	1	0	sim17	Prost-AdenoCA	cna26
2	194779974	195297607	2	0	sim17	Prost-AdenoCA	cna27
2	195297608	243199373	1	1	sim17	Prost-AdenoCA	cna28
3	1	27964803	1	1	sim17	Prost-AdenoCA	cna29
3	27964804	28227064	1	0	sim17	Prost-AdenoCA	cna30
3	28227065	189251615	1	1	sim17	Prost-AdenoCA	cna31
3	189251616	189725565	2	2	sim17	Prost-AdenoCA	cna32
3	189725566	197153341	1	0	sim17	Prost-AdenoCA	cna33
3	197153342	198022430	2	1	sim17	Prost-AdenoCA	cna34
4	1	186266354	1	1	sim17	Prost-AdenoCA	cna35
4	186266355	186411418	2	1	sim17	Prost-AdenoCA	cna36
4	186411419	191154276	1	0	sim17	Prost-AdenoCA	cna37
5	1	4983362	1	1	sim17	Prost-AdenoCA	cna38
5	4983363	5182202	3	1	sim17	Prost-AdenoCA	cna39
5	5182203	36627717	2	2	sim17	Prost-AdenoCA	cna40
5	36627718	43335775	2	1	sim17	Prost-AdenoCA	cna41
5	43335776	96638536	1	1	sim17	Prost-AdenoCA	cna42
5	96638537	96818328	1	0	sim17	Prost-AdenoCA	cna43
5	96818329	97052456	0	1	sim17	Prost-AdenoCA	cna44
5	97052457	173589132	1	1	sim17	Prost-AdenoCA	cna45
5	173589133	175204750	1	0	sim17	Prost-AdenoCA	cna46
5	175204751	180915260	0	1	sim17	Prost-AdenoCA	cna47
6	1	170549644	1	1	sim17	Prost-AdenoCA	cna48
6	170549645	171115067	2	2	sim17	Prost-AdenoCA	cna49
7	1	156697106	1	1	sim17	Prost-AdenoCA	cna50
7	156697107	156880059	3	2	sim17	Prost-AdenoCA	cna51
7	156880060	159138663	1	0	sim17	Prost-AdenoCA	cna52
8	1	78092284	1	1	sim17	Prost-AdenoCA	cna53
8	78092285	113989177	1	0	sim17	Prost-AdenoCA	cna54
8	113989178	144467096	1	1	sim17	Prost-AdenoCA	cna55
8	144467097	146364022	1	0	sim17	Prost-AdenoCA	cna56
9	1	141213431	1	1	sim17	Prost-AdenoCA	cna57
10	1	135534747	1	1	sim17	Prost-AdenoCA	cna58
11	1	16049809	1	1	sim17	Prost-AdenoCA	cna59
11	16049810	24454142	0	0	sim17	Prost-AdenoCA	cna60
11	24454143	24472118	2	0	sim17	Prost-AdenoCA	cna61
11	24472119	133654081	1	1	sim17	Prost-AdenoCA	cna62
11	133654082	134970590	1	0	sim17	Prost-AdenoCA	cna63
11	134970591	135006516	2	0	sim17	Prost-AdenoCA	cna64
12	1	41960307	1	1	sim17	Prost-AdenoCA	cna65
12	41960308	42430833	1	0	sim17	Prost-AdenoCA	cna66
12	42430834	44686834	2	1	sim17	Prost-AdenoCA	cna67
12	44686835	49916855	2	2	sim17	Prost-AdenoCA	cna68
12	49916856	68213125	0	2	sim17	Prost-AdenoCA	cna69
12	68213126	133851895	1	1	sim17	Prost-AdenoCA	cna70
13	1	115169878	1	1	sim17	Prost-AdenoCA	cna71
14	1	105211093	1	1	sim17	Prost-AdenoCA	cna72
14	105211094	105482245	2	0	sim17	Prost-AdenoCA	cna73
14	105482246	105818365	2	2	sim17	Prost-AdenoCA	cna74
14	105818366	107349540	3	1	sim17	Prost-AdenoCA	cna75
15	1	1327152	2	0	sim17	Prost-AdenoCA	cna76
15	1327153	1901509	1	1	sim17	Prost-AdenoCA	cna77
15	1901510	1910983	4	0	sim17	Prost-AdenoCA	cna78
15	1910984	15730568	1	0	sim17	Prost-AdenoCA	cna79
15	15730569	70482740	2	1	sim17	Prost-AdenoCA	cna80
15	70482741	70736403	3	2	sim17	Prost-AdenoCA	cna81
15	70736404	72266738	1	0	sim17	Prost-AdenoCA	cna82
15	72266739	72816760	1	1	sim17	Prost-AdenoCA	cna83
15	72816761	76245297	2	1	sim17	Prost-AdenoCA	cna84
15	76245298	97639133	1	1	sim17	Prost-AdenoCA	cna85
15	97639134	99244563	3	0	sim17	Prost-AdenoCA	cna86
15	99244564	99513049	2	1	sim17	Prost-AdenoCA	cna87
15	99513050	99522509	3	2	sim17	Prost-AdenoCA	cna88
15	99522510	99633618	2	1	sim17	Prost-AdenoCA	cna89
15	99633619	99671768	1	1	sim17	Prost-AdenoCA	cna90
15	99671769	102045054	2	1	sim17	Prost-AdenoCA	cna91
15	102045055	102531392	1	1	sim17	Prost-AdenoCA	cna92
16	1	90310599	1	1	sim17	Prost-AdenoCA	cna93
16	90310600	90354753	5	2	sim17	Prost-AdenoCA	cna94
17	1	16087490	1	0	sim17	Prost-AdenoCA	cna95
17	16087491	42606904	1	1	sim17	Prost-AdenoCA	cna96
17	42606905	45696054	1	0	sim17	Prost-AdenoCA	cna97
17	45696055	57837162	2	0	sim17	Prost-AdenoCA	cna98
17	57837163	79638124	2	1	sim17	Prost-AdenoCA	cna99
17	79638125	81181816	0	0	sim17	Prost-AdenoCA	cna100
17	81181817	81195210	1	1	sim17	Prost-AdenoCA	cna101
18	1	78077248	1	1	sim17	Prost-AdenoCA	cna102
19	1	59128983	1	1	sim17	Prost-AdenoCA	cna103
20	1	62106744	1	1	sim17	Prost-AdenoCA	cna104
20	62106745	62305079	2	2	sim17	Prost-AdenoCA	cna105
20	62305080	62328763	0	0	sim17	Prost-AdenoCA	cna106
20	62328764	63025520	1	1	sim17	Prost-AdenoCA	cna107
21	1	48129895	1	1	sim17	Prost-AdenoCA	cna108
22	1	34536485	1	1	sim17	Prost-AdenoCA	cna109
22	34536486	36850487	2	1	sim17	Prost-AdenoCA	cna110
22	36850488	46780538	1	0	sim17	Prost-AdenoCA	cna111
22	46780539	49195817	1	1	sim17	Prost-AdenoCA	cna112
22	49195818	51304566	3	1	sim17	Prost-AdenoCA	cna113
X	1	155270560	1	1	sim17	Prost-AdenoCA	cna114
Y	1	20098486	1	1	sim17	Prost-AdenoCA	cna115
Y	20098487	21278942	0	0	sim17	Prost-AdenoCA	cna116
Y	21278943	42402385	1	1	sim17	Prost-AdenoCA	cna117
Y	42402386	49493464	3	2	sim17	Prost-AdenoCA	cna118
Y	49493465	58557959	1	1	sim17	Prost-AdenoCA	cna119
Y	58557960	59373566	1	0	sim17	Prost-AdenoCA	cna120
