chrom	start	end	major_cn	minor_cn	donor_id	study	id
1	1	249250621	1	1	sim61	Prost-AdenoCA	cna0
2	1	215025577	1	1	sim61	Prost-AdenoCA	cna1
2	215025578	234036953	1	0	sim61	Prost-AdenoCA	cna2
2	234036954	234048469	2	2	sim61	Prost-AdenoCA	cna3
2	234048470	243199373	1	1	sim61	Prost-AdenoCA	cna4
3	1	83570176	1	1	sim61	Prost-AdenoCA	cna5
3	83570177	84437906	2	1	sim61	Prost-AdenoCA	cna6
3	84437907	198022430	1	1	sim61	Prost-AdenoCA	cna7
4	1	191154276	1	1	sim61	Prost-AdenoCA	cna8
5	1	180915260	1	1	sim61	Prost-AdenoCA	cna9
6	1	169183498	1	1	sim61	Prost-AdenoCA	cna10
6	169183499	171115067	2	1	sim61	Prost-AdenoCA	cna11
7	1	159138663	1	1	sim61	Prost-AdenoCA	cna12
8	1	146364022	1	1	sim61	Prost-AdenoCA	cna13
9	1	141213431	1	1	sim61	Prost-AdenoCA	cna14
10	1	54512560	1	1	sim61	Prost-AdenoCA	cna15
10	54512561	73419257	1	0	sim61	Prost-AdenoCA	cna16
10	73419258	113805561	1	1	sim61	Prost-AdenoCA	cna17
10	113805562	115618680	1	0	sim61	Prost-AdenoCA	cna18
10	115618681	116718015	1	1	sim61	Prost-AdenoCA	cna19
10	116718016	132885255	2	1	sim61	Prost-AdenoCA	cna20
10	132885256	135049652	1	1	sim61	Prost-AdenoCA	cna21
10	135049653	135534747	1	0	sim61	Prost-AdenoCA	cna22
11	1	135006516	1	1	sim61	Prost-AdenoCA	cna23
12	1	133851895	1	1	sim61	Prost-AdenoCA	cna24
13	1	41603187	1	1	sim61	Prost-AdenoCA	cna25
13	41603188	41804626	2	1	sim61	Prost-AdenoCA	cna26
13	41804627	49565954	2	2	sim61	Prost-AdenoCA	cna27
13	49565955	49620810	3	1	sim61	Prost-AdenoCA	cna28
13	49620811	49955140	1	0	sim61	Prost-AdenoCA	cna29
13	49955141	95082712	1	1	sim61	Prost-AdenoCA	cna30
13	95082713	95131690	4	1	sim61	Prost-AdenoCA	cna31
13	95131691	114262303	1	1	sim61	Prost-AdenoCA	cna32
13	114262304	114310881	1	0	sim61	Prost-AdenoCA	cna33
13	114310882	115169878	1	1	sim61	Prost-AdenoCA	cna34
14	1	107349540	2	2	sim61	Prost-AdenoCA	cna35
15	1	73976422	1	1	sim61	Prost-AdenoCA	cna36
15	73976423	97436010	4	0	sim61	Prost-AdenoCA	cna37
15	97436011	102531392	1	1	sim61	Prost-AdenoCA	cna38
16	1	85197692	1	1	sim61	Prost-AdenoCA	cna39
16	85197693	90326577	5	2	sim61	Prost-AdenoCA	cna40
16	90326578	90354753	1	0	sim61	Prost-AdenoCA	cna41
17	1	81195210	1	0	sim61	Prost-AdenoCA	cna42
18	1	78077248	1	0	sim61	Prost-AdenoCA	cna43
19	1	59128983	1	0	sim61	Prost-AdenoCA	cna44
20	1	4891608	1	1	sim61	Prost-AdenoCA	cna45
20	4891609	63025520	2	1	sim61	Prost-AdenoCA	cna46
21	1	48129895	1	1	sim61	Prost-AdenoCA	cna47
22	1	51304566	1	1	sim61	Prost-AdenoCA	cna48
X	1	14183051	1	1	sim61	Prost-AdenoCA	cna49
X	14183052	148823056	1	0	sim61	Prost-AdenoCA	cna50
X	148823057	150182283	1	1	sim61	Prost-AdenoCA	cna51
X	150182284	150209318	2	1	sim61	Prost-AdenoCA	cna52
X	150209319	152541110	1	1	sim61	Prost-AdenoCA	cna53
X	152541111	152554578	0	0	sim61	Prost-AdenoCA	cna54
X	152554579	155270560	1	1	sim61	Prost-AdenoCA	cna55
Y	1	2055544	1	0	sim61	Prost-AdenoCA	cna56
Y	2055545	59373566	1	1	sim61	Prost-AdenoCA	cna57
