chrom	start	end	major_cn	minor_cn	donor_id	study	id
1	1	155526193	1	1	sim1	Prost-AdenoCA	cna0
1	155526194	222505501	3	0	sim1	Prost-AdenoCA	cna1
1	222505502	249250621	1	1	sim1	Prost-AdenoCA	cna2
2	1	243199373	1	1	sim1	Prost-AdenoCA	cna3
3	1	198022430	1	1	sim1	Prost-AdenoCA	cna4
4	1	191154276	1	1	sim1	Prost-AdenoCA	cna5
5	1	174016406	1	1	sim1	Prost-AdenoCA	cna6
5	174016407	180915260	2	1	sim1	Prost-AdenoCA	cna7
6	1	16691255	1	1	sim1	Prost-AdenoCA	cna8
6	16691256	16748287	1	0	sim1	Prost-AdenoCA	cna9
6	16748288	171115067	1	1	sim1	Prost-AdenoCA	cna10
7	1	120400956	1	1	sim1	Prost-AdenoCA	cna11
7	120400957	120729479	2	1	sim1	Prost-AdenoCA	cna12
7	120729480	159138663	1	1	sim1	Prost-AdenoCA	cna13
8	1	146364022	1	1	sim1	Prost-AdenoCA	cna14
9	1	93441677	1	1	sim1	Prost-AdenoCA	cna15
9	93441678	135762924	2	2	sim1	Prost-AdenoCA	cna16
9	135762925	141213431	1	1	sim1	Prost-AdenoCA	cna17
10	1	135534747	1	1	sim1	Prost-AdenoCA	cna18
11	1	135006516	1	1	sim1	Prost-AdenoCA	cna19
12	1	56517998	2	2	sim1	Prost-AdenoCA	cna20
12	56517999	133851895	1	1	sim1	Prost-AdenoCA	cna21
13	1	4123030	1	1	sim1	Prost-AdenoCA	cna22
13	4123031	4956009	1	0	sim1	Prost-AdenoCA	cna23
13	4956010	9918658	1	1	sim1	Prost-AdenoCA	cna24
13	9918659	22115288	2	1	sim1	Prost-AdenoCA	cna25
13	22115289	115169878	1	1	sim1	Prost-AdenoCA	cna26
14	1	107349540	2	2	sim1	Prost-AdenoCA	cna27
15	1	20823015	1	1	sim1	Prost-AdenoCA	cna28
15	20823016	23314347	1	0	sim1	Prost-AdenoCA	cna29
15	23314348	102531392	1	1	sim1	Prost-AdenoCA	cna30
16	1	29456234	2	2	sim1	Prost-AdenoCA	cna31
16	29456235	78108651	1	1	sim1	Prost-AdenoCA	cna32
16	78108652	90354753	1	0	sim1	Prost-AdenoCA	cna33
17	1	80134285	1	1	sim1	Prost-AdenoCA	cna34
17	80134286	81195210	4	1	sim1	Prost-AdenoCA	cna35
18	1	78077248	1	1	sim1	Prost-AdenoCA	cna36
19	1	58042862	1	1	sim1	Prost-AdenoCA	cna37
19	58042863	59128983	1	0	sim1	Prost-AdenoCA	cna38
20	1	6913793	5	2	sim1	Prost-AdenoCA	cna39
20	6913794	63025520	1	1	sim1	Prost-AdenoCA	cna40
21	1	48129895	1	0	sim1	Prost-AdenoCA	cna41
22	1	51304566	1	1	sim1	Prost-AdenoCA	cna42
X	1	149378921	1	1	sim1	Prost-AdenoCA	cna43
X	149378922	155270560	2	0	sim1	Prost-AdenoCA	cna44
Y	1	55378103	1	1	sim1	Prost-AdenoCA	cna45
Y	55378104	55387556	1	0	sim1	Prost-AdenoCA	cna46
Y	55387557	59373566	1	1	sim1	Prost-AdenoCA	cna47
