chrom1	start1	end1	chrom2	start2	end2	strand1	strand2	svclass	id	allele	donor_id	tumor
1	1	16567901	7	83665736	159138663	+	-	TRA	cna0,cna55	minor,major	sim73	Prost-AdenoCA
1	5242225	20458024	2	3815518	209442380	-	+	TRA	cna9,cna0	minor,major	sim73	Prost-AdenoCA
1	18190400	18190401	1	42599409	42599410	+	+	h2hINV	cna0	minor	sim73	Prost-AdenoCA
1	20458025	20458026	1	20585314	20585315	-	+	DUP	cna1	major	sim73	Prost-AdenoCA
1	20458025	20458026	1	20585314	20585315	+	-	DEL	cna1	minor	sim73	Prost-AdenoCA
1	20585315	234521901	5	162366586	172607517	+	-	TRA	cna2,cna46	major,minor	sim73	Prost-AdenoCA
1	53550200	244519272	3	89038602	136928014	-	+	TRA	cna2,cna23	major,minor	sim73	Prost-AdenoCA
1	244519273	244519274	1	249250621	249250622	-	+	DUP	cna3	major	sim73	Prost-AdenoCA
2	132025	132026	2	186236	186237	+	-	DEL	cna5	minor	sim73	Prost-AdenoCA
2	186237	186238	2	2002574	2002575	-	+	DUP	cna6	major	sim73	Prost-AdenoCA
2	186237	186238	2	2002574	2002575	-	+	DUP	cna6	minor	sim73	Prost-AdenoCA
2	2002575	2002576	2	2913520	2913521	-	+	DUP	cna7	major	sim73	Prost-AdenoCA
2	2002575	2002576	2	2913520	2913521	+	-	DEL	cna7	minor	sim73	Prost-AdenoCA
2	2913521	2913522	2	3815517	3815518	+	-	DEL	cna8	minor	sim73	Prost-AdenoCA
2	3815518	24860223	15	31117781	102531392	+	-	TRA	cna73,cna9	major,minor	sim73	Prost-AdenoCA
2	185246979	185246980	2	186799697	186799698	+	+	h2hINV	cna9	minor	sim73	Prost-AdenoCA
2	205791179	205791180	2	205833625	205833626	+	+	h2hINV	cna9	major	sim73	Prost-AdenoCA
2	241099079	243199373	17	1	10163951	-	+	TRA	cna9,cna85	minor,major	sim73	Prost-AdenoCA
3	1	2	3	4813563	4813564	+	-	DEL	cna10	minor	sim73	Prost-AdenoCA
3	4813564	4813565	3	5742970	5742971	-	+	DUP	cna11	major	sim73	Prost-AdenoCA
3	4813564	4813565	3	5742970	5742971	-	+	DUP	cna11	minor	sim73	Prost-AdenoCA
3	5742971	5742972	3	5852730	5852731	+	-	DEL	cna12	major	sim73	Prost-AdenoCA
3	5742971	5742972	3	5852730	5852731	+	-	DEL	cna12	minor	sim73	Prost-AdenoCA
3	5852731	5852732	3	5910769	5910770	+	-	DEL	cna13	minor	sim73	Prost-AdenoCA
3	5910770	5910771	3	7668276	7668277	-	+	DUP	cna14	major	sim73	Prost-AdenoCA
3	7668277	7668278	3	7679252	7679253	+	-	DEL	cna15	minor	sim73	Prost-AdenoCA
3	17531006	17531007	3	50228539	50228540	+	+	h2hINV	cna16	minor	sim73	Prost-AdenoCA
3	41692033	86248959	14	1	34833822	-	+	TRA	cna71,cna16	major,minor	sim73	Prost-AdenoCA
3	86248960	86248961	3	86329978	86329979	+	-	DEL	cna17	minor	sim73	Prost-AdenoCA
3	86329979	86329980	3	86594307	86594308	-	+	DUP	cna18	major	sim73	Prost-AdenoCA
3	86329979	86329980	3	86594307	86594308	-	+	DUP	cna18	minor	sim73	Prost-AdenoCA
3	88596482	88596483	3	88607452	88607453	+	-	DEL	cna20	minor	sim73	Prost-AdenoCA
3	88607453	88607454	3	88652875	88652876	-	+	DUP	cna21	major	sim73	Prost-AdenoCA
3	88607453	88607454	3	88652875	88652876	-	+	DUP	cna21	minor	sim73	Prost-AdenoCA
3	88607453	88615207	5	1	27869901	+	+	TRA	cna21,cna41	minor,minor	sim73	Prost-AdenoCA
3	88652876	88652877	3	89038601	89038602	+	-	DEL	cna22	minor	sim73	Prost-AdenoCA
3	89038602	133549307	8	1	82226718	+	+	TRA	cna23,cna56	minor,minor	sim73	Prost-AdenoCA
4	1	2	4	144371	144372	+	-	DEL	cna24	minor	sim73	Prost-AdenoCA
4	29024787	29024788	4	30756811	30756812	-	+	DUP	cna26	major	sim73	Prost-AdenoCA
4	30756812	30756813	4	34478368	34478369	-	+	DUP	cna27	major	sim73	Prost-AdenoCA
4	30756812	30756813	4	34478368	34478369	-	+	DUP	cna27	minor	sim73	Prost-AdenoCA
4	55656913	55656914	4	55670588	55670589	-	+	DUP	cna29	major	sim73	Prost-AdenoCA
4	55973401	55973402	4	56235807	56235808	+	-	DEL	cna31	minor	sim73	Prost-AdenoCA
4	56235808	56235809	4	58715037	58715038	-	+	DUP	cna32	major	sim73	Prost-AdenoCA
4	56235808	56235809	4	58715037	58715038	-	+	DUP	cna32	minor	sim73	Prost-AdenoCA
4	58715038	58715039	4	134713985	134713986	+	-	DEL	cna33	minor	sim73	Prost-AdenoCA
4	134713986	134713987	4	135151535	135151536	+	-	DEL	cna34	major	sim73	Prost-AdenoCA
4	134713986	134713987	4	135151535	135151536	+	-	DEL	cna34	minor	sim73	Prost-AdenoCA
4	135151536	135151537	4	137271832	137271833	-	+	DUP	cna35	major	sim73	Prost-AdenoCA
4	137271833	137271834	4	138295909	138295910	-	+	DUP	cna36	major	sim73	Prost-AdenoCA
4	138295910	138295911	4	139841661	139841662	+	-	DEL	cna37	minor	sim73	Prost-AdenoCA
4	165295891	165295892	4	165360146	165360147	+	-	DEL	cna39	minor	sim73	Prost-AdenoCA
4	172009576	172009577	4	172056290	172056291	-	-	t2tINV	cna40	major	sim73	Prost-AdenoCA
4	175112676	175112677	4	176493308	176493309	+	+	h2hINV	cna40	minor	sim73	Prost-AdenoCA
5	1	8926701	10	1	49714667	+	+	TRA	cna41,cna64	major,minor	sim73	Prost-AdenoCA
5	21970800	21970801	5	58178512	58178513	+	+	h2hINV	cna41	minor	sim73	Prost-AdenoCA
5	30127687	30127688	5	44461382	44461383	-	+	DUP	cna42	major	sim73	Prost-AdenoCA
5	30127687	30127688	5	44461382	44461383	+	-	DEL	cna42	minor	sim73	Prost-AdenoCA
5	45701829	45701830	5	48394884	48394885	+	-	DEL	cna44	minor	sim73	Prost-AdenoCA
5	48394885	52049501	7	75814296	159138663	+	-	TRA	cna45,cna55	major,minor	sim73	Prost-AdenoCA
5	73936000	147899506	10	92611207	135534747	-	-	TRA	cna45,cna64	minor,major	sim73	Prost-AdenoCA
5	103277500	103277501	5	110679718	110679719	-	-	t2tINV	cna45	major	sim73	Prost-AdenoCA
5	114800900	114800901	5	114810942	114810943	+	+	h2hINV	cna45	major	sim73	Prost-AdenoCA
5	130683000	130683001	5	130824922	130824923	+	+	h2hINV	cna45	major	sim73	Prost-AdenoCA
5	147899507	147899508	5	172607517	172607518	+	-	DEL	cna46	minor	sim73	Prost-AdenoCA
6	35314240	35314241	6	40389395	40389396	+	+	h2hINV	cna48	major	sim73	Prost-AdenoCA
6	35401640	35401641	6	35421951	35421952	+	+	h2hINV	cna48	major	sim73	Prost-AdenoCA
6	164254243	164254244	6	168871746	168871747	-	+	DUP	cna49	major	sim73	Prost-AdenoCA
6	164254243	164254244	6	168871746	168871747	+	-	DEL	cna49	minor	sim73	Prost-AdenoCA
6	168871747	168871748	6	169622130	169622131	+	-	DEL	cna50	minor	sim73	Prost-AdenoCA
6	169622131	169622132	6	169635381	169635382	-	+	DUP	cna51	major	sim73	Prost-AdenoCA
6	169622131	169622132	6	169635381	169635382	-	+	DUP	cna51	minor	sim73	Prost-AdenoCA
6	169690259	169690260	6	171062654	171062655	-	+	DUP	cna53	major	sim73	Prost-AdenoCA
6	169690259	169690260	6	171062654	171062655	-	+	DUP	cna53	minor	sim73	Prost-AdenoCA
6	171062655	171062656	6	171115067	171115068	+	-	DEL	cna54	major	sim73	Prost-AdenoCA
6	171062655	171062656	6	171115067	171115068	+	-	DEL	cna54	minor	sim73	Prost-AdenoCA
7	151683073	151683074	7	153976994	153976995	+	+	h2hINV	cna55	minor	sim73	Prost-AdenoCA
8	28685810	28685811	8	42772799	42772800	-	-	t2tINV	cna56	major	sim73	Prost-AdenoCA
8	89202910	89202911	8	89212916	89212917	+	+	h2hINV	cna56	minor	sim73	Prost-AdenoCA
8	92296510	92296511	8	102395027	102395028	-	-	t2tINV	cna56	major	sim73	Prost-AdenoCA
9	12950288	12950289	9	34607947	34607948	+	+	h2hINV	cna57	major	sim73	Prost-AdenoCA
9	50469750	91578836	13	1	89425500	-	+	TRA	cna70,cna57	major,minor	sim73	Prost-AdenoCA
9	78799188	78799189	9	79872024	79872025	+	+	h2hINV	cna57	minor	sim73	Prost-AdenoCA
9	91578837	91578838	9	112282787	112282788	-	+	DUP	cna58	major	sim73	Prost-AdenoCA
9	91578837	91578838	9	112282787	112282788	-	+	DUP	cna58	minor	sim73	Prost-AdenoCA
9	112282788	112282789	9	113052199	113052200	+	-	DEL	cna59	minor	sim73	Prost-AdenoCA
9	113052200	113052201	9	113152838	113152839	+	-	DEL	cna60	major	sim73	Prost-AdenoCA
9	113052200	113052201	9	113152838	113152839	+	-	DEL	cna60	minor	sim73	Prost-AdenoCA
9	127112174	127112175	9	135320233	135320234	+	-	DEL	cna62	major	sim73	Prost-AdenoCA
9	127112174	127112175	9	135320233	135320234	+	-	DEL	cna62	minor	sim73	Prost-AdenoCA
9	135320234	135320235	9	141213431	141213432	+	-	DEL	cna63	minor	sim73	Prost-AdenoCA
10	1	125928858	15	1	95577893	+	+	TRA	cna64,cna73	minor,minor	sim73	Prost-AdenoCA
10	6327657	6327658	10	9825602	9825603	+	+	h2hINV	cna64	minor	sim73	Prost-AdenoCA
10	6905157	6905158	10	6915160	6915161	+	+	h2hINV	cna64	major	sim73	Prost-AdenoCA
10	54261957	54261958	10	54271960	54271961	+	+	h2hINV	cna64	major	sim73	Prost-AdenoCA
10	54662857	54662858	10	101180897	101180898	-	-	t2tINV	cna64	major	sim73	Prost-AdenoCA
10	112281357	112281358	10	121962960	121962961	+	+	h2hINV	cna64	major	sim73	Prost-AdenoCA
11	71221410	71221411	11	110122067	110122068	+	+	h2hINV	cna65	minor	sim73	Prost-AdenoCA
11	102144710	102144711	11	114613992	114613993	+	+	h2hINV	cna65	major	sim73	Prost-AdenoCA
11	132932323	132932324	11	133963868	133963869	+	-	DEL	cna66	minor	sim73	Prost-AdenoCA
11	133963869	133963870	11	134069096	134069097	-	+	DUP	cna67	major	sim73	Prost-AdenoCA
11	133963869	133963870	11	134069096	134069097	-	+	DUP	cna67	minor	sim73	Prost-AdenoCA
11	134069097	134069098	11	135006516	135006517	-	+	DUP	cna68	major	sim73	Prost-AdenoCA
11	134069097	134069098	11	135006516	135006517	+	-	DEL	cna68	minor	sim73	Prost-AdenoCA
12	39445194	39445195	12	39455200	39455201	+	+	h2hINV	cna69	minor	sim73	Prost-AdenoCA
12	65165194	133851895	16	60224460	60423164	-	+	TRA	cna69,cna78	major,minor	sim73	Prost-AdenoCA
13	1	49290800	18	77665642	78077248	+	-	TRA	cna70,cna86	major,major	sim73	Prost-AdenoCA
14	96532186	96532187	14	107349540	107349541	+	-	DEL	cna72	major	sim73	Prost-AdenoCA
14	96532186	96532187	14	107349540	107349541	+	-	DEL	cna72	minor	sim73	Prost-AdenoCA
16	35497933	35497934	16	57970101	57970102	-	+	DUP	cna75	major	sim73	Prost-AdenoCA
16	57970102	57970103	16	57984638	57984639	-	+	DUP	cna76	major	sim73	Prost-AdenoCA
16	57984639	57984640	16	60224459	60224460	-	+	DUP	cna77	major	sim73	Prost-AdenoCA
16	57984639	57984640	16	60224459	60224460	-	+	DUP	cna77	minor	sim73	Prost-AdenoCA
16	60224460	60224461	16	62787299	62787300	-	+	DUP	cna78	major	sim73	Prost-AdenoCA
16	62787300	62787301	16	82380407	82380408	-	+	DUP	cna79	major	sim73	Prost-AdenoCA
16	82380408	82380409	16	82394951	82394952	+	-	DEL	cna80	minor	sim73	Prost-AdenoCA
16	82394952	82394953	16	89285549	89285550	-	+	DUP	cna81	major	sim73	Prost-AdenoCA
16	89285550	89285551	16	90095689	90095690	-	+	DUP	cna82	major	sim73	Prost-AdenoCA
16	90095690	90095691	16	90319383	90319384	+	-	DEL	cna83	minor	sim73	Prost-AdenoCA
17	1	27959565	X	19430742	41517915	+	+	TRA	cna108,cna85	major,major	sim73	Prost-AdenoCA
17	8538136	8538137	17	8548139	8548140	+	+	h2hINV	cna85	major	sim73	Prost-AdenoCA
17	44020636	44020637	17	71418585	71418586	+	+	h2hINV	cna85	minor	sim73	Prost-AdenoCA
17	47403836	47403837	17	48131293	48131294	+	+	h2hINV	cna85	major	sim73	Prost-AdenoCA
19	27899963	27899964	19	29958008	29958009	-	+	DUP	cna88	major	sim73	Prost-AdenoCA
19	27899963	27899964	19	29958008	29958009	+	-	DEL	cna88	minor	sim73	Prost-AdenoCA
19	29958009	29958010	19	29971797	29971798	+	-	DEL	cna89	minor	sim73	Prost-AdenoCA
19	29971798	29971799	19	30748964	30748965	-	+	DUP	cna90	major	sim73	Prost-AdenoCA
19	29971798	29971799	19	30748964	30748965	+	-	DEL	cna90	minor	sim73	Prost-AdenoCA
19	30748965	30748966	19	59128983	59128984	-	+	DUP	cna91	major	sim73	Prost-AdenoCA
19	30748965	30748966	19	59128983	59128984	-	+	DUP	cna91	minor	sim73	Prost-AdenoCA
21	9719293	9719294	21	10244544	10244545	-	+	DUP	cna94	major	sim73	Prost-AdenoCA
21	9719293	9719294	21	10244544	10244545	+	-	DEL	cna94	minor	sim73	Prost-AdenoCA
21	47106507	47106508	21	48129895	48129896	+	-	DEL	cna96	minor	sim73	Prost-AdenoCA
22	46044	46045	22	654197	654198	-	+	DUP	cna98	major	sim73	Prost-AdenoCA
22	46044	46045	22	654197	654198	-	+	DUP	cna98	minor	sim73	Prost-AdenoCA
22	921508	921509	22	44718865	44718866	-	+	DUP	cna100	major	sim73	Prost-AdenoCA
22	921508	921509	22	44718865	44718866	+	-	DEL	cna100	minor	sim73	Prost-AdenoCA
22	28014480	28014481	22	39870686	39870687	+	+	h2hINV	cna100	major	sim73	Prost-AdenoCA
22	44718866	44718867	22	49920261	49920262	-	+	DUP	cna101	major	sim73	Prost-AdenoCA
22	49920262	49920263	22	49934294	49934295	-	+	DUP	cna102	major	sim73	Prost-AdenoCA
22	49920262	49920263	22	49934294	49934295	+	-	DEL	cna102	minor	sim73	Prost-AdenoCA
22	49934295	49934296	22	51304566	51304567	+	-	DEL	cna103	major	sim73	Prost-AdenoCA
22	49934295	49934296	22	51304566	51304567	+	-	DEL	cna103	minor	sim73	Prost-AdenoCA
X	1	2	X	5234936	5234937	-	+	DUP	cna104	major	sim73	Prost-AdenoCA
X	1	2	X	5234936	5234937	+	-	DEL	cna104	minor	sim73	Prost-AdenoCA
X	5234937	5234938	X	8007329	8007330	+	-	DEL	cna105	minor	sim73	Prost-AdenoCA
X	8007330	8007331	X	10992877	10992878	-	+	DUP	cna106	minor	sim73	Prost-AdenoCA
X	10992878	10992879	X	19430741	19430742	-	+	DUP	cna107	major	sim73	Prost-AdenoCA
X	10992878	10992879	X	19430741	19430742	+	-	DEL	cna107	minor	sim73	Prost-AdenoCA
X	19430742	19430743	X	120449967	120449968	-	+	DUP	cna108	major	sim73	Prost-AdenoCA
X	19430742	19430743	X	120449967	120449968	-	+	DUP	cna108	minor	sim73	Prost-AdenoCA
X	24281814	24281815	X	24291819	24291820	+	+	h2hINV	cna108	minor	sim73	Prost-AdenoCA
X	92924314	92924315	X	93067076	93067077	-	-	t2tINV	cna108	major	sim73	Prost-AdenoCA
X	120449968	120449969	X	121568644	121568645	-	+	DUP	cna109	major	sim73	Prost-AdenoCA
X	154370771	154370772	X	155105686	155105687	-	+	DUP	cna111	major	sim73	Prost-AdenoCA
X	154370771	154370772	X	155105686	155105687	-	+	DUP	cna111	minor	sim73	Prost-AdenoCA
X	155105687	155105688	X	155270560	155270561	+	-	DEL	cna112	minor	sim73	Prost-AdenoCA
Y	905347	905348	Y	981567	981568	+	-	DEL	cna114	minor	sim73	Prost-AdenoCA
Y	981568	981569	Y	992471	992472	-	+	DUP	cna115	major	sim73	Prost-AdenoCA
Y	50922742	50922743	Y	54062485	54062486	-	+	DUP	cna117	major	sim73	Prost-AdenoCA
Y	54160714	54160715	Y	54814514	54814515	-	+	DUP	cna119	major	sim73	Prost-AdenoCA
Y	54160714	54160715	Y	54814514	54814515	+	-	DEL	cna119	minor	sim73	Prost-AdenoCA
Y	56659772	56659773	Y	57536457	57536458	-	+	DUP	cna121	major	sim73	Prost-AdenoCA
Y	57612814	57612815	Y	59373566	59373567	-	+	DUP	cna123	major	sim73	Prost-AdenoCA
