chrom1	start1	end1	chrom2	start2	end2	strand1	strand2	svclass	id	allele	donor_id	tumor
1	56841900	61856963	8	134666805	146364022	-	-	TRA	cna0,cna35	minor,major	sim38	Prost-AdenoCA
1	58531585	61856963	15	39114881	99635814	-	-	TRA	cna58,cna0	major,major	sim38	Prost-AdenoCA
1	60810500	60810501	1	76344774	76344775	+	+	h2hINV	cna0	minor	sim38	Prost-AdenoCA
1	61856964	61856965	1	62019766	62019767	-	+	DUP	cna1	minor	sim38	Prost-AdenoCA
1	61856964	61856965	1	62019766	62019767	+	-	DEL	cna1	major	sim38	Prost-AdenoCA
1	62019767	62019768	1	62350406	62350407	+	-	DEL	cna2	minor	sim38	Prost-AdenoCA
1	157489800	209769562	6	131943116	153152617	-	-	TRA	cna3,cna27	minor,major	sim38	Prost-AdenoCA
1	209769563	209769564	1	209809449	209809450	-	+	DUP	cna4	major	sim38	Prost-AdenoCA
1	209769563	209769564	1	209809449	209809450	+	-	DEL	cna4	minor	sim38	Prost-AdenoCA
2	1	15352029	22	42961580	51304566	+	-	TRA	cna75,cna6	major,minor	sim38	Prost-AdenoCA
2	76266649	87091256	19	37504678	57708692	-	-	TRA	cna70,cna6	minor,major	sim38	Prost-AdenoCA
2	86373979	86373980	2	88861765	88861766	-	-	t2tINV	cna8	minor	sim38	Prost-AdenoCA
2	87091257	87091258	2	87102461	87102462	+	-	DEL	cna7	minor	sim38	Prost-AdenoCA
2	161473979	161473980	2	167858193	167858194	+	+	h2hINV	cna8	minor	sim38	Prost-AdenoCA
2	213042173	213042174	2	225341364	225341365	-	+	DUP	cna9	major	sim38	Prost-AdenoCA
2	213042173	213042174	2	225341364	225341365	-	+	DUP	cna9	minor	sim38	Prost-AdenoCA
2	225341365	225341366	2	243199373	243199374	-	+	DUP	cna10	major	sim38	Prost-AdenoCA
2	225341365	225341366	2	243199373	243199374	+	-	DEL	cna10	minor	sim38	Prost-AdenoCA
3	12823106	12823107	3	12833114	12833115	-	-	t2tINV	cna11	major	sim38	Prost-AdenoCA
3	154485395	154485396	3	156325913	156325914	-	+	DUP	cna12	major	sim38	Prost-AdenoCA
3	154485395	154485396	3	156325913	156325914	+	-	DEL	cna12	minor	sim38	Prost-AdenoCA
3	156325914	156325915	3	156730107	156730108	-	+	DUP	cna13	major	sim38	Prost-AdenoCA
3	156325914	156325915	3	156730107	156730108	-	+	DUP	cna13	minor	sim38	Prost-AdenoCA
3	156730108	191475407	6	10072808	15886304	+	-	TRA	cna14,cna26	major,major	sim38	Prost-AdenoCA
3	197102406	197102407	3	197198694	197198695	-	-	t2tINV	cna14	major	sim38	Prost-AdenoCA
3	197894311	197894312	3	197952208	197952209	+	-	DEL	cna15	major	sim38	Prost-AdenoCA
3	197894311	197894312	3	197952208	197952209	+	-	DEL	cna15	minor	sim38	Prost-AdenoCA
4	1	2	4	14716527	14716528	-	+	DUP	cna17	major	sim38	Prost-AdenoCA
4	1	2	4	14716527	14716528	-	+	DUP	cna17	minor	sim38	Prost-AdenoCA
4	165159122	165159123	4	187277493	187277494	+	-	DEL	cna19	minor	sim38	Prost-AdenoCA
4	187815681	187815682	4	187830873	187830874	-	+	DUP	cna21	major	sim38	Prost-AdenoCA
4	187815681	187815682	4	187830873	187830874	-	+	DUP	cna21	minor	sim38	Prost-AdenoCA
4	187830874	187830875	4	190173292	190173293	-	+	DUP	cna22	major	sim38	Prost-AdenoCA
4	191124164	191124165	4	191154276	191154277	+	-	DEL	cna24	major	sim38	Prost-AdenoCA
4	191124164	191124165	4	191154276	191154277	+	-	DEL	cna24	minor	sim38	Prost-AdenoCA
5	15492400	15492401	5	17843185	17843186	+	+	h2hINV	cna25	minor	sim38	Prost-AdenoCA
6	1	2	6	15886304	15886305	-	+	DUP	cna26	major	sim38	Prost-AdenoCA
6	1	2	6	15886304	15886305	-	+	DUP	cna26	minor	sim38	Prost-AdenoCA
6	39371340	39371341	6	39381348	39381349	+	+	h2hINV	cna27	minor	sim38	Prost-AdenoCA
6	120105840	120105841	6	127653552	127653553	-	-	t2tINV	cna27	minor	sim38	Prost-AdenoCA
6	153152618	153152619	6	154067201	154067202	-	+	DUP	cna28	major	sim38	Prost-AdenoCA
6	153152618	153152619	6	154067201	154067202	+	-	DEL	cna28	minor	sim38	Prost-AdenoCA
6	154067202	154067203	6	154092783	154092784	+	-	DEL	cna29	minor	sim38	Prost-AdenoCA
6	171077348	171077349	6	171115067	171115068	+	-	DEL	cna31	minor	sim38	Prost-AdenoCA
7	127098902	159138663	16	79464089	90281139	-	-	TRA	cna60,cna32	minor,major	sim38	Prost-AdenoCA
8	1	2	8	5468809	5468810	-	+	DUP	cna33	major	sim38	Prost-AdenoCA
8	1	2	8	5468809	5468810	+	-	DEL	cna33	minor	sim38	Prost-AdenoCA
8	106274261	106274262	8	146364022	146364023	-	+	DUP	cna35	major	sim38	Prost-AdenoCA
8	106274261	106274262	8	146364022	146364023	+	-	DEL	cna35	minor	sim38	Prost-AdenoCA
8	123857510	146364022	18	42873609	58509897	-	-	TRA	cna35,cna66	major,minor	sim38	Prost-AdenoCA
10	19444581	19444582	10	25345888	25345889	-	+	DUP	cna38	major	sim38	Prost-AdenoCA
10	25510068	25510069	10	25765414	25765415	-	+	DUP	cna40	major	sim38	Prost-AdenoCA
10	25510068	25510069	10	25765414	25765415	-	+	DUP	cna40	minor	sim38	Prost-AdenoCA
10	25765415	25765416	10	31661499	31661500	+	-	DEL	cna41	major	sim38	Prost-AdenoCA
10	25765415	25765416	10	31661499	31661500	+	-	DEL	cna41	minor	sim38	Prost-AdenoCA
10	135419613	135419614	10	135534747	135534748	+	-	DEL	cna43	minor	sim38	Prost-AdenoCA
11	75134510	75134511	11	96905288	96905289	+	+	h2hINV	cna44	major	sim38	Prost-AdenoCA
11	109438979	109438980	11	109632722	109632723	-	+	DUP	cna45	major	sim38	Prost-AdenoCA
11	132325706	132325707	11	135006516	135006517	+	-	DEL	cna47	major	sim38	Prost-AdenoCA
11	132325706	132325707	11	135006516	135006517	+	-	DEL	cna47	minor	sim38	Prost-AdenoCA
12	69442694	131611791	21	26584290	48129895	-	-	TRA	cna48,cna74	minor,minor	sim38	Prost-AdenoCA
12	126299994	126299995	12	126309996	126309997	-	-	t2tINV	cna48	major	sim38	Prost-AdenoCA
12	131611792	131611793	12	133851895	133851896	-	+	DUP	cna49	major	sim38	Prost-AdenoCA
12	131611792	131611793	12	133851895	133851896	+	-	DEL	cna49	minor	sim38	Prost-AdenoCA
13	652872	652873	13	3782265	3782266	+	-	DEL	cna51	minor	sim38	Prost-AdenoCA
14	87471898	87471899	14	87602149	87602150	-	+	DUP	cna54	major	sim38	Prost-AdenoCA
14	90746921	90746922	14	90756929	90756930	-	-	t2tINV	cna55	major	sim38	Prost-AdenoCA
15	24362680	24362681	15	25774445	25774446	-	+	DUP	cna57	major	sim38	Prost-AdenoCA
15	27261781	27261782	15	27983754	27983755	-	-	t2tINV	cna58	major	sim38	Prost-AdenoCA
15	62765181	99635814	22	1	42134527	-	+	TRA	cna58,cna75	major,minor	sim38	Prost-AdenoCA
15	99635815	99635816	15	102531392	102531393	-	+	DUP	cna59	major	sim38	Prost-AdenoCA
15	99635815	99635816	15	102531392	102531393	+	-	DEL	cna59	minor	sim38	Prost-AdenoCA
16	90281140	90281141	16	90292537	90292538	-	+	DUP	cna61	major	sim38	Prost-AdenoCA
16	90292538	90292539	16	90354753	90354754	+	-	DEL	cna62	major	sim38	Prost-AdenoCA
16	90292538	90292539	16	90354753	90354754	+	-	DEL	cna62	minor	sim38	Prost-AdenoCA
17	1	2	17	81040875	81040876	-	+	DUP	cna63	major	sim38	Prost-AdenoCA
17	1	2	17	81040875	81040876	-	+	DUP	cna63	minor	sim38	Prost-AdenoCA
17	81040876	81040877	17	81060736	81060737	-	+	DUP	cna64	major	sim38	Prost-AdenoCA
17	81040876	81040877	17	81060736	81060737	+	-	DEL	cna64	minor	sim38	Prost-AdenoCA
18	1	2	18	58509897	58509898	+	-	DEL	cna66	minor	sim38	Prost-AdenoCA
18	14421026	14421027	18	15256812	15256813	-	-	t2tINV	cna66	major	sim38	Prost-AdenoCA
18	77674016	77674017	18	78063982	78063983	+	-	DEL	cna68	minor	sim38	Prost-AdenoCA
18	78063983	78063984	18	78077248	78077249	-	+	DUP	cna69	major	sim38	Prost-AdenoCA
19	57708693	57708694	19	58963736	58963737	-	+	DUP	cna71	major	sim38	Prost-AdenoCA
19	57708693	57708694	19	58963736	58963737	-	+	DUP	cna71	minor	sim38	Prost-AdenoCA
19	58963737	58963738	19	59128983	59128984	+	-	DEL	cna72	minor	sim38	Prost-AdenoCA
21	28716575	28716576	21	28726582	28726583	-	-	t2tINV	cna74	minor	sim38	Prost-AdenoCA
X	154761924	154761925	X	155270560	155270561	+	-	DEL	cna77	minor	sim38	Prost-AdenoCA
Y	35917177	35917178	Y	36068284	36068285	+	-	DEL	cna79	major	sim38	Prost-AdenoCA
Y	35917177	35917178	Y	36068284	36068285	+	-	DEL	cna79	minor	sim38	Prost-AdenoCA
Y	36155238	36155239	Y	37771347	37771348	+	-	DEL	cna81	major	sim38	Prost-AdenoCA
Y	36155238	36155239	Y	37771347	37771348	+	-	DEL	cna81	minor	sim38	Prost-AdenoCA
Y	46667177	46667178	Y	59373566	59373567	-	+	DUP	cna83	major	sim38	Prost-AdenoCA
Y	46667177	46667178	Y	59373566	59373567	-	+	DUP	cna83	minor	sim38	Prost-AdenoCA
