chrom1	start1	end1	chrom2	start2	end2	strand1	strand2	svclass	id	allele	donor_id	tumor
1	244232	244233	1	495810	495811	-	+	DUP	cna1	major	sim20	Prost-AdenoCA
1	65503881	65503882	1	65776910	65776911	+	-	DEL	cna3	minor	sim20	Prost-AdenoCA
1	189336463	189336464	1	189601001	189601002	+	-	DEL	cna5	major	sim20	Prost-AdenoCA
1	189336463	189336464	1	189601001	189601002	+	-	DEL	cna5	minor	sim20	Prost-AdenoCA
1	189601002	199849345	X	39254111	69331815	+	+	TRA	cna84,cna6	major,minor	sim20	Prost-AdenoCA
1	248566852	248566853	1	249250621	249250622	-	+	DUP	cna7	major	sim20	Prost-AdenoCA
2	10405679	10405680	2	10415692	10415693	+	+	h2hINV	cna8	major	sim20	Prost-AdenoCA
2	91798697	91798698	2	91956513	91956514	+	-	DEL	cna9	minor	sim20	Prost-AdenoCA
2	91956514	91956515	2	92041197	92041198	-	+	DUP	cna10	major	sim20	Prost-AdenoCA
2	91956514	91956515	2	92041197	92041198	+	-	DEL	cna10	minor	sim20	Prost-AdenoCA
2	92041198	127121928	4	160056576	171374490	+	-	TRA	cna15,cna11	minor,major	sim20	Prost-AdenoCA
2	92041198	115163280	7	1	95322281	+	+	TRA	cna11,cna25	major,minor	sim20	Prost-AdenoCA
3	146685415	146685416	3	146695480	146695481	+	-	DEL	cna13	minor	sim20	Prost-AdenoCA
4	81546276	171374490	7	111440824	158164573	-	-	TRA	cna15,cna25	minor,minor	sim20	Prost-AdenoCA
4	171374491	171374492	4	171750532	171750533	-	+	DUP	cna16	major	sim20	Prost-AdenoCA
4	171374491	171374492	4	171750532	171750533	-	+	DUP	cna16	minor	sim20	Prost-AdenoCA
4	171750533	171750534	4	171809910	171809911	+	-	DEL	cna17	minor	sim20	Prost-AdenoCA
4	189109946	189109947	4	191154276	191154277	-	+	DUP	cna19	major	sim20	Prost-AdenoCA
5	54504720	54504721	5	115670142	115670143	+	-	DEL	cna21	minor	sim20	Prost-AdenoCA
5	115670143	115670144	5	116171394	116171395	-	+	DUP	cna22	major	sim20	Prost-AdenoCA
5	115670143	115670144	5	116171394	116171395	-	+	DUP	cna22	minor	sim20	Prost-AdenoCA
5	116171395	175467401	11	117771690	133657709	+	-	TRA	cna23,cna54	minor,major	sim20	Prost-AdenoCA
6	1	132351685	20	1	15711196	+	+	TRA	cna72,cna24	major,major	sim20	Prost-AdenoCA
7	158164574	158164575	7	159027858	159027859	-	+	DUP	cna26	major	sim20	Prost-AdenoCA
7	158164574	158164575	7	159027858	159027859	-	+	DUP	cna26	minor	sim20	Prost-AdenoCA
7	159126446	159126447	7	159138663	159138664	+	-	DEL	cna28	minor	sim20	Prost-AdenoCA
8	117327474	117327475	8	143074689	143074690	+	-	DEL	cna30	minor	sim20	Prost-AdenoCA
8	143074690	143074691	8	146364022	146364023	-	+	DUP	cna31	major	sim20	Prost-AdenoCA
9	135673385	135673386	9	136191318	136191319	-	+	DUP	cna33	major	sim20	Prost-AdenoCA
9	135673385	135673386	9	136191318	136191319	-	+	DUP	cna33	minor	sim20	Prost-AdenoCA
9	136328817	136328818	9	139083092	139083093	-	+	DUP	cna35	major	sim20	Prost-AdenoCA
9	136328817	136328818	9	139083092	139083093	+	-	DEL	cna35	minor	sim20	Prost-AdenoCA
10	27010257	27010258	10	27590195	27590196	-	-	t2tINV	cna37	minor	sim20	Prost-AdenoCA
10	37633956	37633957	10	37725515	37725516	-	+	DUP	cna38	major	sim20	Prost-AdenoCA
10	37633956	37633957	10	37725515	37725516	-	+	DUP	cna38	minor	sim20	Prost-AdenoCA
10	52905298	52905299	10	72261318	72261319	-	+	DUP	cna40	major	sim20	Prost-AdenoCA
10	52905298	52905299	10	72261318	72261319	-	+	DUP	cna40	minor	sim20	Prost-AdenoCA
10	72261319	72261320	10	72272653	72272654	+	-	DEL	cna41	minor	sim20	Prost-AdenoCA
10	91157300	91157301	10	93100129	93100130	+	-	DEL	cna43	minor	sim20	Prost-AdenoCA
10	95132957	95132958	10	95142968	95142969	+	+	h2hINV	cna44	major	sim20	Prost-AdenoCA
10	96408435	96408436	10	96419762	96419763	-	+	DUP	cna45	major	sim20	Prost-AdenoCA
10	96408435	96408436	10	96419762	96419763	+	-	DEL	cna45	minor	sim20	Prost-AdenoCA
10	96419763	96419764	10	96462511	96462512	-	+	DUP	cna46	major	sim20	Prost-AdenoCA
10	96462512	96462513	10	96668603	96668604	-	+	DUP	cna47	major	sim20	Prost-AdenoCA
10	96462512	96462513	10	96668603	96668604	-	+	DUP	cna47	minor	sim20	Prost-AdenoCA
10	96668604	96668605	10	102153009	102153010	-	+	DUP	cna48	major	sim20	Prost-AdenoCA
10	96668604	96668605	10	102153009	102153010	+	-	DEL	cna48	minor	sim20	Prost-AdenoCA
10	102153010	102153011	10	102923442	102923443	+	-	DEL	cna49	minor	sim20	Prost-AdenoCA
10	116062934	116062935	10	135388392	135388393	+	-	DEL	cna51	major	sim20	Prost-AdenoCA
10	116062934	116062935	10	135388392	135388393	+	-	DEL	cna51	minor	sim20	Prost-AdenoCA
10	135388393	135388394	10	135534747	135534748	-	+	DUP	cna52	major	sim20	Prost-AdenoCA
11	34531910	34531911	11	34541920	34541921	-	-	t2tINV	cna53	minor	sim20	Prost-AdenoCA
11	65652610	65652611	11	65662620	65662621	-	-	t2tINV	cna53	minor	sim20	Prost-AdenoCA
11	96238150	96238151	11	133657709	133657710	+	-	DEL	cna54	minor	sim20	Prost-AdenoCA
11	134983345	134983346	11	135006516	135006517	+	-	DEL	cna56	minor	sim20	Prost-AdenoCA
12	27091794	129154001	13	1	49860005	-	+	TRA	cna57,cna60	major,major	sim20	Prost-AdenoCA
12	129154002	129154003	12	132126850	132126851	-	+	DUP	cna58	major	sim20	Prost-AdenoCA
13	1	2	13	111936869	111936870	-	+	DUP	cna60	major	sim20	Prost-AdenoCA
13	1	2	13	111936869	111936870	-	+	DUP	cna60	minor	sim20	Prost-AdenoCA
13	114758508	114758509	13	115169878	115169879	-	+	DUP	cna62	major	sim20	Prost-AdenoCA
13	114758508	114758509	13	115169878	115169879	-	+	DUP	cna62	minor	sim20	Prost-AdenoCA
14	7335602	7335603	14	107349540	107349541	-	+	DUP	cna64	major	sim20	Prost-AdenoCA
14	7335602	7335603	14	107349540	107349541	-	+	DUP	cna64	minor	sim20	Prost-AdenoCA
15	102485565	102485566	15	102531392	102531393	+	-	DEL	cna66	minor	sim20	Prost-AdenoCA
16	22793389	62546382	X	70587403	132494492	-	+	TRA	cna67,cna85	major,major	sim20	Prost-AdenoCA
16	62546383	62546384	16	90354753	90354754	-	+	DUP	cna68	major	sim20	Prost-AdenoCA
19	19463078	19463079	19	57671126	57671127	+	+	h2hINV	cna71	major	sim20	Prost-AdenoCA
20	1	2	20	50582974	50582975	+	-	DEL	cna72	minor	sim20	Prost-AdenoCA
20	50582975	50582976	20	50598786	50598787	-	+	DUP	cna73	major	sim20	Prost-AdenoCA
20	50598787	50598788	20	62993825	62993826	-	+	DUP	cna74	major	sim20	Prost-AdenoCA
20	50598787	50598788	20	62993825	62993826	-	+	DUP	cna74	minor	sim20	Prost-AdenoCA
20	62993826	62993827	20	63025520	63025521	+	-	DEL	cna75	minor	sim20	Prost-AdenoCA
21	39188075	39188076	21	40784205	40784206	+	+	h2hINV	cna76	major	sim20	Prost-AdenoCA
22	41333467	41333468	22	41462507	41462508	+	-	DEL	cna78	major	sim20	Prost-AdenoCA
22	41333467	41333468	22	41462507	41462508	+	-	DEL	cna78	minor	sim20	Prost-AdenoCA
X	1	2	X	9849690	9849691	+	-	DEL	cna80	minor	sim20	Prost-AdenoCA
X	9849691	9849692	X	10326294	10326295	-	+	DUP	cna81	major	sim20	Prost-AdenoCA
X	10326295	10326296	X	38634231	38634232	-	+	DUP	cna82	major	sim20	Prost-AdenoCA
X	10326295	10326296	X	38634231	38634232	+	-	DEL	cna82	minor	sim20	Prost-AdenoCA
X	38634232	38634233	X	39254110	39254111	+	-	DEL	cna83	minor	sim20	Prost-AdenoCA
X	70587403	70587404	X	139765811	139765812	-	+	DUP	cna85	major	sim20	Prost-AdenoCA
X	70587403	70587404	X	139765811	139765812	-	+	DUP	cna85	minor	sim20	Prost-AdenoCA
X	139765812	139765813	X	155270560	155270561	+	-	DEL	cna86	minor	sim20	Prost-AdenoCA
Y	51938085	51938086	Y	53503089	53503090	+	-	DEL	cna88	minor	sim20	Prost-AdenoCA
Y	53561943	53561944	Y	57627419	57627420	+	-	DEL	cna90	major	sim20	Prost-AdenoCA
Y	53561943	53561944	Y	57627419	57627420	+	-	DEL	cna90	minor	sim20	Prost-AdenoCA
Y	58727355	58727356	Y	58857740	58857741	-	+	DUP	cna92	major	sim20	Prost-AdenoCA
Y	58867846	58867847	Y	59373566	59373567	-	+	DUP	cna94	major	sim20	Prost-AdenoCA
Y	58867846	58867847	Y	59373566	59373567	+	-	DEL	cna94	minor	sim20	Prost-AdenoCA
