chrom1	start1	end1	chrom2	start2	end2	strand1	strand2	svclass	id	allele	donor_id	tumor
1	162510913	249250621	10	97577257	135534747	-	-	TRA	cna19,cna0	minor,minor	sim22	Prost-AdenoCA
1	207276400	249250621	8	74457115	146364022	-	-	TRA	cna0,cna13	major,major	sim22	Prost-AdenoCA
2	32357479	32357480	2	123023039	123023040	-	-	t2tINV	cna1	major	sim22	Prost-AdenoCA
2	147933379	147933380	2	153501175	153501176	-	-	t2tINV	cna1	major	sim22	Prost-AdenoCA
2	211534779	211534780	2	211544788	211544789	-	-	t2tINV	cna1	minor	sim22	Prost-AdenoCA
3	154863706	198022430	X	116655214	155255021	-	-	TRA	cna56,cna2	minor,minor	sim22	Prost-AdenoCA
3	188064302	198022430	19	38829378	59128983	-	-	TRA	cna41,cna2	major,minor	sim22	Prost-AdenoCA
4	1	14051577	8	57342984	146364022	+	-	TRA	cna3,cna13	major,major	sim22	Prost-AdenoCA
4	61763476	95255753	20	47005195	63025520	-	-	TRA	cna46,cna3	minor,minor	sim22	Prost-AdenoCA
4	95255754	95255755	4	99169944	99169945	+	-	DEL	cna4	minor	sim22	Prost-AdenoCA
4	99169945	115859370	19	1	1245679	+	+	TRA	cna41,cna5	minor,minor	sim22	Prost-AdenoCA
4	123518576	123518577	4	123549158	123549159	-	-	t2tINV	cna5	major	sim22	Prost-AdenoCA
5	1	56138643	20	14803095	28178011	+	-	TRA	cna44,cna6	minor,major	sim22	Prost-AdenoCA
5	21973100	21973101	5	23005174	23005175	+	+	h2hINV	cna6	major	sim22	Prost-AdenoCA
6	1	2	6	82405733	82405734	-	+	DUP	cna7	major	sim22	Prost-AdenoCA
6	1	2	6	82405733	82405734	-	+	DUP	cna7	minor	sim22	Prost-AdenoCA
6	21657540	21657541	6	21667542	21667543	+	+	h2hINV	cna7	minor	sim22	Prost-AdenoCA
6	38100540	38100541	6	38130849	38130850	-	-	t2tINV	cna7	minor	sim22	Prost-AdenoCA
6	49382040	82405733	17	51109722	74492222	-	+	TRA	cna7,cna36	minor,major	sim22	Prost-AdenoCA
6	57325663	82405733	12	1	78491095	-	+	TRA	cna21,cna7	major,minor	sim22	Prost-AdenoCA
6	82405734	82405735	6	169840975	169840976	-	+	DUP	cna8	major	sim22	Prost-AdenoCA
6	82405734	104968341	18	1	42291805	+	+	TRA	cna8,cna38	minor,minor	sim22	Prost-AdenoCA
6	88074740	88074741	6	88084744	88084745	-	-	t2tINV	cna8	major	sim22	Prost-AdenoCA
6	158571140	158571141	6	166595616	166595617	+	+	h2hINV	cna8	minor	sim22	Prost-AdenoCA
7	48567873	159138663	10	1	1651512	-	+	TRA	cna10,cna17	minor,major	sim22	Prost-AdenoCA
8	13313139	13313140	8	31236526	31236527	+	-	DEL	cna12	minor	sim22	Prost-AdenoCA
8	15675010	15675011	8	21091057	21091058	-	-	t2tINV	cna12	major	sim22	Prost-AdenoCA
9	91288188	91288189	9	115911898	115911899	+	+	h2hINV	cna14	major	sim22	Prost-AdenoCA
9	135474126	135474127	9	135669756	135669757	-	+	DUP	cna15	major	sim22	Prost-AdenoCA
10	55390920	55390921	10	66205716	66205717	-	+	DUP	cna18	major	sim22	Prost-AdenoCA
11	78268510	78268511	11	78278519	78278520	-	-	t2tINV	cna20	minor	sim22	Prost-AdenoCA
12	1	2	12	84728229	84728230	-	+	DUP	cna21	major	sim22	Prost-AdenoCA
12	1	2	12	84728229	84728230	-	+	DUP	cna21	minor	sim22	Prost-AdenoCA
12	1	38986795	17	51109722	67911517	+	+	TRA	cna21,cna36	major,major	sim22	Prost-AdenoCA
12	84728230	84728231	12	84750851	84750852	+	-	DEL	cna22	major	sim22	Prost-AdenoCA
12	113911268	113911269	12	133851895	133851896	-	+	DUP	cna24	major	sim22	Prost-AdenoCA
13	1	2	13	113387070	113387071	-	+	DUP	cna25	major	sim22	Prost-AdenoCA
13	1	2	13	113387070	113387071	-	+	DUP	cna25	minor	sim22	Prost-AdenoCA
13	87733499	87733500	13	87743508	87743509	-	-	t2tINV	cna25	major	sim22	Prost-AdenoCA
14	38712221	38712222	14	57190553	57190554	-	-	t2tINV	cna27	major	sim22	Prost-AdenoCA
14	87178569	87178570	14	87943824	87943825	+	-	DEL	cna28	minor	sim22	Prost-AdenoCA
14	90356620	90356621	14	90699228	90699229	+	-	DEL	cna30	minor	sim22	Prost-AdenoCA
14	97037221	97037222	14	97047263	97047264	-	-	t2tINV	cna31	minor	sim22	Prost-AdenoCA
15	1	2	15	102531392	102531393	-	+	DUP	cna32	major	sim22	Prost-AdenoCA
15	1	2	15	102531392	102531393	-	+	DUP	cna32	minor	sim22	Prost-AdenoCA
17	51098231	51098232	17	51109721	51109722	+	-	DEL	cna35	minor	sim22	Prost-AdenoCA
17	78306237	78306238	17	81195210	81195211	+	-	DEL	cna37	major	sim22	Prost-AdenoCA
17	78306237	78306238	17	81195210	81195211	+	-	DEL	cna37	minor	sim22	Prost-AdenoCA
18	54773326	54773327	18	54783327	54783328	-	-	t2tINV	cna38	minor	sim22	Prost-AdenoCA
18	63661361	63661362	18	69720690	69720691	+	-	DEL	cna39	minor	sim22	Prost-AdenoCA
19	1	2	19	59128983	59128984	+	-	DEL	cna41	minor	sim22	Prost-AdenoCA
20	1	2	20	3593655	3593656	+	-	DEL	cna42	minor	sim22	Prost-AdenoCA
20	5260795	6886112	22	40987739	51304566	-	-	TRA	cna43,cna51	major,major	sim22	Prost-AdenoCA
20	6886113	6886114	20	28178011	28178012	+	-	DEL	cna44	minor	sim22	Prost-AdenoCA
20	28178012	28178013	20	40606343	40606344	-	+	DUP	cna45	major	sim22	Prost-AdenoCA
21	1942682	1942683	21	3876437	3876438	-	+	DUP	cna48	major	sim22	Prost-AdenoCA
21	1942682	1942683	21	3876437	3876438	+	-	DEL	cna48	minor	sim22	Prost-AdenoCA
21	6990826	6990827	21	48129895	48129896	-	+	DUP	cna50	major	sim22	Prost-AdenoCA
X	33326267	33326268	X	59948057	59948058	-	+	DUP	cna53	major	sim22	Prost-AdenoCA
X	98947835	98947836	X	99021737	99021738	+	-	DEL	cna55	minor	sim22	Prost-AdenoCA
X	155255022	155255023	X	155270560	155270561	-	+	DUP	cna57	major	sim22	Prost-AdenoCA
