chrom	start	end	major_cn	minor_cn	donor_id	study	id
1	1	4841432	1	0	sim55	Prost-AdenoCA	cna0
1	4841433	59372864	1	1	sim55	Prost-AdenoCA	cna1
1	59372865	59459437	1	0	sim55	Prost-AdenoCA	cna2
1	59459438	113419474	2	2	sim55	Prost-AdenoCA	cna3
1	113419475	249250621	1	1	sim55	Prost-AdenoCA	cna4
2	1	1531073	2	1	sim55	Prost-AdenoCA	cna5
2	1531074	150952392	1	1	sim55	Prost-AdenoCA	cna6
2	150952393	151268176	4	2	sim55	Prost-AdenoCA	cna7
2	151268177	243199373	1	1	sim55	Prost-AdenoCA	cna8
3	1	19894934	1	1	sim55	Prost-AdenoCA	cna9
3	19894935	20181925	0	0	sim55	Prost-AdenoCA	cna10
3	20181926	197944487	1	1	sim55	Prost-AdenoCA	cna11
3	197944488	198022430	1	0	sim55	Prost-AdenoCA	cna12
4	1	191154276	1	1	sim55	Prost-AdenoCA	cna13
5	1	178200659	1	1	sim55	Prost-AdenoCA	cna14
5	178200660	180915260	1	0	sim55	Prost-AdenoCA	cna15
6	1	171115067	1	1	sim55	Prost-AdenoCA	cna16
7	1	129057733	1	1	sim55	Prost-AdenoCA	cna17
7	129057734	129178584	4	0	sim55	Prost-AdenoCA	cna18
7	129178585	156161180	1	1	sim55	Prost-AdenoCA	cna19
7	156161181	159138663	1	0	sim55	Prost-AdenoCA	cna20
8	1	10077740	1	1	sim55	Prost-AdenoCA	cna21
8	10077741	10349436	1	0	sim55	Prost-AdenoCA	cna22
8	10349437	58082734	1	1	sim55	Prost-AdenoCA	cna23
8	58082735	58663926	2	1	sim55	Prost-AdenoCA	cna24
8	58663927	58864933	1	1	sim55	Prost-AdenoCA	cna25
8	58864934	58899334	3	2	sim55	Prost-AdenoCA	cna26
8	58899335	58910865	2	1	sim55	Prost-AdenoCA	cna27
8	58910866	121276958	1	1	sim55	Prost-AdenoCA	cna28
8	121276959	123589679	1	0	sim55	Prost-AdenoCA	cna29
8	123589680	144239520	1	1	sim55	Prost-AdenoCA	cna30
8	144239521	144417699	2	1	sim55	Prost-AdenoCA	cna31
8	144417700	146110623	1	1	sim55	Prost-AdenoCA	cna32
8	146110624	146364022	0	1	sim55	Prost-AdenoCA	cna33
9	1	141213431	1	1	sim55	Prost-AdenoCA	cna34
10	1	116682255	1	1	sim55	Prost-AdenoCA	cna35
10	116682256	120719284	0	0	sim55	Prost-AdenoCA	cna36
10	120719285	129336319	1	1	sim55	Prost-AdenoCA	cna37
10	129336320	130076168	2	1	sim55	Prost-AdenoCA	cna38
10	130076169	130452734	1	1	sim55	Prost-AdenoCA	cna39
10	130452735	135534747	2	1	sim55	Prost-AdenoCA	cna40
11	1	3328097	1	1	sim55	Prost-AdenoCA	cna41
11	3328098	5174560	2	1	sim55	Prost-AdenoCA	cna42
11	5174561	5670958	1	1	sim55	Prost-AdenoCA	cna43
11	5670959	6045152	2	2	sim55	Prost-AdenoCA	cna44
11	6045153	6105400	3	1	sim55	Prost-AdenoCA	cna45
11	6105401	6114851	1	0	sim55	Prost-AdenoCA	cna46
11	6114852	134255431	1	1	sim55	Prost-AdenoCA	cna47
11	134255432	134264894	1	0	sim55	Prost-AdenoCA	cna48
11	134264895	135006516	2	0	sim55	Prost-AdenoCA	cna49
12	1	110081424	1	1	sim55	Prost-AdenoCA	cna50
12	110081425	110741899	2	1	sim55	Prost-AdenoCA	cna51
12	110741900	112667918	1	1	sim55	Prost-AdenoCA	cna52
12	112667919	112812493	1	0	sim55	Prost-AdenoCA	cna53
12	112812494	130037028	1	1	sim55	Prost-AdenoCA	cna54
12	130037029	131873984	1	0	sim55	Prost-AdenoCA	cna55
12	131873985	133851895	1	1	sim55	Prost-AdenoCA	cna56
13	1	115169878	2	1	sim55	Prost-AdenoCA	cna57
14	1	105953006	1	1	sim55	Prost-AdenoCA	cna58
14	105953007	105990170	2	1	sim55	Prost-AdenoCA	cna59
14	105990171	107349540	1	1	sim55	Prost-AdenoCA	cna60
15	1	53321160	1	1	sim55	Prost-AdenoCA	cna61
15	53321161	53588379	3	1	sim55	Prost-AdenoCA	cna62
15	53588380	74714658	1	1	sim55	Prost-AdenoCA	cna63
15	74714659	74868343	2	1	sim55	Prost-AdenoCA	cna64
15	74868344	95794342	1	1	sim55	Prost-AdenoCA	cna65
15	95794343	102531392	2	1	sim55	Prost-AdenoCA	cna66
16	1	90354753	1	1	sim55	Prost-AdenoCA	cna67
17	1	81195210	1	1	sim55	Prost-AdenoCA	cna68
18	1	38371655	1	1	sim55	Prost-AdenoCA	cna69
18	38371656	38414382	1	0	sim55	Prost-AdenoCA	cna70
18	38414383	78066052	2	1	sim55	Prost-AdenoCA	cna71
18	78066053	78077248	1	0	sim55	Prost-AdenoCA	cna72
19	1	59128983	1	1	sim55	Prost-AdenoCA	cna73
20	1	63025520	1	1	sim55	Prost-AdenoCA	cna74
21	1	5800326	1	1	sim55	Prost-AdenoCA	cna75
21	5800327	5839998	1	0	sim55	Prost-AdenoCA	cna76
21	5839999	9508136	1	1	sim55	Prost-AdenoCA	cna77
21	9508137	11210090	2	2	sim55	Prost-AdenoCA	cna78
21	11210091	28978232	1	0	sim55	Prost-AdenoCA	cna79
21	28978233	47567480	1	1	sim55	Prost-AdenoCA	cna80
21	47567481	47939586	1	0	sim55	Prost-AdenoCA	cna81
21	47939587	48129895	2	1	sim55	Prost-AdenoCA	cna82
22	1	51304566	1	1	sim55	Prost-AdenoCA	cna83
X	1	34695508	1	1	sim55	Prost-AdenoCA	cna84
X	34695509	53851002	1	0	sim55	Prost-AdenoCA	cna85
X	53851003	53999710	1	1	sim55	Prost-AdenoCA	cna86
X	53999711	76920771	1	0	sim55	Prost-AdenoCA	cna87
X	76920772	83278313	1	1	sim55	Prost-AdenoCA	cna88
X	83278314	88650289	1	0	sim55	Prost-AdenoCA	cna89
X	88650290	155270560	1	1	sim55	Prost-AdenoCA	cna90
Y	1	59373566	1	0	sim55	Prost-AdenoCA	cna91
