chrom	start	end	major_cn	minor_cn	donor_id	study	id
1	1	1515898	2	1	sim54	Prost-AdenoCA	cna0
1	1515899	3329666	2	2	sim54	Prost-AdenoCA	cna1
1	3329667	4898366	1	1	sim54	Prost-AdenoCA	cna2
1	4898367	4925265	0	1	sim54	Prost-AdenoCA	cna3
1	4925266	92086434	1	1	sim54	Prost-AdenoCA	cna4
1	92086435	92262357	1	0	sim54	Prost-AdenoCA	cna5
1	92262358	92319101	2	1	sim54	Prost-AdenoCA	cna6
1	92319102	180625639	1	1	sim54	Prost-AdenoCA	cna7
1	180625640	180756301	2	2	sim54	Prost-AdenoCA	cna8
1	180756302	245434596	1	1	sim54	Prost-AdenoCA	cna9
1	245434597	245526526	3	1	sim54	Prost-AdenoCA	cna10
1	245526527	249250621	2	1	sim54	Prost-AdenoCA	cna11
2	1	37866801	1	1	sim54	Prost-AdenoCA	cna12
2	37866802	39635081	2	1	sim54	Prost-AdenoCA	cna13
2	39635082	41284569	1	1	sim54	Prost-AdenoCA	cna14
2	41284570	41293131	1	0	sim54	Prost-AdenoCA	cna15
2	41293132	41504944	2	1	sim54	Prost-AdenoCA	cna16
2	41504945	42207257	1	0	sim54	Prost-AdenoCA	cna17
2	42207258	202820047	1	1	sim54	Prost-AdenoCA	cna18
2	202820048	204385691	1	3	sim54	Prost-AdenoCA	cna19
2	204385692	204829421	2	2	sim54	Prost-AdenoCA	cna20
2	204829422	204837925	3	1	sim54	Prost-AdenoCA	cna21
2	204837926	212741429	1	1	sim54	Prost-AdenoCA	cna22
2	212741430	243199373	1	0	sim54	Prost-AdenoCA	cna23
3	1	6468596	1	1	sim54	Prost-AdenoCA	cna24
3	6468597	6889150	3	1	sim54	Prost-AdenoCA	cna25
3	6889151	9353992	5	1	sim54	Prost-AdenoCA	cna26
3	9353993	10697913	2	0	sim54	Prost-AdenoCA	cna27
3	10697914	96605135	1	1	sim54	Prost-AdenoCA	cna28
3	96605136	96895968	4	2	sim54	Prost-AdenoCA	cna29
3	96895969	96985911	2	0	sim54	Prost-AdenoCA	cna30
3	96985912	97037882	1	1	sim54	Prost-AdenoCA	cna31
3	97037883	98375435	4	2	sim54	Prost-AdenoCA	cna32
3	98375436	102518904	0	0	sim54	Prost-AdenoCA	cna33
3	102518905	111851659	1	1	sim54	Prost-AdenoCA	cna34
3	111851660	132632192	2	0	sim54	Prost-AdenoCA	cna35
3	132632193	133254982	2	1	sim54	Prost-AdenoCA	cna36
3	133254983	134388729	3	1	sim54	Prost-AdenoCA	cna37
3	134388730	135892033	4	1	sim54	Prost-AdenoCA	cna38
3	135892034	135900602	2	1	sim54	Prost-AdenoCA	cna39
3	135900603	147090477	1	1	sim54	Prost-AdenoCA	cna40
3	147090478	187625814	2	2	sim54	Prost-AdenoCA	cna41
3	187625815	198022430	1	1	sim54	Prost-AdenoCA	cna42
4	1	191103326	1	1	sim54	Prost-AdenoCA	cna43
4	191103327	191154276	1	0	sim54	Prost-AdenoCA	cna44
5	1	14253222	1	1	sim54	Prost-AdenoCA	cna45
5	14253223	14390575	2	2	sim54	Prost-AdenoCA	cna46
5	14390576	15193703	1	1	sim54	Prost-AdenoCA	cna47
5	15193704	19531531	2	1	sim54	Prost-AdenoCA	cna48
5	19531532	20888575	1	0	sim54	Prost-AdenoCA	cna49
5	20888576	48227551	1	1	sim54	Prost-AdenoCA	cna50
5	48227552	48236412	3	2	sim54	Prost-AdenoCA	cna51
5	48236413	48301246	2	1	sim54	Prost-AdenoCA	cna52
5	48301247	62954090	1	0	sim54	Prost-AdenoCA	cna53
5	62954091	106955805	1	1	sim54	Prost-AdenoCA	cna54
5	106955806	108164570	7	1	sim54	Prost-AdenoCA	cna55
5	108164571	108901631	2	2	sim54	Prost-AdenoCA	cna56
5	108901632	180465784	1	1	sim54	Prost-AdenoCA	cna57
5	180465785	180915260	2	1	sim54	Prost-AdenoCA	cna58
6	1	171115067	1	1	sim54	Prost-AdenoCA	cna59
7	1	159138663	1	1	sim54	Prost-AdenoCA	cna60
8	1	3207123	1	1	sim54	Prost-AdenoCA	cna61
8	3207124	3277860	1	0	sim54	Prost-AdenoCA	cna62
8	3277861	13061334	1	1	sim54	Prost-AdenoCA	cna63
8	13061335	16029324	1	0	sim54	Prost-AdenoCA	cna64
8	16029325	16585703	2	2	sim54	Prost-AdenoCA	cna65
8	16585704	16659611	0	0	sim54	Prost-AdenoCA	cna66
8	16659612	146364022	1	1	sim54	Prost-AdenoCA	cna67
9	1	32750991	1	1	sim54	Prost-AdenoCA	cna68
9	32750992	32830955	2	1	sim54	Prost-AdenoCA	cna69
9	32830956	37741484	1	1	sim54	Prost-AdenoCA	cna70
9	37741485	37823291	1	0	sim54	Prost-AdenoCA	cna71
9	37823292	41271733	1	1	sim54	Prost-AdenoCA	cna72
9	41271734	41314791	0	1	sim54	Prost-AdenoCA	cna73
9	41314792	41483292	4	0	sim54	Prost-AdenoCA	cna74
9	41483293	89259411	1	0	sim54	Prost-AdenoCA	cna75
9	89259412	116751968	1	1	sim54	Prost-AdenoCA	cna76
9	116751969	116809647	0	0	sim54	Prost-AdenoCA	cna77
9	116809648	116892766	2	1	sim54	Prost-AdenoCA	cna78
9	116892767	117334528	1	0	sim54	Prost-AdenoCA	cna79
9	117334529	120457419	1	1	sim54	Prost-AdenoCA	cna80
9	120457420	138053137	2	1	sim54	Prost-AdenoCA	cna81
9	138053138	139855923	1	1	sim54	Prost-AdenoCA	cna82
9	139855924	141213431	4	1	sim54	Prost-AdenoCA	cna83
10	1	29247609	1	1	sim54	Prost-AdenoCA	cna84
10	29247610	29484870	3	1	sim54	Prost-AdenoCA	cna85
10	29484871	53013524	2	0	sim54	Prost-AdenoCA	cna86
10	53013525	60319781	1	0	sim54	Prost-AdenoCA	cna87
10	60319782	60541058	1	1	sim54	Prost-AdenoCA	cna88
10	60541059	62005680	3	1	sim54	Prost-AdenoCA	cna89
10	62005681	62241912	1	1	sim54	Prost-AdenoCA	cna90
10	62241913	65593076	2	1	sim54	Prost-AdenoCA	cna91
10	65593077	123415071	1	0	sim54	Prost-AdenoCA	cna92
10	123415072	127386943	2	1	sim54	Prost-AdenoCA	cna93
10	127386944	135534747	1	1	sim54	Prost-AdenoCA	cna94
11	1	130725879	1	1	sim54	Prost-AdenoCA	cna95
11	130725880	135006516	1	0	sim54	Prost-AdenoCA	cna96
12	1	133851895	1	1	sim54	Prost-AdenoCA	cna97
13	1	114782788	1	1	sim54	Prost-AdenoCA	cna98
13	114782789	115169878	0	1	sim54	Prost-AdenoCA	cna99
14	1	162590	1	0	sim54	Prost-AdenoCA	cna100
14	162591	1220632	3	2	sim54	Prost-AdenoCA	cna101
14	1220633	5003735	1	1	sim54	Prost-AdenoCA	cna102
14	5003736	8645734	4	2	sim54	Prost-AdenoCA	cna103
14	8645735	44335075	2	1	sim54	Prost-AdenoCA	cna104
14	44335076	65549412	1	1	sim54	Prost-AdenoCA	cna105
14	65549413	100076937	2	1	sim54	Prost-AdenoCA	cna106
14	100076938	107349540	2	0	sim54	Prost-AdenoCA	cna107
15	1	27290612	1	1	sim54	Prost-AdenoCA	cna108
15	27290613	30933582	1	0	sim54	Prost-AdenoCA	cna109
15	30933583	33363010	1	1	sim54	Prost-AdenoCA	cna110
15	33363011	54723411	1	0	sim54	Prost-AdenoCA	cna111
15	54723412	57386834	1	1	sim54	Prost-AdenoCA	cna112
15	57386835	59073782	2	1	sim54	Prost-AdenoCA	cna113
15	59073783	102531392	1	1	sim54	Prost-AdenoCA	cna114
16	1	46421257	1	1	sim54	Prost-AdenoCA	cna115
16	46421258	46552964	1	0	sim54	Prost-AdenoCA	cna116
16	46552965	89096128	2	1	sim54	Prost-AdenoCA	cna117
16	89096129	90354753	1	1	sim54	Prost-AdenoCA	cna118
17	1	42556099	1	1	sim54	Prost-AdenoCA	cna119
17	42556100	43038166	1	0	sim54	Prost-AdenoCA	cna120
17	43038167	43089122	2	1	sim54	Prost-AdenoCA	cna121
17	43089123	43272925	1	0	sim54	Prost-AdenoCA	cna122
17	43272926	43329656	2	1	sim54	Prost-AdenoCA	cna123
17	43329657	55212324	1	0	sim54	Prost-AdenoCA	cna124
17	55212325	55375840	3	1	sim54	Prost-AdenoCA	cna125
17	55375841	57443310	1	1	sim54	Prost-AdenoCA	cna126
17	57443311	59085528	2	2	sim54	Prost-AdenoCA	cna127
17	59085529	81195210	1	1	sim54	Prost-AdenoCA	cna128
18	1	61211521	1	1	sim54	Prost-AdenoCA	cna129
18	61211522	61517183	3	1	sim54	Prost-AdenoCA	cna130
18	61517184	78077248	1	1	sim54	Prost-AdenoCA	cna131
19	1	59128983	1	1	sim54	Prost-AdenoCA	cna132
20	1	8055597	1	1	sim54	Prost-AdenoCA	cna133
20	8055598	8191428	3	1	sim54	Prost-AdenoCA	cna134
20	8191429	9694881	1	0	sim54	Prost-AdenoCA	cna135
20	9694882	9993805	1	1	sim54	Prost-AdenoCA	cna136
20	9993806	10004500	2	2	sim54	Prost-AdenoCA	cna137
20	10004501	35937540	1	0	sim54	Prost-AdenoCA	cna138
20	35937541	36174869	4	2	sim54	Prost-AdenoCA	cna139
20	36174870	39117469	2	2	sim54	Prost-AdenoCA	cna140
20	39117470	39138537	2	1	sim54	Prost-AdenoCA	cna141
20	39138538	39149110	1	0	sim54	Prost-AdenoCA	cna142
20	39149111	60417443	1	1	sim54	Prost-AdenoCA	cna143
20	60417444	60599491	2	1	sim54	Prost-AdenoCA	cna144
20	60599492	61993335	3	1	sim54	Prost-AdenoCA	cna145
20	61993336	62846463	2	1	sim54	Prost-AdenoCA	cna146
20	62846464	63025520	1	0	sim54	Prost-AdenoCA	cna147
21	1	48129895	1	1	sim54	Prost-AdenoCA	cna148
22	1	37890109	1	1	sim54	Prost-AdenoCA	cna149
22	37890110	40145630	1	0	sim54	Prost-AdenoCA	cna150
22	40145631	50966307	1	1	sim54	Prost-AdenoCA	cna151
22	50966308	51304566	1	0	sim54	Prost-AdenoCA	cna152
X	1	155158460	1	1	sim54	Prost-AdenoCA	cna153
X	155158461	155270560	3	2	sim54	Prost-AdenoCA	cna154
Y	1	51430797	1	1	sim54	Prost-AdenoCA	cna155
Y	51430798	51782366	1	0	sim54	Prost-AdenoCA	cna156
Y	51782367	56551358	1	1	sim54	Prost-AdenoCA	cna157
Y	56551359	56644549	0	0	sim54	Prost-AdenoCA	cna158
Y	56644550	56686031	1	1	sim54	Prost-AdenoCA	cna159
Y	56686032	59373566	2	0	sim54	Prost-AdenoCA	cna160
