chrom1	start1	end1	chrom2	start2	end2	strand1	strand2	svclass	id	allele	donor_id	tumor
1	1	2	1	148646407	148646408	+	-	DEL	cna0	minor	sim57	Prost-AdenoCA
1	22335700	22335701	1	22345706	22345707	+	+	h2hINV	cna0	major	sim57	Prost-AdenoCA
1	40249800	40249801	1	45612760	45612761	-	-	t2tINV	cna0	major	sim57	Prost-AdenoCA
1	51614700	51614701	1	69133164	69133165	+	+	h2hINV	cna0	major	sim57	Prost-AdenoCA
1	204140600	204140601	1	236409980	236409981	+	+	h2hINV	cna1	minor	sim57	Prost-AdenoCA
2	1	33389365	18	2456162	19835027	+	+	TRA	cna57,cna2	minor,major	sim57	Prost-AdenoCA
2	16721979	16721980	2	16731980	16731981	-	-	t2tINV	cna2	minor	sim57	Prost-AdenoCA
2	16807579	16807580	2	51433243	51433244	+	+	h2hINV	cna2	major	sim57	Prost-AdenoCA
2	23025479	23025480	2	23063848	23063849	-	-	t2tINV	cna2	major	sim57	Prost-AdenoCA
2	62330079	62330080	2	62429796	62429797	+	+	h2hINV	cna2	minor	sim57	Prost-AdenoCA
2	70180579	70180580	2	74309406	74309407	+	+	h2hINV	cna2	major	sim57	Prost-AdenoCA
2	119120847	243199373	14	54694321	106120603	-	-	TRA	cna46,cna2	major,minor	sim57	Prost-AdenoCA
2	181180979	181180980	2	200914271	200914272	-	-	t2tINV	cna2	major	sim57	Prost-AdenoCA
2	216160579	216160580	2	216170582	216170583	+	+	h2hINV	cna2	minor	sim57	Prost-AdenoCA
3	68395806	116119745	11	132594425	133112632	-	+	TRA	cna3,cna35	major,minor	sim57	Prost-AdenoCA
3	116119746	116119747	3	128016656	128016657	-	+	DUP	cna4	major	sim57	Prost-AdenoCA
3	116119746	116119747	3	128016656	128016657	-	+	DUP	cna4	minor	sim57	Prost-AdenoCA
4	27582932	37668899	15	71865381	102531392	-	-	TRA	cna48,cna6	major,minor	sim57	Prost-AdenoCA
4	37668900	37668901	4	37743537	37743538	-	+	DUP	cna7	major	sim57	Prost-AdenoCA
4	37668900	37668901	4	37743537	37743538	-	+	DUP	cna7	minor	sim57	Prost-AdenoCA
4	37743538	37743539	4	39268253	39268254	+	-	DEL	cna8	minor	sim57	Prost-AdenoCA
4	39268254	39268255	4	39501033	39501034	-	+	DUP	cna9	major	sim57	Prost-AdenoCA
4	39407276	39407277	4	41703687	41703688	+	+	h2hINV	cna9	minor	sim57	Prost-AdenoCA
4	39501034	39501035	4	47066181	47066182	+	-	DEL	cna10	minor	sim57	Prost-AdenoCA
4	39546576	47066181	6	1	1304015	-	+	TRA	cna10,cna18	major,minor	sim57	Prost-AdenoCA
4	47066182	47066183	4	47347534	47347535	-	+	DUP	cna11	major	sim57	Prost-AdenoCA
4	47347535	47347536	4	48100511	48100512	+	-	DEL	cna12	minor	sim57	Prost-AdenoCA
4	69127876	69127877	4	72367077	72367078	-	-	t2tINV	cna13	minor	sim57	Prost-AdenoCA
4	75988076	75988077	4	78929187	78929188	-	-	t2tINV	cna13	minor	sim57	Prost-AdenoCA
4	86679276	86679277	4	89272112	89272113	+	+	h2hINV	cna13	minor	sim57	Prost-AdenoCA
4	143772976	143772977	4	153550892	153550893	-	-	t2tINV	cna13	major	sim57	Prost-AdenoCA
4	150361576	150361577	4	150371590	150371591	+	+	h2hINV	cna13	minor	sim57	Prost-AdenoCA
4	163013176	163013177	4	168380559	168380560	-	-	t2tINV	cna13	major	sim57	Prost-AdenoCA
5	1	10063501	11	1	17454495	+	+	TRA	cna14,cna32	minor,major	sim57	Prost-AdenoCA
5	22767825	22767826	5	27134233	27134234	-	+	DUP	cna15	major	sim57	Prost-AdenoCA
5	39884800	39884801	5	41123826	41123827	-	-	t2tINV	cna16	minor	sim57	Prost-AdenoCA
5	55848000	55848001	5	112321282	112321283	+	+	h2hINV	cna16	minor	sim57	Prost-AdenoCA
5	84560000	84560001	5	84570005	84570006	-	-	t2tINV	cna16	major	sim57	Prost-AdenoCA
5	120945500	120945501	5	125239458	125239459	+	+	h2hINV	cna16	major	sim57	Prost-AdenoCA
5	128019800	128019801	5	135684956	135684957	-	-	t2tINV	cna16	minor	sim57	Prost-AdenoCA
5	178995245	178995246	5	180915260	180915261	-	+	DUP	cna17	major	sim57	Prost-AdenoCA
5	178995245	178995246	5	180915260	180915261	+	-	DEL	cna17	minor	sim57	Prost-AdenoCA
6	1	2	6	16217750	16217751	+	-	DEL	cna18	minor	sim57	Prost-AdenoCA
6	1136196	16217750	X	1	13673815	-	+	TRA	cna70,cna18	minor,minor	sim57	Prost-AdenoCA
6	4590540	4590541	6	5647498	5647499	+	+	h2hINV	cna18	major	sim57	Prost-AdenoCA
6	22400640	22400641	6	22410646	22410647	+	+	h2hINV	cna19	minor	sim57	Prost-AdenoCA
6	25417040	25417041	6	25427041	25427042	+	+	h2hINV	cna19	major	sim57	Prost-AdenoCA
6	41952640	41952641	6	43227861	43227862	-	-	t2tINV	cna19	minor	sim57	Prost-AdenoCA
6	42711940	42711941	6	54053142	54053143	-	-	t2tINV	cna19	major	sim57	Prost-AdenoCA
6	73185046	171015562	11	37687110	132332507	-	-	TRA	cna32,cna19	minor,minor	sim57	Prost-AdenoCA
6	119052940	119052941	6	119121773	119121774	-	-	t2tINV	cna19	major	sim57	Prost-AdenoCA
6	171015563	171015564	6	171115067	171115068	+	-	DEL	cna20	minor	sim57	Prost-AdenoCA
7	28194273	28194274	7	64242280	64242281	+	+	h2hINV	cna21	major	sim57	Prost-AdenoCA
7	98935373	98935374	7	98945379	98945380	+	+	h2hINV	cna21	major	sim57	Prost-AdenoCA
7	98987573	98987574	7	143388354	143388355	+	+	h2hINV	cna21	minor	sim57	Prost-AdenoCA
7	126907473	159138663	9	1	12416240	-	+	TRA	cna21,cna26	minor,minor	sim57	Prost-AdenoCA
7	127610873	159138663	9	1	45142759	-	+	TRA	cna21,cna26	major,minor	sim57	Prost-AdenoCA
8	49439433	49439434	8	89454961	89454962	+	-	DEL	cna23	minor	sim57	Prost-AdenoCA
8	89454962	89454963	8	89471737	89471738	-	+	DUP	cna24	major	sim57	Prost-AdenoCA
8	89454962	89454963	8	89471737	89471738	-	+	DUP	cna24	minor	sim57	Prost-AdenoCA
8	107204310	107204311	8	107755995	107755996	+	+	h2hINV	cna25	minor	sim57	Prost-AdenoCA
8	115285310	115285311	8	119045458	119045459	+	+	h2hINV	cna25	major	sim57	Prost-AdenoCA
8	116330710	116330711	8	116340717	116340718	-	-	t2tINV	cna25	major	sim57	Prost-AdenoCA
8	119663010	119663011	8	124575014	124575015	-	-	t2tINV	cna25	major	sim57	Prost-AdenoCA
9	140630222	140630223	9	141213431	141213432	-	+	DUP	cna27	major	sim57	Prost-AdenoCA
9	140630222	140630223	9	141213431	141213432	-	+	DUP	cna27	minor	sim57	Prost-AdenoCA
10	128124772	128124773	10	128136184	128136185	-	+	DUP	cna29	major	sim57	Prost-AdenoCA
10	128124772	128124773	10	128136184	128136185	-	+	DUP	cna29	minor	sim57	Prost-AdenoCA
10	134526922	134526923	10	135534747	135534748	-	+	DUP	cna31	major	sim57	Prost-AdenoCA
11	8765510	8765511	11	10866761	10866762	+	+	h2hINV	cna32	major	sim57	Prost-AdenoCA
11	56045210	56045211	11	63457002	63457003	+	+	h2hINV	cna32	minor	sim57	Prost-AdenoCA
11	132332508	132332509	11	132344332	132344333	-	+	DUP	cna33	major	sim57	Prost-AdenoCA
11	132332508	132332509	11	132344332	132344333	-	+	DUP	cna33	minor	sim57	Prost-AdenoCA
11	132594425	132594426	11	135006516	135006517	+	-	DEL	cna35	minor	sim57	Prost-AdenoCA
12	25347094	25347095	12	31181424	31181425	-	-	t2tINV	cna36	major	sim57	Prost-AdenoCA
12	89436694	89436695	12	89446696	89446697	-	-	t2tINV	cna36	minor	sim57	Prost-AdenoCA
12	107359994	131887904	18	2456162	37487614	-	+	TRA	cna36,cna57	major,major	sim57	Prost-AdenoCA
12	131887905	131887906	12	133851895	133851896	+	-	DEL	cna37	major	sim57	Prost-AdenoCA
12	131887905	131887906	12	133851895	133851896	+	-	DEL	cna37	minor	sim57	Prost-AdenoCA
13	23894599	23894600	13	34577474	34577475	+	+	h2hINV	cna38	major	sim57	Prost-AdenoCA
13	76685494	76685495	13	80838959	80838960	-	+	DUP	cna39	major	sim57	Prost-AdenoCA
13	76685494	76685495	13	80838959	80838960	+	-	DEL	cna39	minor	sim57	Prost-AdenoCA
13	81594999	81595000	13	81705979	81705980	-	-	t2tINV	cna40	major	sim57	Prost-AdenoCA
13	93145942	93145943	13	93171404	93171405	-	+	DUP	cna41	major	sim57	Prost-AdenoCA
13	93145942	93145943	13	93171404	93171405	+	-	DEL	cna41	minor	sim57	Prost-AdenoCA
13	93171405	93171406	13	101439008	101439009	-	+	DUP	cna42	major	sim57	Prost-AdenoCA
13	93171405	93171406	13	101439008	101439009	-	+	DUP	cna42	minor	sim57	Prost-AdenoCA
13	101439009	101439010	13	102733200	102733201	+	-	DEL	cna43	minor	sim57	Prost-AdenoCA
13	104282845	104282846	13	115169878	115169879	-	+	DUP	cna45	major	sim57	Prost-AdenoCA
13	104282845	104282846	13	115169878	115169879	+	-	DEL	cna45	minor	sim57	Prost-AdenoCA
14	23168421	23168422	14	23178432	23178433	-	-	t2tINV	cna46	minor	sim57	Prost-AdenoCA
14	106120604	106120605	14	107349540	107349541	+	-	DEL	cna47	minor	sim57	Prost-AdenoCA
15	78383581	78383582	15	85537546	85537547	-	-	t2tINV	cna48	major	sim57	Prost-AdenoCA
16	4322889	90354753	Y	8979990	32161944	-	-	TRA	cna49,cna72	major,major	sim57	Prost-AdenoCA
16	35285589	35285590	16	35295641	35295642	-	-	t2tINV	cna49	major	sim57	Prost-AdenoCA
17	1	2	17	76399988	76399989	-	+	DUP	cna50	major	sim57	Prost-AdenoCA
17	1	2	17	76399988	76399989	-	+	DUP	cna50	minor	sim57	Prost-AdenoCA
17	6906436	6906437	17	7152493	7152494	+	+	h2hINV	cna50	minor	sim57	Prost-AdenoCA
17	26593236	26593237	17	27837264	27837265	+	+	h2hINV	cna50	minor	sim57	Prost-AdenoCA
17	37532936	37532937	17	67520496	67520497	+	+	h2hINV	cna50	minor	sim57	Prost-AdenoCA
17	38748236	38748237	17	44921013	44921014	+	+	h2hINV	cna50	major	sim57	Prost-AdenoCA
17	46671836	46671837	17	46681838	46681839	+	+	h2hINV	cna50	minor	sim57	Prost-AdenoCA
17	78823218	78823219	17	79004079	79004080	+	-	DEL	cna52	minor	sim57	Prost-AdenoCA
18	704036	704037	18	1957760	1957761	-	+	DUP	cna55	major	sim57	Prost-AdenoCA
18	704036	704037	18	1957760	1957761	-	+	DUP	cna55	minor	sim57	Prost-AdenoCA
18	1957761	1957762	18	2456161	2456162	-	+	DUP	cna56	major	sim57	Prost-AdenoCA
18	2159626	2159627	18	32651545	32651546	-	-	t2tINV	cna57	major	sim57	Prost-AdenoCA
18	2456162	2456163	18	56419184	56419185	+	-	DEL	cna57	minor	sim57	Prost-AdenoCA
18	5568926	5568927	18	5578935	5578936	-	-	t2tINV	cna57	major	sim57	Prost-AdenoCA
18	5709926	5709927	18	6229643	6229644	-	-	t2tINV	cna57	major	sim57	Prost-AdenoCA
18	33763526	33763527	18	34369615	34369616	-	-	t2tINV	cna57	major	sim57	Prost-AdenoCA
18	56419185	56419186	18	56918649	56918650	-	+	DUP	cna58	major	sim57	Prost-AdenoCA
18	56918650	56918651	18	57419796	57419797	-	+	DUP	cna59	major	sim57	Prost-AdenoCA
18	57419797	57419798	18	59580221	59580222	+	-	DEL	cna60	minor	sim57	Prost-AdenoCA
18	60530496	60530497	18	61466258	61466259	-	+	DUP	cna62	major	sim57	Prost-AdenoCA
18	60530496	60530497	18	61466258	61466259	-	+	DUP	cna62	minor	sim57	Prost-AdenoCA
18	61466259	61466260	18	67300554	67300555	-	+	DUP	cna63	major	sim57	Prost-AdenoCA
19	16061778	16061779	19	27893676	27893677	+	+	h2hINV	cna65	minor	sim57	Prost-AdenoCA
19	52262398	52262399	19	59128983	59128984	-	+	DUP	cna66	major	sim57	Prost-AdenoCA
20	1	2	20	63025520	63025521	-	+	DUP	cna67	major	sim57	Prost-AdenoCA
X	68433714	68433715	X	107144903	107144904	-	-	t2tINV	cna70	minor	sim57	Prost-AdenoCA
X	155227245	155227246	X	155270560	155270561	+	-	DEL	cna71	minor	sim57	Prost-AdenoCA
Y	32161945	32161946	Y	58788879	58788880	-	+	DUP	cna73	major	sim57	Prost-AdenoCA
Y	58841345	58841346	Y	59373566	59373567	-	+	DUP	cna75	major	sim57	Prost-AdenoCA
