chrom1	start1	end1	chrom2	start2	end2	strand1	strand2	svclass	id	allele	donor_id	tumor
1	11999600	11999601	1	16966382	16966383	-	-	t2tINV	cna0	minor	sim51	Prost-AdenoCA
1	163475956	249250621	11	65559010	129008623	-	-	TRA	cna14,cna0	minor,minor	sim51	Prost-AdenoCA
1	172197900	172197901	1	172688863	172688864	-	-	t2tINV	cna0	minor	sim51	Prost-AdenoCA
1	175290700	175290701	1	175300711	175300712	-	-	t2tINV	cna0	minor	sim51	Prost-AdenoCA
1	205201900	205201901	1	205211902	205211903	+	+	h2hINV	cna0	minor	sim51	Prost-AdenoCA
1	205333600	205333601	1	212072076	212072077	-	-	t2tINV	cna0	major	sim51	Prost-AdenoCA
1	211067800	211067801	1	217666953	217666954	+	+	h2hINV	cna0	major	sim51	Prost-AdenoCA
1	220213400	249250621	7	1	123380655	-	+	TRA	cna0,cna9	major,major	sim51	Prost-AdenoCA
2	3549679	3549680	2	3559687	3559688	+	+	h2hINV	cna1	minor	sim51	Prost-AdenoCA
2	36968279	36968280	2	43716287	43716288	-	-	t2tINV	cna1	major	sim51	Prost-AdenoCA
2	41433279	41433280	2	41443288	41443289	+	+	h2hINV	cna1	minor	sim51	Prost-AdenoCA
2	54406779	54406780	2	54416785	54416786	+	+	h2hINV	cna1	minor	sim51	Prost-AdenoCA
2	156209679	156209680	2	156219697	156219698	-	-	t2tINV	cna1	major	sim51	Prost-AdenoCA
2	162044279	243199373	6	154022771	171115067	-	-	TRA	cna1,cna8	major,major	sim51	Prost-AdenoCA
2	233791379	243199373	3	147037092	156473123	-	+	TRA	cna1,cna4	minor,minor	sim51	Prost-AdenoCA
3	16693906	16693907	3	17322897	17322898	-	-	t2tINV	cna2	minor	sim51	Prost-AdenoCA
3	78690006	78690007	3	78700025	78700026	-	-	t2tINV	cna2	minor	sim51	Prost-AdenoCA
3	113638906	113638907	3	113648918	113648919	-	-	t2tINV	cna2	minor	sim51	Prost-AdenoCA
3	128603606	146442607	14	45558748	75712899	-	+	TRA	cna2,cna20	minor,major	sim51	Prost-AdenoCA
3	146442608	146442609	3	147037091	147037092	-	+	DUP	cna3	major	sim51	Prost-AdenoCA
3	146442608	146442609	3	147037091	147037092	-	+	DUP	cna3	minor	sim51	Prost-AdenoCA
3	147037092	147037093	3	162727602	162727603	-	+	DUP	cna4	major	sim51	Prost-AdenoCA
3	147037092	149294351	X	47655714	86548273	+	-	TRA	cna36,cna4	major,minor	sim51	Prost-AdenoCA
3	183312306	183312307	3	183322307	183322308	+	+	h2hINV	cna5	minor	sim51	Prost-AdenoCA
3	195696506	195696507	3	195706517	195706518	-	-	t2tINV	cna5	major	sim51	Prost-AdenoCA
4	27125276	27125277	4	27706932	27706933	-	-	t2tINV	cna6	major	sim51	Prost-AdenoCA
4	66763176	66763177	4	67056727	67056728	+	+	h2hINV	cna6	major	sim51	Prost-AdenoCA
4	89503976	89503977	4	89514036	89514037	-	-	t2tINV	cna6	minor	sim51	Prost-AdenoCA
4	92133476	92133477	4	92164979	92164980	-	-	t2tINV	cna6	minor	sim51	Prost-AdenoCA
5	26225400	180915260	17	1	17495487	-	+	TRA	cna7,cna27	minor,major	sim51	Prost-AdenoCA
5	55474800	55474801	5	67078631	67078632	-	-	t2tINV	cna7	major	sim51	Prost-AdenoCA
5	137486000	137486001	5	140675062	140675063	-	-	t2tINV	cna7	minor	sim51	Prost-AdenoCA
5	157540000	157540001	5	176985022	176985023	+	+	h2hINV	cna7	minor	sim51	Prost-AdenoCA
5	177096900	177096901	5	177106903	177106904	+	+	h2hINV	cna7	major	sim51	Prost-AdenoCA
6	65838740	65838741	6	76528513	76528514	-	-	t2tINV	cna8	major	sim51	Prost-AdenoCA
6	73738340	73738341	6	73748348	73748349	-	-	t2tINV	cna8	minor	sim51	Prost-AdenoCA
6	92432440	92432441	6	96469133	96469134	-	-	t2tINV	cna8	major	sim51	Prost-AdenoCA
6	101829840	101829841	6	101839847	101839848	-	-	t2tINV	cna8	minor	sim51	Prost-AdenoCA
7	13255173	13255174	7	13265183	13265184	-	-	t2tINV	cna9	major	sim51	Prost-AdenoCA
7	16508073	16508074	7	40918664	40918665	-	-	t2tINV	cna9	minor	sim51	Prost-AdenoCA
7	57655973	57655974	7	58426190	58426191	-	-	t2tINV	cna9	major	sim51	Prost-AdenoCA
7	64928773	64928774	7	64959992	64959993	-	-	t2tINV	cna9	minor	sim51	Prost-AdenoCA
7	76319773	76319774	7	96651072	96651073	-	-	t2tINV	cna9	major	sim51	Prost-AdenoCA
8	28123310	28123311	8	28228217	28228218	+	+	h2hINV	cna10	major	sim51	Prost-AdenoCA
8	37035010	37035011	8	37723080	37723081	+	+	h2hINV	cna10	minor	sim51	Prost-AdenoCA
8	74179510	74179511	8	74189520	74189521	-	-	t2tINV	cna10	minor	sim51	Prost-AdenoCA
8	74688810	74688811	8	99317172	99317173	+	+	h2hINV	cna10	major	sim51	Prost-AdenoCA
8	102585810	102585811	8	143336835	143336836	-	-	t2tINV	cna10	major	sim51	Prost-AdenoCA
8	146335242	146335243	8	146364022	146364023	-	+	DUP	cna11	major	sim51	Prost-AdenoCA
9	1	18856489	11	108134929	129008623	+	-	TRA	cna12,cna14	major,minor	sim51	Prost-AdenoCA
9	16639088	16639089	9	49441843	49441844	+	+	h2hINV	cna12	major	sim51	Prost-AdenoCA
10	1	101349258	17	33146020	38834977	+	+	TRA	cna13,cna29	major,major	sim51	Prost-AdenoCA
10	1	29373581	20	1	14943096	+	+	TRA	cna32,cna13	major,major	sim51	Prost-AdenoCA
10	53763157	53763158	10	53773172	53773173	+	+	h2hINV	cna13	major	sim51	Prost-AdenoCA
11	2094310	2094311	11	5948291	5948292	+	+	h2hINV	cna14	major	sim51	Prost-AdenoCA
11	129008624	129008625	11	129302140	129302141	-	+	DUP	cna15	major	sim51	Prost-AdenoCA
11	129008624	129008625	11	129302140	129302141	+	-	DEL	cna15	minor	sim51	Prost-AdenoCA
12	4348094	4348095	12	4358105	4358106	-	-	t2tINV	cna17	major	sim51	Prost-AdenoCA
12	26852194	26852195	12	51584035	51584036	-	-	t2tINV	cna17	major	sim51	Prost-AdenoCA
12	42641694	42641695	12	45897930	45897931	+	+	h2hINV	cna17	major	sim51	Prost-AdenoCA
12	85346294	85346295	12	85356300	85356301	-	-	t2tINV	cna17	minor	sim51	Prost-AdenoCA
12	108295294	108295295	12	115339572	115339573	+	+	h2hINV	cna17	major	sim51	Prost-AdenoCA
13	19753299	19753300	13	25372384	25372385	-	-	t2tINV	cna18	major	sim51	Prost-AdenoCA
13	96454999	115169878	X	27017992	42795510	-	-	TRA	cna18,cna35	minor,major	sim51	Prost-AdenoCA
13	113146599	113146600	13	113208501	113208502	-	-	t2tINV	cna18	minor	sim51	Prost-AdenoCA
14	1	2	14	45558747	45558748	-	+	DUP	cna19	major	sim51	Prost-AdenoCA
14	107246308	107246309	14	107259215	107259216	-	+	DUP	cna21	major	sim51	Prost-AdenoCA
15	33695181	33695182	15	33767488	33767489	+	+	h2hINV	cna23	minor	sim51	Prost-AdenoCA
15	67872381	67872382	15	75670673	75670674	-	-	t2tINV	cna23	minor	sim51	Prost-AdenoCA
16	38397988	53869805	X	74330414	86548273	-	-	TRA	cna36,cna24	major,major	sim51	Prost-AdenoCA
16	53869806	53869807	16	59239309	59239310	+	-	DEL	cna25	minor	sim51	Prost-AdenoCA
16	78175889	78175890	16	79570006	79570007	-	-	t2tINV	cna26	minor	sim51	Prost-AdenoCA
17	17378836	17378837	17	50759946	50759947	+	+	h2hINV	cna27	major	sim51	Prost-AdenoCA
17	27253789	27253790	17	33146019	33146020	-	+	DUP	cna28	major	sim51	Prost-AdenoCA
17	27253789	27253790	17	33146019	33146020	+	-	DEL	cna28	minor	sim51	Prost-AdenoCA
17	72660036	72660037	17	73249613	73249614	+	+	h2hINV	cna29	major	sim51	Prost-AdenoCA
18	35352326	35352327	18	35372331	35372332	+	+	h2hINV	cna30	major	sim51	Prost-AdenoCA
20	15228295	15228296	20	15258681	15258682	+	+	h2hINV	cna32	minor	sim51	Prost-AdenoCA
20	32586395	32586396	20	32695726	32695727	-	-	t2tINV	cna32	major	sim51	Prost-AdenoCA
20	53914695	63025520	Y	1	8605847	-	+	TRA	cna32,cna42	minor,major	sim51	Prost-AdenoCA
21	1	2	21	48129895	48129896	+	-	DEL	cna33	minor	sim51	Prost-AdenoCA
21	24167775	24167776	21	27898177	27898178	-	-	t2tINV	cna33	major	sim51	Prost-AdenoCA
22	1	2	22	51304566	51304567	+	-	DEL	cna34	minor	sim51	Prost-AdenoCA
22	1	36676281	X	91510278	121320083	+	-	TRA	cna34,cna37	minor,minor	sim51	Prost-AdenoCA
22	20277080	20277081	22	20287086	20287087	-	-	t2tINV	cna34	major	sim51	Prost-AdenoCA
X	1	2	X	42795510	42795511	+	-	DEL	cna35	minor	sim51	Prost-AdenoCA
X	15860314	15860315	X	24483020	24483021	-	-	t2tINV	cna35	major	sim51	Prost-AdenoCA
X	86548274	86548275	X	121320083	121320084	-	+	DUP	cna37	major	sim51	Prost-AdenoCA
X	137995340	137995341	X	153933067	153933068	-	+	DUP	cna39	major	sim51	Prost-AdenoCA
X	137995340	137995341	X	153933067	153933068	+	-	DEL	cna39	minor	sim51	Prost-AdenoCA
X	154011343	154011344	X	155270560	155270561	-	+	DUP	cna41	major	sim51	Prost-AdenoCA
Y	50636636	50636637	Y	58918222	58918223	+	-	DEL	cna43	minor	sim51	Prost-AdenoCA
