chrom1	start1	end1	chrom2	start2	end2	strand1	strand2	svclass	id	allele	donor_id	tumor
1	1	86972832	12	1	89550295	+	+	TRA	cna16,cna0	minor,minor	sim56	Prost-AdenoCA
1	35318100	35318101	1	38217468	38217469	-	-	t2tINV	cna0	minor	sim56	Prost-AdenoCA
1	179173300	179173301	1	188020086	188020087	+	+	h2hINV	cna0	minor	sim56	Prost-AdenoCA
2	1	2	2	69792957	69792958	-	+	DUP	cna1	major	sim56	Prost-AdenoCA
2	15886679	15886680	2	15896697	15896698	-	-	t2tINV	cna1	major	sim56	Prost-AdenoCA
2	100867079	100867080	2	101621676	101621677	+	+	h2hINV	cna2	minor	sim56	Prost-AdenoCA
2	133438879	133438880	2	145102365	145102366	-	-	t2tINV	cna2	minor	sim56	Prost-AdenoCA
2	133526879	133526880	2	133546928	133546929	+	+	h2hINV	cna2	minor	sim56	Prost-AdenoCA
2	139651279	139651280	2	159988635	159988636	-	-	t2tINV	cna2	major	sim56	Prost-AdenoCA
2	185236379	185236380	2	185663505	185663506	+	+	h2hINV	cna2	major	sim56	Prost-AdenoCA
2	207583679	207583680	2	208197426	208197427	-	-	t2tINV	cna2	major	sim56	Prost-AdenoCA
2	222934179	243199373	9	1	127265965	-	+	TRA	cna2,cna10	minor,minor	sim56	Prost-AdenoCA
4	1	131647677	7	158364377	159138663	+	-	TRA	cna4,cna8	minor,major	sim56	Prost-AdenoCA
4	64746676	64746677	4	64756678	64756679	+	+	h2hINV	cna4	major	sim56	Prost-AdenoCA
4	100428176	100428177	4	103381606	103381607	+	+	h2hINV	cna4	minor	sim56	Prost-AdenoCA
5	50734600	50734601	5	50744611	50744612	-	-	t2tINV	cna5	minor	sim56	Prost-AdenoCA
6	82377740	82377741	6	82397811	82397812	+	+	h2hINV	cna6	major	sim56	Prost-AdenoCA
6	113268340	113268341	6	150657562	150657563	+	+	h2hINV	cna6	minor	sim56	Prost-AdenoCA
6	140535040	140535041	6	148474050	148474051	+	+	h2hINV	cna6	major	sim56	Prost-AdenoCA
7	56252573	56252574	7	57164963	57164964	+	+	h2hINV	cna7	major	sim56	Prost-AdenoCA
7	67536291	67536292	7	159138663	159138664	+	-	DEL	cna8	minor	sim56	Prost-AdenoCA
7	98190373	98190374	7	98210612	98210613	+	+	h2hINV	cna8	major	sim56	Prost-AdenoCA
8	78910	146364022	14	1	36244167	-	+	TRA	cna9,cna20	minor,minor	sim56	Prost-AdenoCA
8	12466710	12466711	8	12486713	12486714	+	+	h2hINV	cna9	major	sim56	Prost-AdenoCA
9	73758788	73758789	9	79793348	79793349	+	+	h2hINV	cna10	major	sim56	Prost-AdenoCA
10	52885657	52885658	10	58196139	58196140	-	-	t2tINV	cna11	major	sim56	Prost-AdenoCA
10	67110857	67110858	10	68600157	68600158	+	+	h2hINV	cna11	minor	sim56	Prost-AdenoCA
10	82199757	82199758	10	82209764	82209765	+	+	h2hINV	cna11	major	sim56	Prost-AdenoCA
10	89427957	89427958	10	92204438	92204439	+	+	h2hINV	cna11	minor	sim56	Prost-AdenoCA
10	100955299	100955300	10	135534747	135534748	-	+	DUP	cna12	major	sim56	Prost-AdenoCA
10	100955299	100955300	10	135534747	135534748	+	-	DEL	cna12	minor	sim56	Prost-AdenoCA
11	28556483	28556484	11	38584563	38584564	-	+	DUP	cna14	major	sim56	Prost-AdenoCA
11	28556483	28556484	11	38584563	38584564	+	-	DEL	cna14	minor	sim56	Prost-AdenoCA
12	29093294	29093295	12	29286359	29286360	-	-	t2tINV	cna16	major	sim56	Prost-AdenoCA
13	85486680	85486681	13	85643644	85643645	-	+	DUP	cna18	major	sim56	Prost-AdenoCA
15	48926581	48926582	15	52462177	52462178	+	+	h2hINV	cna21	major	sim56	Prost-AdenoCA
15	61875381	61875382	15	69350031	69350032	+	+	h2hINV	cna21	minor	sim56	Prost-AdenoCA
16	67782889	67782890	16	67792890	67792891	+	+	h2hINV	cna22	major	sim56	Prost-AdenoCA
18	2196626	2196627	18	4246588	4246589	+	+	h2hINV	cna24	minor	sim56	Prost-AdenoCA
19	10556178	10556179	19	12151034	12151035	+	+	h2hINV	cna25	minor	sim56	Prost-AdenoCA
19	58902719	58902720	19	59105857	59105858	-	+	DUP	cna26	major	sim56	Prost-AdenoCA
19	58902719	58902720	19	59105857	59105858	+	-	DEL	cna26	minor	sim56	Prost-AdenoCA
19	59105858	59105859	19	59128983	59128984	-	+	DUP	cna27	major	sim56	Prost-AdenoCA
19	59105858	59105859	19	59128983	59128984	-	+	DUP	cna27	minor	sim56	Prost-AdenoCA
X	65875044	65875045	X	66175457	66175458	+	-	DEL	cna32	minor	sim56	Prost-AdenoCA
X	105288014	105288015	X	105298017	105298018	+	+	h2hINV	cna33	major	sim56	Prost-AdenoCA
