chrom1	start1	end1	chrom2	start2	end2	strand1	strand2	svclass	id	allele	donor_id	tumor
1	80778883	80778884	1	95321871	95321872	-	+	DUP	cna1	major	sim30	Prost-AdenoCA
1	80778883	80778884	1	95321871	95321872	-	+	DUP	cna1	minor	sim30	Prost-AdenoCA
1	85445900	95321871	8	103057336	110793389	-	+	TRA	cna1,cna30	minor,minor	sim30	Prost-AdenoCA
1	92816126	95321871	X	52369314	120739567	-	-	TRA	cna76,cna1	major,major	sim30	Prost-AdenoCA
1	95321872	174537701	4	33036432	76869363	+	-	TRA	cna2,cna15	major,major	sim30	Prost-AdenoCA
1	216545700	216545701	1	229672705	229672706	-	-	t2tINV	cna2	major	sim30	Prost-AdenoCA
1	233033464	249075216	14	77781746	106991622	-	+	TRA	cna51,cna2	minor,minor	sim30	Prost-AdenoCA
1	249075217	249075218	1	249250621	249250622	-	+	DUP	cna3	major	sim30	Prost-AdenoCA
2	1265238	1265239	2	2565830	2565831	-	+	DUP	cna5	major	sim30	Prost-AdenoCA
2	1265238	1265239	2	2565830	2565831	+	-	DEL	cna5	minor	sim30	Prost-AdenoCA
2	2565831	25399580	5	55748878	180915260	+	-	TRA	cna6,cna19	major,major	sim30	Prost-AdenoCA
2	2565831	24762388	14	42717721	77781745	+	-	TRA	cna50,cna6	minor,major	sim30	Prost-AdenoCA
2	43765649	243199373	3	1	4966207	-	+	TRA	cna7,cna6	minor,minor	sim30	Prost-AdenoCA
2	208419579	208419580	2	208864536	208864537	+	+	h2hINV	cna6	major	sim30	Prost-AdenoCA
3	68593606	140366367	7	34906250	157499199	-	-	TRA	cna7,cna21	minor,major	sim30	Prost-AdenoCA
3	84205806	84205807	3	84250570	84250571	-	-	t2tINV	cna7	major	sim30	Prost-AdenoCA
3	88176706	88176707	3	88497011	88497012	-	-	t2tINV	cna7	minor	sim30	Prost-AdenoCA
3	140366368	140366369	3	143022816	143022817	-	+	DUP	cna8	major	sim30	Prost-AdenoCA
3	143165111	143165112	3	143175761	143175762	-	+	DUP	cna10	major	sim30	Prost-AdenoCA
3	149361889	149361890	3	149609693	149609694	-	+	DUP	cna12	major	sim30	Prost-AdenoCA
3	192559306	197834787	6	155698088	171115067	-	-	TRA	cna13,cna20	major,major	sim30	Prost-AdenoCA
3	197834788	197834789	3	198022430	198022431	+	-	DEL	cna14	minor	sim30	Prost-AdenoCA
4	76869364	76869365	4	77465669	77465670	-	+	DUP	cna16	major	sim30	Prost-AdenoCA
4	76869364	76869365	4	77465669	77465670	-	+	DUP	cna16	minor	sim30	Prost-AdenoCA
4	77465670	77465671	4	108805249	108805250	-	+	DUP	cna17	major	sim30	Prost-AdenoCA
5	157779000	157779001	5	161621960	161621961	-	-	t2tINV	cna19	major	sim30	Prost-AdenoCA
5	161895300	161895301	5	162598391	162598392	+	+	h2hINV	cna19	major	sim30	Prost-AdenoCA
6	1880840	171115067	15	1	16007905	-	+	TRA	cna20,cna53	minor,minor	sim30	Prost-AdenoCA
6	89054640	89054641	6	89961435	89961436	+	+	h2hINV	cna20	major	sim30	Prost-AdenoCA
7	89320973	89320974	7	102725750	102725751	-	-	t2tINV	cna21	major	sim30	Prost-AdenoCA
7	90297786	157499199	13	1	35043900	-	+	TRA	cna49,cna21	major,minor	sim30	Prost-AdenoCA
7	157499200	157499201	7	157556216	157556217	-	+	DUP	cna22	major	sim30	Prost-AdenoCA
7	157556217	157556218	7	157607267	157607268	+	-	DEL	cna23	major	sim30	Prost-AdenoCA
7	157556217	157556218	7	157607267	157607268	+	-	DEL	cna23	minor	sim30	Prost-AdenoCA
7	157607268	157607269	7	157681539	157681540	-	+	DUP	cna24	major	sim30	Prost-AdenoCA
7	157607268	157607269	7	157681539	157681540	+	-	DEL	cna24	minor	sim30	Prost-AdenoCA
7	158838587	158838588	7	159049491	159049492	-	+	DUP	cna26	major	sim30	Prost-AdenoCA
7	158838587	158838588	7	159049491	159049492	+	-	DEL	cna26	minor	sim30	Prost-AdenoCA
7	159049492	159049493	7	159138663	159138664	-	+	DUP	cna27	major	sim30	Prost-AdenoCA
7	159049492	159049493	7	159138663	159138664	+	-	DEL	cna27	minor	sim30	Prost-AdenoCA
8	91684910	91684911	8	118140949	118140950	+	+	h2hINV	cna28	minor	sim30	Prost-AdenoCA
8	100959810	100959811	8	103057335	103057336	-	+	DUP	cna29	major	sim30	Prost-AdenoCA
8	100959810	100959811	8	103057335	103057336	-	+	DUP	cna29	minor	sim30	Prost-AdenoCA
8	103057336	103057337	8	144967952	144967953	+	-	DEL	cna30	minor	sim30	Prost-AdenoCA
8	103057336	141705311	17	49014636	81195210	+	-	TRA	cna30,cna61	major,minor	sim30	Prost-AdenoCA
8	122745921	144967952	X	4879424	30905815	-	+	TRA	cna76,cna30	major,minor	sim30	Prost-AdenoCA
8	144967953	144967954	8	145669600	145669601	-	+	DUP	cna31	major	sim30	Prost-AdenoCA
8	144967953	144967954	8	145669600	145669601	-	+	DUP	cna31	minor	sim30	Prost-AdenoCA
10	46716952	46716953	10	46726834	46726835	+	-	DEL	cna35	minor	sim30	Prost-AdenoCA
10	54749557	122018226	22	3202720	51304566	-	-	TRA	cna36,cna69	minor,minor	sim30	Prost-AdenoCA
10	122018227	122018228	10	122046769	122046770	+	-	DEL	cna37	minor	sim30	Prost-AdenoCA
10	122232295	122232296	10	135426047	135426048	-	+	DUP	cna39	major	sim30	Prost-AdenoCA
10	122232295	122232296	10	135426047	135426048	+	-	DEL	cna39	minor	sim30	Prost-AdenoCA
11	26248568	26248569	11	26268302	26268303	-	+	DUP	cna42	major	sim30	Prost-AdenoCA
11	26248568	26248569	11	26268302	26268303	-	+	DUP	cna42	minor	sim30	Prost-AdenoCA
11	26288808	26288809	11	36550837	36550838	-	+	DUP	cna44	major	sim30	Prost-AdenoCA
11	26288808	26288809	11	36550837	36550838	-	+	DUP	cna44	minor	sim30	Prost-AdenoCA
11	30158710	30158711	11	44700656	44700657	+	+	h2hINV	cna44	major	sim30	Prost-AdenoCA
11	36585035	36585036	11	36679122	36679123	+	-	DEL	cna46	minor	sim30	Prost-AdenoCA
11	87951310	87951311	11	87961313	87961314	+	+	h2hINV	cna47	major	sim30	Prost-AdenoCA
12	1	70987095	19	1	30759154	+	+	TRA	cna48,cna63	major,minor	sim30	Prost-AdenoCA
12	57163394	57163395	12	57887134	57887135	-	-	t2tINV	cna48	minor	sim30	Prost-AdenoCA
13	1	2	13	115169878	115169879	-	+	DUP	cna49	major	sim30	Prost-AdenoCA
13	53967099	53967100	13	54099528	54099529	+	+	h2hINV	cna49	minor	sim30	Prost-AdenoCA
13	96122399	115169878	20	53759972	62237400	-	-	TRA	cna49,cna65	minor,minor	sim30	Prost-AdenoCA
14	1	2	14	77781745	77781746	-	+	DUP	cna50	major	sim30	Prost-AdenoCA
14	107310679	107310680	14	107349540	107349541	-	+	DUP	cna52	major	sim30	Prost-AdenoCA
14	107310679	107310680	14	107349540	107349541	+	-	DEL	cna52	minor	sim30	Prost-AdenoCA
15	102338682	102338683	15	102360036	102360037	-	+	DUP	cna54	major	sim30	Prost-AdenoCA
16	3104389	3104390	16	7016808	7016809	-	-	t2tINV	cna56	minor	sim30	Prost-AdenoCA
16	32673923	32673924	16	34018121	34018122	+	-	DEL	cna57	minor	sim30	Prost-AdenoCA
16	34018122	34018123	16	34030292	34030293	-	+	DUP	cna58	major	sim30	Prost-AdenoCA
16	34018122	34018123	16	34030292	34030293	-	+	DUP	cna58	minor	sim30	Prost-AdenoCA
16	34030293	34030294	16	34056248	34056249	-	+	DUP	cna59	major	sim30	Prost-AdenoCA
18	26028326	26028327	18	26423008	26423009	+	+	h2hINV	cna62	major	sim30	Prost-AdenoCA
19	48043278	48043279	19	51134101	51134102	+	+	h2hINV	cna63	minor	sim30	Prost-AdenoCA
20	51771865	51771866	20	62237400	62237401	-	+	DUP	cna65	major	sim30	Prost-AdenoCA
20	51771865	51771866	20	62237400	62237401	+	-	DEL	cna65	minor	sim30	Prost-AdenoCA
20	62237401	62237402	20	62947481	62947482	-	+	DUP	cna66	major	sim30	Prost-AdenoCA
20	62947482	62947483	20	63025520	63025521	+	-	DEL	cna67	major	sim30	Prost-AdenoCA
20	62947482	62947483	20	63025520	63025521	+	-	DEL	cna67	minor	sim30	Prost-AdenoCA
X	2444951	2444952	X	2457023	2457024	-	+	DUP	cna71	major	sim30	Prost-AdenoCA
X	4444339	4444340	X	4456424	4456425	+	-	DEL	cna73	minor	sim30	Prost-AdenoCA
X	4553095	4553096	X	4879423	4879424	+	-	DEL	cna75	minor	sim30	Prost-AdenoCA
X	75231814	75231815	X	75241816	75241817	+	+	h2hINV	cna76	minor	sim30	Prost-AdenoCA
X	113389114	113389115	X	117836424	117836425	+	+	h2hINV	cna76	major	sim30	Prost-AdenoCA
X	120739568	120739569	X	134339147	134339148	-	+	DUP	cna77	major	sim30	Prost-AdenoCA
X	134339148	134339149	X	134731590	134731591	-	+	DUP	cna78	major	sim30	Prost-AdenoCA
X	134339148	134339149	X	134731590	134731591	+	-	DEL	cna78	minor	sim30	Prost-AdenoCA
Y	35702088	35702089	Y	36245065	36245066	-	+	DUP	cna81	major	sim30	Prost-AdenoCA
Y	36245066	36245067	Y	37751657	37751658	-	+	DUP	cna82	major	sim30	Prost-AdenoCA
Y	36245066	36245067	Y	37751657	37751658	+	-	DEL	cna82	minor	sim30	Prost-AdenoCA
Y	59223418	59223419	Y	59373566	59373567	-	+	DUP	cna84	major	sim30	Prost-AdenoCA
