chrom1	start1	end1	chrom2	start2	end2	strand1	strand2	svclass	id	allele	donor_id	tumor
1	91840800	91840801	1	113655084	113655085	+	+	h2hINV	cna0	major	sim42	Prost-AdenoCA
1	105619084	105619085	1	107759135	107759136	+	-	DEL	cna1	major	sim42	Prost-AdenoCA
1	107759136	171613201	2	20601178	243199373	+	-	TRA	cna2,cna4	major,minor	sim42	Prost-AdenoCA
1	117992800	117992801	1	137766259	137766260	+	+	h2hINV	cna2	major	sim42	Prost-AdenoCA
1	248655339	248655340	1	249250621	249250622	-	+	DUP	cna3	major	sim42	Prost-AdenoCA
2	156318079	243199373	4	95036325	191154276	-	-	TRA	cna4,cna10	minor,minor	sim42	Prost-AdenoCA
3	36454143	36454144	3	48043597	48043598	-	+	DUP	cna6	major	sim42	Prost-AdenoCA
3	48043598	113961907	5	59886204	69586371	+	+	TRA	cna7,cna15	major,minor	sim42	Prost-AdenoCA
3	70091206	70091207	3	112074798	112074799	+	+	h2hINV	cna7	minor	sim42	Prost-AdenoCA
3	186349240	186349241	3	197166549	197166550	-	+	DUP	cna8	major	sim42	Prost-AdenoCA
3	186349240	186349241	3	197166549	197166550	+	-	DEL	cna8	minor	sim42	Prost-AdenoCA
4	1	8087577	8	129728032	146364022	+	-	TRA	cna10,cna29	minor,minor	sim42	Prost-AdenoCA
4	88126776	191154276	7	105968599	119103853	-	+	TRA	cna10,cna28	minor,major	sim42	Prost-AdenoCA
5	55242613	55242614	5	55614603	55614604	-	+	DUP	cna12	major	sim42	Prost-AdenoCA
5	59874428	59874429	5	59886203	59886204	-	+	DUP	cna14	major	sim42	Prost-AdenoCA
5	59886204	59886205	5	76663505	76663506	-	+	DUP	cna15	major	sim42	Prost-AdenoCA
5	59886204	59886205	5	76663505	76663506	-	+	DUP	cna15	minor	sim42	Prost-AdenoCA
5	80393028	80393029	5	80988813	80988814	-	+	DUP	cna17	major	sim42	Prost-AdenoCA
5	80393028	80393029	5	80988813	80988814	-	+	DUP	cna17	minor	sim42	Prost-AdenoCA
5	81208235	81208236	5	81453257	81453258	-	+	DUP	cna19	major	sim42	Prost-AdenoCA
5	151529594	180915260	8	130456410	146364022	-	-	TRA	cna29,cna20	minor,major	sim42	Prost-AdenoCA
6	1	15131241	7	8318648	17171146	+	-	TRA	cna21,cna24	major,major	sim42	Prost-AdenoCA
6	1	146667841	14	45575370	88403054	+	+	TRA	cna21,cna45	major,minor	sim42	Prost-AdenoCA
6	157471619	157471620	6	171115067	171115068	-	+	DUP	cna22	major	sim42	Prost-AdenoCA
7	1	2	7	6098047	6098048	+	-	DEL	cna23	minor	sim42	Prost-AdenoCA
7	17171147	17171148	7	17329157	17329158	-	+	DUP	cna25	major	sim42	Prost-AdenoCA
7	17171147	17171148	7	17329157	17329158	-	+	DUP	cna25	minor	sim42	Prost-AdenoCA
7	105954790	105954791	7	105968598	105968599	-	+	DUP	cna27	major	sim42	Prost-AdenoCA
7	105954790	105954791	7	105968598	105968599	-	+	DUP	cna27	minor	sim42	Prost-AdenoCA
7	107287973	159138663	12	1	66814422	-	+	TRA	cna28,cna37	major,major	sim42	Prost-AdenoCA
8	56024610	56024611	8	56495640	56495641	-	-	t2tINV	cna29	minor	sim42	Prost-AdenoCA
10	15817357	15817358	10	16116918	16116919	-	-	t2tINV	cna31	minor	sim42	Prost-AdenoCA
11	97959663	97959664	11	97979325	97979326	-	+	DUP	cna33	major	sim42	Prost-AdenoCA
11	97959663	97959664	11	97979325	97979326	-	+	DUP	cna33	minor	sim42	Prost-AdenoCA
11	131746446	131746447	11	133249146	133249147	-	+	DUP	cna35	major	sim42	Prost-AdenoCA
12	1	35996795	17	1	11198839	+	+	TRA	cna37,cna49	major,minor	sim42	Prost-AdenoCA
12	57938994	57938995	12	62287533	62287534	+	+	h2hINV	cna37	major	sim42	Prost-AdenoCA
12	86453794	86453795	12	86463798	86463799	+	+	h2hINV	cna37	major	sim42	Prost-AdenoCA
12	131863136	131863137	12	131874464	131874465	+	-	DEL	cna38	minor	sim42	Prost-AdenoCA
12	131874465	131874466	12	133676307	133676308	-	+	DUP	cna39	major	sim42	Prost-AdenoCA
12	131874465	131874466	12	133676307	133676308	+	-	DEL	cna39	minor	sim42	Prost-AdenoCA
12	133676308	133676309	12	133851895	133851896	-	+	DUP	cna40	major	sim42	Prost-AdenoCA
13	115140696	115140697	13	115169878	115169879	+	-	DEL	cna42	minor	sim42	Prost-AdenoCA
14	45561293	45561294	14	45575369	45575370	-	+	DUP	cna44	major	sim42	Prost-AdenoCA
14	45561293	45561294	14	45575369	45575370	-	+	DUP	cna44	minor	sim42	Prost-AdenoCA
15	64777157	64777158	15	102531392	102531393	-	+	DUP	cna47	major	sim42	Prost-AdenoCA
15	64777157	64777158	15	102531392	102531393	-	+	DUP	cna47	minor	sim42	Prost-AdenoCA
17	77948805	77948806	17	81195210	81195211	+	-	DEL	cna50	major	sim42	Prost-AdenoCA
18	42648146	42648147	18	44849792	44849793	-	+	DUP	cna52	major	sim42	Prost-AdenoCA
18	67028726	67028727	18	67095674	67095675	-	-	t2tINV	cna53	minor	sim42	Prost-AdenoCA
18	74856561	74856562	18	74881828	74881829	-	+	DUP	cna54	major	sim42	Prost-AdenoCA
18	74881829	74881830	18	75251507	75251508	+	-	DEL	cna55	minor	sim42	Prost-AdenoCA
18	75251508	75251509	18	77107879	77107880	-	+	DUP	cna56	major	sim42	Prost-AdenoCA
18	75251508	75251509	18	77107879	77107880	-	+	DUP	cna56	minor	sim42	Prost-AdenoCA
18	77107880	77107881	18	78077248	78077249	-	+	DUP	cna57	major	sim42	Prost-AdenoCA
19	28788951	28788952	19	56386772	56386773	-	+	DUP	cna59	major	sim42	Prost-AdenoCA
19	56386773	56386774	19	59128983	59128984	-	+	DUP	cna60	major	sim42	Prost-AdenoCA
19	56386773	56386774	19	59128983	59128984	-	+	DUP	cna60	minor	sim42	Prost-AdenoCA
21	1	2	21	30392946	30392947	-	+	DUP	cna62	major	sim42	Prost-AdenoCA
21	30392947	30392948	21	41042597	41042598	-	+	DUP	cna63	major	sim42	Prost-AdenoCA
21	30392947	30392948	21	41042597	41042598	+	-	DEL	cna63	minor	sim42	Prost-AdenoCA
21	39623975	39623976	21	39633982	39633983	-	-	t2tINV	cna63	major	sim42	Prost-AdenoCA
22	1	2	22	5598690	5598691	-	+	DUP	cna65	major	sim42	Prost-AdenoCA
22	5598691	5598692	22	30131170	30131171	-	+	DUP	cna66	major	sim42	Prost-AdenoCA
22	35072283	35072284	22	35114546	35114547	-	+	DUP	cna68	major	sim42	Prost-AdenoCA
22	35072283	35072284	22	35114546	35114547	+	-	DEL	cna68	minor	sim42	Prost-AdenoCA
22	47130817	47130818	22	51304566	51304567	+	-	DEL	cna70	minor	sim42	Prost-AdenoCA
X	137366801	137366802	X	155270560	155270561	-	+	DUP	cna72	major	sim42	Prost-AdenoCA
X	137366801	137366802	X	155270560	155270561	-	+	DUP	cna72	minor	sim42	Prost-AdenoCA
