chrom	start	end	major_cn	minor_cn	donor_id	study	id
1	1	50299	1	0	sim99	Prost-AdenoCA	cna0
1	50300	203813	2	1	sim99	Prost-AdenoCA	cna1
1	203814	1016663	1	1	sim99	Prost-AdenoCA	cna2
1	1016664	1344651	0	0	sim99	Prost-AdenoCA	cna3
1	1344652	1355486	1	1	sim99	Prost-AdenoCA	cna4
1	1355487	1365407	1	0	sim99	Prost-AdenoCA	cna5
1	1365408	8605968	3	1	sim99	Prost-AdenoCA	cna6
1	8605969	45937297	2	1	sim99	Prost-AdenoCA	cna7
1	45937298	85862093	1	1	sim99	Prost-AdenoCA	cna8
1	85862094	85871905	2	1	sim99	Prost-AdenoCA	cna9
1	85871906	87386168	1	1	sim99	Prost-AdenoCA	cna10
1	87386169	94024134	1	0	sim99	Prost-AdenoCA	cna11
1	94024135	96515533	2	1	sim99	Prost-AdenoCA	cna12
1	96515534	97083317	1	1	sim99	Prost-AdenoCA	cna13
1	97083318	98617001	3	1	sim99	Prost-AdenoCA	cna14
1	98617002	98848191	2	1	sim99	Prost-AdenoCA	cna15
1	98848192	101759204	1	1	sim99	Prost-AdenoCA	cna16
1	101759205	101803538	3	1	sim99	Prost-AdenoCA	cna17
1	101803539	157431526	2	0	sim99	Prost-AdenoCA	cna18
1	157431527	157992482	1	0	sim99	Prost-AdenoCA	cna19
1	157992483	167250409	1	1	sim99	Prost-AdenoCA	cna20
1	167250410	167260234	2	2	sim99	Prost-AdenoCA	cna21
1	167260235	181351705	1	1	sim99	Prost-AdenoCA	cna22
1	181351706	184421641	2	1	sim99	Prost-AdenoCA	cna23
1	184421642	201867357	1	1	sim99	Prost-AdenoCA	cna24
1	201867358	202792791	2	1	sim99	Prost-AdenoCA	cna25
1	202792792	202803485	1	1	sim99	Prost-AdenoCA	cna26
1	202803486	203359553	2	1	sim99	Prost-AdenoCA	cna27
1	203359554	203369355	3	0	sim99	Prost-AdenoCA	cna28
1	203369356	241637785	1	1	sim99	Prost-AdenoCA	cna29
1	241637786	241647594	3	1	sim99	Prost-AdenoCA	cna30
1	241647595	249098946	1	1	sim99	Prost-AdenoCA	cna31
1	249098947	249250621	0	0	sim99	Prost-AdenoCA	cna32
2	1	111280745	1	1	sim99	Prost-AdenoCA	cna33
2	111280746	111290110	1	0	sim99	Prost-AdenoCA	cna34
2	111290111	243199373	1	1	sim99	Prost-AdenoCA	cna35
3	1	17435712	0	0	sim99	Prost-AdenoCA	cna36
3	17435713	18288133	2	0	sim99	Prost-AdenoCA	cna37
3	18288134	18319269	3	1	sim99	Prost-AdenoCA	cna38
3	18319270	183699597	1	1	sim99	Prost-AdenoCA	cna39
3	183699598	198022430	1	0	sim99	Prost-AdenoCA	cna40
4	1	191154276	1	1	sim99	Prost-AdenoCA	cna41
5	1	11498928	1	1	sim99	Prost-AdenoCA	cna42
5	11498929	27579039	1	0	sim99	Prost-AdenoCA	cna43
5	27579040	180915260	1	1	sim99	Prost-AdenoCA	cna44
6	1	5657504	1	0	sim99	Prost-AdenoCA	cna45
6	5657505	11271083	1	1	sim99	Prost-AdenoCA	cna46
6	11271084	26241533	3	1	sim99	Prost-AdenoCA	cna47
6	26241534	29169442	2	2	sim99	Prost-AdenoCA	cna48
6	29169443	171115067	1	1	sim99	Prost-AdenoCA	cna49
7	1	5820782	1	1	sim99	Prost-AdenoCA	cna50
7	5820783	6433750	2	1	sim99	Prost-AdenoCA	cna51
7	6433751	6942004	1	0	sim99	Prost-AdenoCA	cna52
7	6942005	144190398	1	1	sim99	Prost-AdenoCA	cna53
7	144190399	159138663	3	3	sim99	Prost-AdenoCA	cna54
8	1	80013223	1	1	sim99	Prost-AdenoCA	cna55
8	80013224	87955057	3	2	sim99	Prost-AdenoCA	cna56
8	87955058	88445898	1	0	sim99	Prost-AdenoCA	cna57
8	88445899	96119218	2	0	sim99	Prost-AdenoCA	cna58
8	96119219	146364022	1	1	sim99	Prost-AdenoCA	cna59
9	1	141213431	1	1	sim99	Prost-AdenoCA	cna60
10	1	127264566	1	1	sim99	Prost-AdenoCA	cna61
10	127264567	135534747	1	0	sim99	Prost-AdenoCA	cna62
11	1	97809905	1	1	sim99	Prost-AdenoCA	cna63
11	97809906	99753077	2	1	sim99	Prost-AdenoCA	cna64
11	99753078	100020396	1	1	sim99	Prost-AdenoCA	cna65
11	100020397	100032672	2	1	sim99	Prost-AdenoCA	cna66
11	100032673	135006516	2	2	sim99	Prost-AdenoCA	cna67
12	1	129570180	1	1	sim99	Prost-AdenoCA	cna68
12	129570181	129657204	0	0	sim99	Prost-AdenoCA	cna69
12	129657205	129978465	1	0	sim99	Prost-AdenoCA	cna70
12	129978466	132083219	1	1	sim99	Prost-AdenoCA	cna71
12	132083220	132554644	1	0	sim99	Prost-AdenoCA	cna72
12	132554645	133851895	2	2	sim99	Prost-AdenoCA	cna73
13	1	49139444	1	1	sim99	Prost-AdenoCA	cna74
13	49139445	49817350	1	0	sim99	Prost-AdenoCA	cna75
13	49817351	68407525	1	1	sim99	Prost-AdenoCA	cna76
13	68407526	68590982	2	1	sim99	Prost-AdenoCA	cna77
13	68590983	114173000	1	1	sim99	Prost-AdenoCA	cna78
13	114173001	115169878	0	0	sim99	Prost-AdenoCA	cna79
14	1	99683166	1	1	sim99	Prost-AdenoCA	cna80
14	99683167	100279692	2	1	sim99	Prost-AdenoCA	cna81
14	100279693	107349540	1	1	sim99	Prost-AdenoCA	cna82
15	1	30318352	2	1	sim99	Prost-AdenoCA	cna83
15	30318353	30450652	0	0	sim99	Prost-AdenoCA	cna84
15	30450653	51207566	2	1	sim99	Prost-AdenoCA	cna85
15	51207567	77512040	2	2	sim99	Prost-AdenoCA	cna86
15	77512041	102531392	1	0	sim99	Prost-AdenoCA	cna87
16	1	18212293	4	0	sim99	Prost-AdenoCA	cna88
16	18212294	24044516	0	0	sim99	Prost-AdenoCA	cna89
16	24044517	24458875	1	1	sim99	Prost-AdenoCA	cna90
16	24458876	25070576	4	0	sim99	Prost-AdenoCA	cna91
16	25070577	90354753	1	1	sim99	Prost-AdenoCA	cna92
17	1	81195210	1	1	sim99	Prost-AdenoCA	cna93
18	1	78077248	1	1	sim99	Prost-AdenoCA	cna94
19	1	59128983	1	1	sim99	Prost-AdenoCA	cna95
20	1	63025520	1	1	sim99	Prost-AdenoCA	cna96
21	1	48129895	1	1	sim99	Prost-AdenoCA	cna97
22	1	51304566	1	1	sim99	Prost-AdenoCA	cna98
X	1	43844636	1	1	sim99	Prost-AdenoCA	cna99
X	43844637	50064313	1	0	sim99	Prost-AdenoCA	cna100
X	50064314	145040171	1	1	sim99	Prost-AdenoCA	cna101
X	145040172	147204549	2	1	sim99	Prost-AdenoCA	cna102
X	147204550	155270560	2	2	sim99	Prost-AdenoCA	cna103
Y	1	59354807	1	1	sim99	Prost-AdenoCA	cna104
Y	59354808	59373566	3	1	sim99	Prost-AdenoCA	cna105
