chrom	start	end	major_cn	minor_cn	donor_id	study	id
1	1	176201	2	1	sim85	Prost-AdenoCA	cna0
1	176202	174067031	1	1	sim85	Prost-AdenoCA	cna1
1	174067032	174403487	4	1	sim85	Prost-AdenoCA	cna2
1	174403488	175237965	1	0	sim85	Prost-AdenoCA	cna3
1	175237966	249250621	1	1	sim85	Prost-AdenoCA	cna4
2	1	28621482	1	1	sim85	Prost-AdenoCA	cna5
2	28621483	28658867	2	0	sim85	Prost-AdenoCA	cna6
2	28658868	197920291	1	1	sim85	Prost-AdenoCA	cna7
2	197920292	198323674	2	1	sim85	Prost-AdenoCA	cna8
2	198323675	236787354	1	1	sim85	Prost-AdenoCA	cna9
2	236787355	240592572	1	0	sim85	Prost-AdenoCA	cna10
2	240592573	241331442	1	1	sim85	Prost-AdenoCA	cna11
2	241331443	243130591	4	0	sim85	Prost-AdenoCA	cna12
2	243130592	243199373	3	0	sim85	Prost-AdenoCA	cna13
3	1	30598065	1	1	sim85	Prost-AdenoCA	cna14
3	30598066	32057490	2	1	sim85	Prost-AdenoCA	cna15
3	32057491	32530039	1	0	sim85	Prost-AdenoCA	cna16
3	32530040	99419051	1	1	sim85	Prost-AdenoCA	cna17
3	99419052	111412964	2	2	sim85	Prost-AdenoCA	cna18
3	111412965	186145530	1	1	sim85	Prost-AdenoCA	cna19
3	186145531	197229700	1	0	sim85	Prost-AdenoCA	cna20
3	197229701	197258788	0	1	sim85	Prost-AdenoCA	cna21
3	197258789	198022430	3	2	sim85	Prost-AdenoCA	cna22
4	1	23868903	1	1	sim85	Prost-AdenoCA	cna23
4	23868904	24063687	3	1	sim85	Prost-AdenoCA	cna24
4	24063688	24215227	0	1	sim85	Prost-AdenoCA	cna25
4	24215228	90067556	2	2	sim85	Prost-AdenoCA	cna26
4	90067557	90205449	0	1	sim85	Prost-AdenoCA	cna27
4	90205450	152764617	1	1	sim85	Prost-AdenoCA	cna28
4	152764618	152777099	1	0	sim85	Prost-AdenoCA	cna29
4	152777100	153567082	1	1	sim85	Prost-AdenoCA	cna30
4	153567083	153628393	1	0	sim85	Prost-AdenoCA	cna31
4	153628394	191154276	1	1	sim85	Prost-AdenoCA	cna32
5	1	59755939	1	1	sim85	Prost-AdenoCA	cna33
5	59755940	60394915	0	0	sim85	Prost-AdenoCA	cna34
5	60394916	60450078	1	1	sim85	Prost-AdenoCA	cna35
5	60450079	87496798	1	0	sim85	Prost-AdenoCA	cna36
5	87496799	87545275	2	2	sim85	Prost-AdenoCA	cna37
5	87545276	180313533	1	1	sim85	Prost-AdenoCA	cna38
5	180313534	180730949	4	2	sim85	Prost-AdenoCA	cna39
5	180730950	180915260	1	0	sim85	Prost-AdenoCA	cna40
6	1	171115067	1	1	sim85	Prost-AdenoCA	cna41
7	1	157726423	1	1	sim85	Prost-AdenoCA	cna42
7	157726424	158945800	2	0	sim85	Prost-AdenoCA	cna43
7	158945801	159138663	1	0	sim85	Prost-AdenoCA	cna44
8	1	23355982	1	1	sim85	Prost-AdenoCA	cna45
8	23355983	23368820	2	0	sim85	Prost-AdenoCA	cna46
8	23368821	24626199	1	0	sim85	Prost-AdenoCA	cna47
8	24626200	146364022	1	1	sim85	Prost-AdenoCA	cna48
9	1	94892405	1	0	sim85	Prost-AdenoCA	cna49
9	94892406	95892754	2	1	sim85	Prost-AdenoCA	cna50
9	95892755	109611318	3	2	sim85	Prost-AdenoCA	cna51
9	109611319	141185498	1	0	sim85	Prost-AdenoCA	cna52
9	141185499	141213431	1	1	sim85	Prost-AdenoCA	cna53
10	1	135534747	1	1	sim85	Prost-AdenoCA	cna54
11	1	60463638	1	1	sim85	Prost-AdenoCA	cna55
11	60463639	109425719	2	0	sim85	Prost-AdenoCA	cna56
11	109425720	135006516	1	1	sim85	Prost-AdenoCA	cna57
12	1	103837989	1	1	sim85	Prost-AdenoCA	cna58
12	103837990	106583827	0	1	sim85	Prost-AdenoCA	cna59
12	106583828	110189642	1	0	sim85	Prost-AdenoCA	cna60
12	110189643	133720770	3	0	sim85	Prost-AdenoCA	cna61
12	133720771	133745899	1	0	sim85	Prost-AdenoCA	cna62
12	133745900	133771093	2	2	sim85	Prost-AdenoCA	cna63
12	133771094	133838912	0	0	sim85	Prost-AdenoCA	cna64
12	133838913	133851895	1	1	sim85	Prost-AdenoCA	cna65
13	1	115169878	1	1	sim85	Prost-AdenoCA	cna66
14	1	23816778	1	1	sim85	Prost-AdenoCA	cna67
14	23816779	25534104	0	0	sim85	Prost-AdenoCA	cna68
14	25534105	30691420	1	0	sim85	Prost-AdenoCA	cna69
14	30691421	45060703	3	1	sim85	Prost-AdenoCA	cna70
14	45060704	54834099	1	1	sim85	Prost-AdenoCA	cna71
14	54834100	54860210	1	0	sim85	Prost-AdenoCA	cna72
14	54860211	72088322	1	1	sim85	Prost-AdenoCA	cna73
14	72088323	72184829	1	0	sim85	Prost-AdenoCA	cna74
14	72184830	79895616	1	1	sim85	Prost-AdenoCA	cna75
14	79895617	80004161	1	0	sim85	Prost-AdenoCA	cna76
14	80004162	95439638	1	1	sim85	Prost-AdenoCA	cna77
14	95439639	96518791	2	1	sim85	Prost-AdenoCA	cna78
14	96518792	107349540	1	0	sim85	Prost-AdenoCA	cna79
15	1	62346975	1	1	sim85	Prost-AdenoCA	cna80
15	62346976	67939799	5	1	sim85	Prost-AdenoCA	cna81
15	67939800	98186869	1	0	sim85	Prost-AdenoCA	cna82
15	98186870	100901618	2	2	sim85	Prost-AdenoCA	cna83
15	100901619	101670880	1	0	sim85	Prost-AdenoCA	cna84
15	101670881	101724954	2	2	sim85	Prost-AdenoCA	cna85
15	101724955	102531392	1	1	sim85	Prost-AdenoCA	cna86
16	1	90354753	1	1	sim85	Prost-AdenoCA	cna87
17	1	80852366	1	1	sim85	Prost-AdenoCA	cna88
17	80852367	81195210	1	0	sim85	Prost-AdenoCA	cna89
18	1	28621331	1	1	sim85	Prost-AdenoCA	cna90
18	28621332	30857769	2	2	sim85	Prost-AdenoCA	cna91
18	30857770	30881737	1	0	sim85	Prost-AdenoCA	cna92
18	30881738	31078892	2	0	sim85	Prost-AdenoCA	cna93
18	31078893	32695986	1	1	sim85	Prost-AdenoCA	cna94
18	32695987	72958080	2	2	sim85	Prost-AdenoCA	cna95
18	72958081	73692256	1	1	sim85	Prost-AdenoCA	cna96
18	73692257	74611840	2	0	sim85	Prost-AdenoCA	cna97
18	74611841	78077248	1	1	sim85	Prost-AdenoCA	cna98
19	1	40546123	2	1	sim85	Prost-AdenoCA	cna99
19	40546124	53034210	2	2	sim85	Prost-AdenoCA	cna100
19	53034211	53248342	2	1	sim85	Prost-AdenoCA	cna101
19	53248343	59128983	2	2	sim85	Prost-AdenoCA	cna102
20	1	63025520	1	1	sim85	Prost-AdenoCA	cna103
21	1	48129895	1	1	sim85	Prost-AdenoCA	cna104
22	1	51304566	1	1	sim85	Prost-AdenoCA	cna105
X	1	155270560	1	1	sim85	Prost-AdenoCA	cna106
Y	1	9034651	1	1	sim85	Prost-AdenoCA	cna107
Y	9034652	10620951	3	1	sim85	Prost-AdenoCA	cna108
Y	10620952	12206768	1	0	sim85	Prost-AdenoCA	cna109
Y	12206769	22837819	2	0	sim85	Prost-AdenoCA	cna110
Y	22837820	58720296	1	1	sim85	Prost-AdenoCA	cna111
Y	58720297	59373566	2	2	sim85	Prost-AdenoCA	cna112
