chrom1	start1	end1	chrom2	start2	end2	strand1	strand2	svclass	id	allele	donor_id	tumor
1	1	11649701	12	98655765	133851895	+	-	TRA	cna0,cna56	major,major	sim25	Prost-AdenoCA
1	12426261	12426262	1	18780217	18780218	+	-	DEL	cna1	minor	sim25	Prost-AdenoCA
1	18780218	83589701	5	129066159	180915260	+	-	TRA	cna2,cna18	minor,minor	sim25	Prost-AdenoCA
1	141995531	141995532	1	142348902	142348903	-	+	DUP	cna3	major	sim25	Prost-AdenoCA
1	142462200	142462201	1	249250621	249250622	-	+	DUP	cna5	major	sim25	Prost-AdenoCA
1	142462200	142462201	1	249250621	249250622	-	+	DUP	cna5	minor	sim25	Prost-AdenoCA
1	142462200	204089710	8	73548269	141864811	+	+	TRA	cna46,cna5	major,major	sim25	Prost-AdenoCA
1	188140700	188140701	1	234833347	234833348	-	-	t2tINV	cna5	minor	sim25	Prost-AdenoCA
1	189445300	189445301	1	189455307	189455308	-	-	t2tINV	cna5	minor	sim25	Prost-AdenoCA
1	224373937	249250621	7	50319873	159138663	-	-	TRA	cna33,cna5	minor,major	sim25	Prost-AdenoCA
2	52478479	52478480	2	67125153	67125154	+	+	h2hINV	cna6	major	sim25	Prost-AdenoCA
2	99891179	99891180	2	100236697	100236698	-	-	t2tINV	cna6	major	sim25	Prost-AdenoCA
2	194055079	243199373	4	1	6055174	-	+	TRA	cna6,cna12	major,minor	sim25	Prost-AdenoCA
2	208871279	208871280	2	231354166	231354167	-	-	t2tINV	cna6	major	sim25	Prost-AdenoCA
2	218564579	218564580	2	218653497	218653498	+	+	h2hINV	cna6	major	sim25	Prost-AdenoCA
3	1	23758207	6	1	59581209	+	+	TRA	cna7,cna19	major,minor	sim25	Prost-AdenoCA
3	28503414	28503415	3	28513088	28513089	+	-	DEL	cna8	minor	sim25	Prost-AdenoCA
3	41817393	41817394	3	41861210	41861211	-	+	DUP	cna10	major	sim25	Prost-AdenoCA
3	88643406	88643407	3	110057355	110057356	+	+	h2hINV	cna11	minor	sim25	Prost-AdenoCA
3	165424806	198022430	5	1	50025999	-	+	TRA	cna11,cna18	minor,major	sim25	Prost-AdenoCA
4	4509276	12992545	10	66995702	91773227	-	+	TRA	cna12,cna53	major,major	sim25	Prost-AdenoCA
4	12992546	12992547	4	13005591	13005592	-	+	DUP	cna13	major	sim25	Prost-AdenoCA
4	25597776	101737136	10	66995702	86214019	-	+	TRA	cna14,cna53	major,minor	sim25	Prost-AdenoCA
4	64748776	64748777	4	75803403	75803404	-	-	t2tINV	cna14	minor	sim25	Prost-AdenoCA
4	86177276	86177277	4	107064459	107064460	-	-	t2tINV	cna15	major	sim25	Prost-AdenoCA
4	101737137	101737138	4	107615171	107615172	-	+	DUP	cna15	major	sim25	Prost-AdenoCA
4	101737137	101737138	4	107615171	107615172	-	+	DUP	cna15	minor	sim25	Prost-AdenoCA
4	174438433	174438434	4	191154276	191154277	-	+	DUP	cna17	major	sim25	Prost-AdenoCA
4	174438433	174438434	4	191154276	191154277	+	-	DEL	cna17	minor	sim25	Prost-AdenoCA
5	116308400	116308401	5	116318401	116318402	+	+	h2hINV	cna18	major	sim25	Prost-AdenoCA
5	118935500	118935501	5	127897920	127897921	+	+	h2hINV	cna18	major	sim25	Prost-AdenoCA
6	1	113956741	17	1	69586038	+	+	TRA	cna19,cna70	major,major	sim25	Prost-AdenoCA
6	29487940	29487941	6	29497943	29497944	-	-	t2tINV	cna19	major	sim25	Prost-AdenoCA
6	140034555	140034556	6	142865787	142865788	+	-	DEL	cna20	minor	sim25	Prost-AdenoCA
6	142938803	142938804	6	143153490	143153491	-	+	DUP	cna22	major	sim25	Prost-AdenoCA
6	148271328	148271329	6	149604359	149604360	+	-	DEL	cna24	minor	sim25	Prost-AdenoCA
6	149604360	149604361	6	149907274	149907275	-	+	DUP	cna25	major	sim25	Prost-AdenoCA
6	170521737	170521738	6	171115067	171115068	-	+	DUP	cna27	major	sim25	Prost-AdenoCA
7	1	2	7	17242310	17242311	+	-	DEL	cna28	minor	sim25	Prost-AdenoCA
7	22055365	22055366	7	25197136	25197137	+	-	DEL	cna30	major	sim25	Prost-AdenoCA
7	22055365	22055366	7	25197136	25197137	+	-	DEL	cna30	minor	sim25	Prost-AdenoCA
7	45481629	45481630	7	45509964	45509965	+	-	DEL	cna32	minor	sim25	Prost-AdenoCA
7	63959873	63959874	7	77150029	77150030	-	-	t2tINV	cna33	major	sim25	Prost-AdenoCA
7	100669828	159138663	19	19995322	46065579	-	+	TRA	cna74,cna33	major,minor	sim25	Prost-AdenoCA
8	19546777	19546778	8	20048162	20048163	+	-	DEL	cna35	minor	sim25	Prost-AdenoCA
8	20048163	20048164	8	20535273	20535274	-	+	DUP	cna36	major	sim25	Prost-AdenoCA
8	22462819	22462820	8	22626947	22626948	+	-	DEL	cna38	minor	sim25	Prost-AdenoCA
8	27096828	27096829	8	27107327	27107328	-	+	DUP	cna40	major	sim25	Prost-AdenoCA
8	27107328	27107329	8	28768108	28768109	-	+	DUP	cna41	major	sim25	Prost-AdenoCA
8	27107328	27107329	8	28768108	28768109	-	+	DUP	cna41	minor	sim25	Prost-AdenoCA
8	49814410	49814411	8	84910517	84910518	-	-	t2tINV	cna46	major	sim25	Prost-AdenoCA
8	66887784	66887785	8	73176167	73176168	-	+	DUP	cna43	major	sim25	Prost-AdenoCA
8	66887784	66887785	8	73176167	73176168	-	+	DUP	cna43	minor	sim25	Prost-AdenoCA
8	73176168	73176169	8	73438773	73438774	+	-	DEL	cna44	major	sim25	Prost-AdenoCA
8	73176168	73176169	8	73438773	73438774	+	-	DEL	cna44	minor	sim25	Prost-AdenoCA
8	73438774	73438775	8	73548268	73548269	-	+	DUP	cna45	major	sim25	Prost-AdenoCA
8	73438774	73438775	8	73548268	73548269	-	+	DUP	cna45	minor	sim25	Prost-AdenoCA
8	74715810	146364022	X	1	127049364	-	+	TRA	cna46,cna88	major,major	sim25	Prost-AdenoCA
8	80969010	80969011	8	80979016	80979017	-	-	t2tINV	cna46	major	sim25	Prost-AdenoCA
9	122404088	141213431	11	50598327	135006516	-	-	TRA	cna47,cna55	minor,minor	sim25	Prost-AdenoCA
9	128464488	128464489	9	128474500	128474501	-	-	t2tINV	cna47	major	sim25	Prost-AdenoCA
10	1	55707258	15	1	49211755	+	+	TRA	cna48,cna64	major,major	sim25	Prost-AdenoCA
10	60258293	60258294	10	61985258	61985259	-	+	DUP	cna49	major	sim25	Prost-AdenoCA
10	60258293	60258294	10	61985258	61985259	-	+	DUP	cna49	minor	sim25	Prost-AdenoCA
10	61985259	61985260	10	62860249	62860250	-	+	DUP	cna50	major	sim25	Prost-AdenoCA
10	61985259	61985260	10	62860249	62860250	+	-	DEL	cna50	minor	sim25	Prost-AdenoCA
10	61985259	62139958	Y	49450252	51728144	+	+	TRA	cna50,cna97	major,minor	sim25	Prost-AdenoCA
10	63725390	63725391	10	66995701	66995702	+	-	DEL	cna52	minor	sim25	Prost-AdenoCA
10	69144357	69144358	10	95539282	95539283	-	-	t2tINV	cna53	minor	sim25	Prost-AdenoCA
10	129624702	129624703	10	135534747	135534748	-	+	DUP	cna54	major	sim25	Prost-AdenoCA
11	66530010	135006516	16	20909034	43249989	-	+	TRA	cna55,cna67	major,minor	sim25	Prost-AdenoCA
11	83542710	83542711	11	94054999	94055000	+	+	h2hINV	cna55	major	sim25	Prost-AdenoCA
11	97003010	97003011	11	100755499	100755500	+	+	h2hINV	cna55	minor	sim25	Prost-AdenoCA
11	104135510	104135511	11	111447329	111447330	-	-	t2tINV	cna55	minor	sim25	Prost-AdenoCA
12	68764494	68764495	12	122295914	122295915	-	-	t2tINV	cna56	minor	sim25	Prost-AdenoCA
12	85520494	85520495	12	86790982	86790983	-	-	t2tINV	cna56	major	sim25	Prost-AdenoCA
13	1	2	13	88881569	88881570	-	+	DUP	cna57	major	sim25	Prost-AdenoCA
13	16684032	88881569	22	40305980	51193045	-	-	TRA	cna86,cna57	major,minor	sim25	Prost-AdenoCA
13	91396552	91396553	13	91509646	91509647	+	-	DEL	cna59	minor	sim25	Prost-AdenoCA
13	114935760	114935761	13	115169878	115169879	-	+	DUP	cna61	major	sim25	Prost-AdenoCA
14	30745021	30745022	14	31063990	31063991	-	-	t2tINV	cna62	minor	sim25	Prost-AdenoCA
14	102773994	102773995	14	107349540	107349541	+	-	DEL	cna63	major	sim25	Prost-AdenoCA
14	102773994	102773995	14	107349540	107349541	+	-	DEL	cna63	minor	sim25	Prost-AdenoCA
15	1	22069355	19	56310378	59128983	+	-	TRA	cna76,cna64	minor,minor	sim25	Prost-AdenoCA
16	20415430	20415431	16	20909033	20909034	-	+	DUP	cna66	major	sim25	Prost-AdenoCA
16	20415430	20415431	16	20909033	20909034	-	+	DUP	cna66	minor	sim25	Prost-AdenoCA
16	68448549	68448550	16	68905637	68905638	-	+	DUP	cna68	major	sim25	Prost-AdenoCA
16	83970089	90354753	22	1	16308647	-	+	TRA	cna69,cna86	minor,major	sim25	Prost-AdenoCA
17	4762236	4762237	17	4772237	4772238	+	+	h2hINV	cna70	major	sim25	Prost-AdenoCA
17	18664736	18664737	17	30620816	30620817	+	+	h2hINV	cna70	major	sim25	Prost-AdenoCA
18	1534526	1534527	18	1554604	1554605	+	+	h2hINV	cna71	major	sim25	Prost-AdenoCA
19	19927034	19927035	19	19995321	19995322	-	+	DUP	cna73	major	sim25	Prost-AdenoCA
19	19927034	19927035	19	19995321	19995322	-	+	DUP	cna73	minor	sim25	Prost-AdenoCA
19	19995322	19995323	19	55860129	55860130	+	-	DEL	cna74	minor	sim25	Prost-AdenoCA
19	51218578	51218579	19	51375848	51375849	+	+	h2hINV	cna74	major	sim25	Prost-AdenoCA
19	55860130	55860131	19	55991158	55991159	-	+	DUP	cna75	major	sim25	Prost-AdenoCA
19	55860130	55860131	19	55991158	55991159	+	-	DEL	cna75	minor	sim25	Prost-AdenoCA
19	55991159	55991160	19	59128983	59128984	-	+	DUP	cna76	major	sim25	Prost-AdenoCA
19	55991159	55991160	19	59128983	59128984	-	+	DUP	cna76	minor	sim25	Prost-AdenoCA
20	47632492	47632493	20	47664287	47664288	+	-	DEL	cna78	major	sim25	Prost-AdenoCA
20	47632492	47632493	20	47664287	47664288	+	-	DEL	cna78	minor	sim25	Prost-AdenoCA
20	50405829	50405830	20	52255941	52255942	+	-	DEL	cna80	minor	sim25	Prost-AdenoCA
20	58527161	58527162	20	60185015	60185016	-	+	DUP	cna82	major	sim25	Prost-AdenoCA
20	58527161	58527162	20	60185015	60185016	-	+	DUP	cna82	minor	sim25	Prost-AdenoCA
20	60185016	60185017	20	60350083	60350084	-	+	DUP	cna83	major	sim25	Prost-AdenoCA
22	51193046	51193047	22	51304566	51304567	-	+	DUP	cna87	major	sim25	Prost-AdenoCA
X	1	2	X	151081441	151081442	+	-	DEL	cna88	minor	sim25	Prost-AdenoCA
X	22549914	22549915	X	23110108	23110109	-	-	t2tINV	cna88	major	sim25	Prost-AdenoCA
X	78909114	78909115	X	79246569	79246570	+	+	h2hINV	cna88	major	sim25	Prost-AdenoCA
Y	35122793	35122794	Y	35159990	35159991	-	+	DUP	cna91	major	sim25	Prost-AdenoCA
Y	35122793	35122794	Y	35159990	35159991	-	+	DUP	cna91	minor	sim25	Prost-AdenoCA
Y	38182791	38182792	Y	39639580	39639581	+	-	DEL	cna93	minor	sim25	Prost-AdenoCA
Y	48270246	48270247	Y	48279576	48279577	+	-	DEL	cna95	minor	sim25	Prost-AdenoCA
Y	49450252	49450253	Y	59373566	59373567	+	-	DEL	cna97	minor	sim25	Prost-AdenoCA
