chrom	start	end	major_cn	minor_cn	donor_id	study	id
1	1	249250621	1	1	sim43	Prost-AdenoCA	cna0
2	1	201042804	1	1	sim43	Prost-AdenoCA	cna1
2	201042805	203960840	1	0	sim43	Prost-AdenoCA	cna2
2	203960841	204507115	1	1	sim43	Prost-AdenoCA	cna3
2	204507116	204525740	2	1	sim43	Prost-AdenoCA	cna4
2	204525741	214542276	1	1	sim43	Prost-AdenoCA	cna5
2	214542277	215455291	0	0	sim43	Prost-AdenoCA	cna6
2	215455292	242708585	2	1	sim43	Prost-AdenoCA	cna7
2	242708586	243199373	1	1	sim43	Prost-AdenoCA	cna8
3	1	73967023	1	1	sim43	Prost-AdenoCA	cna9
3	73967024	90611528	1	0	sim43	Prost-AdenoCA	cna10
3	90611529	198022430	1	1	sim43	Prost-AdenoCA	cna11
4	1	159691360	1	1	sim43	Prost-AdenoCA	cna12
4	159691361	159874508	1	0	sim43	Prost-AdenoCA	cna13
4	159874509	161571121	2	1	sim43	Prost-AdenoCA	cna14
4	161571122	191154276	1	1	sim43	Prost-AdenoCA	cna15
5	1	43263110	1	1	sim43	Prost-AdenoCA	cna16
5	43263111	43427803	1	0	sim43	Prost-AdenoCA	cna17
5	43427804	180915260	1	1	sim43	Prost-AdenoCA	cna18
6	1	4409201	1	1	sim43	Prost-AdenoCA	cna19
6	4409202	4543887	6	1	sim43	Prost-AdenoCA	cna20
6	4543888	4556549	3	2	sim43	Prost-AdenoCA	cna21
6	4556550	167081415	1	1	sim43	Prost-AdenoCA	cna22
6	167081416	168081096	0	0	sim43	Prost-AdenoCA	cna23
6	168081097	168756971	1	1	sim43	Prost-AdenoCA	cna24
6	168756972	170743875	1	0	sim43	Prost-AdenoCA	cna25
6	170743876	171115067	1	1	sim43	Prost-AdenoCA	cna26
7	1	159138663	1	1	sim43	Prost-AdenoCA	cna27
8	1	30374671	1	1	sim43	Prost-AdenoCA	cna28
8	30374672	31815932	0	2	sim43	Prost-AdenoCA	cna29
8	31815933	122897278	1	1	sim43	Prost-AdenoCA	cna30
8	122897279	124063865	2	1	sim43	Prost-AdenoCA	cna31
8	124063866	124079929	1	1	sim43	Prost-AdenoCA	cna32
8	124079930	143348031	1	0	sim43	Prost-AdenoCA	cna33
8	143348032	144152385	1	1	sim43	Prost-AdenoCA	cna34
8	144152386	145326161	2	1	sim43	Prost-AdenoCA	cna35
8	145326162	146364022	1	1	sim43	Prost-AdenoCA	cna36
9	1	141213431	1	1	sim43	Prost-AdenoCA	cna37
10	1	83520821	1	1	sim43	Prost-AdenoCA	cna38
10	83520822	87411551	2	0	sim43	Prost-AdenoCA	cna39
10	87411552	88525258	2	2	sim43	Prost-AdenoCA	cna40
10	88525259	135534747	1	0	sim43	Prost-AdenoCA	cna41
11	1	135006516	1	1	sim43	Prost-AdenoCA	cna42
12	1	88413333	1	1	sim43	Prost-AdenoCA	cna43
12	88413334	88437787	3	1	sim43	Prost-AdenoCA	cna44
12	88437788	133851895	1	1	sim43	Prost-AdenoCA	cna45
13	1	111321224	1	1	sim43	Prost-AdenoCA	cna46
13	111321225	115169878	3	1	sim43	Prost-AdenoCA	cna47
14	1	53484373	1	1	sim43	Prost-AdenoCA	cna48
14	53484374	70596953	1	0	sim43	Prost-AdenoCA	cna49
14	70596954	72103845	1	1	sim43	Prost-AdenoCA	cna50
14	72103846	74600558	2	1	sim43	Prost-AdenoCA	cna51
14	74600559	86214801	2	0	sim43	Prost-AdenoCA	cna52
14	86214802	90334815	1	0	sim43	Prost-AdenoCA	cna53
14	90334816	107349540	2	1	sim43	Prost-AdenoCA	cna54
15	1	102531392	1	1	sim43	Prost-AdenoCA	cna55
16	1	89056793	1	1	sim43	Prost-AdenoCA	cna56
16	89056794	89247822	2	0	sim43	Prost-AdenoCA	cna57
16	89247823	89397581	1	0	sim43	Prost-AdenoCA	cna58
16	89397582	89434972	1	1	sim43	Prost-AdenoCA	cna59
16	89434973	90354753	3	2	sim43	Prost-AdenoCA	cna60
17	1	68853510	1	0	sim43	Prost-AdenoCA	cna61
17	68853511	81195210	1	1	sim43	Prost-AdenoCA	cna62
18	1	78077248	1	1	sim43	Prost-AdenoCA	cna63
19	1	59128983	1	1	sim43	Prost-AdenoCA	cna64
20	1	63025520	1	1	sim43	Prost-AdenoCA	cna65
21	1	47770408	1	1	sim43	Prost-AdenoCA	cna66
21	47770409	48129895	3	1	sim43	Prost-AdenoCA	cna67
22	1	51304566	1	1	sim43	Prost-AdenoCA	cna68
X	1	155270560	1	1	sim43	Prost-AdenoCA	cna69
Y	1	24555754	1	0	sim43	Prost-AdenoCA	cna70
Y	24555755	25100282	1	1	sim43	Prost-AdenoCA	cna71
Y	25100283	25324911	2	0	sim43	Prost-AdenoCA	cna72
Y	25324912	59373566	1	1	sim43	Prost-AdenoCA	cna73
