chrom1	start1	end1	chrom2	start2	end2	strand1	strand2	svclass	id	allele	donor_id	tumor
1	1	2	1	2943144	2943145	-	+	DUP	cna0	major	sim71	Prost-AdenoCA
1	2943145	2943146	1	4709691	4709692	+	-	DEL	cna1	minor	sim71	Prost-AdenoCA
1	4709692	4709693	1	5424505	5424506	-	+	DUP	cna2	major	sim71	Prost-AdenoCA
1	4709692	4709693	1	5424505	5424506	-	+	DUP	cna2	minor	sim71	Prost-AdenoCA
1	5424506	5424507	1	7872796	7872797	-	+	DUP	cna3	major	sim71	Prost-AdenoCA
1	5424506	5424507	1	7872796	7872797	+	-	DEL	cna3	minor	sim71	Prost-AdenoCA
1	7872797	69830996	5	85482419	165720201	+	+	TRA	cna56,cna4	minor,major	sim71	Prost-AdenoCA
1	7872797	19716490	12	10785694	21725552	+	-	TRA	cna89,cna4	major,major	sim71	Prost-AdenoCA
1	28688600	28688601	1	62256355	62256356	-	-	t2tINV	cna4	minor	sim71	Prost-AdenoCA
1	189789901	189789902	1	192946677	192946678	-	+	DUP	cna5	major	sim71	Prost-AdenoCA
1	189789901	189789902	1	192946677	192946678	+	-	DEL	cna5	minor	sim71	Prost-AdenoCA
1	192946678	192946679	1	195606350	195606351	-	+	DUP	cna6	major	sim71	Prost-AdenoCA
1	195606351	195606352	1	195620546	195620547	-	+	DUP	cna7	major	sim71	Prost-AdenoCA
1	195606351	195606352	1	195620546	195620547	-	+	DUP	cna7	minor	sim71	Prost-AdenoCA
1	195620547	195620548	1	195868809	195868810	-	+	DUP	cna8	major	sim71	Prost-AdenoCA
1	195620547	195620548	1	195868809	195868810	-	+	DUP	cna8	minor	sim71	Prost-AdenoCA
1	209696405	209696406	1	211431196	211431197	-	+	DUP	cna10	major	sim71	Prost-AdenoCA
1	211431197	211431198	1	213273653	213273654	+	-	DEL	cna11	minor	sim71	Prost-AdenoCA
1	249190900	249250621	8	53397766	135923960	-	+	TRA	cna12,cna78	major,minor	sim71	Prost-AdenoCA
2	47244045	47244046	2	49813939	49813940	+	-	DEL	cna14	minor	sim71	Prost-AdenoCA
2	49813940	49813941	2	50611709	50611710	-	+	DUP	cna15	major	sim71	Prost-AdenoCA
2	49813940	49813941	2	50611709	50611710	-	+	DUP	cna15	minor	sim71	Prost-AdenoCA
2	97354479	167768523	8	1	31357307	-	+	TRA	cna16,cna74	minor,major	sim71	Prost-AdenoCA
2	158902679	167768523	6	1	78940901	-	+	TRA	cna16,cna60	minor,minor	sim71	Prost-AdenoCA
2	167768524	167768525	2	176427972	176427973	+	-	DEL	cna17	minor	sim71	Prost-AdenoCA
2	183414843	183414844	2	183505029	183505030	+	-	DEL	cna19	minor	sim71	Prost-AdenoCA
2	183505030	183505031	2	184354286	184354287	-	+	DUP	cna20	minor	sim71	Prost-AdenoCA
2	183505030	183505031	2	184354286	184354287	+	-	DEL	cna20	major	sim71	Prost-AdenoCA
2	184354287	184354288	2	211496313	211496314	-	+	DUP	cna21	major	sim71	Prost-AdenoCA
2	212542881	212542882	2	214978021	214978022	-	+	DUP	cna23	major	sim71	Prost-AdenoCA
2	212542881	212542882	2	214978021	214978022	-	+	DUP	cna23	minor	sim71	Prost-AdenoCA
2	214978022	214978023	2	215418809	215418810	+	-	DEL	cna24	minor	sim71	Prost-AdenoCA
2	218985132	218985133	2	227229663	227229664	+	-	DEL	cna26	minor	sim71	Prost-AdenoCA
2	224628379	224628380	2	224638382	224638383	+	+	h2hINV	cna26	major	sim71	Prost-AdenoCA
2	227229664	227229665	2	227883132	227883133	+	-	DEL	cna27	major	sim71	Prost-AdenoCA
2	227229664	227229665	2	227883132	227883133	+	-	DEL	cna27	minor	sim71	Prost-AdenoCA
2	227883133	227883134	2	243199373	243199374	-	+	DUP	cna28	major	sim71	Prost-AdenoCA
2	227883133	227883134	2	243199373	243199374	-	+	DUP	cna28	minor	sim71	Prost-AdenoCA
3	1	43170107	4	163317676	188827246	+	+	TRA	cna29,cna45	major,minor	sim71	Prost-AdenoCA
3	170907939	170907940	3	174981302	174981303	-	+	DUP	cna30	major	sim71	Prost-AdenoCA
3	174981303	174981304	3	193440765	193440766	+	-	DEL	cna31	minor	sim71	Prost-AdenoCA
3	193440766	193440767	3	193647099	193647100	-	+	DUP	cna32	major	sim71	Prost-AdenoCA
3	193647100	193647101	3	193810704	193810705	-	+	DUP	cna33	major	sim71	Prost-AdenoCA
3	193810705	193810706	3	193821877	193821878	+	-	DEL	cna34	minor	sim71	Prost-AdenoCA
3	193821878	193821879	3	197476020	197476021	+	-	DEL	cna35	major	sim71	Prost-AdenoCA
3	193821878	193821879	3	197476020	197476021	+	-	DEL	cna35	minor	sim71	Prost-AdenoCA
3	197476021	197476022	3	197666084	197666085	-	+	DUP	cna36	major	sim71	Prost-AdenoCA
3	197666085	197666086	3	198022430	198022431	+	-	DEL	cna37	minor	sim71	Prost-AdenoCA
4	1	125164477	7	7372489	26131604	+	+	TRA	cna38,cna73	major,minor	sim71	Prost-AdenoCA
4	98941276	146144779	8	73224309	145690652	-	-	TRA	cna38,cna78	minor,minor	sim71	Prost-AdenoCA
4	146144780	146144781	4	146216621	146216622	+	-	DEL	cna39	minor	sim71	Prost-AdenoCA
4	162856894	162856895	4	162885548	162885549	+	-	DEL	cna41	minor	sim71	Prost-AdenoCA
4	162885549	162885550	4	162899988	162899989	-	+	DUP	cna42	major	sim71	Prost-AdenoCA
4	162885549	162885550	4	162899988	162899989	+	-	DEL	cna42	minor	sim71	Prost-AdenoCA
4	162899989	162899990	4	163131736	163131737	-	+	DUP	cna43	major	sim71	Prost-AdenoCA
4	163131737	163131738	4	163317675	163317676	+	-	DEL	cna44	minor	sim71	Prost-AdenoCA
5	26114312	26114313	5	41290362	41290363	-	+	DUP	cna47	major	sim71	Prost-AdenoCA
5	26114312	26114313	5	41290362	41290363	+	-	DEL	cna47	minor	sim71	Prost-AdenoCA
5	41310617	41310618	5	66240236	66240237	-	+	DUP	cna49	major	sim71	Prost-AdenoCA
5	41310617	41310618	5	66240236	66240237	-	+	DUP	cna49	minor	sim71	Prost-AdenoCA
5	53675600	53675601	5	56693549	56693550	+	+	h2hINV	cna49	minor	sim71	Prost-AdenoCA
5	66240237	66240238	5	67806065	67806066	-	+	DUP	cna50	major	sim71	Prost-AdenoCA
5	67806066	67806067	5	75066308	75066309	+	-	DEL	cna51	minor	sim71	Prost-AdenoCA
5	79411872	79411873	5	84515266	84515267	-	+	DUP	cna53	major	sim71	Prost-AdenoCA
5	79411872	79411873	5	84515266	84515267	+	-	DEL	cna53	minor	sim71	Prost-AdenoCA
5	85052363	85052364	5	85482418	85482419	-	+	DUP	cna55	major	sim71	Prost-AdenoCA
5	101942300	101942301	5	121283288	121283289	-	-	t2tINV	cna56	major	sim71	Prost-AdenoCA
5	123562900	123562901	5	123572901	123572902	-	-	t2tINV	cna56	major	sim71	Prost-AdenoCA
5	175432124	175432125	5	177401175	177401176	-	+	DUP	cna57	major	sim71	Prost-AdenoCA
5	177401176	177401177	5	178476657	178476658	+	-	DEL	cna58	major	sim71	Prost-AdenoCA
5	177401176	177401177	5	178476657	178476658	+	-	DEL	cna58	minor	sim71	Prost-AdenoCA
5	178476658	178476659	5	180915260	180915261	-	+	DUP	cna59	major	sim71	Prost-AdenoCA
5	178476658	178476659	5	180915260	180915261	-	+	DUP	cna59	minor	sim71	Prost-AdenoCA
6	1	100846041	15	15224742	75797067	+	-	TRA	cna60,cna110	minor,major	sim71	Prost-AdenoCA
6	71624240	71624241	6	76823231	76823232	+	+	h2hINV	cna60	minor	sim71	Prost-AdenoCA
6	102754786	102754787	6	102882651	102882652	-	+	DUP	cna61	major	sim71	Prost-AdenoCA
6	102882652	102882653	6	124325568	124325569	-	+	DUP	cna62	major	sim71	Prost-AdenoCA
6	102882652	102882653	6	124325568	124325569	-	+	DUP	cna62	minor	sim71	Prost-AdenoCA
6	123505360	124325568	20	1	43562096	-	+	TRA	cna132,cna62	major,minor	sim71	Prost-AdenoCA
6	124325569	124325570	6	126385054	126385055	+	-	DEL	cna63	minor	sim71	Prost-AdenoCA
6	126385055	142520241	9	1	11325845	+	+	TRA	cna64,cna81	major,major	sim71	Prost-AdenoCA
6	162174740	163146760	X	1	59050219	-	+	TRA	cna64,cna136	major,major	sim71	Prost-AdenoCA
6	163146761	163146762	6	168771215	168771216	+	-	DEL	cna65	minor	sim71	Prost-AdenoCA
6	168771216	168771217	6	169144590	169144591	-	+	DUP	cna66	major	sim71	Prost-AdenoCA
6	168771216	168771217	6	169144590	169144591	-	+	DUP	cna66	minor	sim71	Prost-AdenoCA
6	169144591	169144592	6	171077145	171077146	+	-	DEL	cna67	minor	sim71	Prost-AdenoCA
6	171077146	171077147	6	171115067	171115068	-	+	DUP	cna68	major	sim71	Prost-AdenoCA
6	171077146	171077147	6	171115067	171115068	+	-	DEL	cna68	minor	sim71	Prost-AdenoCA
7	450244	450245	7	743663	743664	-	+	DUP	cna70	major	sim71	Prost-AdenoCA
7	450244	450245	7	743663	743664	-	+	DUP	cna70	minor	sim71	Prost-AdenoCA
7	743664	743665	7	7063054	7063055	-	+	DUP	cna71	major	sim71	Prost-AdenoCA
7	743664	743665	7	7063054	7063055	+	-	DEL	cna71	minor	sim71	Prost-AdenoCA
7	1230273	1230274	7	1240283	1240284	+	+	h2hINV	cna71	major	sim71	Prost-AdenoCA
7	7063055	7063056	7	7372488	7372489	+	-	DEL	cna72	minor	sim71	Prost-AdenoCA
8	36984410	36984411	8	37055063	37055064	-	-	t2tINV	cna74	minor	sim71	Prost-AdenoCA
8	42654149	53046674	X	88203914	154381851	-	-	TRA	cna136,cna74	major,minor	sim71	Prost-AdenoCA
8	53046675	53046676	8	53084976	53084977	+	-	DEL	cna75	major	sim71	Prost-AdenoCA
8	53046675	53046676	8	53084976	53084977	+	-	DEL	cna75	minor	sim71	Prost-AdenoCA
8	53084977	53084978	8	53229139	53229140	+	-	DEL	cna76	minor	sim71	Prost-AdenoCA
8	53229140	53229141	8	53397765	53397766	-	+	DUP	cna77	major	sim71	Prost-AdenoCA
8	53229140	53229141	8	53397765	53397766	+	-	DEL	cna77	minor	sim71	Prost-AdenoCA
8	145690653	145690654	8	146299911	146299912	+	-	DEL	cna79	minor	sim71	Prost-AdenoCA
8	146299912	146299913	8	146364022	146364023	-	+	DUP	cna80	major	sim71	Prost-AdenoCA
9	6290988	6290989	9	6300998	6300999	+	+	h2hINV	cna81	minor	sim71	Prost-AdenoCA
9	25552488	25552489	9	27278841	27278842	-	-	t2tINV	cna81	minor	sim71	Prost-AdenoCA
9	137427457	137427458	9	140989340	140989341	-	+	DUP	cna82	major	sim71	Prost-AdenoCA
9	140989341	140989342	9	141213431	141213432	+	-	DEL	cna83	minor	sim71	Prost-AdenoCA
10	1	2	10	135534747	135534748	-	+	DUP	cna84	major	sim71	Prost-AdenoCA
10	45225157	135534747	11	108927113	135006516	-	-	TRA	cna84,cna88	major,major	sim71	Prost-AdenoCA
10	104304557	104304558	10	104576056	104576057	+	+	h2hINV	cna84	major	sim71	Prost-AdenoCA
11	1938010	1938011	11	2063689	2063690	+	+	h2hINV	cna85	major	sim71	Prost-AdenoCA
11	20666176	30958018	X	1	108777815	-	+	TRA	cna136,cna85	major,major	sim71	Prost-AdenoCA
11	30958019	30958020	11	35379105	35379106	-	+	DUP	cna86	major	sim71	Prost-AdenoCA
11	35379106	35379107	11	50617396	50617397	+	-	DEL	cna87	minor	sim71	Prost-AdenoCA
11	59802610	59802611	11	59997061	59997062	+	+	h2hINV	cna88	minor	sim71	Prost-AdenoCA
12	21725553	21725554	12	33503424	33503425	-	+	DUP	cna90	major	sim71	Prost-AdenoCA
12	33503425	33503426	12	33512915	33512916	+	-	DEL	cna91	minor	sim71	Prost-AdenoCA
12	33512916	117453695	21	1	43875769	+	+	TRA	cna92,cna133	major,major	sim71	Prost-AdenoCA
12	123249649	123249650	12	132494250	132494251	-	+	DUP	cna93	major	sim71	Prost-AdenoCA
12	123249649	123249650	12	132494250	132494251	-	+	DUP	cna93	minor	sim71	Prost-AdenoCA
12	132494251	132494252	12	132643155	132643156	-	+	DUP	cna94	major	sim71	Prost-AdenoCA
12	132494251	132494252	12	132643155	132643156	+	-	DEL	cna94	minor	sim71	Prost-AdenoCA
12	132643156	132643157	12	133842418	133842419	-	+	DUP	cna95	major	sim71	Prost-AdenoCA
12	132643156	132643157	12	133842418	133842419	-	+	DUP	cna95	minor	sim71	Prost-AdenoCA
12	133842419	133842420	12	133851895	133851896	+	-	DEL	cna96	minor	sim71	Prost-AdenoCA
13	75213499	75213500	13	76392261	76392262	+	+	h2hINV	cna97	minor	sim71	Prost-AdenoCA
13	86432340	86432341	13	92452929	92452930	+	-	DEL	cna98	minor	sim71	Prost-AdenoCA
13	92452930	92452931	13	92465216	92465217	-	+	DUP	cna99	major	sim71	Prost-AdenoCA
13	92465217	92465218	13	92622537	92622538	+	-	DEL	cna100	minor	sim71	Prost-AdenoCA
13	92622538	92622539	13	92634813	92634814	-	+	DUP	cna101	major	sim71	Prost-AdenoCA
13	92622538	92622539	13	92634813	92634814	+	-	DEL	cna101	minor	sim71	Prost-AdenoCA
13	92634814	92634815	13	92908507	92908508	+	-	DEL	cna102	minor	sim71	Prost-AdenoCA
13	92908508	92908509	13	93093261	93093262	-	+	DUP	cna103	major	sim71	Prost-AdenoCA
13	93093262	93093263	13	95032773	95032774	+	-	DEL	cna104	minor	sim71	Prost-AdenoCA
13	110227013	110227014	13	110878663	110878664	-	+	DUP	cna106	major	sim71	Prost-AdenoCA
13	115157591	115157592	13	115169878	115169879	-	+	DUP	cna108	major	sim71	Prost-AdenoCA
13	115157591	115157592	13	115169878	115169879	+	-	DEL	cna108	minor	sim71	Prost-AdenoCA
14	63966821	107349540	16	45903718	64975018	-	-	TRA	cna109,cna119	minor,major	sim71	Prost-AdenoCA
14	69745821	69745822	14	70055669	70055670	-	-	t2tINV	cna109	major	sim71	Prost-AdenoCA
14	84660421	107349540	22	18582205	51304566	-	-	TRA	cna109,cna135	major,major	sim71	Prost-AdenoCA
15	51484681	51484682	15	58666359	58666360	+	+	h2hINV	cna110	minor	sim71	Prost-AdenoCA
15	75797068	75797069	15	90707726	90707727	-	+	DUP	cna111	major	sim71	Prost-AdenoCA
15	75797068	75797069	15	90707726	90707727	-	+	DUP	cna111	minor	sim71	Prost-AdenoCA
15	90707727	90707728	15	92005001	92005002	-	+	DUP	cna112	major	sim71	Prost-AdenoCA
15	100704177	100704178	15	100851281	100851282	+	-	DEL	cna114	major	sim71	Prost-AdenoCA
15	100704177	100704178	15	100851281	100851282	+	-	DEL	cna114	minor	sim71	Prost-AdenoCA
15	100851282	100851283	15	101660893	101660894	-	+	DUP	cna115	major	sim71	Prost-AdenoCA
15	101660894	101660895	15	102113934	102113935	-	+	DUP	cna116	major	sim71	Prost-AdenoCA
15	101660894	101660895	15	102113934	102113935	+	-	DEL	cna116	minor	sim71	Prost-AdenoCA
15	102113935	102113936	15	102521965	102521966	+	-	DEL	cna117	minor	sim71	Prost-AdenoCA
15	102521966	102521967	15	102531392	102531393	-	+	DUP	cna118	major	sim71	Prost-AdenoCA
16	64975019	64975020	16	65728612	65728613	-	+	DUP	cna120	major	sim71	Prost-AdenoCA
16	64975019	64975020	16	65728612	65728613	+	-	DEL	cna120	minor	sim71	Prost-AdenoCA
16	65728613	65728614	16	65773561	65773562	-	+	DUP	cna121	major	sim71	Prost-AdenoCA
16	65728613	65728614	16	65773561	65773562	-	+	DUP	cna121	minor	sim71	Prost-AdenoCA
16	65773562	65773563	16	76139676	76139677	+	-	DEL	cna122	minor	sim71	Prost-AdenoCA
16	66765889	66765890	16	66852941	66852942	+	+	h2hINV	cna122	major	sim71	Prost-AdenoCA
16	67202089	76139676	18	54660633	56147331	-	-	TRA	cna122,cna125	major,major	sim71	Prost-AdenoCA
17	19833236	19833237	17	19843237	19843238	+	+	h2hINV	cna124	minor	sim71	Prost-AdenoCA
18	56147332	56147333	18	56155751	56155752	-	+	DUP	cna126	major	sim71	Prost-AdenoCA
18	56155752	56155753	18	56343182	56343183	+	-	DEL	cna127	minor	sim71	Prost-AdenoCA
18	56343183	56343184	18	73990588	73990589	-	+	DUP	cna128	major	sim71	Prost-AdenoCA
18	78060416	78060417	18	78077248	78077249	-	+	DUP	cna130	major	sim71	Prost-AdenoCA
18	78060416	78060417	18	78077248	78077249	-	+	DUP	cna130	minor	sim71	Prost-AdenoCA
19	31787978	31787979	19	31912243	31912244	+	+	h2hINV	cna131	major	sim71	Prost-AdenoCA
21	47738153	47738154	21	48129895	48129896	-	+	DUP	cna134	major	sim71	Prost-AdenoCA
21	47738153	47738154	21	48129895	48129896	-	+	DUP	cna134	minor	sim71	Prost-AdenoCA
X	106092114	106092115	X	106102118	106102119	+	+	h2hINV	cna136	minor	sim71	Prost-AdenoCA
X	154381852	154381853	X	155270560	155270561	+	-	DEL	cna137	minor	sim71	Prost-AdenoCA
Y	5619500	5619501	Y	59373566	59373567	+	-	DEL	cna139	minor	sim71	Prost-AdenoCA
