chrom1	start1	end1	chrom2	start2	end2	strand1	strand2	svclass	id	allele	donor_id	tumor
1	37713275	37713276	1	37954280	37954281	+	-	DEL	cna1	major	sim89	Prost-AdenoCA
1	37713275	37713276	1	37954280	37954281	+	-	DEL	cna1	minor	sim89	Prost-AdenoCA
1	76191700	76191701	1	77440292	77440293	+	+	h2hINV	cna2	minor	sim89	Prost-AdenoCA
1	116909424	116909425	1	117268127	117268128	-	+	DUP	cna3	major	sim89	Prost-AdenoCA
1	117509252	117509253	1	201532919	201532920	+	-	DEL	cna5	minor	sim89	Prost-AdenoCA
2	1	105034180	6	92371997	171115067	+	-	TRA	cna7,cna21	minor,minor	sim89	Prost-AdenoCA
2	136756579	136756580	2	176090492	176090493	-	-	t2tINV	cna7	minor	sim89	Prost-AdenoCA
3	22043848	22043849	3	22471165	22471166	+	-	DEL	cna9	minor	sim89	Prost-AdenoCA
3	23556197	23556198	3	54882549	54882550	+	-	DEL	cna11	minor	sim89	Prost-AdenoCA
3	61197106	61197107	3	61207119	61207120	-	-	t2tINV	cna12	minor	sim89	Prost-AdenoCA
3	158087606	158087607	3	160389541	160389542	-	-	t2tINV	cna12	major	sim89	Prost-AdenoCA
3	197631567	197631568	3	198022430	198022431	+	-	DEL	cna13	minor	sim89	Prost-AdenoCA
4	1	60781277	10	110797388	135534747	+	-	TRA	cna14,cna35	major,minor	sim89	Prost-AdenoCA
4	56863376	56863377	4	56873388	56873389	-	-	t2tINV	cna14	major	sim89	Prost-AdenoCA
4	87394077	87394078	4	122036948	122036949	-	+	DUP	cna15	major	sim89	Prost-AdenoCA
4	106899576	106899577	4	117065895	117065896	+	+	h2hINV	cna15	major	sim89	Prost-AdenoCA
4	123756281	123756282	4	124592310	124592311	-	+	DUP	cna17	major	sim89	Prost-AdenoCA
4	123756281	123756282	4	124592310	124592311	-	+	DUP	cna17	minor	sim89	Prost-AdenoCA
4	124592311	124592312	4	124610599	124610600	+	-	DEL	cna18	major	sim89	Prost-AdenoCA
4	124592311	124592312	4	124610599	124610600	+	-	DEL	cna18	minor	sim89	Prost-AdenoCA
5	99016200	99016201	5	99026206	99026207	-	-	t2tINV	cna20	major	sim89	Prost-AdenoCA
6	40224240	40224241	6	41195286	41195287	-	-	t2tINV	cna21	major	sim89	Prost-AdenoCA
6	63411340	63411341	6	63431487	63431488	+	+	h2hINV	cna21	major	sim89	Prost-AdenoCA
6	130293940	130293941	6	152863647	152863648	-	-	t2tINV	cna21	minor	sim89	Prost-AdenoCA
7	114906673	114906674	7	114916676	114916677	+	+	h2hINV	cna22	minor	sim89	Prost-AdenoCA
8	32679910	32679911	8	32689918	32689919	-	-	t2tINV	cna23	minor	sim89	Prost-AdenoCA
9	6920105	6920106	9	13921428	13921429	-	+	DUP	cna25	major	sim89	Prost-AdenoCA
9	6920105	6920106	9	13921428	13921429	-	+	DUP	cna25	minor	sim89	Prost-AdenoCA
9	13921429	13921430	9	15526339	15526340	+	-	DEL	cna26	minor	sim89	Prost-AdenoCA
9	73992677	73992678	9	74464131	74464132	+	-	DEL	cna28	minor	sim89	Prost-AdenoCA
9	74464132	74464133	9	78358221	78358222	-	+	DUP	cna29	major	sim89	Prost-AdenoCA
9	136021097	136021098	9	139915625	139915626	-	+	DUP	cna31	major	sim89	Prost-AdenoCA
9	136021097	136021098	9	139915625	139915626	-	+	DUP	cna31	minor	sim89	Prost-AdenoCA
9	139915626	139915627	9	139959219	139959220	+	-	DEL	cna32	major	sim89	Prost-AdenoCA
9	139915626	139915627	9	139959219	139959220	+	-	DEL	cna32	minor	sim89	Prost-AdenoCA
9	139959220	139959221	9	141213431	141213432	+	-	DEL	cna33	minor	sim89	Prost-AdenoCA
10	1	2	10	5226851	5226852	+	-	DEL	cna34	minor	sim89	Prost-AdenoCA
10	13911957	13911958	10	14203757	14203758	-	-	t2tINV	cna35	minor	sim89	Prost-AdenoCA
11	106660510	106660511	11	110869275	110869276	-	-	t2tINV	cna36	minor	sim89	Prost-AdenoCA
11	118382664	118382665	11	118631694	118631695	-	+	DUP	cna37	major	sim89	Prost-AdenoCA
11	128631281	128631282	11	128647061	128647062	-	+	DUP	cna39	major	sim89	Prost-AdenoCA
11	129002958	129002959	11	129425334	129425335	+	-	DEL	cna41	major	sim89	Prost-AdenoCA
13	46729699	46729700	13	46739707	46739708	+	+	h2hINV	cna44	minor	sim89	Prost-AdenoCA
13	93496386	93496387	13	97637544	97637545	-	+	DUP	cna45	major	sim89	Prost-AdenoCA
13	93496386	93496387	13	97637544	97637545	+	-	DEL	cna45	minor	sim89	Prost-AdenoCA
14	1	2	14	49224487	49224488	-	+	DUP	cna47	major	sim89	Prost-AdenoCA
14	1	2	14	49224487	49224488	-	+	DUP	cna47	minor	sim89	Prost-AdenoCA
14	97460236	97460237	14	104767510	104767511	-	+	DUP	cna49	major	sim89	Prost-AdenoCA
14	97460236	97460237	14	104767510	104767511	-	+	DUP	cna49	minor	sim89	Prost-AdenoCA
15	39048655	39048656	15	77238173	77238174	+	-	DEL	cna52	minor	sim89	Prost-AdenoCA
16	67820623	67820624	16	72716185	72716186	-	+	DUP	cna55	major	sim89	Prost-AdenoCA
18	51342226	51342227	18	65612605	65612606	+	+	h2hINV	cna58	minor	sim89	Prost-AdenoCA
19	7289243	7289244	19	7577738	7577739	+	-	DEL	cna60	minor	sim89	Prost-AdenoCA
19	8862797	8862798	19	11655342	11655343	-	+	DUP	cna62	major	sim89	Prost-AdenoCA
19	8862797	8862798	19	11655342	11655343	+	-	DEL	cna62	minor	sim89	Prost-AdenoCA
19	11655343	11655344	19	17581943	17581944	-	+	DUP	cna63	major	sim89	Prost-AdenoCA
21	25061075	25061076	21	26698066	26698067	-	-	t2tINV	cna66	minor	sim89	Prost-AdenoCA
22	23990311	23990312	22	51304566	51304567	+	-	DEL	cna68	minor	sim89	Prost-AdenoCA
22	38029980	38029981	22	38289681	38289682	-	-	t2tINV	cna68	major	sim89	Prost-AdenoCA
X	30790499	30790500	X	30805065	30805066	+	-	DEL	cna70	minor	sim89	Prost-AdenoCA
X	37379289	37379290	X	37457139	37457140	-	+	DUP	cna72	major	sim89	Prost-AdenoCA
X	37379289	37379290	X	37457139	37457140	+	-	DEL	cna72	minor	sim89	Prost-AdenoCA
X	43838916	43838917	X	46343421	46343422	-	+	DUP	cna74	major	sim89	Prost-AdenoCA
X	43838916	43838917	X	46343421	46343422	-	+	DUP	cna74	minor	sim89	Prost-AdenoCA
X	123714830	123714831	X	130201992	130201993	+	-	DEL	cna76	minor	sim89	Prost-AdenoCA
X	130201993	130201994	X	130216561	130216562	-	+	DUP	cna77	major	sim89	Prost-AdenoCA
X	130201993	130201994	X	130216561	130216562	-	+	DUP	cna77	minor	sim89	Prost-AdenoCA
X	154966674	154966675	X	155270560	155270561	-	+	DUP	cna79	major	sim89	Prost-AdenoCA
X	154966674	154966675	X	155270560	155270561	-	+	DUP	cna79	minor	sim89	Prost-AdenoCA
Y	1	2	Y	11995509	11995510	-	+	DUP	cna80	major	sim89	Prost-AdenoCA
Y	57897654	57897655	Y	59373566	59373567	-	+	DUP	cna82	major	sim89	Prost-AdenoCA
Y	57897654	57897655	Y	59373566	59373567	-	+	DUP	cna82	minor	sim89	Prost-AdenoCA
