chrom	start	end	major_cn	minor_cn	donor_id	study	id
1	1	249250621	1	1	sim14	Prost-AdenoCA	cna0
2	1	101375571	1	1	sim14	Prost-AdenoCA	cna1
2	101375572	101413278	1	0	sim14	Prost-AdenoCA	cna2
2	101413279	243199373	1	1	sim14	Prost-AdenoCA	cna3
3	1	198022430	1	1	sim14	Prost-AdenoCA	cna4
4	1	191154276	1	1	sim14	Prost-AdenoCA	cna5
5	1	49082605	1	1	sim14	Prost-AdenoCA	cna6
5	49082606	69321645	1	0	sim14	Prost-AdenoCA	cna7
5	69321646	69331739	4	1	sim14	Prost-AdenoCA	cna8
5	69331740	103408705	1	1	sim14	Prost-AdenoCA	cna9
5	103408706	103418803	1	0	sim14	Prost-AdenoCA	cna10
5	103418804	125381454	1	1	sim14	Prost-AdenoCA	cna11
5	125381455	174420406	2	1	sim14	Prost-AdenoCA	cna12
5	174420407	180915260	1	1	sim14	Prost-AdenoCA	cna13
6	1	171115067	1	1	sim14	Prost-AdenoCA	cna14
7	1	159138663	1	1	sim14	Prost-AdenoCA	cna15
8	1	123309160	1	1	sim14	Prost-AdenoCA	cna16
8	123309161	124640791	2	1	sim14	Prost-AdenoCA	cna17
8	124640792	146364022	1	1	sim14	Prost-AdenoCA	cna18
9	1	137056366	1	1	sim14	Prost-AdenoCA	cna19
9	137056367	137321208	1	0	sim14	Prost-AdenoCA	cna20
9	137321209	141213431	1	1	sim14	Prost-AdenoCA	cna21
10	1	129130035	1	1	sim14	Prost-AdenoCA	cna22
10	129130036	131135655	2	1	sim14	Prost-AdenoCA	cna23
10	131135656	135534747	1	1	sim14	Prost-AdenoCA	cna24
11	1	114491077	1	1	sim14	Prost-AdenoCA	cna25
11	114491078	116396182	3	1	sim14	Prost-AdenoCA	cna26
11	116396183	135006516	1	0	sim14	Prost-AdenoCA	cna27
12	1	133851895	1	1	sim14	Prost-AdenoCA	cna28
13	1	19739840	1	1	sim14	Prost-AdenoCA	cna29
13	19739841	21326142	1	0	sim14	Prost-AdenoCA	cna30
13	21326143	21399387	1	1	sim14	Prost-AdenoCA	cna31
13	21399388	27803787	2	0	sim14	Prost-AdenoCA	cna32
13	27803788	115169878	1	1	sim14	Prost-AdenoCA	cna33
14	1	106992334	1	1	sim14	Prost-AdenoCA	cna34
14	106992335	107349540	2	0	sim14	Prost-AdenoCA	cna35
15	1	22265329	1	1	sim14	Prost-AdenoCA	cna36
15	22265330	22489420	0	0	sim14	Prost-AdenoCA	cna37
15	22489421	59546272	1	1	sim14	Prost-AdenoCA	cna38
15	59546273	64190836	0	0	sim14	Prost-AdenoCA	cna39
15	64190837	64318198	1	1	sim14	Prost-AdenoCA	cna40
15	64318199	65461165	2	1	sim14	Prost-AdenoCA	cna41
15	65461166	66100487	1	1	sim14	Prost-AdenoCA	cna42
15	66100488	102531392	1	0	sim14	Prost-AdenoCA	cna43
16	1	90354753	1	1	sim14	Prost-AdenoCA	cna44
17	1	75657763	1	1	sim14	Prost-AdenoCA	cna45
17	75657764	81195210	3	2	sim14	Prost-AdenoCA	cna46
18	1	78077248	1	1	sim14	Prost-AdenoCA	cna47
19	1	41395841	2	0	sim14	Prost-AdenoCA	cna48
19	41395842	44405585	1	0	sim14	Prost-AdenoCA	cna49
19	44405586	59128983	2	1	sim14	Prost-AdenoCA	cna50
20	1	63025520	1	1	sim14	Prost-AdenoCA	cna51
21	1	48129895	1	1	sim14	Prost-AdenoCA	cna52
22	1	51285513	1	1	sim14	Prost-AdenoCA	cna53
22	51285514	51304566	1	0	sim14	Prost-AdenoCA	cna54
X	1	114202520	2	1	sim14	Prost-AdenoCA	cna55
X	114202521	137999890	1	1	sim14	Prost-AdenoCA	cna56
X	137999891	144296931	0	0	sim14	Prost-AdenoCA	cna57
X	144296932	144352047	1	0	sim14	Prost-AdenoCA	cna58
X	144352048	146725873	1	1	sim14	Prost-AdenoCA	cna59
X	146725874	152865133	1	0	sim14	Prost-AdenoCA	cna60
X	152865134	152875828	1	1	sim14	Prost-AdenoCA	cna61
X	152875829	153007988	1	0	sim14	Prost-AdenoCA	cna62
X	153007989	153551800	1	1	sim14	Prost-AdenoCA	cna63
X	153551801	155270560	2	2	sim14	Prost-AdenoCA	cna64
Y	1	59373566	1	1	sim14	Prost-AdenoCA	cna65
