chrom	start	end	major_cn	minor_cn	donor_id	study	id
1	1	105619083	1	1	sim42	Prost-AdenoCA	cna0
1	105619084	107759135	0	1	sim42	Prost-AdenoCA	cna1
1	107759136	248655338	1	1	sim42	Prost-AdenoCA	cna2
1	248655339	249250621	3	1	sim42	Prost-AdenoCA	cna3
2	1	243199373	1	1	sim42	Prost-AdenoCA	cna4
3	1	36454142	1	1	sim42	Prost-AdenoCA	cna5
3	36454143	48043597	2	1	sim42	Prost-AdenoCA	cna6
3	48043598	186349239	1	1	sim42	Prost-AdenoCA	cna7
3	186349240	197166549	3	0	sim42	Prost-AdenoCA	cna8
3	197166550	198022430	1	1	sim42	Prost-AdenoCA	cna9
4	1	191154276	1	1	sim42	Prost-AdenoCA	cna10
5	1	55242612	1	1	sim42	Prost-AdenoCA	cna11
5	55242613	55614603	2	1	sim42	Prost-AdenoCA	cna12
5	55614604	59874427	1	1	sim42	Prost-AdenoCA	cna13
5	59874428	59886203	4	1	sim42	Prost-AdenoCA	cna14
5	59886204	76663505	2	2	sim42	Prost-AdenoCA	cna15
5	76663506	80393027	1	1	sim42	Prost-AdenoCA	cna16
5	80393028	80988813	2	2	sim42	Prost-AdenoCA	cna17
5	80988814	81208234	1	1	sim42	Prost-AdenoCA	cna18
5	81208235	81453257	7	1	sim42	Prost-AdenoCA	cna19
5	81453258	180915260	1	1	sim42	Prost-AdenoCA	cna20
6	1	157471618	1	1	sim42	Prost-AdenoCA	cna21
6	157471619	171115067	2	1	sim42	Prost-AdenoCA	cna22
7	1	6098047	1	0	sim42	Prost-AdenoCA	cna23
7	6098048	17171146	1	1	sim42	Prost-AdenoCA	cna24
7	17171147	17329157	2	2	sim42	Prost-AdenoCA	cna25
7	17329158	105954789	1	1	sim42	Prost-AdenoCA	cna26
7	105954790	105968598	2	2	sim42	Prost-AdenoCA	cna27
7	105968599	159138663	1	1	sim42	Prost-AdenoCA	cna28
8	1	146364022	1	1	sim42	Prost-AdenoCA	cna29
9	1	141213431	1	1	sim42	Prost-AdenoCA	cna30
10	1	135534747	1	1	sim42	Prost-AdenoCA	cna31
11	1	97959662	1	1	sim42	Prost-AdenoCA	cna32
11	97959663	97979325	3	2	sim42	Prost-AdenoCA	cna33
11	97979326	131746445	1	1	sim42	Prost-AdenoCA	cna34
11	131746446	133249146	2	1	sim42	Prost-AdenoCA	cna35
11	133249147	135006516	1	1	sim42	Prost-AdenoCA	cna36
12	1	131863135	1	1	sim42	Prost-AdenoCA	cna37
12	131863136	131874464	1	0	sim42	Prost-AdenoCA	cna38
12	131874465	133676307	3	0	sim42	Prost-AdenoCA	cna39
12	133676308	133851895	2	1	sim42	Prost-AdenoCA	cna40
13	1	115140695	1	1	sim42	Prost-AdenoCA	cna41
13	115140696	115169878	1	0	sim42	Prost-AdenoCA	cna42
14	1	45561292	1	1	sim42	Prost-AdenoCA	cna43
14	45561293	45575369	2	2	sim42	Prost-AdenoCA	cna44
14	45575370	107349540	1	1	sim42	Prost-AdenoCA	cna45
15	1	64777156	1	1	sim42	Prost-AdenoCA	cna46
15	64777157	102531392	2	2	sim42	Prost-AdenoCA	cna47
16	1	90354753	1	1	sim42	Prost-AdenoCA	cna48
17	1	77948804	1	1	sim42	Prost-AdenoCA	cna49
17	77948805	81195210	0	1	sim42	Prost-AdenoCA	cna50
18	1	42648145	1	1	sim42	Prost-AdenoCA	cna51
18	42648146	44849792	3	1	sim42	Prost-AdenoCA	cna52
18	44849793	74856560	1	1	sim42	Prost-AdenoCA	cna53
18	74856561	74881828	3	1	sim42	Prost-AdenoCA	cna54
18	74881829	75251507	1	0	sim42	Prost-AdenoCA	cna55
18	75251508	77107879	2	2	sim42	Prost-AdenoCA	cna56
18	77107880	78077248	2	1	sim42	Prost-AdenoCA	cna57
19	1	28788950	1	1	sim42	Prost-AdenoCA	cna58
19	28788951	56386772	2	1	sim42	Prost-AdenoCA	cna59
19	56386773	59128983	4	2	sim42	Prost-AdenoCA	cna60
20	1	63025520	1	1	sim42	Prost-AdenoCA	cna61
21	1	30392946	3	1	sim42	Prost-AdenoCA	cna62
21	30392947	41042597	2	0	sim42	Prost-AdenoCA	cna63
21	41042598	48129895	1	1	sim42	Prost-AdenoCA	cna64
22	1	5598690	3	1	sim42	Prost-AdenoCA	cna65
22	5598691	30131170	2	1	sim42	Prost-AdenoCA	cna66
22	30131171	35072282	1	1	sim42	Prost-AdenoCA	cna67
22	35072283	35114546	2	0	sim42	Prost-AdenoCA	cna68
22	35114547	47130816	1	1	sim42	Prost-AdenoCA	cna69
22	47130817	51304566	1	0	sim42	Prost-AdenoCA	cna70
X	1	137366800	1	1	sim42	Prost-AdenoCA	cna71
X	137366801	155270560	3	2	sim42	Prost-AdenoCA	cna72
Y	1	59373566	1	1	sim42	Prost-AdenoCA	cna73
