chrom1	start1	end1	chrom2	start2	end2	strand1	strand2	svclass	id	allele	donor_id	tumor
1	40897688	40897689	1	40908490	40908491	-	+	DUP	cna1	major	sim76	Prost-AdenoCA
1	40908491	176633801	6	23713436	26815092	+	-	TRA	cna2,cna8	major,major	sim76	Prost-AdenoCA
1	99538000	99538001	1	100174561	100174562	+	+	h2hINV	cna2	minor	sim76	Prost-AdenoCA
1	165515700	165515701	1	167723677	167723678	+	+	h2hINV	cna2	major	sim76	Prost-AdenoCA
1	172494900	172494901	1	172504907	172504908	-	-	t2tINV	cna2	major	sim76	Prost-AdenoCA
2	104225789	243199373	X	11425714	155270560	-	-	TRA	cna36,cna3	major,minor	sim76	Prost-AdenoCA
2	220322479	220322480	2	226874240	226874241	+	+	h2hINV	cna3	major	sim76	Prost-AdenoCA
3	175184706	194901004	4	22564367	191154276	-	-	TRA	cna4,cna6	minor,minor	sim76	Prost-AdenoCA
3	194901005	194901006	3	198022430	198022431	+	-	DEL	cna5	minor	sim76	Prost-AdenoCA
4	162116476	162116477	4	163639512	163639513	+	+	h2hINV	cna6	minor	sim76	Prost-AdenoCA
5	14347000	14347001	5	16748027	16748028	-	-	t2tINV	cna7	major	sim76	Prost-AdenoCA
6	1	2	6	26815092	26815093	+	-	DEL	cna8	minor	sim76	Prost-AdenoCA
6	26815093	63882741	8	139366717	140988834	+	+	TRA	cna9,cna12	minor,minor	sim76	Prost-AdenoCA
8	1	2	8	139366716	139366717	+	-	DEL	cna11	minor	sim76	Prost-AdenoCA
9	1	2	9	141213431	141213432	-	+	DUP	cna13	major	sim76	Prost-AdenoCA
9	1	2	9	141213431	141213432	-	+	DUP	cna13	minor	sim76	Prost-AdenoCA
10	86671657	86671658	10	86815523	86815524	-	-	t2tINV	cna14	minor	sim76	Prost-AdenoCA
11	1	2	11	135006516	135006517	-	+	DUP	cna15	major	sim76	Prost-AdenoCA
11	1	2	11	135006516	135006517	-	+	DUP	cna15	minor	sim76	Prost-AdenoCA
11	89301810	89301811	11	109074916	109074917	+	+	h2hINV	cna15	major	sim76	Prost-AdenoCA
12	67786194	67786195	12	71119550	71119551	-	-	t2tINV	cna16	minor	sim76	Prost-AdenoCA
15	45263945	45263946	15	102531392	102531393	-	+	DUP	cna20	major	sim76	Prost-AdenoCA
15	51540181	51540182	15	51550189	51550190	-	-	t2tINV	cna20	major	sim76	Prost-AdenoCA
16	1	2	16	90354753	90354754	-	+	DUP	cna21	major	sim76	Prost-AdenoCA
16	1	2	16	90354753	90354754	-	+	DUP	cna21	minor	sim76	Prost-AdenoCA
17	1	2	17	76170417	76170418	-	+	DUP	cna22	major	sim76	Prost-AdenoCA
17	1	2	17	76170417	76170418	-	+	DUP	cna22	minor	sim76	Prost-AdenoCA
17	74840236	74840237	17	74850240	74850241	-	-	t2tINV	cna22	minor	sim76	Prost-AdenoCA
17	76495835	76495836	17	78699104	78699105	-	+	DUP	cna24	major	sim76	Prost-AdenoCA
17	76495835	76495836	17	78699104	78699105	-	+	DUP	cna24	minor	sim76	Prost-AdenoCA
17	79789383	79789384	17	80956804	80956805	+	-	DEL	cna26	minor	sim76	Prost-AdenoCA
17	80956805	80956806	17	81195210	81195211	-	+	DUP	cna27	major	sim76	Prost-AdenoCA
18	1	2	18	78077248	78077249	+	-	DEL	cna28	minor	sim76	Prost-AdenoCA
19	1	2	19	59128983	59128984	+	-	DEL	cna29	minor	sim76	Prost-AdenoCA
20	1	2	20	63025520	63025521	+	-	DEL	cna30	minor	sim76	Prost-AdenoCA
21	1	2	21	48129895	48129896	+	-	DEL	cna31	minor	sim76	Prost-AdenoCA
21	38667575	48129895	X	1	56201490	-	+	TRA	cna31,cna36	major,minor	sim76	Prost-AdenoCA
22	1	2	22	48726566	48726567	+	-	DEL	cna32	minor	sim76	Prost-AdenoCA
22	48726567	48726568	22	48738102	48738103	-	+	DUP	cna33	major	sim76	Prost-AdenoCA
22	48738103	48738104	22	49501837	49501838	-	+	DUP	cna34	major	sim76	Prost-AdenoCA
22	48738103	48738104	22	49501837	49501838	+	-	DEL	cna34	minor	sim76	Prost-AdenoCA
