chrom	start	end	major_cn	minor_cn	donor_id	study	id
1	1	96220714	1	1	sim60	Prost-AdenoCA	cna0
1	96220715	96234917	4	1	sim60	Prost-AdenoCA	cna1
1	96234918	249250621	1	1	sim60	Prost-AdenoCA	cna2
2	1	44463609	1	1	sim60	Prost-AdenoCA	cna3
2	44463610	113784674	1	0	sim60	Prost-AdenoCA	cna4
2	113784675	243199373	2	2	sim60	Prost-AdenoCA	cna5
3	1	198022430	1	1	sim60	Prost-AdenoCA	cna6
4	1	123384292	1	1	sim60	Prost-AdenoCA	cna7
4	123384293	124884936	3	1	sim60	Prost-AdenoCA	cna8
4	124884937	191154276	1	1	sim60	Prost-AdenoCA	cna9
5	1	180915260	1	1	sim60	Prost-AdenoCA	cna10
6	1	171115067	1	1	sim60	Prost-AdenoCA	cna11
7	1	88954175	1	1	sim60	Prost-AdenoCA	cna12
7	88954176	89321508	4	2	sim60	Prost-AdenoCA	cna13
7	89321509	108180769	1	1	sim60	Prost-AdenoCA	cna14
7	108180770	126636731	1	0	sim60	Prost-AdenoCA	cna15
7	126636732	159138663	1	1	sim60	Prost-AdenoCA	cna16
8	1	2597592	2	1	sim60	Prost-AdenoCA	cna17
8	2597593	146364022	1	1	sim60	Prost-AdenoCA	cna18
9	1	141213431	1	1	sim60	Prost-AdenoCA	cna19
10	1	20966255	1	0	sim60	Prost-AdenoCA	cna20
10	20966256	88913581	1	1	sim60	Prost-AdenoCA	cna21
10	88913582	95067270	2	1	sim60	Prost-AdenoCA	cna22
10	95067271	119537227	1	1	sim60	Prost-AdenoCA	cna23
10	119537228	120671591	1	0	sim60	Prost-AdenoCA	cna24
10	120671592	135534747	1	1	sim60	Prost-AdenoCA	cna25
11	1	132860333	5	1	sim60	Prost-AdenoCA	cna26
11	132860334	135006516	1	1	sim60	Prost-AdenoCA	cna27
12	1	133851895	1	1	sim60	Prost-AdenoCA	cna28
13	1	67116315	2	1	sim60	Prost-AdenoCA	cna29
13	67116316	67461417	2	2	sim60	Prost-AdenoCA	cna30
13	67461418	115169878	2	1	sim60	Prost-AdenoCA	cna31
14	1	69614954	1	0	sim60	Prost-AdenoCA	cna32
14	69614955	107349540	1	1	sim60	Prost-AdenoCA	cna33
15	1	102161653	1	1	sim60	Prost-AdenoCA	cna34
15	102161654	102494118	0	0	sim60	Prost-AdenoCA	cna35
15	102494119	102531392	1	0	sim60	Prost-AdenoCA	cna36
16	1	90354753	1	1	sim60	Prost-AdenoCA	cna37
17	1	81195210	1	1	sim60	Prost-AdenoCA	cna38
18	1	42162998	2	1	sim60	Prost-AdenoCA	cna39
18	42162999	62110226	1	1	sim60	Prost-AdenoCA	cna40
18	62110227	77498734	2	2	sim60	Prost-AdenoCA	cna41
18	77498735	77545849	0	0	sim60	Prost-AdenoCA	cna42
18	77545850	77559135	2	0	sim60	Prost-AdenoCA	cna43
18	77559136	77925546	1	0	sim60	Prost-AdenoCA	cna44
18	77925547	77976059	0	0	sim60	Prost-AdenoCA	cna45
18	77976060	78077248	2	1	sim60	Prost-AdenoCA	cna46
19	1	28291579	1	1	sim60	Prost-AdenoCA	cna47
19	28291580	42804952	2	1	sim60	Prost-AdenoCA	cna48
19	42804953	43164150	1	0	sim60	Prost-AdenoCA	cna49
19	43164151	59128983	1	1	sim60	Prost-AdenoCA	cna50
20	1	45155357	1	0	sim60	Prost-AdenoCA	cna51
20	45155358	48550749	3	2	sim60	Prost-AdenoCA	cna52
20	48550750	63025520	1	1	sim60	Prost-AdenoCA	cna53
21	1	48129895	1	1	sim60	Prost-AdenoCA	cna54
22	1	51304566	1	1	sim60	Prost-AdenoCA	cna55
X	1	99578194	1	1	sim60	Prost-AdenoCA	cna56
X	99578195	134581773	2	0	sim60	Prost-AdenoCA	cna57
X	134581774	153782886	1	1	sim60	Prost-AdenoCA	cna58
X	153782887	155270560	3	2	sim60	Prost-AdenoCA	cna59
Y	1	8964735	1	1	sim60	Prost-AdenoCA	cna60
Y	8964736	59245378	1	0	sim60	Prost-AdenoCA	cna61
Y	59245379	59373566	1	1	sim60	Prost-AdenoCA	cna62
