chrom	start	end	major_cn	minor_cn	donor_id	study	id
1	1	249250621	1	1	sim22	Prost-AdenoCA	cna0
2	1	243199373	1	1	sim22	Prost-AdenoCA	cna1
3	1	198022430	1	1	sim22	Prost-AdenoCA	cna2
4	1	95255753	1	1	sim22	Prost-AdenoCA	cna3
4	95255754	99169944	1	0	sim22	Prost-AdenoCA	cna4
4	99169945	191154276	1	1	sim22	Prost-AdenoCA	cna5
5	1	180915260	1	1	sim22	Prost-AdenoCA	cna6
6	1	82405733	2	2	sim22	Prost-AdenoCA	cna7
6	82405734	169840975	2	1	sim22	Prost-AdenoCA	cna8
6	169840976	171115067	1	1	sim22	Prost-AdenoCA	cna9
7	1	159138663	1	1	sim22	Prost-AdenoCA	cna10
8	1	13313138	1	1	sim22	Prost-AdenoCA	cna11
8	13313139	31236526	1	0	sim22	Prost-AdenoCA	cna12
8	31236527	146364022	1	1	sim22	Prost-AdenoCA	cna13
9	1	135474125	1	1	sim22	Prost-AdenoCA	cna14
9	135474126	135669756	2	1	sim22	Prost-AdenoCA	cna15
9	135669757	141213431	1	1	sim22	Prost-AdenoCA	cna16
10	1	55390919	1	1	sim22	Prost-AdenoCA	cna17
10	55390920	66205716	2	1	sim22	Prost-AdenoCA	cna18
10	66205717	135534747	1	1	sim22	Prost-AdenoCA	cna19
11	1	135006516	1	1	sim22	Prost-AdenoCA	cna20
12	1	84728229	2	2	sim22	Prost-AdenoCA	cna21
12	84728230	84750851	0	1	sim22	Prost-AdenoCA	cna22
12	84750852	113911267	1	1	sim22	Prost-AdenoCA	cna23
12	113911268	133851895	2	1	sim22	Prost-AdenoCA	cna24
13	1	113387070	3	2	sim22	Prost-AdenoCA	cna25
13	113387071	115169878	1	1	sim22	Prost-AdenoCA	cna26
14	1	87178568	1	1	sim22	Prost-AdenoCA	cna27
14	87178569	87943824	1	0	sim22	Prost-AdenoCA	cna28
14	87943825	90356619	1	1	sim22	Prost-AdenoCA	cna29
14	90356620	90699228	1	0	sim22	Prost-AdenoCA	cna30
14	90699229	107349540	1	1	sim22	Prost-AdenoCA	cna31
15	1	102531392	2	2	sim22	Prost-AdenoCA	cna32
16	1	90354753	1	1	sim22	Prost-AdenoCA	cna33
17	1	51098230	1	1	sim22	Prost-AdenoCA	cna34
17	51098231	51109721	1	0	sim22	Prost-AdenoCA	cna35
17	51109722	78306236	1	1	sim22	Prost-AdenoCA	cna36
17	78306237	81195210	0	0	sim22	Prost-AdenoCA	cna37
18	1	63661360	1	1	sim22	Prost-AdenoCA	cna38
18	63661361	69720690	1	0	sim22	Prost-AdenoCA	cna39
18	69720691	78077248	1	1	sim22	Prost-AdenoCA	cna40
19	1	59128983	1	0	sim22	Prost-AdenoCA	cna41
20	1	3593655	1	0	sim22	Prost-AdenoCA	cna42
20	3593656	6886112	1	1	sim22	Prost-AdenoCA	cna43
20	6886113	28178011	1	0	sim22	Prost-AdenoCA	cna44
20	28178012	40606343	2	1	sim22	Prost-AdenoCA	cna45
20	40606344	63025520	1	1	sim22	Prost-AdenoCA	cna46
21	1	1942681	1	1	sim22	Prost-AdenoCA	cna47
21	1942682	3876437	3	0	sim22	Prost-AdenoCA	cna48
21	3876438	6990825	1	1	sim22	Prost-AdenoCA	cna49
21	6990826	48129895	2	1	sim22	Prost-AdenoCA	cna50
22	1	51304566	1	1	sim22	Prost-AdenoCA	cna51
X	1	33326266	1	1	sim22	Prost-AdenoCA	cna52
X	33326267	59948057	2	1	sim22	Prost-AdenoCA	cna53
X	59948058	98947834	1	1	sim22	Prost-AdenoCA	cna54
X	98947835	99021737	1	0	sim22	Prost-AdenoCA	cna55
X	99021738	155255021	1	1	sim22	Prost-AdenoCA	cna56
X	155255022	155270560	4	1	sim22	Prost-AdenoCA	cna57
Y	1	59373566	1	1	sim22	Prost-AdenoCA	cna58
