chrom	start	end	major_cn	minor_cn	donor_id	study	id
1	1	247733443	1	0	sim82	Prost-AdenoCA	cna0
1	247733444	249250621	2	1	sim82	Prost-AdenoCA	cna1
2	1	107877603	1	1	sim82	Prost-AdenoCA	cna2
2	107877604	108094238	3	0	sim82	Prost-AdenoCA	cna3
2	108094239	243199373	1	1	sim82	Prost-AdenoCA	cna4
3	1	87553550	1	1	sim82	Prost-AdenoCA	cna5
3	87553551	88059979	1	0	sim82	Prost-AdenoCA	cna6
3	88059980	198022430	1	1	sim82	Prost-AdenoCA	cna7
4	1	95603281	1	1	sim82	Prost-AdenoCA	cna8
4	95603282	111026173	1	0	sim82	Prost-AdenoCA	cna9
4	111026174	111037462	1	1	sim82	Prost-AdenoCA	cna10
4	111037463	111553863	2	0	sim82	Prost-AdenoCA	cna11
4	111553864	111629191	3	1	sim82	Prost-AdenoCA	cna12
4	111629192	112190215	0	0	sim82	Prost-AdenoCA	cna13
4	112190216	112747882	1	0	sim82	Prost-AdenoCA	cna14
4	112747883	187426222	1	1	sim82	Prost-AdenoCA	cna15
4	187426223	187914977	2	1	sim82	Prost-AdenoCA	cna16
4	187914978	191154276	1	1	sim82	Prost-AdenoCA	cna17
5	1	132600167	1	1	sim82	Prost-AdenoCA	cna18
5	132600168	136626432	2	2	sim82	Prost-AdenoCA	cna19
5	136626433	180915260	1	1	sim82	Prost-AdenoCA	cna20
6	1	156071860	1	1	sim82	Prost-AdenoCA	cna21
6	156071861	156322259	2	1	sim82	Prost-AdenoCA	cna22
6	156322260	171115067	2	0	sim82	Prost-AdenoCA	cna23
7	1	3529652	1	1	sim82	Prost-AdenoCA	cna24
7	3529653	5937886	0	0	sim82	Prost-AdenoCA	cna25
7	5937887	7016596	2	2	sim82	Prost-AdenoCA	cna26
7	7016597	39788481	1	1	sim82	Prost-AdenoCA	cna27
7	39788482	57268580	1	0	sim82	Prost-AdenoCA	cna28
7	57268581	137800002	1	1	sim82	Prost-AdenoCA	cna29
7	137800003	159138663	1	0	sim82	Prost-AdenoCA	cna30
8	1	146364022	1	1	sim82	Prost-AdenoCA	cna31
9	1	2883204	1	1	sim82	Prost-AdenoCA	cna32
9	2883205	141213431	1	0	sim82	Prost-AdenoCA	cna33
10	1	135534747	1	1	sim82	Prost-AdenoCA	cna34
11	1	61302665	1	1	sim82	Prost-AdenoCA	cna35
11	61302666	62318701	2	2	sim82	Prost-AdenoCA	cna36
11	62318702	66774579	1	1	sim82	Prost-AdenoCA	cna37
11	66774580	117424412	2	2	sim82	Prost-AdenoCA	cna38
11	117424413	135006516	1	1	sim82	Prost-AdenoCA	cna39
12	1	78823808	1	1	sim82	Prost-AdenoCA	cna40
12	78823809	78834113	1	0	sim82	Prost-AdenoCA	cna41
12	78834114	78844273	1	1	sim82	Prost-AdenoCA	cna42
12	78844274	94902874	2	1	sim82	Prost-AdenoCA	cna43
12	94902875	95157723	1	1	sim82	Prost-AdenoCA	cna44
12	95157724	95168039	4	1	sim82	Prost-AdenoCA	cna45
12	95168040	96610969	1	1	sim82	Prost-AdenoCA	cna46
12	96610970	112376940	1	0	sim82	Prost-AdenoCA	cna47
12	112376941	133851895	1	1	sim82	Prost-AdenoCA	cna48
13	1	14100758	1	1	sim82	Prost-AdenoCA	cna49
13	14100759	115169878	2	2	sim82	Prost-AdenoCA	cna50
14	1	106444256	2	1	sim82	Prost-AdenoCA	cna51
14	106444257	106716425	1	1	sim82	Prost-AdenoCA	cna52
14	106716426	107085601	0	0	sim82	Prost-AdenoCA	cna53
14	107085602	107349540	1	1	sim82	Prost-AdenoCA	cna54
15	1	16719043	1	1	sim82	Prost-AdenoCA	cna55
15	16719044	17045934	0	0	sim82	Prost-AdenoCA	cna56
15	17045935	73311948	1	1	sim82	Prost-AdenoCA	cna57
15	73311949	84439585	1	0	sim82	Prost-AdenoCA	cna58
15	84439586	102531392	1	1	sim82	Prost-AdenoCA	cna59
16	1	89439059	2	2	sim82	Prost-AdenoCA	cna60
16	89439060	90354753	1	1	sim82	Prost-AdenoCA	cna61
17	1	81195210	1	1	sim82	Prost-AdenoCA	cna62
18	1	18740397	1	1	sim82	Prost-AdenoCA	cna63
18	18740398	24830355	3	1	sim82	Prost-AdenoCA	cna64
18	24830356	25629599	4	0	sim82	Prost-AdenoCA	cna65
18	25629600	26051688	1	0	sim82	Prost-AdenoCA	cna66
18	26051689	26206836	2	0	sim82	Prost-AdenoCA	cna67
18	26206837	26750830	0	0	sim82	Prost-AdenoCA	cna68
18	26750831	26810965	1	0	sim82	Prost-AdenoCA	cna69
18	26810966	42664753	1	1	sim82	Prost-AdenoCA	cna70
18	42664754	42678177	1	0	sim82	Prost-AdenoCA	cna71
18	42678178	60523128	2	1	sim82	Prost-AdenoCA	cna72
18	60523129	78077248	1	1	sim82	Prost-AdenoCA	cna73
19	1	59128983	1	1	sim82	Prost-AdenoCA	cna74
20	1	63025520	1	1	sim82	Prost-AdenoCA	cna75
21	1	48129895	2	2	sim82	Prost-AdenoCA	cna76
22	1	257846	2	2	sim82	Prost-AdenoCA	cna77
22	257847	19844299	1	0	sim82	Prost-AdenoCA	cna78
22	19844300	51304566	1	1	sim82	Prost-AdenoCA	cna79
X	1	96858081	1	1	sim82	Prost-AdenoCA	cna80
X	96858082	96922058	1	0	sim82	Prost-AdenoCA	cna81
X	96922059	154371127	1	1	sim82	Prost-AdenoCA	cna82
X	154371128	155270560	2	2	sim82	Prost-AdenoCA	cna83
Y	1	42575012	1	1	sim82	Prost-AdenoCA	cna84
Y	42575013	43431557	1	0	sim82	Prost-AdenoCA	cna85
Y	43431558	59373566	2	1	sim82	Prost-AdenoCA	cna86
