chrom	start	end	major_cn	minor_cn	donor_id	study	id
1	1	230409360	1	1	sim95	Prost-AdenoCA	cna0
1	230409361	230453709	1	0	sim95	Prost-AdenoCA	cna1
1	230453710	249250621	1	1	sim95	Prost-AdenoCA	cna2
2	1	243199373	1	1	sim95	Prost-AdenoCA	cna3
3	1	198022430	1	1	sim95	Prost-AdenoCA	cna4
4	1	190943170	1	1	sim95	Prost-AdenoCA	cna5
4	190943171	191154276	2	1	sim95	Prost-AdenoCA	cna6
5	1	180915260	1	1	sim95	Prost-AdenoCA	cna7
6	1	747872	1	1	sim95	Prost-AdenoCA	cna8
6	747873	34667136	3	1	sim95	Prost-AdenoCA	cna9
6	34667137	171115067	1	1	sim95	Prost-AdenoCA	cna10
7	1	159138663	1	1	sim95	Prost-AdenoCA	cna11
8	1	146364022	1	1	sim95	Prost-AdenoCA	cna12
9	1	115889578	1	1	sim95	Prost-AdenoCA	cna13
9	115889579	122760837	3	1	sim95	Prost-AdenoCA	cna14
9	122760838	141213431	1	1	sim95	Prost-AdenoCA	cna15
10	1	132917251	1	1	sim95	Prost-AdenoCA	cna16
10	132917252	132962257	4	2	sim95	Prost-AdenoCA	cna17
10	132962258	135534747	1	1	sim95	Prost-AdenoCA	cna18
11	1	135006516	1	1	sim95	Prost-AdenoCA	cna19
12	1	133851895	1	1	sim95	Prost-AdenoCA	cna20
13	1	115169878	1	1	sim95	Prost-AdenoCA	cna21
14	1	107349540	1	1	sim95	Prost-AdenoCA	cna22
15	1	102531392	1	1	sim95	Prost-AdenoCA	cna23
16	1	90354753	1	1	sim95	Prost-AdenoCA	cna24
17	1	1050927	0	0	sim95	Prost-AdenoCA	cna25
17	1050928	5388640	1	1	sim95	Prost-AdenoCA	cna26
17	5388641	72186702	2	1	sim95	Prost-AdenoCA	cna27
17	72186703	72200431	1	1	sim95	Prost-AdenoCA	cna28
17	72200432	81195210	2	2	sim95	Prost-AdenoCA	cna29
18	1	78077248	1	1	sim95	Prost-AdenoCA	cna30
19	1	59128983	1	1	sim95	Prost-AdenoCA	cna31
20	1	63025520	1	1	sim95	Prost-AdenoCA	cna32
21	1	11207458	1	1	sim95	Prost-AdenoCA	cna33
21	11207459	12177310	3	2	sim95	Prost-AdenoCA	cna34
21	12177311	22928444	1	1	sim95	Prost-AdenoCA	cna35
21	22928445	48129895	1	0	sim95	Prost-AdenoCA	cna36
22	1	51304566	1	0	sim95	Prost-AdenoCA	cna37
X	1	155270560	1	0	sim95	Prost-AdenoCA	cna38
Y	1	23657424	2	1	sim95	Prost-AdenoCA	cna39
Y	23657425	24313278	1	0	sim95	Prost-AdenoCA	cna40
Y	24313279	36501318	2	2	sim95	Prost-AdenoCA	cna41
Y	36501319	59373566	1	1	sim95	Prost-AdenoCA	cna42
