chrom1	start1	end1	chrom2	start2	end2	strand1	strand2	svclass	id	allele	donor_id	tumor
1	9471900	9471901	1	9491959	9491960	-	-	t2tINV	cna0	minor	sim100	Prost-AdenoCA
1	94486056	249250621	20	1	19499996	-	+	TRA	cna30,cna0	minor,major	sim100	Prost-AdenoCA
1	158768800	158768801	1	161423116	161423117	-	-	t2tINV	cna0	major	sim100	Prost-AdenoCA
1	243180155	249250621	11	80233310	135006516	-	-	TRA	cna16,cna0	minor,minor	sim100	Prost-AdenoCA
3	32821606	32821607	3	33842247	33842248	+	+	h2hINV	cna2	minor	sim100	Prost-AdenoCA
3	44424603	198022430	21	18313475	48129895	-	-	TRA	cna31,cna2	minor,minor	sim100	Prost-AdenoCA
4	1	2	4	4367570	4367571	+	-	DEL	cna3	minor	sim100	Prost-AdenoCA
4	4367571	4367572	4	8217186	8217187	-	+	DUP	cna4	major	sim100	Prost-AdenoCA
4	4367571	4367572	4	8217186	8217187	-	+	DUP	cna4	minor	sim100	Prost-AdenoCA
4	7567076	8217186	7	1	120178576	-	+	TRA	cna4,cna8	major,minor	sim100	Prost-AdenoCA
4	89149691	191154276	X	1	31676015	-	+	TRA	cna33,cna5	major,minor	sim100	Prost-AdenoCA
4	91336476	191154276	9	1	45221788	-	+	TRA	cna5,cna10	major,minor	sim100	Prost-AdenoCA
5	28982500	28982501	5	46304646	46304647	+	+	h2hINV	cna6	major	sim100	Prost-AdenoCA
5	57461100	57461101	5	64428150	64428151	+	+	h2hINV	cna6	minor	sim100	Prost-AdenoCA
5	65977800	65977801	5	65987802	65987803	+	+	h2hINV	cna6	major	sim100	Prost-AdenoCA
5	140865400	180915260	19	18001850	57654997	-	-	TRA	cna6,cna28	major,minor	sim100	Prost-AdenoCA
6	1	162595341	14	66145402	105811633	+	-	TRA	cna7,cna22	minor,minor	sim100	Prost-AdenoCA
6	142659340	142659341	6	142669344	142669345	+	+	h2hINV	cna7	major	sim100	Prost-AdenoCA
8	819210	819211	8	6115540	6115541	+	+	h2hINV	cna9	minor	sim100	Prost-AdenoCA
9	1	70363546	14	1	47812522	+	+	TRA	cna22,cna10	minor,major	sim100	Prost-AdenoCA
9	135111416	135111417	9	139001068	139001069	-	+	DUP	cna11	major	sim100	Prost-AdenoCA
9	135111416	135111417	9	139001068	139001069	-	+	DUP	cna11	minor	sim100	Prost-AdenoCA
10	14033137	14033138	10	14267175	14267176	-	+	DUP	cna14	major	sim100	Prost-AdenoCA
11	16077710	16077711	11	16198308	16198309	-	-	t2tINV	cna16	major	sim100	Prost-AdenoCA
12	1	1663295	15	85755243	102531392	+	-	TRA	cna17,cna24	major,minor	sim100	Prost-AdenoCA
12	101156194	101156195	12	101348937	101348938	-	-	t2tINV	cna17	major	sim100	Prost-AdenoCA
12	113171633	113171634	12	117039222	117039223	-	+	DUP	cna18	major	sim100	Prost-AdenoCA
12	113171633	113171634	12	117039222	117039223	-	+	DUP	cna18	minor	sim100	Prost-AdenoCA
12	119589293	119589294	12	133851895	133851896	-	+	DUP	cna20	major	sim100	Prost-AdenoCA
13	45240899	45240900	13	46202997	46202998	+	+	h2hINV	cna21	minor	sim100	Prost-AdenoCA
14	105811634	105811635	14	107349540	107349541	+	-	DEL	cna23	major	sim100	Prost-AdenoCA
14	105811634	105811635	14	107349540	107349541	+	-	DEL	cna23	minor	sim100	Prost-AdenoCA
16	75675889	75675890	16	76620203	76620204	+	+	h2hINV	cna25	minor	sim100	Prost-AdenoCA
17	18477836	18477837	17	18507896	18507897	-	-	t2tINV	cna26	major	sim100	Prost-AdenoCA
17	53559636	53559637	17	53569643	53569644	+	+	h2hINV	cna26	minor	sim100	Prost-AdenoCA
19	57654998	57654999	19	59128983	59128984	-	+	DUP	cna29	major	sim100	Prost-AdenoCA
20	1	49382596	X	44984886	67349584	+	+	TRA	cna30,cna36	major,major	sim100	Prost-AdenoCA
X	34579910	34579911	X	35042722	35042723	-	+	DUP	cna34	major	sim100	Prost-AdenoCA
X	44984886	44984887	X	141368000	141368001	+	-	DEL	cna36	minor	sim100	Prost-AdenoCA
X	144421371	144421372	X	145306643	145306644	+	-	DEL	cna38	major	sim100	Prost-AdenoCA
X	144421371	144421372	X	145306643	145306644	+	-	DEL	cna38	minor	sim100	Prost-AdenoCA
X	149753719	149753720	X	153009515	153009516	-	+	DUP	cna40	major	sim100	Prost-AdenoCA
