chrom1	start1	end1	chrom2	start2	end2	strand1	strand2	svclass	id	allele	donor_id	tumor
1	47974000	47974001	1	47984001	47984002	+	+	h2hINV	cna0	major	sim43	Prost-AdenoCA
1	88657400	88657401	1	128659950	128659951	-	-	t2tINV	cna0	major	sim43	Prost-AdenoCA
1	111835800	111835801	1	152034930	152034931	-	-	t2tINV	cna0	major	sim43	Prost-AdenoCA
1	169629600	169629601	1	169639602	169639603	+	+	h2hINV	cna0	minor	sim43	Prost-AdenoCA
1	174559700	174559701	1	175811661	175811662	-	-	t2tINV	cna0	minor	sim43	Prost-AdenoCA
2	2661479	2661480	2	10322564	10322565	+	+	h2hINV	cna1	minor	sim43	Prost-AdenoCA
2	11734779	11734780	2	16240239	16240240	-	-	t2tINV	cna1	major	sim43	Prost-AdenoCA
2	22142379	201042804	Y	1	7558800	-	+	TRA	cna1,cna70	major,major	sim43	Prost-AdenoCA
2	134664979	134664980	2	134771036	134771037	-	-	t2tINV	cna1	minor	sim43	Prost-AdenoCA
2	201042805	201042806	2	203960840	203960841	+	-	DEL	cna2	minor	sim43	Prost-AdenoCA
2	204507116	204507117	2	204525740	204525741	-	+	DUP	cna4	major	sim43	Prost-AdenoCA
2	214542277	214542278	2	215455291	215455292	+	-	DEL	cna6	major	sim43	Prost-AdenoCA
2	214542277	214542278	2	215455291	215455292	+	-	DEL	cna6	minor	sim43	Prost-AdenoCA
2	215455292	215455293	2	242708585	242708586	-	+	DUP	cna7	major	sim43	Prost-AdenoCA
2	215455292	237145380	8	1	28826272	+	+	TRA	cna7,cna28	major,minor	sim43	Prost-AdenoCA
2	227923779	227923780	2	227933785	227933786	-	-	t2tINV	cna7	minor	sim43	Prost-AdenoCA
3	1	69809807	10	54036105	83520821	+	-	TRA	cna9,cna38	major,minor	sim43	Prost-AdenoCA
3	16378706	16378707	3	16388718	16388719	-	-	t2tINV	cna9	minor	sim43	Prost-AdenoCA
3	23139606	73967023	16	54899580	89056793	-	-	TRA	cna9,cna56	minor,major	sim43	Prost-AdenoCA
3	60609206	60609207	3	99905069	99905070	+	+	h2hINV	cna9	major	sim43	Prost-AdenoCA
3	73967024	73967025	3	90611528	90611529	+	-	DEL	cna10	minor	sim43	Prost-AdenoCA
3	90611529	115573926	14	39311721	53484373	+	-	TRA	cna48,cna11	minor,minor	sim43	Prost-AdenoCA
3	136729106	136729107	3	153905400	153905401	-	-	t2tINV	cna11	minor	sim43	Prost-AdenoCA
3	143269706	143269707	3	144999115	144999116	-	-	t2tINV	cna11	major	sim43	Prost-AdenoCA
3	155462806	155462807	3	156308925	156308926	+	+	h2hINV	cna11	major	sim43	Prost-AdenoCA
3	159612306	159612307	3	159776585	159776586	-	-	t2tINV	cna11	minor	sim43	Prost-AdenoCA
3	165805206	165805207	3	173470893	173470894	-	-	t2tINV	cna11	major	sim43	Prost-AdenoCA
4	75853876	75853877	4	75863880	75863881	-	-	t2tINV	cna12	major	sim43	Prost-AdenoCA
4	154140805	159691360	15	1	30047282	-	+	TRA	cna55,cna12	major,major	sim43	Prost-AdenoCA
4	159691361	159691362	4	159874508	159874509	+	-	DEL	cna13	minor	sim43	Prost-AdenoCA
4	159874509	159874510	4	161571121	161571122	-	+	DUP	cna14	major	sim43	Prost-AdenoCA
4	162366976	191154276	8	31815933	35855820	-	+	TRA	cna15,cna30	major,minor	sim43	Prost-AdenoCA
5	22535800	22535801	5	23066985	23066986	-	-	t2tINV	cna16	minor	sim43	Prost-AdenoCA
5	43263111	43263112	5	43427803	43427804	+	-	DEL	cna17	minor	sim43	Prost-AdenoCA
5	83709900	83709901	5	83719904	83719905	+	+	h2hINV	cna18	major	sim43	Prost-AdenoCA
5	85911500	180915260	14	53484374	56587089	-	+	TRA	cna18,cna49	minor,minor	sim43	Prost-AdenoCA
6	4409202	4409203	6	4543887	4543888	-	+	DUP	cna20	major	sim43	Prost-AdenoCA
6	4543888	4543889	6	4556549	4556550	-	+	DUP	cna21	major	sim43	Prost-AdenoCA
6	4543888	4543889	6	4556549	4556550	-	+	DUP	cna21	minor	sim43	Prost-AdenoCA
6	7604740	7604741	6	13787779	13787780	-	-	t2tINV	cna22	minor	sim43	Prost-AdenoCA
6	126572240	126572241	6	128064230	128064231	-	-	t2tINV	cna22	minor	sim43	Prost-AdenoCA
6	136347140	136347141	6	136357146	136357147	-	-	t2tINV	cna22	minor	sim43	Prost-AdenoCA
6	167081416	167081417	6	168081096	168081097	+	-	DEL	cna23	major	sim43	Prost-AdenoCA
6	167081416	167081417	6	168081096	168081097	+	-	DEL	cna23	minor	sim43	Prost-AdenoCA
6	168756972	168756973	6	170743875	170743876	+	-	DEL	cna25	minor	sim43	Prost-AdenoCA
7	35691373	35691374	7	36918272	36918273	-	-	t2tINV	cna27	major	sim43	Prost-AdenoCA
7	96956673	159138663	8	89597130	122897278	-	-	TRA	cna27,cna30	major,major	sim43	Prost-AdenoCA
8	15385510	15385511	8	16228468	16228469	+	+	h2hINV	cna28	minor	sim43	Prost-AdenoCA
8	30374672	30374673	8	31815932	31815933	-	+	DUP	cna29	minor	sim43	Prost-AdenoCA
8	30374672	30374673	8	31815932	31815933	+	-	DEL	cna29	major	sim43	Prost-AdenoCA
8	36146610	36146611	8	36156622	36156623	-	-	t2tINV	cna30	minor	sim43	Prost-AdenoCA
8	50931710	50931711	8	53092283	53092284	-	-	t2tINV	cna30	minor	sim43	Prost-AdenoCA
8	64421110	64421111	8	64431117	64431118	-	-	t2tINV	cna30	major	sim43	Prost-AdenoCA
8	117566710	117566711	8	137004947	137004948	+	+	h2hINV	cna30	minor	sim43	Prost-AdenoCA
8	122897279	122897280	8	124063865	124063866	-	+	DUP	cna31	major	sim43	Prost-AdenoCA
8	124079930	124079931	8	143348031	143348032	+	-	DEL	cna33	minor	sim43	Prost-AdenoCA
8	127013010	127013011	8	127023015	127023016	-	-	t2tINV	cna33	major	sim43	Prost-AdenoCA
8	144152386	144152387	8	145326161	145326162	-	+	DUP	cna35	major	sim43	Prost-AdenoCA
9	21727488	21727489	9	21737492	21737493	+	+	h2hINV	cna37	minor	sim43	Prost-AdenoCA
10	1	46727958	18	1	45726455	+	+	TRA	cna38,cna63	major,major	sim43	Prost-AdenoCA
10	13403457	13403458	10	45477829	45477830	-	-	t2tINV	cna38	major	sim43	Prost-AdenoCA
10	13954857	13954858	10	14523654	14523655	-	-	t2tINV	cna38	minor	sim43	Prost-AdenoCA
10	50042057	50042058	10	57061191	57061192	-	-	t2tINV	cna38	major	sim43	Prost-AdenoCA
10	50052957	50052958	10	50296577	50296578	-	-	t2tINV	cna38	major	sim43	Prost-AdenoCA
10	80795948	83520821	14	1	42343622	-	+	TRA	cna48,cna38	major,major	sim43	Prost-AdenoCA
10	83520822	83520823	10	87411551	87411552	-	+	DUP	cna39	major	sim43	Prost-AdenoCA
10	83520822	83520823	10	87411551	87411552	+	-	DEL	cna39	minor	sim43	Prost-AdenoCA
10	87411552	87411553	10	88525258	88525259	-	+	DUP	cna40	major	sim43	Prost-AdenoCA
10	87411552	87411553	10	88525258	88525259	-	+	DUP	cna40	minor	sim43	Prost-AdenoCA
10	88525259	88525260	10	135534747	135534748	+	-	DEL	cna41	minor	sim43	Prost-AdenoCA
10	115189958	135534747	16	48671389	89056793	-	-	TRA	cna56,cna41	minor,minor	sim43	Prost-AdenoCA
11	62483610	62483611	11	62493610	62493611	+	+	h2hINV	cna42	minor	sim43	Prost-AdenoCA
11	88109310	135006516	Y	57944733	59373566	-	-	TRA	cna42,cna73	minor,major	sim43	Prost-AdenoCA
11	120011710	135006516	18	64312548	78077248	-	-	TRA	cna42,cna63	major,minor	sim43	Prost-AdenoCA
12	31449594	31449595	12	31459606	31459607	-	-	t2tINV	cna43	major	sim43	Prost-AdenoCA
12	33828294	33828295	12	48756457	48756458	+	+	h2hINV	cna43	minor	sim43	Prost-AdenoCA
12	33869494	33869495	12	33879508	33879509	-	-	t2tINV	cna43	major	sim43	Prost-AdenoCA
12	51456094	51456095	12	51466111	51466112	-	-	t2tINV	cna43	major	sim43	Prost-AdenoCA
12	51527994	51527995	12	51538007	51538008	-	-	t2tINV	cna43	minor	sim43	Prost-AdenoCA
12	60219094	60219095	12	61651629	61651630	+	+	h2hINV	cna43	major	sim43	Prost-AdenoCA
12	62913994	62913995	12	67517319	67517320	-	-	t2tINV	cna43	minor	sim43	Prost-AdenoCA
12	88413334	88413335	12	88437787	88437788	-	+	DUP	cna44	major	sim43	Prost-AdenoCA
13	33909699	33909700	13	33919712	33919713	-	-	t2tINV	cna46	minor	sim43	Prost-AdenoCA
13	111321225	111321226	13	115169878	115169879	-	+	DUP	cna47	major	sim43	Prost-AdenoCA
14	39452121	39452122	14	39743721	39743722	-	-	t2tINV	cna48	minor	sim43	Prost-AdenoCA
14	53484374	53484375	14	70596953	70596954	+	-	DEL	cna49	minor	sim43	Prost-AdenoCA
14	72103846	72103847	14	74600558	74600559	-	+	DUP	cna51	major	sim43	Prost-AdenoCA
14	74145421	74600558	20	1	7166415	-	+	TRA	cna51,cna65	major,minor	sim43	Prost-AdenoCA
14	74600559	74600560	14	86214801	86214802	-	+	DUP	cna52	major	sim43	Prost-AdenoCA
14	74600559	74600560	14	86214801	86214802	+	-	DEL	cna52	minor	sim43	Prost-AdenoCA
14	86214802	86214803	14	90334815	90334816	+	-	DEL	cna53	minor	sim43	Prost-AdenoCA
14	90334816	90334817	14	107349540	107349541	-	+	DUP	cna54	major	sim43	Prost-AdenoCA
15	40241681	40241682	15	43859330	43859331	+	+	h2hINV	cna55	major	sim43	Prost-AdenoCA
16	23761089	23761090	16	23771091	23771092	-	-	t2tINV	cna56	minor	sim43	Prost-AdenoCA
16	89056794	89056795	16	89247822	89247823	-	+	DUP	cna57	major	sim43	Prost-AdenoCA
16	89056794	89056795	16	89247822	89247823	+	-	DEL	cna57	minor	sim43	Prost-AdenoCA
16	89247823	89247824	16	89397581	89397582	+	-	DEL	cna58	minor	sim43	Prost-AdenoCA
16	89434973	89434974	16	90354753	90354754	-	+	DUP	cna60	major	sim43	Prost-AdenoCA
16	89434973	89434974	16	90354753	90354754	-	+	DUP	cna60	minor	sim43	Prost-AdenoCA
17	1	2	17	68853510	68853511	+	-	DEL	cna61	minor	sim43	Prost-AdenoCA
17	14770236	14770237	17	16936091	16936092	-	-	t2tINV	cna61	major	sim43	Prost-AdenoCA
17	27246736	27246737	17	27256745	27256746	-	-	t2tINV	cna61	major	sim43	Prost-AdenoCA
17	41571336	41571337	17	46785570	46785571	-	-	t2tINV	cna61	major	sim43	Prost-AdenoCA
17	49207936	49207937	17	49217945	49217946	-	-	t2tINV	cna61	major	sim43	Prost-AdenoCA
17	76441036	76441037	17	76451043	76451044	+	+	h2hINV	cna62	major	sim43	Prost-AdenoCA
18	13320526	13320527	18	13330532	13330533	+	+	h2hINV	cna63	major	sim43	Prost-AdenoCA
18	21047426	21047427	18	30875641	30875642	-	-	t2tINV	cna63	minor	sim43	Prost-AdenoCA
19	12239578	12239579	19	12249580	12249581	-	-	t2tINV	cna64	major	sim43	Prost-AdenoCA
21	47770409	47770410	21	48129895	48129896	-	+	DUP	cna67	major	sim43	Prost-AdenoCA
22	18832680	18832681	22	18842686	18842687	-	-	t2tINV	cna68	minor	sim43	Prost-AdenoCA
22	41508680	41508681	22	41518690	41518691	-	-	t2tINV	cna68	major	sim43	Prost-AdenoCA
X	3596014	3596015	X	3606023	3606024	+	+	h2hINV	cna69	major	sim43	Prost-AdenoCA
X	19237214	19237215	X	29394711	29394712	-	-	t2tINV	cna69	minor	sim43	Prost-AdenoCA
X	31672014	31672015	X	31682023	31682024	-	-	t2tINV	cna69	minor	sim43	Prost-AdenoCA
X	45232114	45232115	X	46953259	46953260	-	-	t2tINV	cna69	minor	sim43	Prost-AdenoCA
Y	1	2	Y	24555754	24555755	+	-	DEL	cna70	minor	sim43	Prost-AdenoCA
Y	25100283	25100284	Y	25324911	25324912	-	+	DUP	cna72	major	sim43	Prost-AdenoCA
Y	25100283	25100284	Y	25324911	25324912	+	-	DEL	cna72	minor	sim43	Prost-AdenoCA
