chrom	start	end	major_cn	minor_cn	donor_id	study	id
1	1	249250621	1	1	sim53	Prost-AdenoCA	cna0
2	1	243199373	1	1	sim53	Prost-AdenoCA	cna1
3	1	197880319	1	1	sim53	Prost-AdenoCA	cna2
3	197880320	197909370	0	0	sim53	Prost-AdenoCA	cna3
3	197909371	198022430	1	0	sim53	Prost-AdenoCA	cna4
4	1	115488619	1	1	sim53	Prost-AdenoCA	cna5
4	115488620	115566425	4	1	sim53	Prost-AdenoCA	cna6
4	115566426	191154276	1	1	sim53	Prost-AdenoCA	cna7
5	1	180915260	1	1	sim53	Prost-AdenoCA	cna8
6	1	171115067	1	1	sim53	Prost-AdenoCA	cna9
7	1	158871611	1	1	sim53	Prost-AdenoCA	cna10
7	158871612	159138663	1	0	sim53	Prost-AdenoCA	cna11
8	1	42154153	1	1	sim53	Prost-AdenoCA	cna12
8	42154154	146364022	2	2	sim53	Prost-AdenoCA	cna13
9	1	101773022	1	1	sim53	Prost-AdenoCA	cna14
9	101773023	141213431	2	1	sim53	Prost-AdenoCA	cna15
10	1	135534747	1	1	sim53	Prost-AdenoCA	cna16
11	1	135006516	1	1	sim53	Prost-AdenoCA	cna17
12	1	133007838	1	1	sim53	Prost-AdenoCA	cna18
12	133007839	133851895	2	2	sim53	Prost-AdenoCA	cna19
13	1	115169878	2	2	sim53	Prost-AdenoCA	cna20
14	1	107349540	2	2	sim53	Prost-AdenoCA	cna21
15	1	17277952	1	1	sim53	Prost-AdenoCA	cna22
15	17277953	17442455	2	1	sim53	Prost-AdenoCA	cna23
15	17442456	54718063	1	1	sim53	Prost-AdenoCA	cna24
15	54718064	58811854	1	0	sim53	Prost-AdenoCA	cna25
15	58811855	58823801	1	1	sim53	Prost-AdenoCA	cna26
15	58823802	59040655	2	2	sim53	Prost-AdenoCA	cna27
15	59040656	102310253	1	1	sim53	Prost-AdenoCA	cna28
15	102310254	102321705	2	1	sim53	Prost-AdenoCA	cna29
15	102321706	102345509	1	1	sim53	Prost-AdenoCA	cna30
15	102345510	102531392	1	0	sim53	Prost-AdenoCA	cna31
16	1	90354753	1	1	sim53	Prost-AdenoCA	cna32
17	1	81195210	1	1	sim53	Prost-AdenoCA	cna33
18	1	78061382	1	1	sim53	Prost-AdenoCA	cna34
18	78061383	78077248	2	0	sim53	Prost-AdenoCA	cna35
19	1	59128983	1	1	sim53	Prost-AdenoCA	cna36
20	1	55472778	1	1	sim53	Prost-AdenoCA	cna37
20	55472779	57315328	3	0	sim53	Prost-AdenoCA	cna38
20	57315329	61133517	2	0	sim53	Prost-AdenoCA	cna39
20	61133518	63025520	1	1	sim53	Prost-AdenoCA	cna40
21	1	48129895	1	1	sim53	Prost-AdenoCA	cna41
22	1	51304566	1	1	sim53	Prost-AdenoCA	cna42
X	1	155247661	1	1	sim53	Prost-AdenoCA	cna43
X	155247662	155270560	1	0	sim53	Prost-AdenoCA	cna44
Y	1	2485704	1	1	sim53	Prost-AdenoCA	cna45
Y	2485705	32532029	2	0	sim53	Prost-AdenoCA	cna46
Y	32532030	58843692	1	1	sim53	Prost-AdenoCA	cna47
Y	58843693	58853558	2	2	sim53	Prost-AdenoCA	cna48
Y	58853559	59373566	1	1	sim53	Prost-AdenoCA	cna49
