chrom	start	end	major_cn	minor_cn	donor_id	study	id
1	1	249250621	1	1	sim6	Prost-AdenoCA	cna0
2	1	227521405	1	1	sim6	Prost-AdenoCA	cna1
2	227521406	227561658	0	0	sim6	Prost-AdenoCA	cna2
2	227561659	240396570	1	0	sim6	Prost-AdenoCA	cna3
2	240396571	242405781	1	1	sim6	Prost-AdenoCA	cna4
2	242405782	242460814	3	1	sim6	Prost-AdenoCA	cna5
2	242460815	243199373	1	1	sim6	Prost-AdenoCA	cna6
3	1	133572688	1	1	sim6	Prost-AdenoCA	cna7
3	133572689	133582595	0	0	sim6	Prost-AdenoCA	cna8
3	133582596	198022430	1	1	sim6	Prost-AdenoCA	cna9
4	1	81845325	1	1	sim6	Prost-AdenoCA	cna10
4	81845326	82505917	1	0	sim6	Prost-AdenoCA	cna11
4	82505918	191061529	1	1	sim6	Prost-AdenoCA	cna12
4	191061530	191154276	1	0	sim6	Prost-AdenoCA	cna13
5	1	35063163	1	0	sim6	Prost-AdenoCA	cna14
5	35063164	180915260	1	1	sim6	Prost-AdenoCA	cna15
6	1	43896526	1	1	sim6	Prost-AdenoCA	cna16
6	43896527	47142143	2	1	sim6	Prost-AdenoCA	cna17
6	47142144	170471426	1	1	sim6	Prost-AdenoCA	cna18
6	170471427	170597858	3	1	sim6	Prost-AdenoCA	cna19
6	170597859	170608599	1	1	sim6	Prost-AdenoCA	cna20
6	170608600	171115067	2	0	sim6	Prost-AdenoCA	cna21
7	1	136223896	1	1	sim6	Prost-AdenoCA	cna22
7	136223897	138742381	0	0	sim6	Prost-AdenoCA	cna23
7	138742382	159138663	3	2	sim6	Prost-AdenoCA	cna24
8	1	54754458	1	1	sim6	Prost-AdenoCA	cna25
8	54754459	82365783	2	1	sim6	Prost-AdenoCA	cna26
8	82365784	82414822	0	0	sim6	Prost-AdenoCA	cna27
8	82414823	102750760	1	1	sim6	Prost-AdenoCA	cna28
8	102750761	102878789	2	2	sim6	Prost-AdenoCA	cna29
8	102878790	135357165	1	1	sim6	Prost-AdenoCA	cna30
8	135357166	144385181	1	0	sim6	Prost-AdenoCA	cna31
8	144385182	146364022	1	1	sim6	Prost-AdenoCA	cna32
9	1	49305931	1	1	sim6	Prost-AdenoCA	cna33
9	49305932	49738282	0	0	sim6	Prost-AdenoCA	cna34
9	49738283	52757694	2	1	sim6	Prost-AdenoCA	cna35
9	52757695	109713494	1	1	sim6	Prost-AdenoCA	cna36
9	109713495	114654835	0	0	sim6	Prost-AdenoCA	cna37
9	114654836	115293959	1	1	sim6	Prost-AdenoCA	cna38
9	115293960	116937081	1	0	sim6	Prost-AdenoCA	cna39
9	116937082	117776820	1	1	sim6	Prost-AdenoCA	cna40
9	117776821	130095425	2	0	sim6	Prost-AdenoCA	cna41
9	130095426	140930203	1	1	sim6	Prost-AdenoCA	cna42
9	140930204	141213431	1	0	sim6	Prost-AdenoCA	cna43
10	1	56476528	1	1	sim6	Prost-AdenoCA	cna44
10	56476529	95163774	1	0	sim6	Prost-AdenoCA	cna45
10	95163775	95357834	3	1	sim6	Prost-AdenoCA	cna46
10	95357835	135144689	1	1	sim6	Prost-AdenoCA	cna47
10	135144690	135534747	1	0	sim6	Prost-AdenoCA	cna48
11	1	14492286	1	0	sim6	Prost-AdenoCA	cna49
11	14492287	84516478	1	1	sim6	Prost-AdenoCA	cna50
11	84516479	84531091	2	0	sim6	Prost-AdenoCA	cna51
11	84531092	110904535	1	1	sim6	Prost-AdenoCA	cna52
11	110904536	127932113	2	0	sim6	Prost-AdenoCA	cna53
11	127932114	133325475	1	1	sim6	Prost-AdenoCA	cna54
11	133325476	135006516	1	0	sim6	Prost-AdenoCA	cna55
12	1	119737796	1	1	sim6	Prost-AdenoCA	cna56
12	119737797	119761630	1	0	sim6	Prost-AdenoCA	cna57
12	119761631	133309640	1	1	sim6	Prost-AdenoCA	cna58
12	133309641	133851895	3	1	sim6	Prost-AdenoCA	cna59
13	1	115169878	1	1	sim6	Prost-AdenoCA	cna60
14	1	13767643	1	1	sim6	Prost-AdenoCA	cna61
14	13767644	16151631	0	0	sim6	Prost-AdenoCA	cna62
14	16151632	107349540	1	1	sim6	Prost-AdenoCA	cna63
15	1	97136973	1	0	sim6	Prost-AdenoCA	cna64
15	97136974	97171293	1	1	sim6	Prost-AdenoCA	cna65
15	97171294	101737291	2	2	sim6	Prost-AdenoCA	cna66
15	101737292	102531392	1	1	sim6	Prost-AdenoCA	cna67
16	1	90354753	1	1	sim6	Prost-AdenoCA	cna68
17	1	32243119	1	1	sim6	Prost-AdenoCA	cna69
17	32243120	43673684	2	1	sim6	Prost-AdenoCA	cna70
17	43673685	46034530	2	2	sim6	Prost-AdenoCA	cna71
17	46034531	54361864	4	0	sim6	Prost-AdenoCA	cna72
17	54361865	54391747	2	2	sim6	Prost-AdenoCA	cna73
17	54391748	75918411	1	1	sim6	Prost-AdenoCA	cna74
17	75918412	78771186	1	0	sim6	Prost-AdenoCA	cna75
17	78771187	78800973	4	2	sim6	Prost-AdenoCA	cna76
17	78800974	81137248	2	1	sim6	Prost-AdenoCA	cna77
17	81137249	81195210	0	0	sim6	Prost-AdenoCA	cna78
18	1	78077248	1	1	sim6	Prost-AdenoCA	cna79
19	1	59128983	1	1	sim6	Prost-AdenoCA	cna80
20	1	63025520	1	1	sim6	Prost-AdenoCA	cna81
21	1	48129895	1	1	sim6	Prost-AdenoCA	cna82
22	1	51304566	2	1	sim6	Prost-AdenoCA	cna83
X	1	44270075	2	0	sim6	Prost-AdenoCA	cna84
X	44270076	141572544	1	1	sim6	Prost-AdenoCA	cna85
X	141572545	141742341	1	0	sim6	Prost-AdenoCA	cna86
X	141742342	148030299	1	1	sim6	Prost-AdenoCA	cna87
X	148030300	152118966	2	2	sim6	Prost-AdenoCA	cna88
X	152118967	154961451	1	1	sim6	Prost-AdenoCA	cna89
X	154961452	155270560	1	0	sim6	Prost-AdenoCA	cna90
Y	1	23493861	1	1	sim6	Prost-AdenoCA	cna91
Y	23493862	59373566	1	0	sim6	Prost-AdenoCA	cna92
