chrom1	start1	end1	chrom2	start2	end2	strand1	strand2	svclass	id	allele	donor_id	tumor
1	1	2	1	68483	68484	+	-	DEL	cna0	minor	sim58	Prost-AdenoCA
1	68484	68485	1	947784	947785	-	+	DUP	cna1	major	sim58	Prost-AdenoCA
1	68484	68485	1	947784	947785	+	-	DEL	cna1	minor	sim58	Prost-AdenoCA
1	947785	947786	1	959107	959108	+	-	DEL	cna2	minor	sim58	Prost-AdenoCA
1	25042400	25042401	1	25052406	25052407	+	+	h2hINV	cna3	major	sim58	Prost-AdenoCA
1	43272600	43272601	1	45062838	45062839	+	+	h2hINV	cna3	major	sim58	Prost-AdenoCA
1	105490762	105490763	1	105676925	105676926	+	-	DEL	cna4	minor	sim58	Prost-AdenoCA
1	105676926	105676927	1	105854599	105854600	-	+	DUP	cna5	major	sim58	Prost-AdenoCA
1	105676926	105676927	1	105854599	105854600	-	+	DUP	cna5	minor	sim58	Prost-AdenoCA
1	105854600	105854601	1	105972924	105972925	+	-	DEL	cna6	minor	sim58	Prost-AdenoCA
1	155534000	155534001	1	188017419	188017420	-	-	t2tINV	cna7	minor	sim58	Prost-AdenoCA
1	219651700	219651701	1	221848505	221848506	+	+	h2hINV	cna7	major	sim58	Prost-AdenoCA
1	235481700	249250621	2	99220241	139853348	-	-	TRA	cna7,cna8	major,major	sim58	Prost-AdenoCA
1	237546100	237546101	1	237556106	237556107	-	-	t2tINV	cna7	major	sim58	Prost-AdenoCA
2	3807279	3807280	2	7116596	7116597	-	-	t2tINV	cna8	minor	sim58	Prost-AdenoCA
2	5335679	5335680	2	5842873	5842874	+	+	h2hINV	cna8	minor	sim58	Prost-AdenoCA
2	8007279	8007280	2	14357350	14357351	-	-	t2tINV	cna8	major	sim58	Prost-AdenoCA
2	28901979	28901980	2	28911989	28911990	+	+	h2hINV	cna8	major	sim58	Prost-AdenoCA
2	124560679	124560680	2	154539275	154539276	-	-	t2tINV	cna11	minor	sim58	Prost-AdenoCA
2	127747879	127747880	2	160454060	160454061	-	-	t2tINV	cna11	major	sim58	Prost-AdenoCA
2	139853349	139853350	2	139879143	139879144	+	-	DEL	cna9	minor	sim58	Prost-AdenoCA
2	140093904	140093905	2	243199373	243199374	-	+	DUP	cna11	major	sim58	Prost-AdenoCA
2	207736479	207736480	2	210508320	210508321	-	-	t2tINV	cna11	minor	sim58	Prost-AdenoCA
2	218354579	218354580	2	232875156	232875157	-	-	t2tINV	cna11	major	sim58	Prost-AdenoCA
2	241366766	243199373	10	44071457	135534747	-	-	TRA	cna62,cna11	major,major	sim58	Prost-AdenoCA
3	1	2	3	15117504	15117505	-	+	DUP	cna12	major	sim58	Prost-AdenoCA
3	1	2	3	15117504	15117505	+	-	DEL	cna12	minor	sim58	Prost-AdenoCA
3	9373506	9373507	3	44689730	44689731	-	-	t2tINV	cna13	major	sim58	Prost-AdenoCA
3	12235606	12235607	3	14967670	14967671	-	-	t2tINV	cna12	major	sim58	Prost-AdenoCA
3	58285339	58285340	3	58340083	58340084	+	-	DEL	cna14	major	sim58	Prost-AdenoCA
3	58285339	58285340	3	58340083	58340084	+	-	DEL	cna14	minor	sim58	Prost-AdenoCA
3	58340084	58340085	3	59885055	59885056	-	+	DUP	cna15	major	sim58	Prost-AdenoCA
3	59885056	59885057	3	59983374	59983375	+	-	DEL	cna16	minor	sim58	Prost-AdenoCA
3	77024706	77024707	3	77034711	77034712	-	-	t2tINV	cna17	major	sim58	Prost-AdenoCA
3	78530706	78530707	3	114097379	114097380	-	-	t2tINV	cna24	major	sim58	Prost-AdenoCA
3	78836738	78836739	3	86280885	86280886	+	-	DEL	cna18	minor	sim58	Prost-AdenoCA
3	96808806	96808807	3	96818807	96818808	+	+	h2hINV	cna19	minor	sim58	Prost-AdenoCA
3	102106892	102106893	3	103510971	103510972	-	+	DUP	cna20	major	sim58	Prost-AdenoCA
3	110028053	110028054	3	110878170	110878171	-	+	DUP	cna22	major	sim58	Prost-AdenoCA
3	110028053	110028054	3	110878170	110878171	+	-	DEL	cna22	minor	sim58	Prost-AdenoCA
3	110878171	110878172	3	110980538	110980539	+	-	DEL	cna23	major	sim58	Prost-AdenoCA
3	110980539	110980540	3	134822746	134822747	+	-	DEL	cna24	minor	sim58	Prost-AdenoCA
3	134822747	134822748	3	173118112	173118113	-	+	DUP	cna25	major	sim58	Prost-AdenoCA
3	166003806	166003807	3	166013810	166013811	-	-	t2tINV	cna25	minor	sim58	Prost-AdenoCA
3	192321281	192321282	3	192476464	192476465	+	-	DEL	cna27	major	sim58	Prost-AdenoCA
3	192321281	192321282	3	192476464	192476465	+	-	DEL	cna27	minor	sim58	Prost-AdenoCA
4	68300876	68300877	4	71497309	71497310	-	-	t2tINV	cna29	minor	sim58	Prost-AdenoCA
4	106485376	106485377	4	111028874	111028875	-	-	t2tINV	cna29	minor	sim58	Prost-AdenoCA
4	125220576	125220577	4	125432146	125432147	-	-	t2tINV	cna29	major	sim58	Prost-AdenoCA
4	129818170	129818171	4	132403712	132403713	-	+	DUP	cna30	major	sim58	Prost-AdenoCA
4	129818170	129818171	4	132403712	132403713	-	+	DUP	cna30	minor	sim58	Prost-AdenoCA
4	132403713	132403714	4	132500028	132500029	-	+	DUP	cna31	major	sim58	Prost-AdenoCA
4	151939762	151939763	4	154578353	154578354	-	+	DUP	cna33	major	sim58	Prost-AdenoCA
4	151939762	151939763	4	154578353	154578354	-	+	DUP	cna33	minor	sim58	Prost-AdenoCA
4	176846428	176846429	4	177330370	177330371	+	-	DEL	cna35	minor	sim58	Prost-AdenoCA
4	177993716	177993717	4	178377674	178377675	+	-	DEL	cna37	major	sim58	Prost-AdenoCA
4	177993716	177993717	4	178377674	178377675	+	-	DEL	cna37	minor	sim58	Prost-AdenoCA
4	178377675	178377676	4	178399315	178399316	-	+	DUP	cna38	major	sim58	Prost-AdenoCA
4	178377675	178377676	4	178399315	178399316	+	-	DEL	cna38	minor	sim58	Prost-AdenoCA
4	178421414	178421415	4	188602500	188602501	-	+	DUP	cna40	major	sim58	Prost-AdenoCA
4	188602501	188602502	4	191154276	191154277	+	-	DEL	cna41	minor	sim58	Prost-AdenoCA
5	1647600	1647601	5	4491008	4491009	+	+	h2hINV	cna42	minor	sim58	Prost-AdenoCA
5	43354200	43354201	5	43413483	43413484	+	+	h2hINV	cna42	minor	sim58	Prost-AdenoCA
5	49716605	49716606	5	52206494	52206495	+	-	DEL	cna43	minor	sim58	Prost-AdenoCA
5	52206495	52206496	5	82577152	82577153	-	+	DUP	cna44	major	sim58	Prost-AdenoCA
5	52206495	58523301	11	11081830	40875240	+	-	TRA	cna44,cna63	minor,major	sim58	Prost-AdenoCA
6	102749840	102749841	6	119401605	119401606	-	-	t2tINV	cna46	major	sim58	Prost-AdenoCA
6	131096840	131096841	6	148942071	148942072	+	+	h2hINV	cna46	minor	sim58	Prost-AdenoCA
6	145842340	145842341	6	149587228	149587229	-	-	t2tINV	cna46	minor	sim58	Prost-AdenoCA
6	170991221	170991222	6	171115067	171115068	+	-	DEL	cna47	minor	sim58	Prost-AdenoCA
7	13380073	13380074	7	20732894	20732895	+	+	h2hINV	cna48	minor	sim58	Prost-AdenoCA
7	13509273	13509274	7	13519277	13519278	-	-	t2tINV	cna48	minor	sim58	Prost-AdenoCA
7	55241573	55241574	7	66723333	66723334	-	-	t2tINV	cna48	major	sim58	Prost-AdenoCA
7	89509473	89509474	7	94656572	94656573	+	+	h2hINV	cna48	minor	sim58	Prost-AdenoCA
7	110950786	110950787	7	143640093	143640094	+	-	DEL	cna49	minor	sim58	Prost-AdenoCA
7	136824473	136824474	7	138345586	138345587	-	-	t2tINV	cna49	major	sim58	Prost-AdenoCA
7	143749279	143749280	7	143819167	143819168	+	-	DEL	cna51	minor	sim58	Prost-AdenoCA
7	158849216	158849217	7	158872564	158872565	-	+	DUP	cna53	major	sim58	Prost-AdenoCA
7	158849216	158849217	7	158872564	158872565	-	+	DUP	cna53	minor	sim58	Prost-AdenoCA
7	158872565	158872566	7	158895924	158895925	+	-	DEL	cna54	minor	sim58	Prost-AdenoCA
8	76303245	76303246	8	76522111	76522112	-	+	DUP	cna57	major	sim58	Prost-AdenoCA
8	76303245	76303246	8	76522111	76522112	-	+	DUP	cna57	minor	sim58	Prost-AdenoCA
8	76522112	76522113	8	93772856	93772857	-	+	DUP	cna58	major	sim58	Prost-AdenoCA
8	124351986	124351987	8	146364022	146364023	+	-	DEL	cna60	minor	sim58	Prost-AdenoCA
8	129137310	129137311	8	129147316	129147317	-	-	t2tINV	cna60	major	sim58	Prost-AdenoCA
9	116488	116489	9	126500	126501	-	-	t2tINV	cna61	major	sim58	Prost-AdenoCA
9	91290088	91290089	9	110626432	110626433	+	+	h2hINV	cna61	minor	sim58	Prost-AdenoCA
10	5641757	5641758	10	5661795	5661796	+	+	h2hINV	cna62	minor	sim58	Prost-AdenoCA
10	75918557	75918558	10	105405759	105405760	-	-	t2tINV	cna62	major	sim58	Prost-AdenoCA
11	40875241	40875242	11	41478796	41478797	+	-	DEL	cna64	minor	sim58	Prost-AdenoCA
11	41478797	41478798	11	42472702	42472703	-	+	DUP	cna65	major	sim58	Prost-AdenoCA
11	41478797	41478798	11	42472702	42472703	+	-	DEL	cna65	minor	sim58	Prost-AdenoCA
11	42472703	42472704	11	42543288	42543289	+	-	DEL	cna66	minor	sim58	Prost-AdenoCA
11	62987810	62987811	11	62997870	62997871	-	-	t2tINV	cna67	minor	sim58	Prost-AdenoCA
11	69257910	69257911	11	83054839	83054840	+	+	h2hINV	cna67	minor	sim58	Prost-AdenoCA
11	81359510	81359511	11	81438223	81438224	-	-	t2tINV	cna67	major	sim58	Prost-AdenoCA
11	82988410	82988411	11	83354983	83354984	-	-	t2tINV	cna67	major	sim58	Prost-AdenoCA
12	1	36257465	14	90347521	106501919	+	-	TRA	cna82,cna68	minor,minor	sim58	Prost-AdenoCA
12	13159594	13159595	12	13169596	13169597	-	-	t2tINV	cna68	minor	sim58	Prost-AdenoCA
12	13340694	13340695	12	17499047	17499048	-	-	t2tINV	cna68	minor	sim58	Prost-AdenoCA
12	24958894	24958895	12	24968902	24968903	-	-	t2tINV	cna68	major	sim58	Prost-AdenoCA
12	54815094	54815095	12	54825103	54825104	+	+	h2hINV	cna68	minor	sim58	Prost-AdenoCA
12	68741994	68741995	12	68820479	68820480	+	+	h2hINV	cna68	major	sim58	Prost-AdenoCA
13	26518799	26518800	13	31571661	31571662	-	-	t2tINV	cna69	major	sim58	Prost-AdenoCA
13	79324856	79324857	13	79352679	79352680	+	-	DEL	cna70	major	sim58	Prost-AdenoCA
13	79352680	79352681	13	85591175	85591176	-	+	DUP	cna71	major	sim58	Prost-AdenoCA
13	79352680	79352681	13	85591175	85591176	-	+	DUP	cna71	minor	sim58	Prost-AdenoCA
13	87838451	87838452	13	88162580	88162581	+	-	DEL	cna73	major	sim58	Prost-AdenoCA
13	87838451	87838452	13	88162580	88162581	+	-	DEL	cna73	minor	sim58	Prost-AdenoCA
13	90898762	90898763	13	113710187	113710188	+	-	DEL	cna75	minor	sim58	Prost-AdenoCA
13	115109502	115109503	13	115169878	115169879	+	-	DEL	cna77	minor	sim58	Prost-AdenoCA
14	64107683	64107684	14	68927905	68927906	-	+	DUP	cna79	major	sim58	Prost-AdenoCA
14	86790323	86790324	14	86841431	86841432	-	+	DUP	cna81	major	sim58	Prost-AdenoCA
14	86841432	86841433	14	106501919	106501920	-	+	DUP	cna82	major	sim58	Prost-AdenoCA
14	106501920	106501921	14	106673408	106673409	+	-	DEL	cna83	major	sim58	Prost-AdenoCA
14	106501920	106501921	14	106673408	106673409	+	-	DEL	cna83	minor	sim58	Prost-AdenoCA
14	107194911	107194912	14	107349540	107349541	+	-	DEL	cna85	minor	sim58	Prost-AdenoCA
15	100870042	100870043	15	101240448	101240449	+	-	DEL	cna87	minor	sim58	Prost-AdenoCA
15	101240449	101240450	15	101251431	101251432	-	+	DUP	cna88	major	sim58	Prost-AdenoCA
16	1	2	16	24874939	24874940	+	-	DEL	cna90	minor	sim58	Prost-AdenoCA
16	24874940	24874941	16	47176738	47176739	-	+	DUP	cna91	major	sim58	Prost-AdenoCA
16	24874940	24874941	16	47176738	47176739	-	+	DUP	cna91	minor	sim58	Prost-AdenoCA
16	47176739	47176740	16	64473118	64473119	+	-	DEL	cna92	minor	sim58	Prost-AdenoCA
16	64473119	64473120	16	90354753	90354754	-	+	DUP	cna93	major	sim58	Prost-AdenoCA
16	64473119	64473120	16	90354753	90354754	-	+	DUP	cna93	minor	sim58	Prost-AdenoCA
16	79358389	79358390	16	79430937	79430938	-	-	t2tINV	cna93	major	sim58	Prost-AdenoCA
17	1	2	17	949231	949232	-	+	DUP	cna94	major	sim58	Prost-AdenoCA
17	54384436	54384437	17	69803460	69803461	-	-	t2tINV	cna95	minor	sim58	Prost-AdenoCA
18	72575029	72575030	18	72942250	72942251	+	-	DEL	cna97	minor	sim58	Prost-AdenoCA
18	72942251	72942252	18	78077248	78077249	-	+	DUP	cna98	major	sim58	Prost-AdenoCA
19	10556178	10556179	19	15970790	15970791	-	-	t2tINV	cna99	major	sim58	Prost-AdenoCA
20	47780095	47780096	20	49280951	49280952	+	+	h2hINV	cna100	minor	sim58	Prost-AdenoCA
20	62534404	62534405	20	62547080	62547081	-	+	DUP	cna101	major	sim58	Prost-AdenoCA
20	62547081	62547082	20	63025520	63025521	-	+	DUP	cna102	major	sim58	Prost-AdenoCA
22	24411980	24411981	22	33087411	33087412	+	+	h2hINV	cna104	major	sim58	Prost-AdenoCA
X	37413914	37413915	X	46294684	46294685	+	+	h2hINV	cna105	minor	sim58	Prost-AdenoCA
X	121531714	121531715	X	123423871	123423872	+	+	h2hINV	cna105	minor	sim58	Prost-AdenoCA
X	137507814	137507815	X	137685757	137685758	-	-	t2tINV	cna105	minor	sim58	Prost-AdenoCA
Y	58570559	58570560	Y	59373566	59373567	-	+	DUP	cna107	major	sim58	Prost-AdenoCA
