chrom	start	end	major_cn	minor_cn	donor_id	study	id
1	1	249250621	1	1	sim86	Prost-AdenoCA	cna0
2	1	243199373	1	1	sim86	Prost-AdenoCA	cna1
3	1	197793635	1	1	sim86	Prost-AdenoCA	cna2
3	197793636	198022430	1	0	sim86	Prost-AdenoCA	cna3
4	1	79019875	2	0	sim86	Prost-AdenoCA	cna4
4	79019876	191154276	1	1	sim86	Prost-AdenoCA	cna5
5	1	180915260	1	1	sim86	Prost-AdenoCA	cna6
6	1	171115067	1	1	sim86	Prost-AdenoCA	cna7
7	1	159138663	1	1	sim86	Prost-AdenoCA	cna8
8	1	146364022	1	1	sim86	Prost-AdenoCA	cna9
9	1	141213431	1	1	sim86	Prost-AdenoCA	cna10
10	1	18429426	1	1	sim86	Prost-AdenoCA	cna11
10	18429427	18530670	1	0	sim86	Prost-AdenoCA	cna12
10	18530671	26652253	1	1	sim86	Prost-AdenoCA	cna13
10	26652254	26666536	2	1	sim86	Prost-AdenoCA	cna14
10	26666537	135534747	1	1	sim86	Prost-AdenoCA	cna15
11	1	135006516	1	1	sim86	Prost-AdenoCA	cna16
12	1	133851895	1	1	sim86	Prost-AdenoCA	cna17
13	1	54288043	1	1	sim86	Prost-AdenoCA	cna18
13	54288044	54474988	1	0	sim86	Prost-AdenoCA	cna19
13	54474989	77083765	1	1	sim86	Prost-AdenoCA	cna20
13	77083766	79561378	1	0	sim86	Prost-AdenoCA	cna21
13	79561379	115169878	1	1	sim86	Prost-AdenoCA	cna22
14	1	107349540	1	1	sim86	Prost-AdenoCA	cna23
15	1	102531392	1	1	sim86	Prost-AdenoCA	cna24
16	1	90354753	1	0	sim86	Prost-AdenoCA	cna25
17	1	79432659	1	0	sim86	Prost-AdenoCA	cna26
17	79432660	81195210	1	1	sim86	Prost-AdenoCA	cna27
18	1	78077248	2	2	sim86	Prost-AdenoCA	cna28
19	1	59128983	1	1	sim86	Prost-AdenoCA	cna29
20	1	63025520	1	1	sim86	Prost-AdenoCA	cna30
21	1	48129895	1	1	sim86	Prost-AdenoCA	cna31
22	1	26300771	1	1	sim86	Prost-AdenoCA	cna32
22	26300772	26312638	2	1	sim86	Prost-AdenoCA	cna33
22	26312639	49394391	1	1	sim86	Prost-AdenoCA	cna34
22	49394392	51304566	1	0	sim86	Prost-AdenoCA	cna35
X	1	48803182	1	1	sim86	Prost-AdenoCA	cna36
X	48803183	59552814	1	0	sim86	Prost-AdenoCA	cna37
X	59552815	151922126	1	1	sim86	Prost-AdenoCA	cna38
X	151922127	151948276	0	0	sim86	Prost-AdenoCA	cna39
X	151948277	151960674	1	1	sim86	Prost-AdenoCA	cna40
X	151960675	155270560	4	1	sim86	Prost-AdenoCA	cna41
Y	1	52809579	1	1	sim86	Prost-AdenoCA	cna42
Y	52809580	54372313	5	1	sim86	Prost-AdenoCA	cna43
Y	54372314	59373566	1	1	sim86	Prost-AdenoCA	cna44
