chrom1	start1	end1	chrom2	start2	end2	strand1	strand2	svclass	id	allele	donor_id	tumor
1	5622600	5622601	1	13135736	13135737	+	+	h2hINV	cna0	minor	sim87	Prost-AdenoCA
1	7107400	7107401	1	7470225	7470226	+	+	h2hINV	cna0	major	sim87	Prost-AdenoCA
1	191167800	191167801	1	191177806	191177807	-	-	t2tINV	cna0	minor	sim87	Prost-AdenoCA
2	1	4102680	9	1	957025	+	+	TRA	cna1,cna25	minor,major	sim87	Prost-AdenoCA
2	15296109	15296110	2	16743748	16743749	-	+	DUP	cna2	major	sim87	Prost-AdenoCA
2	15296109	15296110	2	16743748	16743749	+	-	DEL	cna2	minor	sim87	Prost-AdenoCA
2	52626879	52626880	2	52636883	52636884	-	-	t2tINV	cna3	minor	sim87	Prost-AdenoCA
2	67320479	67320480	2	79193934	79193935	-	-	t2tINV	cna3	minor	sim87	Prost-AdenoCA
2	103413379	103413380	2	103512478	103512479	+	+	h2hINV	cna3	major	sim87	Prost-AdenoCA
2	107945379	107945380	2	120744993	120744994	-	-	t2tINV	cna3	minor	sim87	Prost-AdenoCA
2	138834479	138834480	2	138844489	138844490	-	-	t2tINV	cna3	major	sim87	Prost-AdenoCA
2	139024079	139024080	2	139034095	139034096	-	-	t2tINV	cna3	major	sim87	Prost-AdenoCA
2	187965079	239758545	7	78578767	159011110	-	-	TRA	cna3,cna22	major,major	sim87	Prost-AdenoCA
2	195182412	239758545	19	18689478	54252086	-	-	TRA	cna55,cna3	major,minor	sim87	Prost-AdenoCA
2	239758546	239758547	2	241336499	241336500	-	+	DUP	cna4	major	sim87	Prost-AdenoCA
2	239758546	239758547	2	241336499	241336500	+	-	DEL	cna4	minor	sim87	Prost-AdenoCA
2	241618256	241618257	2	241637095	241637096	-	+	DUP	cna6	major	sim87	Prost-AdenoCA
2	241618256	241618257	2	241637095	241637096	-	+	DUP	cna6	minor	sim87	Prost-AdenoCA
2	241637096	241637097	2	243199373	243199374	+	-	DEL	cna7	minor	sim87	Prost-AdenoCA
3	10194406	29592332	4	1	126170899	-	+	TRA	cna8,cna11	major,major	sim87	Prost-AdenoCA
3	26270806	26270807	3	28048870	28048871	+	+	h2hINV	cna8	minor	sim87	Prost-AdenoCA
3	29592333	29592334	3	198009780	198009781	-	+	DUP	cna9	major	sim87	Prost-AdenoCA
3	45170406	45170407	3	45872807	45872808	+	+	h2hINV	cna9	major	sim87	Prost-AdenoCA
3	167582106	198009780	13	51096966	69261505	-	+	TRA	cna9,cna41	major,minor	sim87	Prost-AdenoCA
3	178777806	198009780	7	150357396	159011110	-	-	TRA	cna9,cna22	major,minor	sim87	Prost-AdenoCA
3	198009781	198009782	3	198022430	198022431	-	+	DUP	cna10	major	sim87	Prost-AdenoCA
3	198009781	198009782	3	198022430	198022431	+	-	DEL	cna10	minor	sim87	Prost-AdenoCA
4	1	31653869	16	52459689	90354753	+	-	TRA	cna48,cna11	major,major	sim87	Prost-AdenoCA
4	16198776	16198777	4	16320802	16320803	+	+	h2hINV	cna11	major	sim87	Prost-AdenoCA
4	82039857	191154276	19	20939178	54252086	-	-	TRA	cna55,cna11	minor,minor	sim87	Prost-AdenoCA
5	1	105787114	21	39894775	48129895	+	-	TRA	cna59,cna12	major,minor	sim87	Prost-AdenoCA
5	27576281	176801730	18	25748161	64752727	-	+	TRA	cna54,cna12	minor,minor	sim87	Prost-AdenoCA
5	28885000	28885001	5	28895028	28895029	-	-	t2tINV	cna12	minor	sim87	Prost-AdenoCA
5	74529700	74529701	5	79980355	79980356	-	-	t2tINV	cna12	major	sim87	Prost-AdenoCA
5	77384000	77384001	5	82050555	82050556	+	+	h2hINV	cna12	major	sim87	Prost-AdenoCA
5	176801731	176801732	5	176824781	176824782	-	+	DUP	cna13	major	sim87	Prost-AdenoCA
5	178791663	178791664	5	178952997	178952998	+	-	DEL	cna15	minor	sim87	Prost-AdenoCA
5	178952998	178952999	5	180915260	180915261	-	+	DUP	cna16	major	sim87	Prost-AdenoCA
6	1	33852441	13	51096966	103082630	+	+	TRA	cna17,cna41	major,major	sim87	Prost-AdenoCA
6	55650640	55650641	6	55660646	55660647	+	+	h2hINV	cna17	minor	sim87	Prost-AdenoCA
6	95055940	95055941	6	105931724	105931725	+	+	h2hINV	cna17	major	sim87	Prost-AdenoCA
6	102903969	102903970	6	102921934	102921935	-	+	DUP	cna18	major	sim87	Prost-AdenoCA
6	102903969	102903970	6	102921934	102921935	+	-	DEL	cna18	minor	sim87	Prost-AdenoCA
6	142695340	142695341	6	151028793	151028794	+	+	h2hINV	cna19	minor	sim87	Prost-AdenoCA
6	171097118	171097119	6	171115067	171115068	+	-	DEL	cna20	minor	sim87	Prost-AdenoCA
7	1	2	7	19016269	19016270	-	+	DUP	cna21	major	sim87	Prost-AdenoCA
7	1	2	7	19016269	19016270	-	+	DUP	cna21	minor	sim87	Prost-AdenoCA
7	78577773	78577774	7	83378870	83378871	-	-	t2tINV	cna22	major	sim87	Prost-AdenoCA
7	150414273	150414274	7	150476162	150476163	+	+	h2hINV	cna22	minor	sim87	Prost-AdenoCA
7	159011111	159011112	7	159138663	159138664	-	+	DUP	cna23	major	sim87	Prost-AdenoCA
7	159011111	159011112	7	159138663	159138664	-	+	DUP	cna23	minor	sim87	Prost-AdenoCA
8	7640110	7640111	8	7650113	7650114	+	+	h2hINV	cna24	minor	sim87	Prost-AdenoCA
8	10684310	10684311	8	75540910	75540911	+	+	h2hINV	cna24	major	sim87	Prost-AdenoCA
8	53954310	53954311	8	53974343	53974344	+	+	h2hINV	cna24	minor	sim87	Prost-AdenoCA
8	101919310	101919311	8	113535295	113535296	+	+	h2hINV	cna24	minor	sim87	Prost-AdenoCA
9	21318988	21318989	9	21328990	21328991	+	+	h2hINV	cna25	major	sim87	Prost-AdenoCA
9	141195942	141195943	9	141213431	141213432	+	-	DEL	cna26	minor	sim87	Prost-AdenoCA
10	31681157	135416325	12	1	123773641	-	+	TRA	cna27,cna35	major,major	sim87	Prost-AdenoCA
10	91394557	91394558	10	120762728	120762729	+	+	h2hINV	cna27	major	sim87	Prost-AdenoCA
10	104907157	135416325	Y	1	8627620	-	+	TRA	cna27,cna65	major,minor	sim87	Prost-AdenoCA
10	135416326	135416327	10	135534747	135534748	+	-	DEL	cna28	major	sim87	Prost-AdenoCA
10	135416326	135416327	10	135534747	135534748	+	-	DEL	cna28	minor	sim87	Prost-AdenoCA
11	21272138	21272139	11	21429413	21429414	+	-	DEL	cna30	major	sim87	Prost-AdenoCA
11	21272138	21272139	11	21429413	21429414	+	-	DEL	cna30	minor	sim87	Prost-AdenoCA
11	28554110	28554111	11	28564116	28564117	-	-	t2tINV	cna31	major	sim87	Prost-AdenoCA
11	62937110	62937111	11	91028236	91028237	-	-	t2tINV	cna31	major	sim87	Prost-AdenoCA
11	94275510	94275511	11	94285517	94285518	-	-	t2tINV	cna31	major	sim87	Prost-AdenoCA
11	133153408	133153409	11	133190116	133190117	+	-	DEL	cna32	major	sim87	Prost-AdenoCA
11	133153408	133153409	11	133190116	133190117	+	-	DEL	cna32	minor	sim87	Prost-AdenoCA
11	134994690	134994691	11	135006516	135006517	+	-	DEL	cna34	minor	sim87	Prost-AdenoCA
12	32283694	133841873	Y	38187415	45609223	-	+	TRA	cna35,cna67	minor,minor	sim87	Prost-AdenoCA
12	68249994	68249995	12	68260003	68260004	-	-	t2tINV	cna35	major	sim87	Prost-AdenoCA
12	81841294	81841295	12	81851304	81851305	-	-	t2tINV	cna35	minor	sim87	Prost-AdenoCA
12	133841874	133841875	12	133851895	133851896	-	+	DUP	cna36	major	sim87	Prost-AdenoCA
12	133841874	133841875	12	133851895	133851896	-	+	DUP	cna36	minor	sim87	Prost-AdenoCA
13	1	2	13	47930244	47930245	+	-	DEL	cna37	minor	sim87	Prost-AdenoCA
13	47930245	47930246	13	50004754	50004755	-	+	DUP	cna38	major	sim87	Prost-AdenoCA
13	47930245	47930246	13	50004754	50004755	-	+	DUP	cna38	minor	sim87	Prost-AdenoCA
13	50328899	50328900	13	58147896	58147897	-	-	t2tINV	cna41	major	sim87	Prost-AdenoCA
13	51051358	51051359	13	51096965	51096966	+	-	DEL	cna40	major	sim87	Prost-AdenoCA
13	51051358	51051359	13	51096965	51096966	+	-	DEL	cna40	minor	sim87	Prost-AdenoCA
14	22227621	22227622	14	63009485	63009486	+	+	h2hINV	cna42	minor	sim87	Prost-AdenoCA
14	101294369	101294370	14	101305401	101305402	+	-	DEL	cna43	minor	sim87	Prost-AdenoCA
14	101533276	101533277	14	102084780	102084781	-	+	DUP	cna45	major	sim87	Prost-AdenoCA
14	101533276	101533277	14	102084780	102084781	-	+	DUP	cna45	minor	sim87	Prost-AdenoCA
15	1	44242282	X	19322684	107134419	+	-	TRA	cna47,cna61	major,minor	sim87	Prost-AdenoCA
17	33798444	33798445	17	81195210	81195211	+	-	DEL	cna50	minor	sim87	Prost-AdenoCA
18	1	2	18	24916173	24916174	+	-	DEL	cna51	minor	sim87	Prost-AdenoCA
18	24916174	24916175	18	25083712	25083713	-	+	DUP	cna52	major	sim87	Prost-AdenoCA
18	24916174	24916175	18	25083712	25083713	-	+	DUP	cna52	minor	sim87	Prost-AdenoCA
18	25083713	25083714	18	25748160	25748161	-	+	DUP	cna53	major	sim87	Prost-AdenoCA
18	25083713	25083714	18	25748160	25748161	-	+	DUP	cna53	minor	sim87	Prost-AdenoCA
18	25748161	25748162	18	78077248	78077249	-	+	DUP	cna54	major	sim87	Prost-AdenoCA
18	62081026	62081027	18	62222738	62222739	-	-	t2tINV	cna54	minor	sim87	Prost-AdenoCA
19	54252087	54252088	19	55888406	55888407	+	-	DEL	cna56	minor	sim87	Prost-AdenoCA
19	55888407	55888408	19	59128983	59128984	-	+	DUP	cna57	major	sim87	Prost-AdenoCA
19	55888407	55888408	19	59128983	59128984	+	-	DEL	cna57	minor	sim87	Prost-AdenoCA
22	33361980	33361981	22	33837650	33837651	-	-	t2tINV	cna60	major	sim87	Prost-AdenoCA
X	75525314	75525315	X	83526535	83526536	-	-	t2tINV	cna61	major	sim87	Prost-AdenoCA
X	107134420	107134421	X	136427050	136427051	-	+	DUP	cna62	major	sim87	Prost-AdenoCA
X	107134420	107134421	X	136427050	136427051	-	+	DUP	cna62	minor	sim87	Prost-AdenoCA
X	136427051	136427052	X	137002580	137002581	+	-	DEL	cna63	minor	sim87	Prost-AdenoCA
Y	37904818	37904819	Y	38187414	38187415	+	-	DEL	cna66	minor	sim87	Prost-AdenoCA
Y	57684833	57684834	Y	57703303	57703304	-	+	DUP	cna68	major	sim87	Prost-AdenoCA
Y	57961816	57961817	Y	57980312	57980313	-	+	DUP	cna70	major	sim87	Prost-AdenoCA
Y	57961816	57961817	Y	57980312	57980313	+	-	DEL	cna70	minor	sim87	Prost-AdenoCA
Y	57980313	57980314	Y	59373566	59373567	-	+	DUP	cna71	major	sim87	Prost-AdenoCA
