chrom	start	end	major_cn	minor_cn	donor_id	study	id
1	1	19534	2	1	sim75	Prost-AdenoCA	cna0
1	19535	164854	0	0	sim75	Prost-AdenoCA	cna1
1	164855	138067392	1	1	sim75	Prost-AdenoCA	cna2
1	138067393	138373548	1	0	sim75	Prost-AdenoCA	cna3
1	138373549	247009592	1	1	sim75	Prost-AdenoCA	cna4
1	247009593	248945632	1	0	sim75	Prost-AdenoCA	cna5
1	248945633	248965115	2	0	sim75	Prost-AdenoCA	cna6
1	248965116	249250621	1	0	sim75	Prost-AdenoCA	cna7
2	1	70047768	1	1	sim75	Prost-AdenoCA	cna8
2	70047769	78948179	1	0	sim75	Prost-AdenoCA	cna9
2	78948180	128838645	1	1	sim75	Prost-AdenoCA	cna10
2	128838646	128858305	0	0	sim75	Prost-AdenoCA	cna11
2	128858306	147314167	1	1	sim75	Prost-AdenoCA	cna12
2	147314168	150919453	1	0	sim75	Prost-AdenoCA	cna13
2	150919454	239128612	1	1	sim75	Prost-AdenoCA	cna14
2	239128613	242090103	2	1	sim75	Prost-AdenoCA	cna15
2	242090104	242158496	0	0	sim75	Prost-AdenoCA	cna16
2	242158497	243189549	1	1	sim75	Prost-AdenoCA	cna17
2	243189550	243199373	2	2	sim75	Prost-AdenoCA	cna18
3	1	1717839	2	0	sim75	Prost-AdenoCA	cna19
3	1717840	66439858	1	1	sim75	Prost-AdenoCA	cna20
3	66439859	89514813	3	1	sim75	Prost-AdenoCA	cna21
3	89514814	91057141	0	1	sim75	Prost-AdenoCA	cna22
3	91057142	91736008	1	0	sim75	Prost-AdenoCA	cna23
3	91736009	98237030	3	0	sim75	Prost-AdenoCA	cna24
3	98237031	105841301	1	0	sim75	Prost-AdenoCA	cna25
3	105841302	105869108	2	1	sim75	Prost-AdenoCA	cna26
3	105869109	106189170	3	2	sim75	Prost-AdenoCA	cna27
3	106189171	108867399	1	1	sim75	Prost-AdenoCA	cna28
3	108867400	115959284	1	0	sim75	Prost-AdenoCA	cna29
3	115959285	117302513	1	1	sim75	Prost-AdenoCA	cna30
3	117302514	117851920	1	0	sim75	Prost-AdenoCA	cna31
3	117851921	117866000	0	0	sim75	Prost-AdenoCA	cna32
3	117866001	137435986	1	1	sim75	Prost-AdenoCA	cna33
3	137435987	137450066	2	0	sim75	Prost-AdenoCA	cna34
3	137450067	137514662	2	1	sim75	Prost-AdenoCA	cna35
3	137514663	165163326	2	0	sim75	Prost-AdenoCA	cna36
3	165163327	198022430	1	1	sim75	Prost-AdenoCA	cna37
4	1	48134550	1	1	sim75	Prost-AdenoCA	cna38
4	48134551	49222711	2	1	sim75	Prost-AdenoCA	cna39
4	49222712	49626267	2	0	sim75	Prost-AdenoCA	cna40
4	49626268	108548679	1	1	sim75	Prost-AdenoCA	cna41
4	108548680	109598278	2	0	sim75	Prost-AdenoCA	cna42
4	109598279	130000409	2	2	sim75	Prost-AdenoCA	cna43
4	130000410	189644119	1	1	sim75	Prost-AdenoCA	cna44
4	189644120	189697028	0	1	sim75	Prost-AdenoCA	cna45
4	189697029	191100017	1	0	sim75	Prost-AdenoCA	cna46
4	191100018	191154276	3	0	sim75	Prost-AdenoCA	cna47
5	1	83776597	1	1	sim75	Prost-AdenoCA	cna48
5	83776598	83789039	2	1	sim75	Prost-AdenoCA	cna49
5	83789040	140457301	1	1	sim75	Prost-AdenoCA	cna50
5	140457302	158933564	1	0	sim75	Prost-AdenoCA	cna51
5	158933565	163594063	1	1	sim75	Prost-AdenoCA	cna52
5	163594064	165380830	2	1	sim75	Prost-AdenoCA	cna53
5	165380831	165393238	2	0	sim75	Prost-AdenoCA	cna54
5	165393239	165815251	3	1	sim75	Prost-AdenoCA	cna55
5	165815252	170569834	1	0	sim75	Prost-AdenoCA	cna56
5	170569835	180915260	1	1	sim75	Prost-AdenoCA	cna57
6	1	82437321	1	1	sim75	Prost-AdenoCA	cna58
6	82437322	82994522	0	0	sim75	Prost-AdenoCA	cna59
6	82994523	83307781	1	0	sim75	Prost-AdenoCA	cna60
6	83307782	83681065	1	1	sim75	Prost-AdenoCA	cna61
6	83681066	83829856	4	2	sim75	Prost-AdenoCA	cna62
6	83829857	88161607	2	1	sim75	Prost-AdenoCA	cna63
6	88161608	89218513	1	1	sim75	Prost-AdenoCA	cna64
6	89218514	90197025	1	0	sim75	Prost-AdenoCA	cna65
6	90197026	91583259	2	0	sim75	Prost-AdenoCA	cna66
6	91583260	171061116	2	1	sim75	Prost-AdenoCA	cna67
6	171061117	171105503	4	2	sim75	Prost-AdenoCA	cna68
6	171105504	171115067	2	1	sim75	Prost-AdenoCA	cna69
7	1	41202348	2	1	sim75	Prost-AdenoCA	cna70
7	41202349	43016000	1	0	sim75	Prost-AdenoCA	cna71
7	43016001	159138663	1	1	sim75	Prost-AdenoCA	cna72
8	1	133606114	1	1	sim75	Prost-AdenoCA	cna73
8	133606115	139393416	7	1	sim75	Prost-AdenoCA	cna74
8	139393417	140253173	2	2	sim75	Prost-AdenoCA	cna75
8	140253174	140302151	2	1	sim75	Prost-AdenoCA	cna76
8	140302152	146179891	1	1	sim75	Prost-AdenoCA	cna77
8	146179892	146200048	0	0	sim75	Prost-AdenoCA	cna78
8	146200049	146364022	1	0	sim75	Prost-AdenoCA	cna79
9	1	141213431	1	1	sim75	Prost-AdenoCA	cna80
10	1	21745887	1	1	sim75	Prost-AdenoCA	cna81
10	21745888	24802540	5	2	sim75	Prost-AdenoCA	cna82
10	24802541	29523273	1	1	sim75	Prost-AdenoCA	cna83
10	29523274	36622781	2	0	sim75	Prost-AdenoCA	cna84
10	36622782	36935242	1	0	sim75	Prost-AdenoCA	cna85
10	36935243	36955417	4	1	sim75	Prost-AdenoCA	cna86
10	36955418	93168066	1	1	sim75	Prost-AdenoCA	cna87
10	93168067	93491883	3	2	sim75	Prost-AdenoCA	cna88
10	93491884	135534747	1	1	sim75	Prost-AdenoCA	cna89
11	1	135006516	1	1	sim75	Prost-AdenoCA	cna90
12	1	106290533	1	1	sim75	Prost-AdenoCA	cna91
12	106290534	110295452	2	1	sim75	Prost-AdenoCA	cna92
12	110295453	111721917	2	0	sim75	Prost-AdenoCA	cna93
12	111721918	112002096	1	0	sim75	Prost-AdenoCA	cna94
12	112002097	133851895	4	3	sim75	Prost-AdenoCA	cna95
13	1	115169878	1	1	sim75	Prost-AdenoCA	cna96
14	1	1795236	1	1	sim75	Prost-AdenoCA	cna97
14	1795237	1950822	2	1	sim75	Prost-AdenoCA	cna98
14	1950823	4277529	2	2	sim75	Prost-AdenoCA	cna99
14	4277530	6970315	3	2	sim75	Prost-AdenoCA	cna100
14	6970316	12553194	2	2	sim75	Prost-AdenoCA	cna101
14	12553195	40707835	2	1	sim75	Prost-AdenoCA	cna102
14	40707836	107349540	1	1	sim75	Prost-AdenoCA	cna103
15	1	56941955	1	0	sim75	Prost-AdenoCA	cna104
15	56941956	58372003	1	1	sim75	Prost-AdenoCA	cna105
15	58372004	58595005	4	1	sim75	Prost-AdenoCA	cna106
15	58595006	101487552	1	1	sim75	Prost-AdenoCA	cna107
15	101487553	102531392	2	1	sim75	Prost-AdenoCA	cna108
16	1	89540324	1	1	sim75	Prost-AdenoCA	cna109
16	89540325	90354753	1	0	sim75	Prost-AdenoCA	cna110
17	1	74022780	1	1	sim75	Prost-AdenoCA	cna111
17	74022781	81195210	3	0	sim75	Prost-AdenoCA	cna112
18	1	6301530	2	2	sim75	Prost-AdenoCA	cna113
18	6301531	11383170	1	1	sim75	Prost-AdenoCA	cna114
18	11383171	12488117	1	0	sim75	Prost-AdenoCA	cna115
18	12488118	17990741	5	2	sim75	Prost-AdenoCA	cna116
18	17990742	18029847	1	0	sim75	Prost-AdenoCA	cna117
18	18029848	18076202	0	0	sim75	Prost-AdenoCA	cna118
18	18076203	78067741	1	1	sim75	Prost-AdenoCA	cna119
18	78067742	78077248	1	0	sim75	Prost-AdenoCA	cna120
19	1	14228283	1	1	sim75	Prost-AdenoCA	cna121
19	14228284	14418314	2	0	sim75	Prost-AdenoCA	cna122
19	14418315	15259624	0	2	sim75	Prost-AdenoCA	cna123
19	15259625	59128983	1	1	sim75	Prost-AdenoCA	cna124
20	1	63025520	1	1	sim75	Prost-AdenoCA	cna125
21	1	48129895	1	1	sim75	Prost-AdenoCA	cna126
22	1	51304566	1	1	sim75	Prost-AdenoCA	cna127
X	1	152775729	1	1	sim75	Prost-AdenoCA	cna128
X	152775730	153227899	0	0	sim75	Prost-AdenoCA	cna129
X	153227900	153247809	2	2	sim75	Prost-AdenoCA	cna130
X	153247810	153633832	1	1	sim75	Prost-AdenoCA	cna131
X	153633833	155270560	2	1	sim75	Prost-AdenoCA	cna132
Y	1	33524064	1	1	sim75	Prost-AdenoCA	cna133
Y	33524065	33889867	2	2	sim75	Prost-AdenoCA	cna134
Y	33889868	40561423	1	1	sim75	Prost-AdenoCA	cna135
Y	40561424	54710530	2	0	sim75	Prost-AdenoCA	cna136
Y	54710531	54905623	1	1	sim75	Prost-AdenoCA	cna137
Y	54905624	59373566	1	0	sim75	Prost-AdenoCA	cna138
