chrom1	start1	end1	chrom2	start2	end2	strand1	strand2	svclass	id	allele	donor_id	tumor
1	1	228638601	6	23913925	130940427	+	-	TRA	cna0,cna6	major,major	sim90	Prost-AdenoCA
1	1	62158999	14	102011821	107349540	+	-	TRA	cna25,cna0	minor,major	sim90	Prost-AdenoCA
1	35893600	35893601	1	35966358	35966359	-	-	t2tINV	cna0	major	sim90	Prost-AdenoCA
2	1	2	2	74264789	74264790	-	+	DUP	cna1	major	sim90	Prost-AdenoCA
3	1	136247507	7	107613971	159138663	+	-	TRA	cna3,cna9	minor,major	sim90	Prost-AdenoCA
5	1	142107701	10	1	12070941	+	+	TRA	cna5,cna12	minor,minor	sim90	Prost-AdenoCA
5	26223600	180915260	10	55507881	135534747	-	-	TRA	cna5,cna16	major,major	sim90	Prost-AdenoCA
6	1	26905327	17	1	11330837	+	+	TRA	cna31,cna6	minor,major	sim90	Prost-AdenoCA
6	130940428	130940429	6	149475428	149475429	-	+	DUP	cna7	major	sim90	Prost-AdenoCA
6	130940428	130940429	6	149475428	149475429	+	-	DEL	cna7	minor	sim90	Prost-AdenoCA
8	132301910	132301911	8	132311915	132311916	-	-	t2tINV	cna10	major	sim90	Prost-AdenoCA
9	337188	337189	9	357241	357242	+	+	h2hINV	cna11	major	sim90	Prost-AdenoCA
9	28360788	28360789	9	61670607	61670608	-	-	t2tINV	cna11	minor	sim90	Prost-AdenoCA
9	105491888	141213431	Y	10250118	12102569	-	+	TRA	cna11,cna46	minor,major	sim90	Prost-AdenoCA
10	28462186	28462187	10	30479672	30479673	+	-	DEL	cna13	minor	sim90	Prost-AdenoCA
10	30782615	30782616	10	48329558	48329559	-	+	DUP	cna15	major	sim90	Prost-AdenoCA
10	30782615	30782616	10	48329558	48329559	+	-	DEL	cna15	minor	sim90	Prost-AdenoCA
10	53146557	135534747	13	58111904	91340991	-	+	TRA	cna16,cna23	minor,major	sim90	Prost-AdenoCA
11	54958510	54958511	11	84115978	84115979	-	-	t2tINV	cna17	minor	sim90	Prost-AdenoCA
12	84893818	84893819	12	84940086	84940087	-	+	DUP	cna19	major	sim90	Prost-AdenoCA
12	84893818	84893819	12	84940086	84940087	-	+	DUP	cna19	minor	sim90	Prost-AdenoCA
13	49083999	58095980	19	4518336	59128983	-	-	TRA	cna21,cna33	minor,minor	sim90	Prost-AdenoCA
13	58095981	58095982	13	58111903	58111904	-	+	DUP	cna22	major	sim90	Prost-AdenoCA
13	103388050	103388051	13	115169878	115169879	-	+	DUP	cna24	major	sim90	Prost-AdenoCA
16	1	2	16	38394142	38394143	-	+	DUP	cna27	major	sim90	Prost-AdenoCA
16	90028393	90028394	16	90120020	90120021	+	-	DEL	cna29	major	sim90	Prost-AdenoCA
16	90028393	90028394	16	90120020	90120021	+	-	DEL	cna29	minor	sim90	Prost-AdenoCA
18	1	2	18	78077248	78077249	-	+	DUP	cna32	major	sim90	Prost-AdenoCA
19	1	2	19	59128983	59128984	-	+	DUP	cna33	major	sim90	Prost-AdenoCA
20	40940493	40940494	20	50823160	50823161	-	+	DUP	cna35	major	sim90	Prost-AdenoCA
22	50062180	50062181	22	51304566	51304567	+	-	DEL	cna39	minor	sim90	Prost-AdenoCA
X	51396103	51396104	X	99777910	99777911	-	+	DUP	cna41	major	sim90	Prost-AdenoCA
X	79864314	79864315	X	79874318	79874319	-	-	t2tINV	cna41	major	sim90	Prost-AdenoCA
X	155196064	155196065	X	155270560	155270561	+	-	DEL	cna43	minor	sim90	Prost-AdenoCA
Y	1385292	1385293	Y	10250117	10250118	+	-	DEL	cna45	minor	sim90	Prost-AdenoCA
Y	28589385	28589386	Y	28859859	28859860	-	+	DUP	cna47	major	sim90	Prost-AdenoCA
