chrom1	start1	end1	chrom2	start2	end2	strand1	strand2	svclass	id	allele	donor_id	tumor
1	1	37128249	7	1	150942174	+	+	TRA	cna13,cna0	major,major	sim68	Prost-AdenoCA
1	67971881	67971882	1	78379748	78379749	+	-	DEL	cna1	minor	sim68	Prost-AdenoCA
2	1	62738880	4	188506631	190226978	+	+	TRA	cna3,cna8	minor,minor	sim68	Prost-AdenoCA
2	156051079	156051080	2	156351358	156351359	-	-	t2tINV	cna3	minor	sim68	Prost-AdenoCA
2	211617579	211617580	2	220229757	220229758	-	-	t2tINV	cna3	major	sim68	Prost-AdenoCA
3	182132379	198022430	16	1	22798890	-	+	TRA	cna43,cna4	major,minor	sim68	Prost-AdenoCA
4	91100076	117854282	8	1	139381955	-	+	TRA	cna5,cna15	major,minor	sim68	Prost-AdenoCA
4	117854283	117854284	4	117885780	117885781	-	+	DUP	cna6	major	sim68	Prost-AdenoCA
4	117885781	117885782	4	188506630	188506631	-	+	DUP	cna7	major	sim68	Prost-AdenoCA
4	117885781	117885782	4	188506630	188506631	-	+	DUP	cna7	minor	sim68	Prost-AdenoCA
4	164626376	164626377	4	166516620	166516621	+	+	h2hINV	cna7	minor	sim68	Prost-AdenoCA
5	1	6402201	14	102272447	102385021	+	+	TRA	cna9,cna32	minor,major	sim68	Prost-AdenoCA
5	15078700	15078701	5	56518482	56518483	+	+	h2hINV	cna9	minor	sim68	Prost-AdenoCA
5	58554954	58554955	5	58569243	58569244	-	+	DUP	cna10	major	sim68	Prost-AdenoCA
5	160590800	180915260	9	1	48562462	-	+	TRA	cna11,cna16	minor,major	sim68	Prost-AdenoCA
6	50610340	50610341	6	52386775	52386776	+	+	h2hINV	cna12	major	sim68	Prost-AdenoCA
7	156705891	156705892	7	159138663	159138664	-	+	DUP	cna14	major	sim68	Prost-AdenoCA
8	39679110	39679111	8	40721158	40721159	-	-	t2tINV	cna15	minor	sim68	Prost-AdenoCA
10	24488841	24488842	10	24645795	24645796	-	+	DUP	cna18	major	sim68	Prost-AdenoCA
10	24488841	24488842	10	24645795	24645796	-	+	DUP	cna18	minor	sim68	Prost-AdenoCA
10	24645796	87954558	16	3015326	68071274	+	-	TRA	cna19,cna43	minor,minor	sim68	Prost-AdenoCA
11	22097081	22097082	11	22879168	22879169	-	+	DUP	cna21	major	sim68	Prost-AdenoCA
11	118154017	118154018	11	134347557	134347558	-	+	DUP	cna23	major	sim68	Prost-AdenoCA
11	118154017	118154018	11	134347557	134347558	-	+	DUP	cna23	minor	sim68	Prost-AdenoCA
11	134347558	134347559	11	135006516	135006517	+	-	DEL	cna24	minor	sim68	Prost-AdenoCA
12	60983694	60983695	12	61003696	61003697	+	+	h2hINV	cna25	major	sim68	Prost-AdenoCA
13	13262364	13262365	13	14616452	14616453	+	-	DEL	cna27	minor	sim68	Prost-AdenoCA
13	14907694	14907695	13	14918293	14918294	+	-	DEL	cna29	minor	sim68	Prost-AdenoCA
13	34440199	115169878	X	62237095	155270560	-	-	TRA	cna30,cna58	minor,major	sim68	Prost-AdenoCA
14	102272447	102272448	14	104139146	104139147	-	+	DUP	cna32	major	sim68	Prost-AdenoCA
14	105714637	105714638	14	105738352	105738353	+	-	DEL	cna34	minor	sim68	Prost-AdenoCA
15	55863545	55863546	15	55942485	55942486	+	-	DEL	cna37	major	sim68	Prost-AdenoCA
15	55863545	55863546	15	55942485	55942486	+	-	DEL	cna37	minor	sim68	Prost-AdenoCA
15	93183828	93183829	15	95677637	95677638	+	-	DEL	cna39	minor	sim68	Prost-AdenoCA
15	99588855	99588856	15	102514841	102514842	-	+	DUP	cna41	major	sim68	Prost-AdenoCA
16	68071275	68071276	16	72970336	72970337	-	+	DUP	cna44	major	sim68	Prost-AdenoCA
17	29966032	29966033	17	30885286	30885287	-	+	DUP	cna47	major	sim68	Prost-AdenoCA
17	30885287	30885288	17	43333337	43333338	-	+	DUP	cna48	major	sim68	Prost-AdenoCA
17	30885287	30885288	17	43333337	43333338	-	+	DUP	cna48	minor	sim68	Prost-AdenoCA
17	50350708	50350709	17	50971725	50971726	-	+	DUP	cna50	major	sim68	Prost-AdenoCA
17	50971726	50971727	17	56632501	56632502	-	+	DUP	cna51	major	sim68	Prost-AdenoCA
17	50971726	50971727	17	56632501	56632502	+	-	DEL	cna51	minor	sim68	Prost-AdenoCA
18	1	2	18	78077248	78077249	+	-	DEL	cna53	minor	sim68	Prost-AdenoCA
18	42410026	42410027	18	42737702	42737703	+	+	h2hINV	cna53	major	sim68	Prost-AdenoCA
19	1	2	19	59128983	59128984	-	+	DUP	cna54	major	sim68	Prost-AdenoCA
22	1	2	22	51304566	51304567	-	+	DUP	cna57	major	sim68	Prost-AdenoCA
22	1	2	22	51304566	51304567	-	+	DUP	cna57	minor	sim68	Prost-AdenoCA
22	23971480	23971481	22	23990669	23990670	-	-	t2tINV	cna57	minor	sim68	Prost-AdenoCA
X	1	2	X	155270560	155270561	-	+	DUP	cna58	major	sim68	Prost-AdenoCA
X	1	2	X	155270560	155270561	-	+	DUP	cna58	minor	sim68	Prost-AdenoCA
Y	17163936	17163937	Y	22223546	22223547	-	+	DUP	cna60	major	sim68	Prost-AdenoCA
Y	17163936	17163937	Y	22223546	22223547	+	-	DEL	cna60	minor	sim68	Prost-AdenoCA
Y	22386712	22386713	Y	22718313	22718314	+	-	DEL	cna62	major	sim68	Prost-AdenoCA
Y	22386712	22386713	Y	22718313	22718314	+	-	DEL	cna62	minor	sim68	Prost-AdenoCA
