chrom1	start1	end1	chrom2	start2	end2	strand1	strand2	svclass	id	allele	donor_id	tumor
1	39931400	39931401	1	39951600	39951601	+	+	h2hINV	cna0	major	sim37	Prost-AdenoCA
1	56312300	56312301	1	97394523	97394524	+	+	h2hINV	cna0	minor	sim37	Prost-AdenoCA
2	210040779	210040780	2	211075916	211075917	-	-	t2tINV	cna1	minor	sim37	Prost-AdenoCA
2	216655429	243199373	12	121375854	133257295	-	+	TRA	cna19,cna1	minor,minor	sim37	Prost-AdenoCA
3	1	2	3	11082686	11082687	-	+	DUP	cna2	major	sim37	Prost-AdenoCA
3	50875306	50875307	3	50885309	50885310	-	-	t2tINV	cna3	minor	sim37	Prost-AdenoCA
3	154738006	154738007	3	154768237	154768238	-	-	t2tINV	cna3	minor	sim37	Prost-AdenoCA
3	185307706	198022430	6	28185971	66440939	-	+	TRA	cna3,cna7	major,minor	sim37	Prost-AdenoCA
4	1	7977960	12	9468194	112451343	+	-	TRA	cna17,cna4	major,minor	sim37	Prost-AdenoCA
4	1720576	1720577	4	2157443	2157444	-	-	t2tINV	cna4	minor	sim37	Prost-AdenoCA
4	150180076	150180077	4	150190079	150190080	-	-	t2tINV	cna4	minor	sim37	Prost-AdenoCA
5	175382500	180915260	14	56324532	107349540	-	-	TRA	cna5,cna23	minor,major	sim37	Prost-AdenoCA
6	1	2	6	28185970	28185971	-	+	DUP	cna6	major	sim37	Prost-AdenoCA
6	1	2	6	28185970	28185971	+	-	DEL	cna6	minor	sim37	Prost-AdenoCA
6	40055640	40055641	6	40786849	40786850	+	+	h2hINV	cna7	major	sim37	Prost-AdenoCA
6	111544240	111544241	6	115400191	115400192	-	-	t2tINV	cna7	minor	sim37	Prost-AdenoCA
6	155542540	155542541	6	155616807	155616808	+	+	h2hINV	cna7	major	sim37	Prost-AdenoCA
6	171095692	171095693	6	171115067	171115068	-	+	DUP	cna8	major	sim37	Prost-AdenoCA
6	171095692	171095693	6	171115067	171115068	-	+	DUP	cna8	minor	sim37	Prost-AdenoCA
7	1	64614009	16	78960389	90354753	+	-	TRA	cna25,cna9	major,minor	sim37	Prost-AdenoCA
7	11421373	11421374	7	37979743	37979744	+	+	h2hINV	cna9	major	sim37	Prost-AdenoCA
7	95999173	157000550	9	40493167	139338184	-	-	TRA	cna9,cna13	major,major	sim37	Prost-AdenoCA
7	157000551	157000552	7	157458243	157458244	+	-	DEL	cna10	minor	sim37	Prost-AdenoCA
8	58528110	58528111	8	58548169	58548170	+	+	h2hINV	cna12	minor	sim37	Prost-AdenoCA
8	86977310	86977311	8	95543905	95543906	-	-	t2tINV	cna12	minor	sim37	Prost-AdenoCA
8	98779710	146364022	20	1	41795113	-	+	TRA	cna12,cna29	minor,minor	sim37	Prost-AdenoCA
9	1	28002589	15	1	5274253	+	+	TRA	cna13,cna24	major,major	sim37	Prost-AdenoCA
9	72173788	72173789	9	72183803	72183804	-	-	t2tINV	cna13	minor	sim37	Prost-AdenoCA
9	139338185	139338186	9	141213431	141213432	+	-	DEL	cna14	minor	sim37	Prost-AdenoCA
11	83434610	83434611	11	83444614	83444615	-	-	t2tINV	cna16	minor	sim37	Prost-AdenoCA
12	54475794	54475795	12	58759877	58759878	-	-	t2tINV	cna17	minor	sim37	Prost-AdenoCA
12	112451344	112451345	12	121375853	121375854	+	-	DEL	cna18	minor	sim37	Prost-AdenoCA
13	88819799	88819800	13	88829806	88829807	+	+	h2hINV	cna20	major	sim37	Prost-AdenoCA
13	113280562	113280563	13	114973966	114973967	+	-	DEL	cna21	minor	sim37	Prost-AdenoCA
14	41451521	41451522	14	41619414	41619415	-	-	t2tINV	cna23	minor	sim37	Prost-AdenoCA
16	78408489	90354753	Y	55726225	58295131	-	-	TRA	cna25,cna40	minor,major	sim37	Prost-AdenoCA
20	60454563	60454564	20	63025520	63025521	-	+	DUP	cna30	major	sim37	Prost-AdenoCA
20	60454563	60454564	20	63025520	63025521	-	+	DUP	cna30	minor	sim37	Prost-AdenoCA
21	23041175	23041176	21	23051187	23051188	+	+	h2hINV	cna31	major	sim37	Prost-AdenoCA
X	7223014	7223015	X	7253655	7253656	-	-	t2tINV	cna33	minor	sim37	Prost-AdenoCA
X	14198286	14198287	X	14390223	14390224	+	-	DEL	cna34	minor	sim37	Prost-AdenoCA
X	155241732	155241733	X	155270560	155270561	-	+	DUP	cna36	major	sim37	Prost-AdenoCA
Y	13074261	13074262	Y	50488245	50488246	-	+	DUP	cna38	major	sim37	Prost-AdenoCA
Y	13074261	13074262	Y	50488245	50488246	-	+	DUP	cna38	minor	sim37	Prost-AdenoCA
Y	52053173	52053174	Y	58295131	58295132	-	+	DUP	cna40	major	sim37	Prost-AdenoCA
Y	58295132	58295133	Y	59045876	59045877	-	+	DUP	cna41	major	sim37	Prost-AdenoCA
Y	58295132	58295133	Y	59045876	59045877	+	-	DEL	cna41	minor	sim37	Prost-AdenoCA
