chrom	start	end	major_cn	minor_cn	donor_id	study	id
1	1	15038626	2	0	sim91	Prost-AdenoCA	cna0
1	15038627	15189171	1	0	sim91	Prost-AdenoCA	cna1
1	15189172	43683371	1	1	sim91	Prost-AdenoCA	cna2
1	43683372	43874705	2	2	sim91	Prost-AdenoCA	cna3
1	43874706	43920356	2	0	sim91	Prost-AdenoCA	cna4
1	43920357	113331393	1	1	sim91	Prost-AdenoCA	cna5
1	113331394	113915783	4	2	sim91	Prost-AdenoCA	cna6
1	113915784	114717130	2	0	sim91	Prost-AdenoCA	cna7
1	114717131	114737691	2	1	sim91	Prost-AdenoCA	cna8
1	114737692	218405065	1	1	sim91	Prost-AdenoCA	cna9
1	218405066	219831508	3	1	sim91	Prost-AdenoCA	cna10
1	219831509	226215308	1	1	sim91	Prost-AdenoCA	cna11
1	226215309	226373915	1	0	sim91	Prost-AdenoCA	cna12
1	226373916	244865230	2	1	sim91	Prost-AdenoCA	cna13
1	244865231	245386474	1	1	sim91	Prost-AdenoCA	cna14
1	245386475	245396747	2	2	sim91	Prost-AdenoCA	cna15
1	245396748	249250621	1	1	sim91	Prost-AdenoCA	cna16
2	1	220163593	1	1	sim91	Prost-AdenoCA	cna17
2	220163594	239216805	1	0	sim91	Prost-AdenoCA	cna18
2	239216806	241521538	1	1	sim91	Prost-AdenoCA	cna19
2	241521539	241907666	2	0	sim91	Prost-AdenoCA	cna20
2	241907667	242810258	1	0	sim91	Prost-AdenoCA	cna21
2	242810259	243199373	1	1	sim91	Prost-AdenoCA	cna22
3	1	39258	1	1	sim91	Prost-AdenoCA	cna23
3	39259	37630312	2	1	sim91	Prost-AdenoCA	cna24
3	37630313	37667399	1	1	sim91	Prost-AdenoCA	cna25
3	37667400	37677544	2	2	sim91	Prost-AdenoCA	cna26
3	37677545	41929212	1	1	sim91	Prost-AdenoCA	cna27
3	41929213	43505249	1	0	sim91	Prost-AdenoCA	cna28
3	43505250	56248863	2	1	sim91	Prost-AdenoCA	cna29
3	56248864	72987917	0	0	sim91	Prost-AdenoCA	cna30
3	72987918	81714768	2	2	sim91	Prost-AdenoCA	cna31
3	81714769	85758853	1	1	sim91	Prost-AdenoCA	cna32
3	85758854	86926242	2	1	sim91	Prost-AdenoCA	cna33
3	86926243	198022430	1	1	sim91	Prost-AdenoCA	cna34
4	1	160787392	1	1	sim91	Prost-AdenoCA	cna35
4	160787393	161044871	1	0	sim91	Prost-AdenoCA	cna36
4	161044872	162524452	1	1	sim91	Prost-AdenoCA	cna37
4	162524453	162538426	2	1	sim91	Prost-AdenoCA	cna38
4	162538427	162864715	0	0	sim91	Prost-AdenoCA	cna39
4	162864716	179490954	1	1	sim91	Prost-AdenoCA	cna40
4	179490955	190630846	2	0	sim91	Prost-AdenoCA	cna41
4	190630847	191154276	2	1	sim91	Prost-AdenoCA	cna42
5	1	180915260	1	1	sim91	Prost-AdenoCA	cna43
6	1	6920565	2	1	sim91	Prost-AdenoCA	cna44
6	6920566	8635370	1	0	sim91	Prost-AdenoCA	cna45
6	8635371	55648502	3	2	sim91	Prost-AdenoCA	cna46
6	55648503	97134556	1	1	sim91	Prost-AdenoCA	cna47
6	97134557	97564965	2	2	sim91	Prost-AdenoCA	cna48
6	97564966	97738200	5	2	sim91	Prost-AdenoCA	cna49
6	97738201	109435186	1	1	sim91	Prost-AdenoCA	cna50
6	109435187	134039886	3	0	sim91	Prost-AdenoCA	cna51
6	134039887	135339180	1	0	sim91	Prost-AdenoCA	cna52
6	135339181	161352286	2	1	sim91	Prost-AdenoCA	cna53
6	161352287	171083158	1	1	sim91	Prost-AdenoCA	cna54
6	171083159	171115067	2	1	sim91	Prost-AdenoCA	cna55
7	1	159138663	1	1	sim91	Prost-AdenoCA	cna56
8	1	53031276	1	1	sim91	Prost-AdenoCA	cna57
8	53031277	60194785	2	2	sim91	Prost-AdenoCA	cna58
8	60194786	66211957	2	1	sim91	Prost-AdenoCA	cna59
8	66211958	66221949	1	0	sim91	Prost-AdenoCA	cna60
8	66221950	66766844	2	0	sim91	Prost-AdenoCA	cna61
8	66766845	67197237	0	0	sim91	Prost-AdenoCA	cna62
8	67197238	67231847	1	1	sim91	Prost-AdenoCA	cna63
8	67231848	78318515	1	0	sim91	Prost-AdenoCA	cna64
8	78318516	144611926	1	1	sim91	Prost-AdenoCA	cna65
8	144611927	144664982	1	0	sim91	Prost-AdenoCA	cna66
8	144664983	146344059	2	2	sim91	Prost-AdenoCA	cna67
8	146344060	146354042	2	1	sim91	Prost-AdenoCA	cna68
8	146354043	146364022	4	2	sim91	Prost-AdenoCA	cna69
9	1	71015995	1	1	sim91	Prost-AdenoCA	cna70
9	71015996	74851002	3	0	sim91	Prost-AdenoCA	cna71
9	74851003	120991843	1	1	sim91	Prost-AdenoCA	cna72
9	120991844	121016672	2	0	sim91	Prost-AdenoCA	cna73
9	121016673	133534735	1	1	sim91	Prost-AdenoCA	cna74
9	133534736	141213431	1	0	sim91	Prost-AdenoCA	cna75
10	1	83252979	1	1	sim91	Prost-AdenoCA	cna76
10	83252980	83336600	1	0	sim91	Prost-AdenoCA	cna77
10	83336601	114670012	2	1	sim91	Prost-AdenoCA	cna78
10	114670013	114730347	0	0	sim91	Prost-AdenoCA	cna79
10	114730348	114902606	2	1	sim91	Prost-AdenoCA	cna80
10	114902607	124583426	2	2	sim91	Prost-AdenoCA	cna81
10	124583427	126033736	1	0	sim91	Prost-AdenoCA	cna82
10	126033737	126372839	4	1	sim91	Prost-AdenoCA	cna83
10	126372840	128810322	1	1	sim91	Prost-AdenoCA	cna84
10	128810323	130488748	2	0	sim91	Prost-AdenoCA	cna85
10	130488749	135534747	1	1	sim91	Prost-AdenoCA	cna86
11	1	135006516	1	1	sim91	Prost-AdenoCA	cna87
12	1	133851895	1	1	sim91	Prost-AdenoCA	cna88
13	1	115169878	1	1	sim91	Prost-AdenoCA	cna89
14	1	107349540	1	1	sim91	Prost-AdenoCA	cna90
15	1	102531392	1	1	sim91	Prost-AdenoCA	cna91
16	1	90354753	1	1	sim91	Prost-AdenoCA	cna92
17	1	62004553	1	1	sim91	Prost-AdenoCA	cna93
17	62004554	80964077	2	2	sim91	Prost-AdenoCA	cna94
17	80964078	81195210	2	0	sim91	Prost-AdenoCA	cna95
18	1	74117061	2	0	sim91	Prost-AdenoCA	cna96
18	74117062	75705969	0	0	sim91	Prost-AdenoCA	cna97
18	75705970	77873490	1	1	sim91	Prost-AdenoCA	cna98
18	77873491	78077248	1	0	sim91	Prost-AdenoCA	cna99
19	1	43920103	1	1	sim91	Prost-AdenoCA	cna100
19	43920104	55657684	2	2	sim91	Prost-AdenoCA	cna101
19	55657685	59128983	1	1	sim91	Prost-AdenoCA	cna102
20	1	63025520	1	1	sim91	Prost-AdenoCA	cna103
21	1	48129895	1	1	sim91	Prost-AdenoCA	cna104
22	1	51304566	1	1	sim91	Prost-AdenoCA	cna105
X	1	149730899	1	1	sim91	Prost-AdenoCA	cna106
X	149730900	152843419	2	1	sim91	Prost-AdenoCA	cna107
X	152843420	155270560	1	1	sim91	Prost-AdenoCA	cna108
Y	1	52794547	1	1	sim91	Prost-AdenoCA	cna109
Y	52794548	52804347	2	2	sim91	Prost-AdenoCA	cna110
Y	52804348	59373566	1	0	sim91	Prost-AdenoCA	cna111
