chrom	start	end	major_cn	minor_cn	donor_id	study	id
1	1	249250621	1	1	sim49	Prost-AdenoCA	cna0
2	1	243199373	1	1	sim49	Prost-AdenoCA	cna1
3	1	198022430	1	1	sim49	Prost-AdenoCA	cna2
4	1	47309349	1	1	sim49	Prost-AdenoCA	cna3
4	47309350	49031908	2	2	sim49	Prost-AdenoCA	cna4
4	49031909	191154276	1	1	sim49	Prost-AdenoCA	cna5
5	1	180915260	1	1	sim49	Prost-AdenoCA	cna6
6	1	171115067	1	1	sim49	Prost-AdenoCA	cna7
7	1	159138663	1	1	sim49	Prost-AdenoCA	cna8
8	1	146364022	1	1	sim49	Prost-AdenoCA	cna9
9	1	141213431	1	1	sim49	Prost-AdenoCA	cna10
10	1	119986618	1	1	sim49	Prost-AdenoCA	cna11
10	119986619	130925265	2	0	sim49	Prost-AdenoCA	cna12
10	130925266	135534747	1	1	sim49	Prost-AdenoCA	cna13
11	1	135006516	1	1	sim49	Prost-AdenoCA	cna14
12	1	48532520	1	1	sim49	Prost-AdenoCA	cna15
12	48532521	122987162	1	0	sim49	Prost-AdenoCA	cna16
12	122987163	133851895	1	1	sim49	Prost-AdenoCA	cna17
13	1	115169878	1	1	sim49	Prost-AdenoCA	cna18
14	1	90587702	1	1	sim49	Prost-AdenoCA	cna19
14	90587703	90862496	2	2	sim49	Prost-AdenoCA	cna20
14	90862497	107349540	1	1	sim49	Prost-AdenoCA	cna21
15	1	102531392	1	1	sim49	Prost-AdenoCA	cna22
16	1	90354753	2	2	sim49	Prost-AdenoCA	cna23
17	1	81195210	2	2	sim49	Prost-AdenoCA	cna24
18	1	78077248	1	1	sim49	Prost-AdenoCA	cna25
19	1	59128983	1	1	sim49	Prost-AdenoCA	cna26
20	1	57696930	1	1	sim49	Prost-AdenoCA	cna27
20	57696931	63025520	1	0	sim49	Prost-AdenoCA	cna28
21	1	48129895	1	1	sim49	Prost-AdenoCA	cna29
22	1	51304566	1	1	sim49	Prost-AdenoCA	cna30
X	1	147873591	1	1	sim49	Prost-AdenoCA	cna31
X	147873592	148095140	3	0	sim49	Prost-AdenoCA	cna32
X	148095141	155270560	1	1	sim49	Prost-AdenoCA	cna33
Y	1	9610589	1	1	sim49	Prost-AdenoCA	cna34
Y	9610590	34017302	2	1	sim49	Prost-AdenoCA	cna35
Y	34017303	59373566	1	1	sim49	Prost-AdenoCA	cna36
