chrom	start	end	major_cn	minor_cn	donor_id	study	id
1	1	246137647	1	1	sim64	Prost-AdenoCA	cna0
1	246137648	246681407	1	0	sim64	Prost-AdenoCA	cna1
1	246681408	247406282	1	1	sim64	Prost-AdenoCA	cna2
1	247406283	247421648	3	2	sim64	Prost-AdenoCA	cna3
1	247421649	249250621	1	1	sim64	Prost-AdenoCA	cna4
2	1	3318320	1	1	sim64	Prost-AdenoCA	cna5
2	3318321	4728119	2	1	sim64	Prost-AdenoCA	cna6
2	4728120	4920321	1	0	sim64	Prost-AdenoCA	cna7
2	4920322	5330540	1	1	sim64	Prost-AdenoCA	cna8
2	5330541	7835836	1	0	sim64	Prost-AdenoCA	cna9
2	7835837	20370003	4	2	sim64	Prost-AdenoCA	cna10
2	20370004	51706296	1	1	sim64	Prost-AdenoCA	cna11
2	51706297	54821767	1	0	sim64	Prost-AdenoCA	cna12
2	54821768	56417441	2	0	sim64	Prost-AdenoCA	cna13
2	56417442	57572889	1	1	sim64	Prost-AdenoCA	cna14
2	57572890	210197688	2	2	sim64	Prost-AdenoCA	cna15
2	210197689	236318680	1	0	sim64	Prost-AdenoCA	cna16
2	236318681	243199373	0	0	sim64	Prost-AdenoCA	cna17
3	1	198022430	1	1	sim64	Prost-AdenoCA	cna18
4	1	153525902	1	1	sim64	Prost-AdenoCA	cna19
4	153525903	188959859	1	0	sim64	Prost-AdenoCA	cna20
4	188959860	191154276	4	0	sim64	Prost-AdenoCA	cna21
5	1	180402889	1	1	sim64	Prost-AdenoCA	cna22
5	180402890	180721299	2	0	sim64	Prost-AdenoCA	cna23
5	180721300	180828129	1	1	sim64	Prost-AdenoCA	cna24
5	180828130	180915260	0	0	sim64	Prost-AdenoCA	cna25
6	1	171115067	1	1	sim64	Prost-AdenoCA	cna26
7	1	76959250	1	1	sim64	Prost-AdenoCA	cna27
7	76959251	87272761	2	1	sim64	Prost-AdenoCA	cna28
7	87272762	155717994	1	1	sim64	Prost-AdenoCA	cna29
7	155717995	156371481	1	0	sim64	Prost-AdenoCA	cna30
7	156371482	159138663	1	1	sim64	Prost-AdenoCA	cna31
8	1	88935586	1	1	sim64	Prost-AdenoCA	cna32
8	88935587	106376371	1	0	sim64	Prost-AdenoCA	cna33
8	106376372	106388079	2	2	sim64	Prost-AdenoCA	cna34
8	106388080	108255327	3	2	sim64	Prost-AdenoCA	cna35
8	108255328	109121921	1	1	sim64	Prost-AdenoCA	cna36
8	109121922	109133675	1	2	sim64	Prost-AdenoCA	cna37
8	109133676	109145395	2	1	sim64	Prost-AdenoCA	cna38
8	109145396	142674794	1	1	sim64	Prost-AdenoCA	cna39
8	142674795	144505806	3	1	sim64	Prost-AdenoCA	cna40
8	144505807	144517522	1	0	sim64	Prost-AdenoCA	cna41
8	144517523	144529276	0	0	sim64	Prost-AdenoCA	cna42
8	144529277	146364022	2	1	sim64	Prost-AdenoCA	cna43
9	1	141213431	1	1	sim64	Prost-AdenoCA	cna44
10	1	111939472	1	1	sim64	Prost-AdenoCA	cna45
10	111939473	112589236	3	2	sim64	Prost-AdenoCA	cna46
10	112589237	135534747	1	1	sim64	Prost-AdenoCA	cna47
11	1	135006516	1	1	sim64	Prost-AdenoCA	cna48
12	1	83739739	1	1	sim64	Prost-AdenoCA	cna49
12	83739740	84955933	1	0	sim64	Prost-AdenoCA	cna50
12	84955934	85242729	0	0	sim64	Prost-AdenoCA	cna51
12	85242730	87196386	2	1	sim64	Prost-AdenoCA	cna52
12	87196387	106955764	2	0	sim64	Prost-AdenoCA	cna53
12	106955765	107011789	3	2	sim64	Prost-AdenoCA	cna54
12	107011790	107585621	5	2	sim64	Prost-AdenoCA	cna55
12	107585622	125444978	1	1	sim64	Prost-AdenoCA	cna56
12	125444979	125481993	2	1	sim64	Prost-AdenoCA	cna57
12	125481994	132505679	1	2	sim64	Prost-AdenoCA	cna58
12	132505680	133840016	1	1	sim64	Prost-AdenoCA	cna59
12	133840017	133851895	6	2	sim64	Prost-AdenoCA	cna60
13	1	31723839	1	1	sim64	Prost-AdenoCA	cna61
13	31723840	31737367	1	0	sim64	Prost-AdenoCA	cna62
13	31737368	49725777	1	1	sim64	Prost-AdenoCA	cna63
13	49725778	49739269	2	1	sim64	Prost-AdenoCA	cna64
13	49739270	83835541	1	1	sim64	Prost-AdenoCA	cna65
13	83835542	84266728	1	0	sim64	Prost-AdenoCA	cna66
13	84266729	112843326	1	1	sim64	Prost-AdenoCA	cna67
13	112843327	115169878	1	0	sim64	Prost-AdenoCA	cna68
14	1	43489766	1	1	sim64	Prost-AdenoCA	cna69
14	43489767	47635871	1	0	sim64	Prost-AdenoCA	cna70
14	47635872	107349540	1	1	sim64	Prost-AdenoCA	cna71
15	1	50166506	1	1	sim64	Prost-AdenoCA	cna72
15	50166507	84674849	1	0	sim64	Prost-AdenoCA	cna73
15	84674850	95523574	1	1	sim64	Prost-AdenoCA	cna74
15	95523575	102531392	5	1	sim64	Prost-AdenoCA	cna75
16	1	90354753	1	1	sim64	Prost-AdenoCA	cna76
17	1	68985361	1	1	sim64	Prost-AdenoCA	cna77
17	68985362	77718205	1	0	sim64	Prost-AdenoCA	cna78
17	77718206	79503962	2	2	sim64	Prost-AdenoCA	cna79
17	79503963	79515303	3	1	sim64	Prost-AdenoCA	cna80
17	79515304	81183856	1	1	sim64	Prost-AdenoCA	cna81
17	81183857	81195210	2	2	sim64	Prost-AdenoCA	cna82
18	1	30550817	1	1	sim64	Prost-AdenoCA	cna83
18	30550818	78077248	2	2	sim64	Prost-AdenoCA	cna84
19	1	59128983	1	1	sim64	Prost-AdenoCA	cna85
20	1	24240494	1	1	sim64	Prost-AdenoCA	cna86
20	24240495	24513387	1	0	sim64	Prost-AdenoCA	cna87
20	24513388	62912520	2	0	sim64	Prost-AdenoCA	cna88
20	62912521	63025520	1	0	sim64	Prost-AdenoCA	cna89
21	1	6624918	1	1	sim64	Prost-AdenoCA	cna90
21	6624919	48129895	2	0	sim64	Prost-AdenoCA	cna91
22	1	51304566	2	0	sim64	Prost-AdenoCA	cna92
X	1	139330894	1	1	sim64	Prost-AdenoCA	cna93
X	139330895	140339497	2	2	sim64	Prost-AdenoCA	cna94
X	140339498	141078633	1	1	sim64	Prost-AdenoCA	cna95
X	141078634	155270560	1	0	sim64	Prost-AdenoCA	cna96
Y	1	59195705	1	1	sim64	Prost-AdenoCA	cna97
Y	59195706	59373566	2	1	sim64	Prost-AdenoCA	cna98
