chrom	start	end	major_cn	minor_cn	donor_id	study	id
1	1	25571	1	0	sim84	Prost-AdenoCA	cna0
1	25572	20241581	1	1	sim84	Prost-AdenoCA	cna1
1	20241582	24387714	1	0	sim84	Prost-AdenoCA	cna2
1	24387715	28264274	2	1	sim84	Prost-AdenoCA	cna3
1	28264275	28984591	1	1	sim84	Prost-AdenoCA	cna4
1	28984592	29045434	3	2	sim84	Prost-AdenoCA	cna5
1	29045435	35091460	1	1	sim84	Prost-AdenoCA	cna6
1	35091461	35876903	2	1	sim84	Prost-AdenoCA	cna7
1	35876904	246885782	1	1	sim84	Prost-AdenoCA	cna8
1	246885783	246898608	1	0	sim84	Prost-AdenoCA	cna9
1	246898609	249250621	1	1	sim84	Prost-AdenoCA	cna10
2	1	222145425	1	1	sim84	Prost-AdenoCA	cna11
2	222145426	237549981	2	1	sim84	Prost-AdenoCA	cna12
2	237549982	243162502	1	1	sim84	Prost-AdenoCA	cna13
2	243162503	243199373	3	0	sim84	Prost-AdenoCA	cna14
3	1	61094879	1	1	sim84	Prost-AdenoCA	cna15
3	61094880	62445402	1	0	sim84	Prost-AdenoCA	cna16
3	62445403	198022430	1	1	sim84	Prost-AdenoCA	cna17
4	1	20719012	2	1	sim84	Prost-AdenoCA	cna18
4	20719013	191154276	1	1	sim84	Prost-AdenoCA	cna19
5	1	13310811	1	1	sim84	Prost-AdenoCA	cna20
5	13310812	15142223	2	1	sim84	Prost-AdenoCA	cna21
5	15142224	20552978	1	1	sim84	Prost-AdenoCA	cna22
5	20552979	20563529	2	0	sim84	Prost-AdenoCA	cna23
5	20563530	20776171	1	1	sim84	Prost-AdenoCA	cna24
5	20776172	35594374	1	2	sim84	Prost-AdenoCA	cna25
5	35594375	36445008	2	1	sim84	Prost-AdenoCA	cna26
5	36445009	38372421	1	1	sim84	Prost-AdenoCA	cna27
5	38372422	39431782	1	0	sim84	Prost-AdenoCA	cna28
5	39431783	54300080	2	0	sim84	Prost-AdenoCA	cna29
5	54300081	152198284	1	1	sim84	Prost-AdenoCA	cna30
5	152198285	175812729	2	1	sim84	Prost-AdenoCA	cna31
5	175812730	180915260	1	1	sim84	Prost-AdenoCA	cna32
6	1	138292113	1	1	sim84	Prost-AdenoCA	cna33
6	138292114	139877190	4	2	sim84	Prost-AdenoCA	cna34
6	139877191	171115067	1	1	sim84	Prost-AdenoCA	cna35
7	1	149673575	1	1	sim84	Prost-AdenoCA	cna36
7	149673576	156297925	1	0	sim84	Prost-AdenoCA	cna37
7	156297926	159138663	1	1	sim84	Prost-AdenoCA	cna38
8	1	8695706	1	1	sim84	Prost-AdenoCA	cna39
8	8695707	93121029	2	2	sim84	Prost-AdenoCA	cna40
8	93121030	101737549	1	1	sim84	Prost-AdenoCA	cna41
8	101737550	102146138	6	1	sim84	Prost-AdenoCA	cna42
8	102146139	105170707	1	1	sim84	Prost-AdenoCA	cna43
8	105170708	108839686	2	1	sim84	Prost-AdenoCA	cna44
8	108839687	138425949	1	1	sim84	Prost-AdenoCA	cna45
8	138425950	140959743	2	1	sim84	Prost-AdenoCA	cna46
8	140959744	143481306	0	0	sim84	Prost-AdenoCA	cna47
8	143481307	143525155	1	0	sim84	Prost-AdenoCA	cna48
8	143525156	146364022	1	1	sim84	Prost-AdenoCA	cna49
9	1	141213431	1	1	sim84	Prost-AdenoCA	cna50
10	1	8598941	1	1	sim84	Prost-AdenoCA	cna51
10	8598942	9429132	1	0	sim84	Prost-AdenoCA	cna52
10	9429133	19947636	1	1	sim84	Prost-AdenoCA	cna53
10	19947637	28144623	3	2	sim84	Prost-AdenoCA	cna54
10	28144624	31827470	1	1	sim84	Prost-AdenoCA	cna55
10	31827471	40541605	1	0	sim84	Prost-AdenoCA	cna56
10	40541606	66953630	1	1	sim84	Prost-AdenoCA	cna57
10	66953631	135534747	2	1	sim84	Prost-AdenoCA	cna58
11	1	25152378	1	1	sim84	Prost-AdenoCA	cna59
11	25152379	25263954	3	1	sim84	Prost-AdenoCA	cna60
11	25263955	25967861	1	1	sim84	Prost-AdenoCA	cna61
11	25967862	26052019	1	0	sim84	Prost-AdenoCA	cna62
11	26052020	135006516	1	1	sim84	Prost-AdenoCA	cna63
12	1	133851895	1	1	sim84	Prost-AdenoCA	cna64
13	1	115083296	1	1	sim84	Prost-AdenoCA	cna65
13	115083297	115169878	2	0	sim84	Prost-AdenoCA	cna66
14	1	101995749	1	1	sim84	Prost-AdenoCA	cna67
14	101995750	102634446	2	1	sim84	Prost-AdenoCA	cna68
14	102634447	102651513	1	1	sim84	Prost-AdenoCA	cna69
14	102651514	102666926	2	1	sim84	Prost-AdenoCA	cna70
14	102666927	107349540	1	1	sim84	Prost-AdenoCA	cna71
15	1	96295192	1	1	sim84	Prost-AdenoCA	cna72
15	96295193	96373909	1	0	sim84	Prost-AdenoCA	cna73
15	96373910	96835799	5	2	sim84	Prost-AdenoCA	cna74
15	96835800	102531392	2	1	sim84	Prost-AdenoCA	cna75
16	1	90354753	1	1	sim84	Prost-AdenoCA	cna76
17	1	38522175	1	1	sim84	Prost-AdenoCA	cna77
17	38522176	38967978	1	0	sim84	Prost-AdenoCA	cna78
17	38967979	81195210	1	1	sim84	Prost-AdenoCA	cna79
18	1	12898435	2	1	sim84	Prost-AdenoCA	cna80
18	12898436	67510422	1	1	sim84	Prost-AdenoCA	cna81
18	67510423	68033800	5	2	sim84	Prost-AdenoCA	cna82
18	68033801	68144340	3	1	sim84	Prost-AdenoCA	cna83
18	68144341	78077248	1	1	sim84	Prost-AdenoCA	cna84
19	1	46642324	1	1	sim84	Prost-AdenoCA	cna85
19	46642325	59128983	1	0	sim84	Prost-AdenoCA	cna86
20	1	63025520	1	0	sim84	Prost-AdenoCA	cna87
21	1	48129895	1	1	sim84	Prost-AdenoCA	cna88
22	1	51304566	1	1	sim84	Prost-AdenoCA	cna89
X	1	69572246	1	1	sim84	Prost-AdenoCA	cna90
X	69572247	70482913	0	0	sim84	Prost-AdenoCA	cna91
X	70482914	71901558	1	1	sim84	Prost-AdenoCA	cna92
X	71901559	72040469	1	0	sim84	Prost-AdenoCA	cna93
X	72040470	153071539	1	1	sim84	Prost-AdenoCA	cna94
X	153071540	155270560	2	1	sim84	Prost-AdenoCA	cna95
Y	1	51625828	1	1	sim84	Prost-AdenoCA	cna96
Y	51625829	59373566	1	0	sim84	Prost-AdenoCA	cna97
