chrom	start	end	major_cn	minor_cn	donor_id	study	id
1	1	25901320	1	1	sim63	Prost-AdenoCA	cna0
1	25901321	29831743	1	0	sim63	Prost-AdenoCA	cna1
1	29831744	70448710	1	1	sim63	Prost-AdenoCA	cna2
1	70448711	72273708	1	0	sim63	Prost-AdenoCA	cna3
1	72273709	99116938	2	0	sim63	Prost-AdenoCA	cna4
1	99116939	243646177	1	1	sim63	Prost-AdenoCA	cna5
1	243646178	249227769	5	2	sim63	Prost-AdenoCA	cna6
1	249227770	249250621	1	1	sim63	Prost-AdenoCA	cna7
2	1	243199373	1	1	sim63	Prost-AdenoCA	cna8
3	1	120748562	1	1	sim63	Prost-AdenoCA	cna9
3	120748563	172674214	2	2	sim63	Prost-AdenoCA	cna10
3	172674215	174204515	3	1	sim63	Prost-AdenoCA	cna11
3	174204516	174629633	0	0	sim63	Prost-AdenoCA	cna12
3	174629634	198022430	1	1	sim63	Prost-AdenoCA	cna13
4	1	30435902	1	1	sim63	Prost-AdenoCA	cna14
4	30435903	83850916	2	2	sim63	Prost-AdenoCA	cna15
4	83850917	84538153	1	1	sim63	Prost-AdenoCA	cna16
4	84538154	85114777	2	1	sim63	Prost-AdenoCA	cna17
4	85114778	85163392	1	1	sim63	Prost-AdenoCA	cna18
4	85163393	103417396	1	0	sim63	Prost-AdenoCA	cna19
4	103417397	108594000	1	1	sim63	Prost-AdenoCA	cna20
4	108594001	109028444	2	2	sim63	Prost-AdenoCA	cna21
4	109028445	190992249	1	1	sim63	Prost-AdenoCA	cna22
4	190992250	191154276	1	0	sim63	Prost-AdenoCA	cna23
5	1	11213966	1	0	sim63	Prost-AdenoCA	cna24
5	11213967	104498545	1	1	sim63	Prost-AdenoCA	cna25
5	104498546	104623820	1	0	sim63	Prost-AdenoCA	cna26
5	104623821	180915260	1	1	sim63	Prost-AdenoCA	cna27
6	1	171115067	1	1	sim63	Prost-AdenoCA	cna28
7	1	159138663	1	1	sim63	Prost-AdenoCA	cna29
8	1	132238053	1	1	sim63	Prost-AdenoCA	cna30
8	132238054	134695014	3	1	sim63	Prost-AdenoCA	cna31
8	134695015	134857052	2	1	sim63	Prost-AdenoCA	cna32
8	134857053	134871511	2	0	sim63	Prost-AdenoCA	cna33
8	134871512	137093532	1	1	sim63	Prost-AdenoCA	cna34
8	137093533	137400770	2	0	sim63	Prost-AdenoCA	cna35
8	137400771	144681796	2	1	sim63	Prost-AdenoCA	cna36
8	144681797	146364022	1	1	sim63	Prost-AdenoCA	cna37
9	1	77251785	1	1	sim63	Prost-AdenoCA	cna38
9	77251786	113399795	2	0	sim63	Prost-AdenoCA	cna39
9	113399796	141213431	1	1	sim63	Prost-AdenoCA	cna40
10	1	131950743	1	1	sim63	Prost-AdenoCA	cna41
10	131950744	131963135	2	0	sim63	Prost-AdenoCA	cna42
10	131963136	133221171	2	2	sim63	Prost-AdenoCA	cna43
10	133221172	133392476	1	1	sim63	Prost-AdenoCA	cna44
10	133392477	133404898	4	1	sim63	Prost-AdenoCA	cna45
10	133404899	135315996	1	1	sim63	Prost-AdenoCA	cna46
10	135315997	135522381	3	2	sim63	Prost-AdenoCA	cna47
10	135522382	135534747	1	0	sim63	Prost-AdenoCA	cna48
11	1	135006516	1	1	sim63	Prost-AdenoCA	cna49
12	1	72485996	1	1	sim63	Prost-AdenoCA	cna50
12	72485997	75932933	3	1	sim63	Prost-AdenoCA	cna51
12	75932934	133840802	1	1	sim63	Prost-AdenoCA	cna52
12	133840803	133851895	1	0	sim63	Prost-AdenoCA	cna53
13	1	96762475	1	1	sim63	Prost-AdenoCA	cna54
13	96762476	96938367	1	0	sim63	Prost-AdenoCA	cna55
13	96938368	115169878	1	1	sim63	Prost-AdenoCA	cna56
14	1	6990675	1	1	sim63	Prost-AdenoCA	cna57
14	6990676	8212832	0	0	sim63	Prost-AdenoCA	cna58
14	8212833	9284738	1	1	sim63	Prost-AdenoCA	cna59
14	9284739	86144078	2	1	sim63	Prost-AdenoCA	cna60
14	86144079	86352679	3	0	sim63	Prost-AdenoCA	cna61
14	86352680	95585543	1	1	sim63	Prost-AdenoCA	cna62
14	95585544	107349540	3	1	sim63	Prost-AdenoCA	cna63
15	1	98654568	1	1	sim63	Prost-AdenoCA	cna64
15	98654569	100405830	7	0	sim63	Prost-AdenoCA	cna65
15	100405831	100455146	2	2	sim63	Prost-AdenoCA	cna66
15	100455147	102531392	1	0	sim63	Prost-AdenoCA	cna67
16	1	90354753	1	1	sim63	Prost-AdenoCA	cna68
17	1	81195210	1	1	sim63	Prost-AdenoCA	cna69
18	1	78077248	1	1	sim63	Prost-AdenoCA	cna70
19	1	4175002	1	1	sim63	Prost-AdenoCA	cna71
19	4175003	59052714	2	1	sim63	Prost-AdenoCA	cna72
19	59052715	59128983	0	0	sim63	Prost-AdenoCA	cna73
20	1	52753781	1	0	sim63	Prost-AdenoCA	cna74
20	52753782	61401900	1	1	sim63	Prost-AdenoCA	cna75
20	61401901	63025520	1	0	sim63	Prost-AdenoCA	cna76
21	1	48129895	1	1	sim63	Prost-AdenoCA	cna77
22	1	19358310	1	1	sim63	Prost-AdenoCA	cna78
22	19358311	19392553	4	1	sim63	Prost-AdenoCA	cna79
22	19392554	50132361	1	1	sim63	Prost-AdenoCA	cna80
22	50132362	51304566	2	1	sim63	Prost-AdenoCA	cna81
X	1	145134683	1	1	sim63	Prost-AdenoCA	cna82
X	145134684	145146438	1	0	sim63	Prost-AdenoCA	cna83
X	145146439	145206469	2	0	sim63	Prost-AdenoCA	cna84
X	145206470	155270560	1	1	sim63	Prost-AdenoCA	cna85
Y	1	59130314	1	1	sim63	Prost-AdenoCA	cna86
Y	59130315	59373566	1	0	sim63	Prost-AdenoCA	cna87
