chrom1	start1	end1	chrom2	start2	end2	strand1	strand2	svclass	id	allele	donor_id	tumor
1	25901321	25901322	1	29831743	29831744	+	-	DEL	cna1	minor	sim63	Prost-AdenoCA
1	70448711	70448712	1	72273708	72273709	+	-	DEL	cna3	minor	sim63	Prost-AdenoCA
1	72273709	72273710	1	99116938	99116939	-	+	DUP	cna4	major	sim63	Prost-AdenoCA
1	72273709	72273710	1	99116938	99116939	+	-	DEL	cna4	minor	sim63	Prost-AdenoCA
1	99116939	240212055	9	21163788	77251785	+	-	TRA	cna38,cna5	minor,minor	sim63	Prost-AdenoCA
1	101121000	101121001	1	101131011	101131012	-	-	t2tINV	cna5	minor	sim63	Prost-AdenoCA
1	155994000	155994001	1	159686762	159686763	-	-	t2tINV	cna5	minor	sim63	Prost-AdenoCA
1	157985400	157985401	1	176210087	176210088	-	-	t2tINV	cna5	major	sim63	Prost-AdenoCA
1	243646178	243646179	1	249227769	249227770	-	+	DUP	cna6	major	sim63	Prost-AdenoCA
1	243646178	243646179	1	249227769	249227770	-	+	DUP	cna6	minor	sim63	Prost-AdenoCA
2	22153079	22153080	2	25907083	25907084	+	+	h2hINV	cna8	major	sim63	Prost-AdenoCA
2	135350379	243199373	9	1	50343727	-	+	TRA	cna8,cna38	minor,minor	sim63	Prost-AdenoCA
2	201806641	243199373	7	124290273	159138663	-	-	TRA	cna29,cna8	major,major	sim63	Prost-AdenoCA
3	1793801	120748562	8	1	30414111	-	+	TRA	cna30,cna9	minor,major	sim63	Prost-AdenoCA
3	3887706	120748562	5	11213967	88066331	-	+	TRA	cna9,cna25	minor,major	sim63	Prost-AdenoCA
3	5894806	5894807	3	5904817	5904818	-	-	t2tINV	cna9	major	sim63	Prost-AdenoCA
3	120748563	120748564	3	172674214	172674215	-	+	DUP	cna10	major	sim63	Prost-AdenoCA
3	120748563	120748564	3	172674214	172674215	-	+	DUP	cna10	minor	sim63	Prost-AdenoCA
3	172674215	172674216	3	174204515	174204516	-	+	DUP	cna11	major	sim63	Prost-AdenoCA
3	174204516	174204517	3	174629633	174629634	+	-	DEL	cna12	major	sim63	Prost-AdenoCA
3	174204516	174204517	3	174629633	174629634	+	-	DEL	cna12	minor	sim63	Prost-AdenoCA
3	177182906	177182907	3	177192914	177192915	-	-	t2tINV	cna13	major	sim63	Prost-AdenoCA
3	185027806	198022430	7	1	156421256	-	+	TRA	cna13,cna29	minor,major	sim63	Prost-AdenoCA
4	30435903	30435904	4	83850916	83850917	-	+	DUP	cna15	major	sim63	Prost-AdenoCA
4	30435903	30435904	4	83850916	83850917	-	+	DUP	cna15	minor	sim63	Prost-AdenoCA
4	30435903	82510677	10	34021978	131950743	+	-	TRA	cna15,cna41	major,minor	sim63	Prost-AdenoCA
4	71620376	71620377	4	167551885	167551886	-	-	t2tINV	cna22	major	sim63	Prost-AdenoCA
4	84538154	84538155	4	85114777	85114778	-	+	DUP	cna17	major	sim63	Prost-AdenoCA
4	85163393	85163394	4	103417396	103417397	+	-	DEL	cna19	minor	sim63	Prost-AdenoCA
4	108126176	108594000	5	134341386	180915260	-	-	TRA	cna20,cna27	major,minor	sim63	Prost-AdenoCA
4	108594001	108594002	4	109028444	109028445	-	+	DUP	cna21	major	sim63	Prost-AdenoCA
4	108594001	108594002	4	109028444	109028445	-	+	DUP	cna21	minor	sim63	Prost-AdenoCA
4	180232976	180232977	4	180242977	180242978	+	+	h2hINV	cna22	major	sim63	Prost-AdenoCA
4	190992250	190992251	4	191154276	191154277	+	-	DEL	cna23	minor	sim63	Prost-AdenoCA
5	1	2	5	11213966	11213967	+	-	DEL	cna24	minor	sim63	Prost-AdenoCA
5	11213967	92384385	9	113399796	113605489	+	+	TRA	cna40,cna25	minor,major	sim63	Prost-AdenoCA
5	104498546	104498547	5	104623820	104623821	+	-	DEL	cna26	minor	sim63	Prost-AdenoCA
6	64056340	171115067	11	126634061	135006516	-	-	TRA	cna28,cna49	major,major	sim63	Prost-AdenoCA
7	108007573	108007574	7	111627777	111627778	+	+	h2hINV	cna29	major	sim63	Prost-AdenoCA
8	132238054	132238055	8	134695014	134695015	-	+	DUP	cna31	major	sim63	Prost-AdenoCA
8	134695015	134695016	8	134857052	134857053	-	+	DUP	cna32	major	sim63	Prost-AdenoCA
8	134857053	134857054	8	134871511	134871512	-	+	DUP	cna33	major	sim63	Prost-AdenoCA
8	134857053	134857054	8	134871511	134871512	+	-	DEL	cna33	minor	sim63	Prost-AdenoCA
8	137093533	137093534	8	137400770	137400771	-	+	DUP	cna35	major	sim63	Prost-AdenoCA
8	137093533	137093534	8	137400770	137400771	+	-	DEL	cna35	minor	sim63	Prost-AdenoCA
8	137400771	137400772	8	144681796	144681797	-	+	DUP	cna36	major	sim63	Prost-AdenoCA
9	77251786	77251787	9	113399795	113399796	-	+	DUP	cna39	major	sim63	Prost-AdenoCA
9	77251786	77251787	9	113399795	113399796	+	-	DEL	cna39	minor	sim63	Prost-AdenoCA
10	68081157	68081158	10	134123195	134123196	-	-	t2tINV	cna46	major	sim63	Prost-AdenoCA
10	75075157	75075158	10	75085164	75085165	+	+	h2hINV	cna41	minor	sim63	Prost-AdenoCA
10	131950744	131950745	10	131963135	131963136	-	+	DUP	cna42	major	sim63	Prost-AdenoCA
10	131950744	131950745	10	131963135	131963136	+	-	DEL	cna42	minor	sim63	Prost-AdenoCA
10	131963136	131963137	10	133221171	133221172	-	+	DUP	cna43	major	sim63	Prost-AdenoCA
10	131963136	131963137	10	133221171	133221172	-	+	DUP	cna43	minor	sim63	Prost-AdenoCA
10	133392477	133392478	10	133404898	133404899	-	+	DUP	cna45	major	sim63	Prost-AdenoCA
10	135315997	135315998	10	135522381	135522382	-	+	DUP	cna47	major	sim63	Prost-AdenoCA
10	135315997	135315998	10	135522381	135522382	-	+	DUP	cna47	minor	sim63	Prost-AdenoCA
10	135522382	135522383	10	135534747	135534748	+	-	DEL	cna48	minor	sim63	Prost-AdenoCA
12	26387394	26387395	12	28185804	28185805	-	-	t2tINV	cna50	major	sim63	Prost-AdenoCA
12	31912594	31912595	12	92079504	92079505	+	+	h2hINV	cna50	minor	sim63	Prost-AdenoCA
12	68717694	68717695	12	126512930	126512931	+	+	h2hINV	cna50	minor	sim63	Prost-AdenoCA
12	72485997	72485998	12	75932933	75932934	-	+	DUP	cna51	major	sim63	Prost-AdenoCA
12	75932934	121883795	15	1	19020135	+	+	TRA	cna52,cna64	major,major	sim63	Prost-AdenoCA
12	133840803	133840804	12	133851895	133851896	+	-	DEL	cna53	minor	sim63	Prost-AdenoCA
13	96762476	96762477	13	96938367	96938368	+	-	DEL	cna55	minor	sim63	Prost-AdenoCA
14	6990676	6990677	14	8212832	8212833	+	-	DEL	cna58	major	sim63	Prost-AdenoCA
14	6990676	6990677	14	8212832	8212833	+	-	DEL	cna58	minor	sim63	Prost-AdenoCA
14	9284739	9284740	14	86144078	86144079	-	+	DUP	cna60	major	sim63	Prost-AdenoCA
14	86144079	86144080	14	86352679	86352680	-	+	DUP	cna61	major	sim63	Prost-AdenoCA
14	86144079	86144080	14	86352679	86352680	+	-	DEL	cna61	minor	sim63	Prost-AdenoCA
14	95585544	95585545	14	107349540	107349541	-	+	DUP	cna63	major	sim63	Prost-AdenoCA
15	98654569	98654570	15	100405830	100405831	-	+	DUP	cna65	major	sim63	Prost-AdenoCA
15	98654569	98654570	15	100405830	100405831	+	-	DEL	cna65	minor	sim63	Prost-AdenoCA
15	100405831	100405832	15	100455146	100455147	-	+	DUP	cna66	major	sim63	Prost-AdenoCA
15	100405831	100405832	15	100455146	100455147	-	+	DUP	cna66	minor	sim63	Prost-AdenoCA
15	100455147	100455148	15	102531392	102531393	+	-	DEL	cna67	minor	sim63	Prost-AdenoCA
19	4175003	4175004	19	59052714	59052715	-	+	DUP	cna72	major	sim63	Prost-AdenoCA
19	12973778	12973779	19	13771612	13771613	+	+	h2hINV	cna72	major	sim63	Prost-AdenoCA
19	59052715	59052716	19	59128983	59128984	+	-	DEL	cna73	major	sim63	Prost-AdenoCA
19	59052715	59052716	19	59128983	59128984	+	-	DEL	cna73	minor	sim63	Prost-AdenoCA
20	1	2	20	52753781	52753782	+	-	DEL	cna74	minor	sim63	Prost-AdenoCA
20	52753782	58335896	X	128727268	145134683	+	-	TRA	cna75,cna82	major,major	sim63	Prost-AdenoCA
20	61401901	61401902	20	63025520	63025521	+	-	DEL	cna76	minor	sim63	Prost-AdenoCA
22	19358311	19358312	22	19392553	19392554	-	+	DUP	cna79	major	sim63	Prost-AdenoCA
22	50132362	50132363	22	51304566	51304567	-	+	DUP	cna81	major	sim63	Prost-AdenoCA
X	43628614	43628615	X	52289786	52289787	+	+	h2hINV	cna82	minor	sim63	Prost-AdenoCA
X	145134684	145134685	X	145146438	145146439	+	-	DEL	cna83	minor	sim63	Prost-AdenoCA
X	145146439	145146440	X	145206469	145206470	-	+	DUP	cna84	major	sim63	Prost-AdenoCA
X	145146439	145146440	X	145206469	145206470	+	-	DEL	cna84	minor	sim63	Prost-AdenoCA
Y	59130315	59130316	Y	59373566	59373567	+	-	DEL	cna87	minor	sim63	Prost-AdenoCA
