chrom	start	end	major_cn	minor_cn	donor_id	study	id
1	1	11065467	1	1	sim48	Prost-AdenoCA	cna0
1	11065468	13245815	4	0	sim48	Prost-AdenoCA	cna1
1	13245816	27382000	2	1	sim48	Prost-AdenoCA	cna2
1	27382001	27693526	2	2	sim48	Prost-AdenoCA	cna3
1	27693527	238067102	1	1	sim48	Prost-AdenoCA	cna4
1	238067103	238754584	2	1	sim48	Prost-AdenoCA	cna5
1	238754585	239737135	1	1	sim48	Prost-AdenoCA	cna6
1	239737136	249250621	1	0	sim48	Prost-AdenoCA	cna7
2	1	243140993	1	1	sim48	Prost-AdenoCA	cna8
2	243140994	243199373	0	0	sim48	Prost-AdenoCA	cna9
3	1	198009435	1	1	sim48	Prost-AdenoCA	cna10
3	198009436	198022430	1	0	sim48	Prost-AdenoCA	cna11
4	1	191154276	1	1	sim48	Prost-AdenoCA	cna12
5	1	175265348	1	1	sim48	Prost-AdenoCA	cna13
5	175265349	177138470	1	0	sim48	Prost-AdenoCA	cna14
5	177138471	179443188	1	1	sim48	Prost-AdenoCA	cna15
5	179443189	180915260	0	0	sim48	Prost-AdenoCA	cna16
6	1	143573544	1	1	sim48	Prost-AdenoCA	cna17
6	143573545	156541780	1	0	sim48	Prost-AdenoCA	cna18
6	156541781	171115067	1	1	sim48	Prost-AdenoCA	cna19
7	1	98383898	1	1	sim48	Prost-AdenoCA	cna20
7	98383899	98448517	2	2	sim48	Prost-AdenoCA	cna21
7	98448518	98961336	1	1	sim48	Prost-AdenoCA	cna22
7	98961337	98991917	0	0	sim48	Prost-AdenoCA	cna23
7	98991918	100635148	1	1	sim48	Prost-AdenoCA	cna24
7	100635149	101189652	3	1	sim48	Prost-AdenoCA	cna25
7	101189653	104989690	2	2	sim48	Prost-AdenoCA	cna26
7	104989691	105274337	1	1	sim48	Prost-AdenoCA	cna27
7	105274338	143181680	2	1	sim48	Prost-AdenoCA	cna28
7	143181681	143231976	2	0	sim48	Prost-AdenoCA	cna29
7	143231977	147127149	1	1	sim48	Prost-AdenoCA	cna30
7	147127150	154310002	1	0	sim48	Prost-AdenoCA	cna31
7	154310003	159138663	1	1	sim48	Prost-AdenoCA	cna32
8	1	10318713	2	2	sim48	Prost-AdenoCA	cna33
8	10318714	134740747	1	1	sim48	Prost-AdenoCA	cna34
8	134740748	140453208	3	1	sim48	Prost-AdenoCA	cna35
8	140453209	140672695	1	0	sim48	Prost-AdenoCA	cna36
8	140672696	146364022	1	1	sim48	Prost-AdenoCA	cna37
9	1	101526528	1	1	sim48	Prost-AdenoCA	cna38
9	101526529	129199546	2	0	sim48	Prost-AdenoCA	cna39
9	129199547	129209978	1	1	sim48	Prost-AdenoCA	cna40
9	129209979	129258904	3	0	sim48	Prost-AdenoCA	cna41
9	129258905	141213431	1	0	sim48	Prost-AdenoCA	cna42
10	1	52407395	1	1	sim48	Prost-AdenoCA	cna43
10	52407396	52559056	1	0	sim48	Prost-AdenoCA	cna44
10	52559057	52575807	2	2	sim48	Prost-AdenoCA	cna45
10	52575808	56359951	2	1	sim48	Prost-AdenoCA	cna46
10	56359952	131401473	1	1	sim48	Prost-AdenoCA	cna47
10	131401474	131505667	4	0	sim48	Prost-AdenoCA	cna48
10	131505668	131522401	1	0	sim48	Prost-AdenoCA	cna49
10	131522402	135251345	1	1	sim48	Prost-AdenoCA	cna50
10	135251346	135518319	3	1	sim48	Prost-AdenoCA	cna51
10	135518320	135534747	1	1	sim48	Prost-AdenoCA	cna52
11	1	16189306	2	1	sim48	Prost-AdenoCA	cna53
11	16189307	114268624	1	1	sim48	Prost-AdenoCA	cna54
11	114268625	119616248	3	1	sim48	Prost-AdenoCA	cna55
11	119616249	133347206	1	1	sim48	Prost-AdenoCA	cna56
11	133347207	135006516	5	2	sim48	Prost-AdenoCA	cna57
12	1	122992392	1	1	sim48	Prost-AdenoCA	cna58
12	122992393	133839803	2	0	sim48	Prost-AdenoCA	cna59
12	133839804	133851895	1	1	sim48	Prost-AdenoCA	cna60
13	1	115169878	1	1	sim48	Prost-AdenoCA	cna61
14	1	15605066	1	1	sim48	Prost-AdenoCA	cna62
14	15605067	16166659	1	0	sim48	Prost-AdenoCA	cna63
14	16166660	66003616	1	1	sim48	Prost-AdenoCA	cna64
14	66003617	107349540	2	1	sim48	Prost-AdenoCA	cna65
15	1	102508728	1	1	sim48	Prost-AdenoCA	cna66
15	102508729	102520157	2	0	sim48	Prost-AdenoCA	cna67
15	102520158	102531392	1	1	sim48	Prost-AdenoCA	cna68
16	1	89027226	1	1	sim48	Prost-AdenoCA	cna69
16	89027227	90354753	1	0	sim48	Prost-AdenoCA	cna70
17	1	5913394	1	0	sim48	Prost-AdenoCA	cna71
17	5913395	28006214	2	1	sim48	Prost-AdenoCA	cna72
17	28006215	28581821	2	2	sim48	Prost-AdenoCA	cna73
17	28581822	29543522	1	1	sim48	Prost-AdenoCA	cna74
17	29543523	29612246	1	0	sim48	Prost-AdenoCA	cna75
17	29612247	30523734	1	1	sim48	Prost-AdenoCA	cna76
17	30523735	31508653	2	0	sim48	Prost-AdenoCA	cna77
17	31508654	54871674	2	2	sim48	Prost-AdenoCA	cna78
17	54871675	78504053	1	0	sim48	Prost-AdenoCA	cna79
17	78504054	81195210	3	2	sim48	Prost-AdenoCA	cna80
18	1	78077248	1	1	sim48	Prost-AdenoCA	cna81
19	1	59128983	1	1	sim48	Prost-AdenoCA	cna82
20	1	63025520	1	1	sim48	Prost-AdenoCA	cna83
21	1	48106402	1	0	sim48	Prost-AdenoCA	cna84
21	48106403	48129895	4	1	sim48	Prost-AdenoCA	cna85
22	1	51304566	1	1	sim48	Prost-AdenoCA	cna86
X	1	151252863	1	1	sim48	Prost-AdenoCA	cna87
X	151252864	155254449	2	1	sim48	Prost-AdenoCA	cna88
X	155254450	155270560	1	1	sim48	Prost-AdenoCA	cna89
Y	1	36496744	1	0	sim48	Prost-AdenoCA	cna90
Y	36496745	44671298	1	1	sim48	Prost-AdenoCA	cna91
Y	44671299	44986745	1	0	sim48	Prost-AdenoCA	cna92
Y	44986746	58858448	1	1	sim48	Prost-AdenoCA	cna93
Y	58858449	59373566	2	2	sim48	Prost-AdenoCA	cna94
