chrom1	start1	end1	chrom2	start2	end2	strand1	strand2	svclass	id	allele	donor_id	tumor
1	28433000	28433001	1	124812275	124812276	-	-	t2tINV	cna0	major	sim28	Prost-AdenoCA
2	1	55430980	20	45589299	63025520	+	-	TRA	cna1,cna41	minor,major	sim28	Prost-AdenoCA
2	21608622	243199373	19	50608978	53053411	-	-	TRA	cna39,cna1	major,minor	sim28	Prost-AdenoCA
2	76492579	76492580	2	80830692	80830693	+	+	h2hINV	cna1	major	sim28	Prost-AdenoCA
4	1	39412077	5	2771463	173761243	+	-	TRA	cna3,cna5	minor,minor	sim28	Prost-AdenoCA
4	1	121890477	13	1	96939414	+	+	TRA	cna3,cna29	minor,major	sim28	Prost-AdenoCA
4	72691376	72691377	4	72776237	72776238	+	+	h2hINV	cna3	major	sim28	Prost-AdenoCA
4	190438103	190438104	4	191154276	191154277	-	+	DUP	cna4	major	sim28	Prost-AdenoCA
4	190438103	190438104	4	191154276	191154277	-	+	DUP	cna4	minor	sim28	Prost-AdenoCA
5	1	2	5	173761243	173761244	-	+	DUP	cna5	major	sim28	Prost-AdenoCA
5	178216851	178216852	5	179991177	179991178	+	-	DEL	cna7	minor	sim28	Prost-AdenoCA
6	1	54369041	15	1	19430494	+	+	TRA	cna9,cna33	minor,minor	sim28	Prost-AdenoCA
6	171008081	171008082	6	171115067	171115068	-	+	DUP	cna10	major	sim28	Prost-AdenoCA
6	171008081	171008082	6	171115067	171115068	-	+	DUP	cna10	minor	sim28	Prost-AdenoCA
7	11046349	11046350	7	15989201	15989202	-	+	DUP	cna12	major	sim28	Prost-AdenoCA
7	63614521	63614522	7	65112576	65112577	-	+	DUP	cna14	major	sim28	Prost-AdenoCA
7	158487920	158487921	7	159138663	159138664	+	-	DEL	cna16	minor	sim28	Prost-AdenoCA
8	28537310	28537311	8	71503657	71503658	+	+	h2hINV	cna17	minor	sim28	Prost-AdenoCA
8	97710887	97710888	8	146364022	146364023	+	-	DEL	cna18	minor	sim28	Prost-AdenoCA
11	27368909	27368910	11	27437183	27437184	-	+	DUP	cna22	major	sim28	Prost-AdenoCA
11	27437184	27437185	11	27548268	27548269	-	+	DUP	cna23	major	sim28	Prost-AdenoCA
11	27437184	27437185	11	27548268	27548269	+	-	DEL	cna23	minor	sim28	Prost-AdenoCA
11	27548269	27548270	11	32349185	32349186	+	-	DEL	cna24	minor	sim28	Prost-AdenoCA
11	28552610	28552611	11	30596697	30596698	-	-	t2tINV	cna24	major	sim28	Prost-AdenoCA
11	131827488	131827489	11	135006516	135006517	-	+	DUP	cna26	major	sim28	Prost-AdenoCA
12	130755010	130755011	12	133851895	133851896	+	-	DEL	cna28	minor	sim28	Prost-AdenoCA
14	62684221	62684222	14	82559934	82559935	+	+	h2hINV	cna30	minor	sim28	Prost-AdenoCA
14	98001756	98001757	14	107323103	107323104	-	+	DUP	cna31	major	sim28	Prost-AdenoCA
17	1	2	17	76042641	76042642	-	+	DUP	cna35	major	sim28	Prost-AdenoCA
17	76042642	76042643	17	79019922	79019923	+	-	DEL	cna36	minor	sim28	Prost-AdenoCA
19	53053412	53053413	19	59128983	59128984	+	-	DEL	cna40	minor	sim28	Prost-AdenoCA
X	26892142	26892143	X	26937397	26937398	-	+	DUP	cna45	major	sim28	Prost-AdenoCA
X	26937398	26937399	X	33474740	33474741	-	+	DUP	cna46	major	sim28	Prost-AdenoCA
Y	1695297	1695298	Y	4513460	4513461	-	+	DUP	cna49	major	sim28	Prost-AdenoCA
Y	42558474	42558475	Y	42569370	42569371	+	-	DEL	cna51	minor	sim28	Prost-AdenoCA
Y	42941927	42941928	Y	43034966	43034967	+	-	DEL	cna53	major	sim28	Prost-AdenoCA
Y	42941927	42941928	Y	43034966	43034967	+	-	DEL	cna53	minor	sim28	Prost-AdenoCA
