chrom1	start1	end1	chrom2	start2	end2	strand1	strand2	svclass	id	allele	donor_id	tumor
1	91625943	249250621	11	74097610	135006516	-	-	TRA	cna18,cna0	minor,minor	sim62	Prost-AdenoCA
2	1	59209180	11	7659918	135006516	+	-	TRA	cna1,cna18	minor,minor	sim62	Prost-AdenoCA
2	15481679	15481680	2	16280351	16280352	-	-	t2tINV	cna1	minor	sim62	Prost-AdenoCA
2	45360179	45360180	2	94425645	94425646	+	+	h2hINV	cna1	major	sim62	Prost-AdenoCA
2	207035391	243199373	12	76472294	133851895	-	-	TRA	cna19,cna1	major,major	sim62	Prost-AdenoCA
3	84892906	84892907	3	93844829	93844830	+	+	h2hINV	cna2	minor	sim62	Prost-AdenoCA
3	107551006	198022430	8	39955781	145875801	-	-	TRA	cna2,cna10	major,major	sim62	Prost-AdenoCA
3	141349306	141349307	3	141359307	141359308	+	+	h2hINV	cna2	minor	sim62	Prost-AdenoCA
4	135109076	135109077	4	138683072	138683073	+	-	DEL	cna4	minor	sim62	Prost-AdenoCA
4	138683073	138683074	4	138742367	138742368	-	+	DUP	cna5	major	sim62	Prost-AdenoCA
5	14061500	14061501	5	14081698	14081699	-	-	t2tINV	cna7	major	sim62	Prost-AdenoCA
5	84225200	84225201	5	84235202	84235203	+	+	h2hINV	cna7	minor	sim62	Prost-AdenoCA
7	1	97359774	9	1	126433459	+	+	TRA	cna9,cna12	major,minor	sim62	Prost-AdenoCA
7	19655873	19655874	7	19686000	19686001	+	+	h2hINV	cna9	minor	sim62	Prost-AdenoCA
8	57568710	145875801	10	131699925	135534747	-	-	TRA	cna10,cna17	major,major	sim62	Prost-AdenoCA
8	145875802	145875803	8	146364022	146364023	-	+	DUP	cna11	major	sim62	Prost-AdenoCA
9	21757788	21757789	9	38614584	38614585	+	+	h2hINV	cna12	major	sim62	Prost-AdenoCA
10	12190257	12190258	10	12230582	12230583	-	-	t2tINV	cna13	major	sim62	Prost-AdenoCA
10	45650831	45650832	10	45669912	45669913	+	-	DEL	cna14	minor	sim62	Prost-AdenoCA
10	87559357	87559358	10	95560631	95560632	+	+	h2hINV	cna15	major	sim62	Prost-AdenoCA
10	99715476	99715477	10	101126880	101126881	+	-	DEL	cna16	minor	sim62	Prost-AdenoCA
10	131726057	131726058	10	131736063	131736064	+	+	h2hINV	cna17	major	sim62	Prost-AdenoCA
12	31036594	31036595	12	31595836	31595837	+	+	h2hINV	cna19	minor	sim62	Prost-AdenoCA
14	106027421	107349540	17	34881900	81195210	-	-	TRA	cna21,cna28	major,minor	sim62	Prost-AdenoCA
15	42892181	42892182	15	43245623	43245624	-	-	t2tINV	cna22	minor	sim62	Prost-AdenoCA
16	81629876	81629877	16	81730521	81730522	-	+	DUP	cna24	major	sim62	Prost-AdenoCA
16	81629876	81629877	16	81730521	81730522	+	-	DEL	cna24	minor	sim62	Prost-AdenoCA
16	82109773	82109774	16	83099771	83099772	+	-	DEL	cna26	major	sim62	Prost-AdenoCA
16	82109773	82109774	16	83099771	83099772	+	-	DEL	cna26	minor	sim62	Prost-AdenoCA
18	69967258	69967259	18	78077248	78077249	-	+	DUP	cna30	major	sim62	Prost-AdenoCA
18	69967258	69967259	18	78077248	78077249	+	-	DEL	cna30	minor	sim62	Prost-AdenoCA
20	58674681	58674682	20	60039099	60039100	-	+	DUP	cna33	major	sim62	Prost-AdenoCA
20	60206013	60206014	20	60219213	60219214	-	+	DUP	cna35	major	sim62	Prost-AdenoCA
20	60206013	60206014	20	60219213	60219214	+	-	DEL	cna35	minor	sim62	Prost-AdenoCA
21	1	2	21	48129895	48129896	+	-	DEL	cna37	minor	sim62	Prost-AdenoCA
22	1	2	22	35508116	35508117	+	-	DEL	cna38	minor	sim62	Prost-AdenoCA
22	25909980	25909981	22	27852678	27852679	+	+	h2hINV	cna38	major	sim62	Prost-AdenoCA
X	1	2	X	9213576	9213577	-	+	DUP	cna40	major	sim62	Prost-AdenoCA
X	70877721	70877722	X	71380153	71380154	+	-	DEL	cna42	major	sim62	Prost-AdenoCA
X	70877721	70877722	X	71380153	71380154	+	-	DEL	cna42	minor	sim62	Prost-AdenoCA
X	71380154	71380155	X	71391623	71391624	+	-	DEL	cna43	minor	sim62	Prost-AdenoCA
X	153210552	153210553	X	153969228	153969229	+	-	DEL	cna45	minor	sim62	Prost-AdenoCA
X	155012079	155012080	X	155270560	155270561	-	+	DUP	cna47	major	sim62	Prost-AdenoCA
X	155012079	155012080	X	155270560	155270561	-	+	DUP	cna47	minor	sim62	Prost-AdenoCA
Y	968716	968717	Y	56145255	56145256	+	-	DEL	cna49	minor	sim62	Prost-AdenoCA
