chrom1	start1	end1	chrom2	start2	end2	strand1	strand2	svclass	id	allele	donor_id	tumor
1	11065468	11065469	1	13245815	13245816	-	+	DUP	cna1	major	sim48	Prost-AdenoCA
1	11065468	11065469	1	13245815	13245816	+	-	DEL	cna1	minor	sim48	Prost-AdenoCA
1	13245816	13245817	1	27382000	27382001	-	+	DUP	cna2	major	sim48	Prost-AdenoCA
1	27382001	27382002	1	27693526	27693527	-	+	DUP	cna3	major	sim48	Prost-AdenoCA
1	27382001	27382002	1	27693526	27693527	-	+	DUP	cna3	minor	sim48	Prost-AdenoCA
1	74589200	74589201	1	74854103	74854104	-	-	t2tINV	cna4	minor	sim48	Prost-AdenoCA
1	84383700	84383701	1	94169007	94169008	-	-	t2tINV	cna4	minor	sim48	Prost-AdenoCA
1	155328700	155328701	1	155338709	155338710	-	-	t2tINV	cna4	major	sim48	Prost-AdenoCA
1	156501700	156501701	1	161094223	161094224	-	-	t2tINV	cna4	major	sim48	Prost-AdenoCA
1	169652300	169652301	1	169662308	169662309	-	-	t2tINV	cna4	major	sim48	Prost-AdenoCA
1	213674132	238067102	17	38217936	54871674	-	-	TRA	cna78,cna4	major,minor	sim48	Prost-AdenoCA
1	238067103	238067104	1	238754584	238754585	-	+	DUP	cna5	major	sim48	Prost-AdenoCA
1	239737136	239737137	1	249250621	249250622	+	-	DEL	cna7	minor	sim48	Prost-AdenoCA
1	243211800	243211801	1	243221806	243221807	-	-	t2tINV	cna7	major	sim48	Prost-AdenoCA
2	5946179	5946180	2	11754803	11754804	+	+	h2hINV	cna8	major	sim48	Prost-AdenoCA
2	24336279	24336280	2	24346292	24346293	-	-	t2tINV	cna8	major	sim48	Prost-AdenoCA
2	24590779	24590780	2	29775262	29775263	-	-	t2tINV	cna8	major	sim48	Prost-AdenoCA
2	216034111	243140993	18	1	23283727	-	+	TRA	cna81,cna8	major,major	sim48	Prost-AdenoCA
2	243140994	243140995	2	243199373	243199374	+	-	DEL	cna9	major	sim48	Prost-AdenoCA
2	243140994	243140995	2	243199373	243199374	+	-	DEL	cna9	minor	sim48	Prost-AdenoCA
3	9225606	9225607	3	9235613	9235614	-	-	t2tINV	cna10	major	sim48	Prost-AdenoCA
3	67049806	67049807	3	67080217	67080218	-	-	t2tINV	cna10	major	sim48	Prost-AdenoCA
3	77298106	77298107	3	77308119	77308120	-	-	t2tINV	cna10	minor	sim48	Prost-AdenoCA
3	157803892	198009435	14	105259621	107349540	-	-	TRA	cna65,cna10	major,major	sim48	Prost-AdenoCA
3	175761806	175761807	3	175771816	175771817	-	-	t2tINV	cna10	major	sim48	Prost-AdenoCA
3	198009436	198009437	3	198022430	198022431	+	-	DEL	cna11	minor	sim48	Prost-AdenoCA
4	89311376	89311377	4	89321387	89321388	-	-	t2tINV	cna12	minor	sim48	Prost-AdenoCA
4	117096476	117096477	4	121786458	121786459	-	-	t2tINV	cna12	major	sim48	Prost-AdenoCA
4	148785884	191154276	16	56530089	89027226	-	-	TRA	cna69,cna12	major,major	sim48	Prost-AdenoCA
5	36973000	36973001	5	63125075	63125076	-	-	t2tINV	cna13	major	sim48	Prost-AdenoCA
5	38989900	38989901	5	48998478	48998479	-	-	t2tINV	cna13	minor	sim48	Prost-AdenoCA
5	175265349	175265350	5	177138470	177138471	+	-	DEL	cna14	minor	sim48	Prost-AdenoCA
5	179443189	179443190	5	180915260	180915261	+	-	DEL	cna16	major	sim48	Prost-AdenoCA
5	179443189	179443190	5	180915260	180915261	+	-	DEL	cna16	minor	sim48	Prost-AdenoCA
6	6356940	143573544	11	16189307	73207439	-	+	TRA	cna17,cna54	major,major	sim48	Prost-AdenoCA
6	11648040	11648041	6	11851645	11851646	+	+	h2hINV	cna17	minor	sim48	Prost-AdenoCA
6	16636640	16636641	6	65375680	65375681	-	-	t2tINV	cna17	major	sim48	Prost-AdenoCA
6	31487940	31487941	6	31497954	31497955	-	-	t2tINV	cna17	major	sim48	Prost-AdenoCA
6	43063440	43063441	6	43073450	43073451	-	-	t2tINV	cna17	minor	sim48	Prost-AdenoCA
6	79780440	79780441	6	109812781	109812782	-	-	t2tINV	cna17	major	sim48	Prost-AdenoCA
6	108888540	108888541	6	108898547	108898548	-	-	t2tINV	cna17	minor	sim48	Prost-AdenoCA
6	143573545	143573546	6	156541780	156541781	+	-	DEL	cna18	minor	sim48	Prost-AdenoCA
6	167145840	167145841	6	169326391	169326392	-	-	t2tINV	cna19	major	sim48	Prost-AdenoCA
7	16950873	16950874	7	16970914	16970915	+	+	h2hINV	cna20	major	sim48	Prost-AdenoCA
7	98383899	98383900	7	98448517	98448518	-	+	DUP	cna21	major	sim48	Prost-AdenoCA
7	98383899	98383900	7	98448517	98448518	-	+	DUP	cna21	minor	sim48	Prost-AdenoCA
7	98961337	98961338	7	98991917	98991918	+	-	DEL	cna23	major	sim48	Prost-AdenoCA
7	98961337	98961338	7	98991917	98991918	+	-	DEL	cna23	minor	sim48	Prost-AdenoCA
7	100635149	100635150	7	101189652	101189653	-	+	DUP	cna25	major	sim48	Prost-AdenoCA
7	101189653	101189654	7	104989690	104989691	-	+	DUP	cna26	major	sim48	Prost-AdenoCA
7	101189653	101189654	7	104989690	104989691	-	+	DUP	cna26	minor	sim48	Prost-AdenoCA
7	105274338	105274339	7	143181680	143181681	-	+	DUP	cna28	major	sim48	Prost-AdenoCA
7	105586073	105586074	7	105692878	105692879	+	+	h2hINV	cna28	major	sim48	Prost-AdenoCA
7	143181681	143181682	7	143231976	143231977	-	+	DUP	cna29	major	sim48	Prost-AdenoCA
7	143181681	143181682	7	143231976	143231977	+	-	DEL	cna29	minor	sim48	Prost-AdenoCA
7	147127150	147127151	7	154310002	154310003	+	-	DEL	cna31	minor	sim48	Prost-AdenoCA
8	1	2	8	10318713	10318714	-	+	DUP	cna33	major	sim48	Prost-AdenoCA
8	1	2	8	10318713	10318714	-	+	DUP	cna33	minor	sim48	Prost-AdenoCA
8	79499010	79499011	8	79509019	79509020	-	-	t2tINV	cna34	minor	sim48	Prost-AdenoCA
8	115516210	115516211	8	115526218	115526219	-	-	t2tINV	cna34	minor	sim48	Prost-AdenoCA
8	134033910	134033911	8	134580425	134580426	-	-	t2tINV	cna34	major	sim48	Prost-AdenoCA
8	134740748	134740749	8	140453208	140453209	-	+	DUP	cna35	major	sim48	Prost-AdenoCA
8	140453209	140453210	8	140672695	140672696	+	-	DEL	cna36	minor	sim48	Prost-AdenoCA
9	74350588	74350589	9	85904463	85904464	-	-	t2tINV	cna38	minor	sim48	Prost-AdenoCA
9	101526529	101526530	9	129199546	129199547	-	+	DUP	cna39	major	sim48	Prost-AdenoCA
9	101526529	101526530	9	129199546	129199547	+	-	DEL	cna39	minor	sim48	Prost-AdenoCA
9	121087888	129199546	12	119811507	122992392	-	-	TRA	cna39,cna58	minor,major	sim48	Prost-AdenoCA
9	129209979	129209980	9	129258904	129258905	-	+	DUP	cna41	major	sim48	Prost-AdenoCA
9	129209979	129209980	9	129258904	129258905	+	-	DEL	cna41	minor	sim48	Prost-AdenoCA
9	129258905	129258906	9	141213431	141213432	+	-	DEL	cna42	minor	sim48	Prost-AdenoCA
10	14233957	14233958	10	14243972	14243973	-	-	t2tINV	cna43	minor	sim48	Prost-AdenoCA
10	24826457	24826458	10	24890554	24890555	+	+	h2hINV	cna43	major	sim48	Prost-AdenoCA
10	31973457	31973458	10	32003714	32003715	-	-	t2tINV	cna43	minor	sim48	Prost-AdenoCA
10	52407396	52407397	10	52559056	52559057	+	-	DEL	cna44	minor	sim48	Prost-AdenoCA
10	52559057	52559058	10	52575807	52575808	-	+	DUP	cna45	major	sim48	Prost-AdenoCA
10	52559057	52559058	10	52575807	52575808	-	+	DUP	cna45	minor	sim48	Prost-AdenoCA
10	52575808	52575809	10	56359951	56359952	-	+	DUP	cna46	major	sim48	Prost-AdenoCA
10	131401474	131401475	10	131505667	131505668	-	+	DUP	cna48	major	sim48	Prost-AdenoCA
10	131401474	131401475	10	131505667	131505668	+	-	DEL	cna48	minor	sim48	Prost-AdenoCA
10	131505668	131505669	10	131522401	131522402	+	-	DEL	cna49	minor	sim48	Prost-AdenoCA
10	135251346	135251347	10	135518319	135518320	-	+	DUP	cna51	major	sim48	Prost-AdenoCA
11	1	2	11	16189306	16189307	-	+	DUP	cna53	major	sim48	Prost-AdenoCA
11	16189307	60772511	13	1	2336387	+	+	TRA	cna54,cna61	major,minor	sim48	Prost-AdenoCA
11	61999010	61999011	11	62019221	62019222	-	-	t2tINV	cna54	minor	sim48	Prost-AdenoCA
11	78663510	78663511	11	78673524	78673525	-	-	t2tINV	cna54	minor	sim48	Prost-AdenoCA
11	82011610	82011611	11	82021617	82021618	-	-	t2tINV	cna54	minor	sim48	Prost-AdenoCA
11	94974610	94974611	11	97810585	97810586	-	-	t2tINV	cna54	minor	sim48	Prost-AdenoCA
11	102526710	102526711	11	108130609	108130610	+	+	h2hINV	cna54	major	sim48	Prost-AdenoCA
11	114268625	114268626	11	119616248	119616249	-	+	DUP	cna55	major	sim48	Prost-AdenoCA
11	114268625	117521811	17	28006215	28457220	+	+	TRA	cna55,cna73	minor,minor	sim48	Prost-AdenoCA
11	133347207	133347208	11	135006516	135006517	-	+	DUP	cna57	major	sim48	Prost-AdenoCA
11	133347207	133347208	11	135006516	135006517	-	+	DUP	cna57	minor	sim48	Prost-AdenoCA
12	6637494	6637495	12	35807707	35807708	-	-	t2tINV	cna58	major	sim48	Prost-AdenoCA
12	19531894	19531895	12	22399945	22399946	-	-	t2tINV	cna58	minor	sim48	Prost-AdenoCA
12	29083694	29083695	12	40506061	40506062	+	+	h2hINV	cna58	minor	sim48	Prost-AdenoCA
12	68621994	68621995	12	94128970	94128971	-	-	t2tINV	cna58	minor	sim48	Prost-AdenoCA
12	122992393	122992394	12	133839803	133839804	-	+	DUP	cna59	major	sim48	Prost-AdenoCA
12	122992393	122992394	12	133839803	133839804	+	-	DEL	cna59	minor	sim48	Prost-AdenoCA
13	58990299	58990300	13	59000306	59000307	-	-	t2tINV	cna61	major	sim48	Prost-AdenoCA
13	89341099	115169878	17	31508654	44102750	-	+	TRA	cna61,cna78	minor,minor	sim48	Prost-AdenoCA
14	15605067	15605068	14	16166659	16166660	+	-	DEL	cna63	minor	sim48	Prost-AdenoCA
14	41987321	66003616	20	22908852	63025520	-	-	TRA	cna64,cna83	minor,major	sim48	Prost-AdenoCA
14	66003617	66003618	14	107349540	107349541	-	+	DUP	cna65	major	sim48	Prost-AdenoCA
15	65579481	65579482	15	88207046	88207047	-	-	t2tINV	cna66	major	sim48	Prost-AdenoCA
15	82850681	82850682	15	83176803	83176804	-	-	t2tINV	cna66	minor	sim48	Prost-AdenoCA
15	102508729	102508730	15	102520157	102520158	-	+	DUP	cna67	major	sim48	Prost-AdenoCA
15	102508729	102508730	15	102520157	102520158	+	-	DEL	cna67	minor	sim48	Prost-AdenoCA
16	11293289	11293290	16	44880472	44880473	-	-	t2tINV	cna69	minor	sim48	Prost-AdenoCA
16	50295589	89027226	22	1	37941810	-	+	TRA	cna69,cna86	major,minor	sim48	Prost-AdenoCA
16	89027227	89027228	16	90354753	90354754	+	-	DEL	cna70	minor	sim48	Prost-AdenoCA
17	1	2	17	5913394	5913395	+	-	DEL	cna71	minor	sim48	Prost-AdenoCA
17	5913395	5913396	17	28006214	28006215	-	+	DUP	cna72	major	sim48	Prost-AdenoCA
17	17371136	17371137	17	17381179	17381180	+	+	h2hINV	cna72	minor	sim48	Prost-AdenoCA
17	24676036	24676037	17	24895967	24895968	-	-	t2tINV	cna72	minor	sim48	Prost-AdenoCA
17	28006215	28006216	17	28581821	28581822	-	+	DUP	cna73	major	sim48	Prost-AdenoCA
17	28006215	28006216	17	28581821	28581822	-	+	DUP	cna73	minor	sim48	Prost-AdenoCA
17	29543523	29543524	17	29612246	29612247	+	-	DEL	cna75	minor	sim48	Prost-AdenoCA
17	30523735	30523736	17	31508653	31508654	-	+	DUP	cna77	major	sim48	Prost-AdenoCA
17	30523735	30523736	17	31508653	31508654	+	-	DEL	cna77	minor	sim48	Prost-AdenoCA
17	31508654	31508655	17	54871674	54871675	-	+	DUP	cna78	major	sim48	Prost-AdenoCA
17	31508654	31508655	17	54871674	54871675	-	+	DUP	cna78	minor	sim48	Prost-AdenoCA
17	38470736	38470737	17	38480744	38480745	-	-	t2tINV	cna78	major	sim48	Prost-AdenoCA
17	54871675	54871676	17	78504053	78504054	+	-	DEL	cna79	minor	sim48	Prost-AdenoCA
17	59606336	59606337	17	65397983	65397984	-	-	t2tINV	cna79	major	sim48	Prost-AdenoCA
17	68668436	68668437	17	68678447	68678448	-	-	t2tINV	cna79	major	sim48	Prost-AdenoCA
17	77307136	77307137	17	77722361	77722362	-	-	t2tINV	cna79	major	sim48	Prost-AdenoCA
17	78504054	78504055	17	81195210	81195211	-	+	DUP	cna80	major	sim48	Prost-AdenoCA
17	78504054	78504055	17	81195210	81195211	-	+	DUP	cna80	minor	sim48	Prost-AdenoCA
18	13685426	13685427	18	41932950	41932951	-	-	t2tINV	cna81	major	sim48	Prost-AdenoCA
18	47048626	47048627	18	48276937	48276938	-	-	t2tINV	cna81	minor	sim48	Prost-AdenoCA
18	65187226	65187227	18	65197238	65197239	-	-	t2tINV	cna81	minor	sim48	Prost-AdenoCA
19	19477278	19477279	19	28432862	28432863	-	-	t2tINV	cna82	minor	sim48	Prost-AdenoCA
19	35778478	59128983	Y	44986746	57675927	-	+	TRA	cna82,cna93	minor,minor	sim48	Prost-AdenoCA
21	1	2	21	48106402	48106403	+	-	DEL	cna84	minor	sim48	Prost-AdenoCA
21	48106403	48106404	21	48129895	48129896	-	+	DUP	cna85	major	sim48	Prost-AdenoCA
X	64677014	64677015	X	64687022	64687023	-	-	t2tINV	cna87	major	sim48	Prost-AdenoCA
X	151252864	151252865	X	155254449	155254450	-	+	DUP	cna88	major	sim48	Prost-AdenoCA
Y	1	2	Y	36496744	36496745	+	-	DEL	cna90	minor	sim48	Prost-AdenoCA
Y	44671299	44671300	Y	44986745	44986746	+	-	DEL	cna92	minor	sim48	Prost-AdenoCA
Y	58858449	58858450	Y	59373566	59373567	-	+	DUP	cna94	major	sim48	Prost-AdenoCA
Y	58858449	58858450	Y	59373566	59373567	-	+	DUP	cna94	minor	sim48	Prost-AdenoCA
