chrom	start	end	major_cn	minor_cn	donor_id	study	id
1	1	51692021	1	0	sim34	Prost-AdenoCA	cna0
1	51692022	51731554	0	1	sim34	Prost-AdenoCA	cna1
1	51731555	51754535	1	1	sim34	Prost-AdenoCA	cna2
1	51754536	53422768	0	0	sim34	Prost-AdenoCA	cna3
1	53422769	53935972	1	1	sim34	Prost-AdenoCA	cna4
1	53935973	55669926	2	1	sim34	Prost-AdenoCA	cna5
1	55669927	133759575	1	1	sim34	Prost-AdenoCA	cna6
1	133759576	138324913	2	2	sim34	Prost-AdenoCA	cna7
1	138324914	138335748	3	2	sim34	Prost-AdenoCA	cna8
1	138335749	154475781	1	1	sim34	Prost-AdenoCA	cna9
1	154475782	154645739	3	1	sim34	Prost-AdenoCA	cna10
1	154645740	249250621	1	1	sim34	Prost-AdenoCA	cna11
2	1	8625262	1	1	sim34	Prost-AdenoCA	cna12
2	8625263	8661630	4	2	sim34	Prost-AdenoCA	cna13
2	8661631	8685851	1	0	sim34	Prost-AdenoCA	cna14
2	8685852	16748499	1	1	sim34	Prost-AdenoCA	cna15
2	16748500	16883949	1	0	sim34	Prost-AdenoCA	cna16
2	16883950	31404220	2	1	sim34	Prost-AdenoCA	cna17
2	31404221	31423386	1	0	sim34	Prost-AdenoCA	cna18
2	31423387	129702175	1	1	sim34	Prost-AdenoCA	cna19
2	129702176	129738738	2	1	sim34	Prost-AdenoCA	cna20
2	129738739	136944049	2	2	sim34	Prost-AdenoCA	cna21
2	136944050	169098163	1	1	sim34	Prost-AdenoCA	cna22
2	169098164	170214920	2	0	sim34	Prost-AdenoCA	cna23
2	170214921	243199373	1	1	sim34	Prost-AdenoCA	cna24
3	1	181778098	1	1	sim34	Prost-AdenoCA	cna25
3	181778099	187007240	1	0	sim34	Prost-AdenoCA	cna26
3	187007241	188440570	1	1	sim34	Prost-AdenoCA	cna27
3	188440571	189334924	0	0	sim34	Prost-AdenoCA	cna28
3	189334925	194198786	3	1	sim34	Prost-AdenoCA	cna29
3	194198787	198022430	1	0	sim34	Prost-AdenoCA	cna30
4	1	106314107	1	1	sim34	Prost-AdenoCA	cna31
4	106314108	108664667	3	1	sim34	Prost-AdenoCA	cna32
4	108664668	190865096	1	1	sim34	Prost-AdenoCA	cna33
4	190865097	191154276	1	0	sim34	Prost-AdenoCA	cna34
5	1	60432674	1	1	sim34	Prost-AdenoCA	cna35
5	60432675	61628447	2	2	sim34	Prost-AdenoCA	cna36
5	61628448	77488180	3	2	sim34	Prost-AdenoCA	cna37
5	77488181	180116811	1	1	sim34	Prost-AdenoCA	cna38
5	180116812	180915260	0	0	sim34	Prost-AdenoCA	cna39
6	1	171115067	1	1	sim34	Prost-AdenoCA	cna40
7	1	159138663	1	1	sim34	Prost-AdenoCA	cna41
8	1	35173540	1	1	sim34	Prost-AdenoCA	cna42
8	35173541	39477669	2	0	sim34	Prost-AdenoCA	cna43
8	39477670	44970832	2	2	sim34	Prost-AdenoCA	cna44
8	44970833	45673508	1	0	sim34	Prost-AdenoCA	cna45
8	45673509	62076916	1	1	sim34	Prost-AdenoCA	cna46
8	62076917	62096707	1	0	sim34	Prost-AdenoCA	cna47
8	62096708	62945089	4	1	sim34	Prost-AdenoCA	cna48
8	62945090	145005156	1	1	sim34	Prost-AdenoCA	cna49
8	145005157	145546546	2	1	sim34	Prost-AdenoCA	cna50
8	145546547	146342919	2	0	sim34	Prost-AdenoCA	cna51
8	146342920	146364022	1	1	sim34	Prost-AdenoCA	cna52
9	1	88999452	1	1	sim34	Prost-AdenoCA	cna53
9	88999453	92824498	0	0	sim34	Prost-AdenoCA	cna54
9	92824499	95261973	1	0	sim34	Prost-AdenoCA	cna55
9	95261974	122191135	2	1	sim34	Prost-AdenoCA	cna56
9	122191136	140645588	1	1	sim34	Prost-AdenoCA	cna57
9	140645589	141157302	2	1	sim34	Prost-AdenoCA	cna58
9	141157303	141213431	0	0	sim34	Prost-AdenoCA	cna59
10	1	135534747	1	1	sim34	Prost-AdenoCA	cna60
11	1	132303304	1	1	sim34	Prost-AdenoCA	cna61
11	132303305	132909157	3	2	sim34	Prost-AdenoCA	cna62
11	132909158	132974366	1	0	sim34	Prost-AdenoCA	cna63
11	132974367	133183901	1	1	sim34	Prost-AdenoCA	cna64
11	133183902	133613879	2	0	sim34	Prost-AdenoCA	cna65
11	133613880	134595907	1	1	sim34	Prost-AdenoCA	cna66
11	134595908	135006516	2	1	sim34	Prost-AdenoCA	cna67
12	1	125994157	1	1	sim34	Prost-AdenoCA	cna68
12	125994158	133851895	1	0	sim34	Prost-AdenoCA	cna69
13	1	102428230	1	1	sim34	Prost-AdenoCA	cna70
13	102428231	115169878	0	0	sim34	Prost-AdenoCA	cna71
14	1	15254508	1	1	sim34	Prost-AdenoCA	cna72
14	15254509	15815361	0	0	sim34	Prost-AdenoCA	cna73
14	15815362	76889488	1	0	sim34	Prost-AdenoCA	cna74
14	76889489	77265898	0	0	sim34	Prost-AdenoCA	cna75
14	77265899	86297330	1	0	sim34	Prost-AdenoCA	cna76
14	86297331	102019620	1	1	sim34	Prost-AdenoCA	cna77
14	102019621	102759777	2	1	sim34	Prost-AdenoCA	cna78
14	102759778	107349540	3	0	sim34	Prost-AdenoCA	cna79
15	1	139068	1	1	sim34	Prost-AdenoCA	cna80
15	139069	102531392	2	0	sim34	Prost-AdenoCA	cna81
16	1	90354753	1	1	sim34	Prost-AdenoCA	cna82
17	1	81195210	1	1	sim34	Prost-AdenoCA	cna83
18	1	78077248	1	1	sim34	Prost-AdenoCA	cna84
19	1	59128983	1	1	sim34	Prost-AdenoCA	cna85
20	1	41418002	1	1	sim34	Prost-AdenoCA	cna86
20	41418003	53803670	1	0	sim34	Prost-AdenoCA	cna87
20	53803671	53858978	0	0	sim34	Prost-AdenoCA	cna88
20	53858979	59851966	3	1	sim34	Prost-AdenoCA	cna89
20	59851967	61499019	1	1	sim34	Prost-AdenoCA	cna90
20	61499020	63025520	3	0	sim34	Prost-AdenoCA	cna91
21	1	48129895	1	1	sim34	Prost-AdenoCA	cna92
22	1	11796762	1	1	sim34	Prost-AdenoCA	cna93
22	11796763	20510647	2	2	sim34	Prost-AdenoCA	cna94
22	20510648	45119396	1	1	sim34	Prost-AdenoCA	cna95
22	45119397	47447056	3	1	sim34	Prost-AdenoCA	cna96
22	47447057	47599419	1	0	sim34	Prost-AdenoCA	cna97
22	47599420	51304566	2	1	sim34	Prost-AdenoCA	cna98
X	1	155270560	1	1	sim34	Prost-AdenoCA	cna99
Y	1	59094206	1	1	sim34	Prost-AdenoCA	cna100
Y	59094207	59373566	2	1	sim34	Prost-AdenoCA	cna101
