chrom1	start1	end1	chrom2	start2	end2	strand1	strand2	svclass	id	allele	donor_id	tumor
1	1	2	1	12343	12344	-	+	DUP	cna0	major	sim88	Prost-AdenoCA
1	1	2	1	12343	12344	-	+	DUP	cna0	minor	sim88	Prost-AdenoCA
1	12344	12345	1	4580992	4580993	+	-	DEL	cna1	minor	sim88	Prost-AdenoCA
1	3170600	3170601	1	3190661	3190662	-	-	t2tINV	cna1	major	sim88	Prost-AdenoCA
1	100871300	170643434	5	82427516	131697139	-	+	TRA	cna2,cna35	major,minor	sim88	Prost-AdenoCA
1	152614500	152614501	1	152624515	152624516	-	-	t2tINV	cna2	minor	sim88	Prost-AdenoCA
1	154517600	154517601	1	181531888	181531889	+	+	h2hINV	cna2	major	sim88	Prost-AdenoCA
1	154829100	154829101	1	163659449	163659450	-	-	t2tINV	cna2	minor	sim88	Prost-AdenoCA
1	170643435	170643436	1	173459605	173459606	+	-	DEL	cna3	minor	sim88	Prost-AdenoCA
1	191534700	191534701	1	191544703	191544704	+	+	h2hINV	cna4	major	sim88	Prost-AdenoCA
1	204375600	209505247	8	1	34184471	-	+	TRA	cna4,cna46	major,minor	sim88	Prost-AdenoCA
1	209505248	209505249	1	227205250	227205251	-	+	DUP	cna5	major	sim88	Prost-AdenoCA
1	209505248	209505249	1	227205250	227205251	-	+	DUP	cna5	minor	sim88	Prost-AdenoCA
1	212288900	212288901	1	212352922	212352923	-	-	t2tINV	cna5	minor	sim88	Prost-AdenoCA
1	227205251	227205252	1	227463556	227463557	+	-	DEL	cna6	minor	sim88	Prost-AdenoCA
1	227463557	227463558	1	241904380	241904381	-	+	DUP	cna7	major	sim88	Prost-AdenoCA
1	227463557	227463558	1	241904380	241904381	-	+	DUP	cna7	minor	sim88	Prost-AdenoCA
1	241904381	241904382	1	246281738	246281739	-	+	DUP	cna8	major	sim88	Prost-AdenoCA
1	243075557	246281738	10	1	33340358	-	+	TRA	cna59,cna8	minor,minor	sim88	Prost-AdenoCA
1	246281739	246281740	1	249250621	249250622	+	-	DEL	cna9	minor	sim88	Prost-AdenoCA
2	72588979	72588980	2	104600973	104600974	+	+	h2hINV	cna10	major	sim88	Prost-AdenoCA
2	88738470	173139324	11	82919110	135006516	-	-	TRA	cna65,cna10	minor,major	sim88	Prost-AdenoCA
2	89138255	173139324	20	1	33542296	-	+	TRA	cna90,cna10	major,major	sim88	Prost-AdenoCA
2	100514579	100514580	2	102453779	102453780	+	+	h2hINV	cna10	major	sim88	Prost-AdenoCA
2	116698979	116698980	2	118238808	118238809	+	+	h2hINV	cna10	major	sim88	Prost-AdenoCA
2	147917479	147917480	2	153679030	153679031	-	-	t2tINV	cna10	minor	sim88	Prost-AdenoCA
2	163145279	163145280	2	165231618	165231619	+	+	h2hINV	cna10	major	sim88	Prost-AdenoCA
2	173139325	173139326	2	210614019	210614020	-	+	DUP	cna11	major	sim88	Prost-AdenoCA
2	186825579	186825580	2	186835587	186835588	-	-	t2tINV	cna11	major	sim88	Prost-AdenoCA
2	213703779	213703780	2	217420806	217420807	+	+	h2hINV	cna12	minor	sim88	Prost-AdenoCA
2	218180389	218180390	2	218568223	218568224	-	+	DUP	cna13	major	sim88	Prost-AdenoCA
2	218180389	218180390	2	218568223	218568224	-	+	DUP	cna13	minor	sim88	Prost-AdenoCA
2	218568224	218568225	2	218581246	218581247	-	+	DUP	cna14	major	sim88	Prost-AdenoCA
2	218568224	218568225	2	218581246	218581247	-	+	DUP	cna14	minor	sim88	Prost-AdenoCA
2	218581247	218581248	2	218783734	218783735	-	+	DUP	cna15	major	sim88	Prost-AdenoCA
2	221876179	221876180	2	234256185	234256186	-	-	t2tINV	cna22	major	sim88	Prost-AdenoCA
2	222444600	222444601	2	224696042	224696043	+	-	DEL	cna17	minor	sim88	Prost-AdenoCA
2	224696043	224696044	2	224755129	224755130	-	+	DUP	cna18	major	sim88	Prost-AdenoCA
2	224755130	224755131	2	225015979	225015980	-	+	DUP	cna19	major	sim88	Prost-AdenoCA
2	225556307	225556308	2	225569356	225569357	-	+	DUP	cna21	major	sim88	Prost-AdenoCA
2	225556307	225556308	2	225569356	225569357	+	-	DEL	cna21	minor	sim88	Prost-AdenoCA
2	238822549	238822550	2	239673546	239673547	-	+	DUP	cna23	major	sim88	Prost-AdenoCA
2	238822549	238822550	2	239673546	239673547	-	+	DUP	cna23	minor	sim88	Prost-AdenoCA
2	242443691	242443692	2	243199373	243199374	-	+	DUP	cna25	major	sim88	Prost-AdenoCA
3	33952006	33952007	3	34377332	34377333	+	+	h2hINV	cna26	minor	sim88	Prost-AdenoCA
3	50424506	50424507	3	50434510	50434511	+	+	h2hINV	cna26	major	sim88	Prost-AdenoCA
3	60828406	60828407	3	60838409	60838410	-	-	t2tINV	cna26	minor	sim88	Prost-AdenoCA
3	64690870	100083756	10	67216557	135520238	-	-	TRA	cna59,cna26	major,minor	sim88	Prost-AdenoCA
3	69646506	100083756	5	37292679	82371253	-	-	TRA	cna26,cna33	minor,major	sim88	Prost-AdenoCA
3	71684306	71684307	3	73418542	73418543	-	-	t2tINV	cna26	minor	sim88	Prost-AdenoCA
3	84108406	84108407	3	121469627	121469628	-	-	t2tINV	cna29	major	sim88	Prost-AdenoCA
3	100083757	100083758	3	100873142	100873143	+	-	DEL	cna27	minor	sim88	Prost-AdenoCA
3	100873143	100873144	3	100885390	100885391	-	+	DUP	cna28	major	sim88	Prost-AdenoCA
3	105505406	105505407	3	107495863	107495864	+	+	h2hINV	cna29	major	sim88	Prost-AdenoCA
3	115214806	115214807	3	115571753	115571754	+	+	h2hINV	cna29	minor	sim88	Prost-AdenoCA
3	131755506	131755507	3	136088191	136088192	+	+	h2hINV	cna29	minor	sim88	Prost-AdenoCA
3	175981906	175981907	3	176557042	176557043	+	+	h2hINV	cna29	minor	sim88	Prost-AdenoCA
3	188329106	198022430	5	177808105	179194319	-	-	TRA	cna29,cna37	minor,major	sim88	Prost-AdenoCA
4	42051976	42051977	4	42061989	42061990	+	+	h2hINV	cna30	minor	sim88	Prost-AdenoCA
4	55940776	55940777	4	56453414	56453415	-	-	t2tINV	cna30	major	sim88	Prost-AdenoCA
4	56878976	56878977	4	83529058	83529059	+	+	h2hINV	cna30	minor	sim88	Prost-AdenoCA
4	118991776	118991777	4	119001777	119001778	+	+	h2hINV	cna30	minor	sim88	Prost-AdenoCA
4	140034276	171929777	14	85484077	107349540	-	-	TRA	cna30,cna68	minor,minor	sim88	Prost-AdenoCA
4	171929778	171929779	4	189020210	189020211	-	+	DUP	cna31	major	sim88	Prost-AdenoCA
4	171929778	171929779	4	189020210	189020211	+	-	DEL	cna31	minor	sim88	Prost-AdenoCA
4	175443176	189020210	6	126949920	159936243	-	-	TRA	cna31,cna42	minor,major	sim88	Prost-AdenoCA
4	183889976	183889977	4	185036478	185036479	+	+	h2hINV	cna31	major	sim88	Prost-AdenoCA
5	783200	783201	5	1215980	1215981	+	+	h2hINV	cna33	minor	sim88	Prost-AdenoCA
5	57282389	82371253	19	20551478	27367286	-	-	TRA	cna85,cna33	major,major	sim88	Prost-AdenoCA
5	58482900	58482901	5	131172050	131172051	+	+	h2hINV	cna33	minor	sim88	Prost-AdenoCA
5	59387500	59387501	5	77876255	77876256	+	+	h2hINV	cna33	major	sim88	Prost-AdenoCA
5	82371254	82371255	5	82427515	82427516	-	+	DUP	cna34	major	sim88	Prost-AdenoCA
5	99957000	99957001	5	99967008	99967009	+	+	h2hINV	cna35	minor	sim88	Prost-AdenoCA
5	105767300	105767301	5	106446875	106446876	+	+	h2hINV	cna35	minor	sim88	Prost-AdenoCA
5	106752600	106752601	5	127792439	127792440	+	+	h2hINV	cna35	major	sim88	Prost-AdenoCA
5	134367242	134367243	5	134376208	134376209	-	+	DUP	cna36	major	sim88	Prost-AdenoCA
5	134376209	135065801	8	136745914	139718725	+	-	TRA	cna37,cna50	minor,minor	sim88	Prost-AdenoCA
5	134376209	147128101	17	1	28304372	+	+	TRA	cna37,cna80	minor,minor	sim88	Prost-AdenoCA
5	171787700	179194319	12	5973199	133851895	-	-	TRA	cna37,cna66	minor,minor	sim88	Prost-AdenoCA
5	179194320	179194321	5	180583969	180583970	-	+	DUP	cna38	major	sim88	Prost-AdenoCA
5	180583970	180583971	5	180769987	180769988	-	+	DUP	cna39	major	sim88	Prost-AdenoCA
5	180583970	180583971	5	180769987	180769988	-	+	DUP	cna39	minor	sim88	Prost-AdenoCA
5	180769988	180769989	5	180862585	180862586	+	-	DEL	cna40	minor	sim88	Prost-AdenoCA
5	180862586	180862587	5	180915260	180915261	+	-	DEL	cna41	major	sim88	Prost-AdenoCA
5	180862586	180862587	5	180915260	180915261	+	-	DEL	cna41	minor	sim88	Prost-AdenoCA
6	43530640	43530641	6	134029755	134029756	-	-	t2tINV	cna42	major	sim88	Prost-AdenoCA
6	45557840	45557841	6	46051690	46051691	+	+	h2hINV	cna42	major	sim88	Prost-AdenoCA
6	67397040	159936243	12	1	24470265	-	+	TRA	cna42,cna66	major,major	sim88	Prost-AdenoCA
6	86221140	86221141	6	124159411	124159412	+	+	h2hINV	cna42	major	sim88	Prost-AdenoCA
6	159936244	159936245	6	160296376	160296377	+	-	DEL	cna43	minor	sim88	Prost-AdenoCA
7	2302873	2302874	7	2312884	2312885	-	-	t2tINV	cna45	major	sim88	Prost-AdenoCA
7	4200173	4200174	7	13268464	13268465	-	-	t2tINV	cna45	minor	sim88	Prost-AdenoCA
7	51295773	51295774	7	56233833	56233834	-	-	t2tINV	cna45	minor	sim88	Prost-AdenoCA
7	55660973	55660974	7	55670977	55670978	+	+	h2hINV	cna45	minor	sim88	Prost-AdenoCA
7	58567473	58567474	7	58936604	58936605	+	+	h2hINV	cna45	major	sim88	Prost-AdenoCA
7	62638973	159138663	10	95457070	135520238	-	-	TRA	cna45,cna59	major,minor	sim88	Prost-AdenoCA
7	69879473	69879474	7	72632436	72632437	-	-	t2tINV	cna45	major	sim88	Prost-AdenoCA
7	115950873	115950874	7	115960879	115960880	+	+	h2hINV	cna45	minor	sim88	Prost-AdenoCA
8	58386010	58386011	8	58396018	58396019	-	-	t2tINV	cna46	major	sim88	Prost-AdenoCA
8	62739510	62739511	8	95437354	95437355	+	+	h2hINV	cna46	minor	sim88	Prost-AdenoCA
8	84964510	84964511	8	84974515	84974516	+	+	h2hINV	cna46	major	sim88	Prost-AdenoCA
8	102666010	102666011	8	103157709	103157710	+	+	h2hINV	cna46	major	sim88	Prost-AdenoCA
8	103046210	134691355	13	1	69041460	-	+	TRA	cna46,cna67	minor,minor	sim88	Prost-AdenoCA
8	113325510	113325511	8	137958845	137958846	-	-	t2tINV	cna50	major	sim88	Prost-AdenoCA
8	131283110	131283111	8	133066457	133066458	+	+	h2hINV	cna46	major	sim88	Prost-AdenoCA
8	134691356	134691357	8	134868242	134868243	-	+	DUP	cna47	major	sim88	Prost-AdenoCA
8	134868243	134868244	8	135131817	135131818	+	-	DEL	cna48	major	sim88	Prost-AdenoCA
8	134868243	134868244	8	135131817	135131818	+	-	DEL	cna48	minor	sim88	Prost-AdenoCA
8	135660594	135660595	8	139718725	139718726	+	-	DEL	cna50	minor	sim88	Prost-AdenoCA
8	146167771	146167772	8	146190441	146190442	+	-	DEL	cna52	minor	sim88	Prost-AdenoCA
8	146190442	146190443	8	146364022	146364023	-	+	DUP	cna53	major	sim88	Prost-AdenoCA
8	146190442	146190443	8	146364022	146364023	+	-	DEL	cna53	minor	sim88	Prost-AdenoCA
9	80841388	80841389	9	80851417	80851418	-	-	t2tINV	cna54	major	sim88	Prost-AdenoCA
9	95910288	95910289	9	95920296	95920297	-	-	t2tINV	cna54	minor	sim88	Prost-AdenoCA
9	106869888	106869889	9	118693562	118693563	+	+	h2hINV	cna54	minor	sim88	Prost-AdenoCA
9	115027688	115027689	9	117529492	117529493	-	-	t2tINV	cna54	major	sim88	Prost-AdenoCA
9	118854188	118854189	9	119025770	119025771	-	-	t2tINV	cna54	minor	sim88	Prost-AdenoCA
9	133360077	133360078	9	133553910	133553911	+	-	DEL	cna55	major	sim88	Prost-AdenoCA
9	133360077	133360078	9	133553910	133553911	+	-	DEL	cna55	minor	sim88	Prost-AdenoCA
9	133553911	133553912	9	133692045	133692046	-	+	DUP	cna56	major	sim88	Prost-AdenoCA
9	133553911	133553912	9	133692045	133692046	-	+	DUP	cna56	minor	sim88	Prost-AdenoCA
9	133692046	133692047	9	133702034	133702035	+	-	DEL	cna57	major	sim88	Prost-AdenoCA
9	133702035	133702036	9	141213431	141213432	-	+	DUP	cna58	major	sim88	Prost-AdenoCA
10	1	10895558	17	66187884	81195210	+	-	TRA	cna59,cna80	major,major	sim88	Prost-AdenoCA
10	7927257	7927258	10	7947291	7947292	+	+	h2hINV	cna59	major	sim88	Prost-AdenoCA
10	54495557	54495558	10	94040032	94040033	+	+	h2hINV	cna59	major	sim88	Prost-AdenoCA
10	65712357	65712358	10	70617057	70617058	+	+	h2hINV	cna59	major	sim88	Prost-AdenoCA
10	89730557	89730558	10	89740562	89740563	+	+	h2hINV	cna59	minor	sim88	Prost-AdenoCA
10	135520239	135520240	10	135534747	135534748	+	-	DEL	cna60	minor	sim88	Prost-AdenoCA
11	5897992	5897993	11	7328660	7328661	-	+	DUP	cna62	major	sim88	Prost-AdenoCA
11	7328661	7328662	11	11267316	11267317	+	-	DEL	cna63	major	sim88	Prost-AdenoCA
11	7328661	7328662	11	11267316	11267317	+	-	DEL	cna63	minor	sim88	Prost-AdenoCA
11	11267317	11267318	11	12792336	12792337	+	-	DEL	cna64	minor	sim88	Prost-AdenoCA
11	70695210	70695211	11	70853443	70853444	+	+	h2hINV	cna65	major	sim88	Prost-AdenoCA
11	81287510	81287511	11	125901541	125901542	+	+	h2hINV	cna65	major	sim88	Prost-AdenoCA
11	111096310	111096311	11	124183608	124183609	+	+	h2hINV	cna65	major	sim88	Prost-AdenoCA
12	10848394	10848395	12	10858397	10858398	+	+	h2hINV	cna66	minor	sim88	Prost-AdenoCA
12	40415194	40415195	12	96261792	96261793	+	+	h2hINV	cna66	minor	sim88	Prost-AdenoCA
13	30884599	30884600	13	36148707	36148708	-	-	t2tINV	cna67	major	sim88	Prost-AdenoCA
14	1	63286885	19	1	5770979	+	+	TRA	cna85,cna68	minor,major	sim88	Prost-AdenoCA
14	78416121	78416122	14	80314334	80314335	+	+	h2hINV	cna68	minor	sim88	Prost-AdenoCA
15	51536981	51536982	15	57948517	57948518	+	+	h2hINV	cna69	minor	sim88	Prost-AdenoCA
15	53941824	53941825	15	55165633	55165634	-	+	DUP	cna70	major	sim88	Prost-AdenoCA
15	55165634	55165635	15	55173770	55173771	+	-	DEL	cna71	minor	sim88	Prost-AdenoCA
15	102176169	102176170	15	102494166	102494167	-	+	DUP	cna73	major	sim88	Prost-AdenoCA
15	102494167	102494168	15	102510472	102510473	+	-	DEL	cna74	minor	sim88	Prost-AdenoCA
15	102510473	102510474	15	102531392	102531393	-	+	DUP	cna75	major	sim88	Prost-AdenoCA
16	1	2	16	22033263	22033264	-	+	DUP	cna76	major	sim88	Prost-AdenoCA
16	1	2	16	22033263	22033264	-	+	DUP	cna76	minor	sim88	Prost-AdenoCA
16	3840189	3840190	16	3850203	3850204	+	+	h2hINV	cna76	major	sim88	Prost-AdenoCA
16	22033264	22033265	16	23458607	23458608	+	-	DEL	cna77	minor	sim88	Prost-AdenoCA
16	23106489	23458607	X	37601850	153111197	-	+	TRA	cna77,cna105	minor,major	sim88	Prost-AdenoCA
16	23458608	23458609	16	31316213	31316214	+	-	DEL	cna78	major	sim88	Prost-AdenoCA
16	23458608	23458609	16	31316213	31316214	+	-	DEL	cna78	minor	sim88	Prost-AdenoCA
18	11981126	11981127	18	25196806	25196807	+	+	h2hINV	cna81	major	sim88	Prost-AdenoCA
18	26837126	26837127	18	69020249	69020250	-	-	t2tINV	cna81	major	sim88	Prost-AdenoCA
18	75084997	75084998	18	75094518	75094519	-	+	DUP	cna82	major	sim88	Prost-AdenoCA
18	75094519	75094520	18	76556707	76556708	-	+	DUP	cna83	major	sim88	Prost-AdenoCA
18	75094519	75094520	18	76556707	76556708	-	+	DUP	cna83	minor	sim88	Prost-AdenoCA
18	76556708	76556709	18	78077248	78077249	-	+	DUP	cna84	major	sim88	Prost-AdenoCA
19	1	2	19	27367286	27367287	-	+	DUP	cna85	major	sim88	Prost-AdenoCA
19	4537278	4537279	19	34316760	34316761	+	+	h2hINV	cna85	major	sim88	Prost-AdenoCA
19	11317578	11317579	19	13303304	13303305	+	+	h2hINV	cna85	minor	sim88	Prost-AdenoCA
19	51049957	51049958	19	51115987	51115988	+	-	DEL	cna87	minor	sim88	Prost-AdenoCA
19	58656631	58656632	19	59128983	59128984	-	+	DUP	cna89	major	sim88	Prost-AdenoCA
20	14301595	14301596	20	14311598	14311599	+	+	h2hINV	cna90	minor	sim88	Prost-AdenoCA
22	39317880	39317881	22	43911650	43911651	-	-	t2tINV	cna98	major	sim88	Prost-AdenoCA
22	42419772	42419773	22	42484795	42484796	-	+	DUP	cna93	major	sim88	Prost-AdenoCA
22	42419772	42419773	22	42484795	42484796	+	-	DEL	cna93	minor	sim88	Prost-AdenoCA
22	42484796	42484797	22	42904017	42904018	-	+	DUP	cna94	major	sim88	Prost-AdenoCA
22	42484796	42484797	22	42904017	42904018	+	-	DEL	cna94	minor	sim88	Prost-AdenoCA
22	42904018	42904019	22	43038308	43038309	-	+	DUP	cna95	major	sim88	Prost-AdenoCA
22	43038309	43038310	22	43046506	43046507	-	+	DUP	cna96	major	sim88	Prost-AdenoCA
22	43038309	43038310	22	43046506	43046507	+	-	DEL	cna96	minor	sim88	Prost-AdenoCA
22	43046507	43046508	22	43511284	43511285	-	+	DUP	cna97	major	sim88	Prost-AdenoCA
22	43511285	43511286	22	49762187	49762188	+	-	DEL	cna98	minor	sim88	Prost-AdenoCA
22	49762188	49762189	22	49801901	49801902	-	+	DUP	cna99	major	sim88	Prost-AdenoCA
22	49801902	49801903	22	49810116	49810117	-	+	DUP	cna100	major	sim88	Prost-AdenoCA
22	49801902	49801903	22	49810116	49810117	+	-	DEL	cna100	minor	sim88	Prost-AdenoCA
22	49810117	49810118	22	50044672	50044673	+	-	DEL	cna101	minor	sim88	Prost-AdenoCA
22	50044673	50044674	22	51304566	51304567	-	+	DUP	cna102	major	sim88	Prost-AdenoCA
22	50044673	50044674	22	51304566	51304567	+	-	DEL	cna102	minor	sim88	Prost-AdenoCA
X	7178514	7178515	X	27257780	27257781	-	-	t2tINV	cna103	minor	sim88	Prost-AdenoCA
X	36390326	36390327	X	37601849	37601850	-	+	DUP	cna104	major	sim88	Prost-AdenoCA
X	128297914	128297915	X	128307923	128307924	+	+	h2hINV	cna105	minor	sim88	Prost-AdenoCA
Y	17460086	17460087	Y	47022431	47022432	-	+	DUP	cna107	major	sim88	Prost-AdenoCA
Y	17460086	17460087	Y	47022431	47022432	+	-	DEL	cna107	minor	sim88	Prost-AdenoCA
Y	47022432	47022433	Y	47114410	47114411	-	+	DUP	cna108	major	sim88	Prost-AdenoCA
Y	47022432	47022433	Y	47114410	47114411	-	+	DUP	cna108	minor	sim88	Prost-AdenoCA
Y	49301759	49301760	Y	51754254	51754255	-	+	DUP	cna110	major	sim88	Prost-AdenoCA
Y	49301759	49301760	Y	51754254	51754255	-	+	DUP	cna110	minor	sim88	Prost-AdenoCA
Y	51754255	51754256	Y	51787195	51787196	+	-	DEL	cna111	major	sim88	Prost-AdenoCA
Y	51754255	51754256	Y	51787195	51787196	+	-	DEL	cna111	minor	sim88	Prost-AdenoCA
Y	51787196	51787197	Y	52900721	52900722	+	-	DEL	cna112	minor	sim88	Prost-AdenoCA
Y	55128245	55128246	Y	55899875	55899876	+	-	DEL	cna114	minor	sim88	Prost-AdenoCA
Y	57616863	57616864	Y	57647568	57647569	+	-	DEL	cna116	major	sim88	Prost-AdenoCA
Y	57647569	57647570	Y	59373566	59373567	-	+	DUP	cna117	major	sim88	Prost-AdenoCA
