chrom	start	end	major_cn	minor_cn	donor_id	study	id
1	1	26478	2	1	sim10	Prost-AdenoCA	cna0
1	26479	97192	1	1	sim10	Prost-AdenoCA	cna1
1	97193	825905	1	0	sim10	Prost-AdenoCA	cna2
1	825906	9173055	2	2	sim10	Prost-AdenoCA	cna3
1	9173056	15339732	1	1	sim10	Prost-AdenoCA	cna4
1	15339733	16690728	1	0	sim10	Prost-AdenoCA	cna5
1	16690729	30953576	2	1	sim10	Prost-AdenoCA	cna6
1	30953577	96894975	1	1	sim10	Prost-AdenoCA	cna7
1	96894976	96921361	1	0	sim10	Prost-AdenoCA	cna8
1	96921362	214292819	1	1	sim10	Prost-AdenoCA	cna9
1	214292820	221437116	2	2	sim10	Prost-AdenoCA	cna10
1	221437117	248136309	1	0	sim10	Prost-AdenoCA	cna11
1	248136310	249250621	1	1	sim10	Prost-AdenoCA	cna12
2	1	97532201	1	1	sim10	Prost-AdenoCA	cna13
2	97532202	114998164	1	0	sim10	Prost-AdenoCA	cna14
2	114998165	116739049	2	1	sim10	Prost-AdenoCA	cna15
2	116739050	238050304	1	1	sim10	Prost-AdenoCA	cna16
2	238050305	240830654	2	2	sim10	Prost-AdenoCA	cna17
2	240830655	241931651	1	0	sim10	Prost-AdenoCA	cna18
2	241931652	242359126	2	1	sim10	Prost-AdenoCA	cna19
2	242359127	242648460	1	1	sim10	Prost-AdenoCA	cna20
2	242648461	243199373	4	1	sim10	Prost-AdenoCA	cna21
3	1	53801894	1	1	sim10	Prost-AdenoCA	cna22
3	53801895	54381270	2	1	sim10	Prost-AdenoCA	cna23
3	54381271	55849080	3	1	sim10	Prost-AdenoCA	cna24
3	55849081	55858709	2	1	sim10	Prost-AdenoCA	cna25
3	55858710	105783167	1	1	sim10	Prost-AdenoCA	cna26
3	105783168	106107642	1	0	sim10	Prost-AdenoCA	cna27
3	106107643	106665997	0	0	sim10	Prost-AdenoCA	cna28
3	106665998	111365632	2	1	sim10	Prost-AdenoCA	cna29
3	111365633	130140952	1	1	sim10	Prost-AdenoCA	cna30
3	130140953	136554438	2	1	sim10	Prost-AdenoCA	cna31
3	136554439	138154102	1	1	sim10	Prost-AdenoCA	cna32
3	138154103	138366576	4	1	sim10	Prost-AdenoCA	cna33
3	138366577	139730335	2	1	sim10	Prost-AdenoCA	cna34
3	139730336	142135584	2	0	sim10	Prost-AdenoCA	cna35
3	142135585	147712056	1	1	sim10	Prost-AdenoCA	cna36
3	147712057	147864003	2	1	sim10	Prost-AdenoCA	cna37
3	147864004	153880022	1	0	sim10	Prost-AdenoCA	cna38
3	153880023	158816347	1	1	sim10	Prost-AdenoCA	cna39
3	158816348	159640683	2	0	sim10	Prost-AdenoCA	cna40
3	159640684	198022430	4	2	sim10	Prost-AdenoCA	cna41
4	1	25925232	2	0	sim10	Prost-AdenoCA	cna42
4	25925233	191154276	1	1	sim10	Prost-AdenoCA	cna43
5	1	54389678	1	1	sim10	Prost-AdenoCA	cna44
5	54389679	56036048	2	1	sim10	Prost-AdenoCA	cna45
5	56036049	158750724	1	1	sim10	Prost-AdenoCA	cna46
5	158750725	180915260	2	2	sim10	Prost-AdenoCA	cna47
6	1	171115067	1	1	sim10	Prost-AdenoCA	cna48
7	1	159138663	1	1	sim10	Prost-AdenoCA	cna49
8	1	58823773	1	1	sim10	Prost-AdenoCA	cna50
8	58823774	58977405	0	0	sim10	Prost-AdenoCA	cna51
8	58977406	62915421	1	1	sim10	Prost-AdenoCA	cna52
8	62915422	66896003	0	0	sim10	Prost-AdenoCA	cna53
8	66896004	67132666	1	0	sim10	Prost-AdenoCA	cna54
8	67132667	67142287	0	0	sim10	Prost-AdenoCA	cna55
8	67142288	81248281	1	1	sim10	Prost-AdenoCA	cna56
8	81248282	81785717	1	0	sim10	Prost-AdenoCA	cna57
8	81785718	81795359	3	1	sim10	Prost-AdenoCA	cna58
8	81795360	81804987	1	0	sim10	Prost-AdenoCA	cna59
8	81804988	81815825	1	1	sim10	Prost-AdenoCA	cna60
8	81815826	81977026	3	1	sim10	Prost-AdenoCA	cna61
8	81977027	126185128	1	1	sim10	Prost-AdenoCA	cna62
8	126185129	126194756	4	2	sim10	Prost-AdenoCA	cna63
8	126194757	126826041	2	2	sim10	Prost-AdenoCA	cna64
8	126826042	126974260	3	0	sim10	Prost-AdenoCA	cna65
8	126974261	146364022	1	1	sim10	Prost-AdenoCA	cna66
9	1	141213431	1	1	sim10	Prost-AdenoCA	cna67
10	1	135534747	1	1	sim10	Prost-AdenoCA	cna68
11	1	47926499	1	1	sim10	Prost-AdenoCA	cna69
11	47926500	49228310	0	0	sim10	Prost-AdenoCA	cna70
11	49228311	49321509	1	0	sim10	Prost-AdenoCA	cna71
11	49321510	50334083	1	1	sim10	Prost-AdenoCA	cna72
11	50334084	70113586	1	0	sim10	Prost-AdenoCA	cna73
11	70113587	76754531	2	1	sim10	Prost-AdenoCA	cna74
11	76754532	77429911	2	0	sim10	Prost-AdenoCA	cna75
11	77429912	132866832	2	1	sim10	Prost-AdenoCA	cna76
11	132866833	135006516	1	0	sim10	Prost-AdenoCA	cna77
12	1	133851895	1	1	sim10	Prost-AdenoCA	cna78
13	1	115169878	1	1	sim10	Prost-AdenoCA	cna79
14	1	41782888	1	1	sim10	Prost-AdenoCA	cna80
14	41782889	41802977	2	0	sim10	Prost-AdenoCA	cna81
14	41802978	46141823	1	0	sim10	Prost-AdenoCA	cna82
14	46141824	107329449	2	2	sim10	Prost-AdenoCA	cna83
14	107329450	107349540	1	0	sim10	Prost-AdenoCA	cna84
15	1	2370287	1	1	sim10	Prost-AdenoCA	cna85
15	2370288	9893915	2	1	sim10	Prost-AdenoCA	cna86
15	9893916	102531392	1	1	sim10	Prost-AdenoCA	cna87
16	1	4783835	1	1	sim10	Prost-AdenoCA	cna88
16	4783836	6328075	1	0	sim10	Prost-AdenoCA	cna89
16	6328076	75449896	1	1	sim10	Prost-AdenoCA	cna90
16	75449897	75459660	2	1	sim10	Prost-AdenoCA	cna91
16	75459661	75724130	0	0	sim10	Prost-AdenoCA	cna92
16	75724131	75898026	1	0	sim10	Prost-AdenoCA	cna93
16	75898027	77747748	2	1	sim10	Prost-AdenoCA	cna94
16	77747749	85939479	2	0	sim10	Prost-AdenoCA	cna95
16	85939480	90354753	1	0	sim10	Prost-AdenoCA	cna96
17	1	17716983	1	0	sim10	Prost-AdenoCA	cna97
17	17716984	26610104	0	1	sim10	Prost-AdenoCA	cna98
17	26610105	60616394	1	0	sim10	Prost-AdenoCA	cna99
17	60616395	60731570	1	1	sim10	Prost-AdenoCA	cna100
17	60731571	81195210	3	0	sim10	Prost-AdenoCA	cna101
18	1	78077248	1	1	sim10	Prost-AdenoCA	cna102
19	1	3088617	1	1	sim10	Prost-AdenoCA	cna103
19	3088618	22884024	3	2	sim10	Prost-AdenoCA	cna104
19	22884025	22903148	1	0	sim10	Prost-AdenoCA	cna105
19	22903149	41660145	1	1	sim10	Prost-AdenoCA	cna106
19	41660146	42103840	1	0	sim10	Prost-AdenoCA	cna107
19	42103841	42113337	2	1	sim10	Prost-AdenoCA	cna108
19	42113338	42207959	1	1	sim10	Prost-AdenoCA	cna109
19	42207960	57646732	2	1	sim10	Prost-AdenoCA	cna110
19	57646733	57941598	1	1	sim10	Prost-AdenoCA	cna111
19	57941599	59128983	0	0	sim10	Prost-AdenoCA	cna112
20	1	63025520	1	1	sim10	Prost-AdenoCA	cna113
21	1	48129895	1	1	sim10	Prost-AdenoCA	cna114
22	1	51304566	1	1	sim10	Prost-AdenoCA	cna115
X	1	154987722	1	1	sim10	Prost-AdenoCA	cna116
X	154987723	155270560	1	0	sim10	Prost-AdenoCA	cna117
Y	1	59319678	1	1	sim10	Prost-AdenoCA	cna118
Y	59319679	59373566	3	2	sim10	Prost-AdenoCA	cna119
