chrom	start	end	major_cn	minor_cn	donor_id	study	id
1	1	4207254	1	0	sim46	Prost-AdenoCA	cna0
1	4207255	4362530	3	2	sim46	Prost-AdenoCA	cna1
1	4362531	4411902	0	0	sim46	Prost-AdenoCA	cna2
1	4411903	92709662	1	1	sim46	Prost-AdenoCA	cna3
1	92709663	107998417	2	2	sim46	Prost-AdenoCA	cna4
1	107998418	141881129	1	1	sim46	Prost-AdenoCA	cna5
1	141881130	142033915	3	1	sim46	Prost-AdenoCA	cna6
1	142033916	146788360	1	0	sim46	Prost-AdenoCA	cna7
1	146788361	147064969	2	1	sim46	Prost-AdenoCA	cna8
1	147064970	249240683	1	1	sim46	Prost-AdenoCA	cna9
1	249240684	249250621	1	0	sim46	Prost-AdenoCA	cna10
2	1	738663	1	1	sim46	Prost-AdenoCA	cna11
2	738664	806951	3	2	sim46	Prost-AdenoCA	cna12
2	806952	1863366	1	1	sim46	Prost-AdenoCA	cna13
2	1863367	2048007	1	0	sim46	Prost-AdenoCA	cna14
2	2048008	240263042	1	1	sim46	Prost-AdenoCA	cna15
2	240263043	240378085	0	0	sim46	Prost-AdenoCA	cna16
2	240378086	240390310	1	0	sim46	Prost-AdenoCA	cna17
2	240390311	242310673	2	1	sim46	Prost-AdenoCA	cna18
2	242310674	243199373	2	2	sim46	Prost-AdenoCA	cna19
3	1	14605101	1	1	sim46	Prost-AdenoCA	cna20
3	14605102	16723357	2	1	sim46	Prost-AdenoCA	cna21
3	16723358	16929102	2	0	sim46	Prost-AdenoCA	cna22
3	16929103	197446711	1	1	sim46	Prost-AdenoCA	cna23
3	197446712	198022430	3	1	sim46	Prost-AdenoCA	cna24
4	1	4111170	1	1	sim46	Prost-AdenoCA	cna25
4	4111171	4272725	0	0	sim46	Prost-AdenoCA	cna26
4	4272726	5701211	1	1	sim46	Prost-AdenoCA	cna27
4	5701212	7402508	1	0	sim46	Prost-AdenoCA	cna28
4	7402509	7533073	2	1	sim46	Prost-AdenoCA	cna29
4	7533074	8426633	1	1	sim46	Prost-AdenoCA	cna30
4	8426634	8476005	0	0	sim46	Prost-AdenoCA	cna31
4	8476006	8486578	1	0	sim46	Prost-AdenoCA	cna32
4	8486579	160906976	1	1	sim46	Prost-AdenoCA	cna33
4	160906977	161062244	3	2	sim46	Prost-AdenoCA	cna34
4	161062245	161072829	1	0	sim46	Prost-AdenoCA	cna35
4	161072830	161678612	3	1	sim46	Prost-AdenoCA	cna36
4	161678613	161689193	1	0	sim46	Prost-AdenoCA	cna37
4	161689194	174956808	2	2	sim46	Prost-AdenoCA	cna38
4	174956809	175361860	3	1	sim46	Prost-AdenoCA	cna39
4	175361861	190408170	1	0	sim46	Prost-AdenoCA	cna40
4	190408171	191154276	0	0	sim46	Prost-AdenoCA	cna41
5	1	180915260	1	1	sim46	Prost-AdenoCA	cna42
6	1	168470824	1	1	sim46	Prost-AdenoCA	cna43
6	168470825	171115067	1	0	sim46	Prost-AdenoCA	cna44
7	1	95432624	1	1	sim46	Prost-AdenoCA	cna45
7	95432625	96845383	2	1	sim46	Prost-AdenoCA	cna46
7	96845384	101315484	1	1	sim46	Prost-AdenoCA	cna47
7	101315485	102004468	0	0	sim46	Prost-AdenoCA	cna48
7	102004469	111522248	1	1	sim46	Prost-AdenoCA	cna49
7	111522249	111945788	1	0	sim46	Prost-AdenoCA	cna50
7	111945789	131708224	1	1	sim46	Prost-AdenoCA	cna51
7	131708225	137259953	1	0	sim46	Prost-AdenoCA	cna52
7	137259954	137504590	2	1	sim46	Prost-AdenoCA	cna53
7	137504591	159138663	1	1	sim46	Prost-AdenoCA	cna54
8	1	17087356	1	1	sim46	Prost-AdenoCA	cna55
8	17087357	51623465	1	0	sim46	Prost-AdenoCA	cna56
8	51623466	57219931	2	0	sim46	Prost-AdenoCA	cna57
8	57219932	112477839	1	0	sim46	Prost-AdenoCA	cna58
8	112477840	146364022	1	1	sim46	Prost-AdenoCA	cna59
9	1	67640614	1	1	sim46	Prost-AdenoCA	cna60
9	67640615	69372319	1	0	sim46	Prost-AdenoCA	cna61
9	69372320	78975565	2	1	sim46	Prost-AdenoCA	cna62
9	78975566	80525860	1	0	sim46	Prost-AdenoCA	cna63
9	80525861	82753404	1	1	sim46	Prost-AdenoCA	cna64
9	82753405	107428754	1	0	sim46	Prost-AdenoCA	cna65
9	107428755	140295461	1	1	sim46	Prost-AdenoCA	cna66
9	140295462	141142518	0	0	sim46	Prost-AdenoCA	cna67
9	141142519	141213431	2	1	sim46	Prost-AdenoCA	cna68
10	1	105370104	3	0	sim46	Prost-AdenoCA	cna69
10	105370105	118983035	1	0	sim46	Prost-AdenoCA	cna70
10	118983036	135534747	1	1	sim46	Prost-AdenoCA	cna71
11	1	47921677	1	1	sim46	Prost-AdenoCA	cna72
11	47921678	47931593	2	0	sim46	Prost-AdenoCA	cna73
11	47931594	49316929	3	1	sim46	Prost-AdenoCA	cna74
11	49316930	49409236	1	1	sim46	Prost-AdenoCA	cna75
11	49409237	73435620	1	0	sim46	Prost-AdenoCA	cna76
11	73435621	75729582	2	1	sim46	Prost-AdenoCA	cna77
11	75729583	78925256	1	0	sim46	Prost-AdenoCA	cna78
11	78925257	79440022	2	0	sim46	Prost-AdenoCA	cna79
11	79440023	113703118	1	1	sim46	Prost-AdenoCA	cna80
11	113703119	130120165	1	0	sim46	Prost-AdenoCA	cna81
11	130120166	130452188	4	2	sim46	Prost-AdenoCA	cna82
11	130452189	134484005	2	0	sim46	Prost-AdenoCA	cna83
11	134484006	134746905	2	1	sim46	Prost-AdenoCA	cna84
11	134746906	135006516	1	1	sim46	Prost-AdenoCA	cna85
12	1	1648986	2	1	sim46	Prost-AdenoCA	cna86
12	1648987	133851895	1	1	sim46	Prost-AdenoCA	cna87
13	1	115169878	1	1	sim46	Prost-AdenoCA	cna88
14	1	107330781	1	1	sim46	Prost-AdenoCA	cna89
14	107330782	107349540	4	2	sim46	Prost-AdenoCA	cna90
15	1	102180535	1	1	sim46	Prost-AdenoCA	cna91
15	102180536	102531392	7	2	sim46	Prost-AdenoCA	cna92
16	1	38393625	1	1	sim46	Prost-AdenoCA	cna93
16	38393626	38903405	3	2	sim46	Prost-AdenoCA	cna94
16	38903406	38997925	2	2	sim46	Prost-AdenoCA	cna95
16	38997926	39009632	1	0	sim46	Prost-AdenoCA	cna96
16	39009633	52849802	1	1	sim46	Prost-AdenoCA	cna97
16	52849803	56348990	2	1	sim46	Prost-AdenoCA	cna98
16	56348991	56391157	1	0	sim46	Prost-AdenoCA	cna99
16	56391158	56414540	2	1	sim46	Prost-AdenoCA	cna100
16	56414541	56714275	3	2	sim46	Prost-AdenoCA	cna101
16	56714276	66608714	2	1	sim46	Prost-AdenoCA	cna102
16	66608715	86815184	1	1	sim46	Prost-AdenoCA	cna103
16	86815185	90307779	1	0	sim46	Prost-AdenoCA	cna104
16	90307780	90354753	0	0	sim46	Prost-AdenoCA	cna105
17	1	81195210	1	1	sim46	Prost-AdenoCA	cna106
18	1	77132784	1	1	sim46	Prost-AdenoCA	cna107
18	77132785	77614324	1	0	sim46	Prost-AdenoCA	cna108
18	77614325	78077248	2	2	sim46	Prost-AdenoCA	cna109
19	1	59128983	1	1	sim46	Prost-AdenoCA	cna110
20	1	31334902	1	1	sim46	Prost-AdenoCA	cna111
20	31334903	31433185	2	2	sim46	Prost-AdenoCA	cna112
20	31433186	37010704	1	1	sim46	Prost-AdenoCA	cna113
20	37010705	37587309	1	0	sim46	Prost-AdenoCA	cna114
20	37587310	63025520	1	1	sim46	Prost-AdenoCA	cna115
21	1	48129895	1	1	sim46	Prost-AdenoCA	cna116
22	1	51304566	1	1	sim46	Prost-AdenoCA	cna117
X	1	145411797	1	1	sim46	Prost-AdenoCA	cna118
X	145411798	155270560	2	1	sim46	Prost-AdenoCA	cna119
Y	1	58853766	1	1	sim46	Prost-AdenoCA	cna120
Y	58853767	59373566	2	1	sim46	Prost-AdenoCA	cna121
