chrom1	start1	end1	chrom2	start2	end2	strand1	strand2	svclass	id	allele	donor_id	tumor
1	1	2	1	3752408	3752409	+	-	DEL	cna0	minor	sim3	Prost-AdenoCA
1	2995500	2995501	1	13885771	13885772	+	+	h2hINV	cna0	major	sim3	Prost-AdenoCA
1	3752409	3752410	1	3975308	3975309	-	+	DUP	cna1	major	sim3	Prost-AdenoCA
1	3752409	3752410	1	3975308	3975309	-	+	DUP	cna1	minor	sim3	Prost-AdenoCA
1	3975309	3975310	1	8777559	8777560	-	+	DUP	cna2	major	sim3	Prost-AdenoCA
1	3975309	3975310	1	8777559	8777560	-	+	DUP	cna2	minor	sim3	Prost-AdenoCA
1	8777560	8777561	1	35026393	35026394	-	+	DUP	cna3	major	sim3	Prost-AdenoCA
1	8777560	22178201	4	84627816	191154276	+	-	TRA	cna3,cna57	minor,major	sim3	Prost-AdenoCA
1	27726300	27726301	1	27746452	27746453	+	+	h2hINV	cna3	major	sim3	Prost-AdenoCA
1	32854400	32854401	1	32915537	32915538	+	+	h2hINV	cna3	minor	sim3	Prost-AdenoCA
1	35026394	42910587	17	59464936	73289124	+	-	TRA	cna111,cna4	major,major	sim3	Prost-AdenoCA
1	35558900	35558901	1	85007641	85007642	+	+	h2hINV	cna4	major	sim3	Prost-AdenoCA
1	43826300	43826301	1	43836301	43836302	+	+	h2hINV	cna4	minor	sim3	Prost-AdenoCA
1	95305200	95305201	1	95315205	95315206	+	+	h2hINV	cna4	minor	sim3	Prost-AdenoCA
1	99308400	99308401	1	99318409	99318410	-	-	t2tINV	cna4	minor	sim3	Prost-AdenoCA
1	106855400	114939850	3	64318253	86439812	-	-	TRA	cna4,cna49	minor,major	sim3	Prost-AdenoCA
1	114939851	114939852	1	120517566	120517567	-	+	DUP	cna5	major	sim3	Prost-AdenoCA
1	114939851	114939852	1	120517566	120517567	-	+	DUP	cna5	minor	sim3	Prost-AdenoCA
1	118279000	120517566	7	140642840	159117672	-	-	TRA	cna5,cna70	minor,major	sim3	Prost-AdenoCA
1	118716500	118716501	1	120828248	120828249	-	-	t2tINV	cna6	minor	sim3	Prost-AdenoCA
1	119659800	119659801	1	119669812	119669813	-	-	t2tINV	cna5	major	sim3	Prost-AdenoCA
1	120517567	120517568	1	121322877	121322878	-	+	DUP	cna6	major	sim3	Prost-AdenoCA
1	121322878	136414222	9	1	108096289	+	+	TRA	cna73,cna7	major,minor	sim3	Prost-AdenoCA
1	153811968	153811969	1	171647401	171647402	+	-	DEL	cna8	minor	sim3	Prost-AdenoCA
1	153811968	164757401	2	149622243	155458626	+	-	TRA	cna8,cna28	minor,minor	sim3	Prost-AdenoCA
1	170319300	170319301	1	170329340	170329341	-	-	t2tINV	cna8	major	sim3	Prost-AdenoCA
1	171647402	171647403	1	174092479	174092480	-	+	DUP	cna9	major	sim3	Prost-AdenoCA
1	171647402	171647403	1	174092479	174092480	+	-	DEL	cna9	minor	sim3	Prost-AdenoCA
1	174092480	174092481	1	174115195	174115196	+	-	DEL	cna10	major	sim3	Prost-AdenoCA
1	174092480	174092481	1	174115195	174115196	+	-	DEL	cna10	minor	sim3	Prost-AdenoCA
1	174115196	174115197	1	192858941	192858942	-	+	DUP	cna11	major	sim3	Prost-AdenoCA
1	174115196	174115197	1	192858941	192858942	-	+	DUP	cna11	minor	sim3	Prost-AdenoCA
1	174115196	175187901	10	99412549	102166688	+	+	TRA	cna11,cna75	minor,major	sim3	Prost-AdenoCA
1	178496200	178496201	1	178516208	178516209	+	+	h2hINV	cna11	minor	sim3	Prost-AdenoCA
1	192858942	192858943	1	194397729	194397730	-	+	DUP	cna12	major	sim3	Prost-AdenoCA
1	195110083	195110084	1	195387819	195387820	-	+	DUP	cna14	major	sim3	Prost-AdenoCA
1	195110083	195110084	1	195387819	195387820	-	+	DUP	cna14	minor	sim3	Prost-AdenoCA
1	195387820	195387821	1	195397761	195397762	-	+	DUP	cna15	major	sim3	Prost-AdenoCA
1	195397762	195397763	1	196656804	196656805	+	-	DEL	cna16	major	sim3	Prost-AdenoCA
1	195397762	195397763	1	196656804	196656805	+	-	DEL	cna16	minor	sim3	Prost-AdenoCA
1	196656805	196656806	1	197121691	197121692	-	+	DUP	cna17	major	sim3	Prost-AdenoCA
1	196656805	196656806	1	197121691	197121692	-	+	DUP	cna17	minor	sim3	Prost-AdenoCA
1	199791937	199791938	1	199899939	199899940	+	-	DEL	cna19	minor	sim3	Prost-AdenoCA
1	199899940	199899941	1	200371063	200371064	-	+	DUP	cna20	major	sim3	Prost-AdenoCA
1	200371064	200371065	1	200390405	200390406	+	-	DEL	cna21	major	sim3	Prost-AdenoCA
1	200371064	200371065	1	200390405	200390406	+	-	DEL	cna21	minor	sim3	Prost-AdenoCA
1	203969400	232974474	5	85466231	171274970	-	-	TRA	cna22,cna58	minor,minor	sim3	Prost-AdenoCA
1	205507700	205507701	1	229295538	229295539	-	-	t2tINV	cna22	minor	sim3	Prost-AdenoCA
1	207538400	207538401	1	207548402	207548403	-	-	t2tINV	cna22	minor	sim3	Prost-AdenoCA
1	214709300	214709301	1	214729322	214729323	+	+	h2hINV	cna22	major	sim3	Prost-AdenoCA
1	232974475	232974476	1	233018831	233018832	+	-	DEL	cna23	minor	sim3	Prost-AdenoCA
1	233018832	233018833	1	249250621	249250622	-	+	DUP	cna24	major	sim3	Prost-AdenoCA
2	1	2	2	46330173	46330174	+	-	DEL	cna25	minor	sim3	Prost-AdenoCA
2	286179	286180	2	296180	296181	-	-	t2tINV	cna25	major	sim3	Prost-AdenoCA
2	48276024	48276025	2	57117228	57117229	+	-	DEL	cna27	minor	sim3	Prost-AdenoCA
2	57117229	57117230	2	155458626	155458627	-	+	DUP	cna28	major	sim3	Prost-AdenoCA
2	77989679	77989680	2	101801789	101801790	+	+	h2hINV	cna28	minor	sim3	Prost-AdenoCA
2	97023679	97023680	2	97333879	97333880	+	+	h2hINV	cna28	major	sim3	Prost-AdenoCA
2	126585379	126585380	2	126595381	126595382	+	+	h2hINV	cna28	major	sim3	Prost-AdenoCA
2	151895179	151895180	2	157077100	157077101	+	+	h2hINV	cna28	major	sim3	Prost-AdenoCA
2	152418179	152418180	2	160263154	160263155	-	-	t2tINV	cna33	major	sim3	Prost-AdenoCA
2	155458627	155458628	2	155725357	155725358	-	+	DUP	cna29	major	sim3	Prost-AdenoCA
2	155725358	155725359	2	157282734	157282735	+	-	DEL	cna30	minor	sim3	Prost-AdenoCA
2	157282735	157282736	2	159493613	159493614	-	+	DUP	cna31	major	sim3	Prost-AdenoCA
2	157282735	157282736	2	159493613	159493614	-	+	DUP	cna31	minor	sim3	Prost-AdenoCA
2	159493614	159493615	2	159686489	159686490	+	-	DEL	cna32	minor	sim3	Prost-AdenoCA
2	159686490	159686491	2	162716136	162716137	-	+	DUP	cna33	major	sim3	Prost-AdenoCA
2	159686490	159686491	2	162716136	162716137	-	+	DUP	cna33	minor	sim3	Prost-AdenoCA
2	162716137	191142812	21	43278875	47828404	+	-	TRA	cna121,cna34	minor,major	sim3	Prost-AdenoCA
2	181219479	181219480	2	193909671	193909672	+	+	h2hINV	cna34	major	sim3	Prost-AdenoCA
2	194222579	194222580	2	204335168	204335169	+	+	h2hINV	cna34	major	sim3	Prost-AdenoCA
2	194749679	194749680	2	197052364	197052365	+	+	h2hINV	cna34	minor	sim3	Prost-AdenoCA
2	205993556	205993557	2	214287235	214287236	+	-	DEL	cna35	minor	sim3	Prost-AdenoCA
2	215931034	215931035	2	216533210	216533211	+	-	DEL	cna37	major	sim3	Prost-AdenoCA
2	215931034	215931035	2	216533210	216533211	+	-	DEL	cna37	minor	sim3	Prost-AdenoCA
2	216533211	216533212	2	216651064	216651065	+	-	DEL	cna38	minor	sim3	Prost-AdenoCA
2	216651065	216651066	2	218535563	218535564	-	+	DUP	cna39	major	sim3	Prost-AdenoCA
2	218535564	218535565	2	218860956	218860957	+	-	DEL	cna40	minor	sim3	Prost-AdenoCA
2	218873441	218873442	2	220762371	220762372	+	-	DEL	cna42	minor	sim3	Prost-AdenoCA
2	220762372	220762373	2	221751390	221751391	-	+	DUP	cna43	major	sim3	Prost-AdenoCA
2	221751391	221751392	2	221763447	221763448	-	+	DUP	cna44	major	sim3	Prost-AdenoCA
2	221751391	221751392	2	221763447	221763448	+	-	DEL	cna44	minor	sim3	Prost-AdenoCA
2	221763448	221763449	2	224467671	224467672	+	-	DEL	cna45	minor	sim3	Prost-AdenoCA
2	224467672	224467673	2	241229027	241229028	-	+	DUP	cna46	major	sim3	Prost-AdenoCA
2	225461579	225461580	2	225471584	225471585	+	+	h2hINV	cna46	major	sim3	Prost-AdenoCA
2	233751679	233751680	2	234321852	234321853	+	+	h2hINV	cna46	minor	sim3	Prost-AdenoCA
2	241229028	241229029	2	241284413	241284414	-	+	DUP	cna47	major	sim3	Prost-AdenoCA
2	241229028	241229029	2	241284413	241284414	-	+	DUP	cna47	minor	sim3	Prost-AdenoCA
2	241284414	241284415	2	243199373	243199374	-	+	DUP	cna48	major	sim3	Prost-AdenoCA
3	1	2	3	86439812	86439813	+	-	DEL	cna49	minor	sim3	Prost-AdenoCA
3	1741606	1741607	3	14809513	14809514	-	-	t2tINV	cna49	major	sim3	Prost-AdenoCA
3	6165406	6165407	3	6175412	6175413	+	+	h2hINV	cna49	major	sim3	Prost-AdenoCA
3	60469906	60469907	3	60479910	60479911	-	-	t2tINV	cna49	major	sim3	Prost-AdenoCA
3	60563706	60563707	3	60573712	60573713	-	-	t2tINV	cna49	major	sim3	Prost-AdenoCA
3	72929606	72929607	3	72939610	72939611	+	+	h2hINV	cna49	major	sim3	Prost-AdenoCA
3	76553506	86439812	X	92286966	113430707	-	+	TRA	cna49,cna131	major,minor	sim3	Prost-AdenoCA
3	97799506	97799507	3	97809512	97809513	+	+	h2hINV	cna50	major	sim3	Prost-AdenoCA
3	100994706	100994707	3	101014994	101014995	+	+	h2hINV	cna50	major	sim3	Prost-AdenoCA
3	103795706	103795707	3	103805712	103805713	-	-	t2tINV	cna50	major	sim3	Prost-AdenoCA
3	104938906	180544307	17	45206552	73289124	-	-	TRA	cna50,cna111	minor,minor	sim3	Prost-AdenoCA
3	123902306	123902307	3	123912312	123912313	-	-	t2tINV	cna50	minor	sim3	Prost-AdenoCA
3	130619606	130619607	3	135672648	135672649	-	-	t2tINV	cna50	major	sim3	Prost-AdenoCA
3	132836106	180544307	5	83058055	171274970	-	-	TRA	cna50,cna58	major,major	sim3	Prost-AdenoCA
3	174377006	174377007	3	181588029	181588030	+	+	h2hINV	cna50	major	sim3	Prost-AdenoCA
3	175584206	175584207	3	180832996	180832997	-	-	t2tINV	cna51	major	sim3	Prost-AdenoCA
3	180544308	180544309	3	193143346	193143347	+	-	DEL	cna51	minor	sim3	Prost-AdenoCA
3	193143347	193143348	3	197862722	197862723	-	+	DUP	cna52	major	sim3	Prost-AdenoCA
3	197862723	197862724	3	197973724	197973725	+	-	DEL	cna53	minor	sim3	Prost-AdenoCA
3	197973725	197973726	3	197998091	197998092	-	+	DUP	cna54	major	sim3	Prost-AdenoCA
3	197973725	197973726	3	197998091	197998092	-	+	DUP	cna54	minor	sim3	Prost-AdenoCA
3	197998092	197998093	3	198022430	198022431	+	-	DEL	cna55	minor	sim3	Prost-AdenoCA
4	1	2	4	13365143	13365144	-	+	DUP	cna56	major	sim3	Prost-AdenoCA
4	13365144	13365145	4	191154276	191154277	+	-	DEL	cna57	minor	sim3	Prost-AdenoCA
4	18345676	18345677	4	18355689	18355690	+	+	h2hINV	cna57	major	sim3	Prost-AdenoCA
4	44709776	191154276	15	1	30848315	-	+	TRA	cna57,cna103	major,minor	sim3	Prost-AdenoCA
4	65423276	65423277	4	99085409	99085410	-	-	t2tINV	cna57	major	sim3	Prost-AdenoCA
4	75189676	75189677	4	76042885	76042886	+	+	h2hINV	cna57	major	sim3	Prost-AdenoCA
4	92678376	92678377	4	121952008	121952009	-	-	t2tINV	cna57	major	sim3	Prost-AdenoCA
4	129145776	129145777	4	129155791	129155792	-	-	t2tINV	cna57	major	sim3	Prost-AdenoCA
4	151089176	151089177	4	151619702	151619703	+	+	h2hINV	cna57	major	sim3	Prost-AdenoCA
5	20354400	20354401	5	20374614	20374615	+	+	h2hINV	cna58	major	sim3	Prost-AdenoCA
5	20922800	20922801	5	21221186	21221187	-	-	t2tINV	cna58	major	sim3	Prost-AdenoCA
5	37582800	37582801	5	38467085	38467086	+	+	h2hINV	cna58	major	sim3	Prost-AdenoCA
5	51858600	51858601	5	64614897	64614898	+	+	h2hINV	cna58	minor	sim3	Prost-AdenoCA
5	83092900	83092901	5	83112907	83112908	+	+	h2hINV	cna58	major	sim3	Prost-AdenoCA
5	101553000	101553001	5	101928978	101928979	+	+	h2hINV	cna58	major	sim3	Prost-AdenoCA
5	120810700	120810701	5	120820704	120820705	+	+	h2hINV	cna58	minor	sim3	Prost-AdenoCA
5	171274971	171274972	5	178651361	178651362	-	+	DUP	cna59	major	sim3	Prost-AdenoCA
5	178651362	178651363	5	179332134	179332135	-	+	DUP	cna60	major	sim3	Prost-AdenoCA
5	178651362	178651363	5	179332134	179332135	-	+	DUP	cna60	minor	sim3	Prost-AdenoCA
5	180901996	180901997	5	180915260	180915261	-	+	DUP	cna62	major	sim3	Prost-AdenoCA
6	1	5323040	19	11799178	30846631	+	-	TRA	cna118,cna63	minor,minor	sim3	Prost-AdenoCA
6	1017740	1017741	6	1469649	1469650	+	+	h2hINV	cna63	minor	sim3	Prost-AdenoCA
6	32150540	32150541	6	42727801	42727802	+	+	h2hINV	cna63	major	sim3	Prost-AdenoCA
6	35003740	35003741	6	35042878	35042879	+	+	h2hINV	cna63	major	sim3	Prost-AdenoCA
6	37280040	37280041	6	37290045	37290046	-	-	t2tINV	cna63	minor	sim3	Prost-AdenoCA
6	45344340	45344341	6	48812925	48812926	-	-	t2tINV	cna63	major	sim3	Prost-AdenoCA
6	45404139	116522783	18	59521526	65366923	-	-	TRA	cna113,cna63	major,minor	sim3	Prost-AdenoCA
6	53849540	53849541	6	58031870	58031871	-	-	t2tINV	cna63	minor	sim3	Prost-AdenoCA
6	83772440	83772441	6	87036866	87036867	-	-	t2tINV	cna63	major	sim3	Prost-AdenoCA
6	116522784	116522785	6	126229175	126229176	-	+	DUP	cna64	major	sim3	Prost-AdenoCA
6	117457240	117457241	6	117501878	117501879	-	-	t2tINV	cna64	minor	sim3	Prost-AdenoCA
6	126170140	126170141	6	128803788	128803789	+	+	h2hINV	cna64	major	sim3	Prost-AdenoCA
6	126229176	126229177	6	139892142	139892143	-	+	DUP	cna65	minor	sim3	Prost-AdenoCA
6	140697040	140697041	6	160082260	160082261	+	+	h2hINV	cna66	minor	sim3	Prost-AdenoCA
6	162325140	162325141	6	162396716	162396717	+	+	h2hINV	cna66	major	sim3	Prost-AdenoCA
6	163231140	163231141	6	163464331	163464332	+	+	h2hINV	cna66	major	sim3	Prost-AdenoCA
7	1	2	7	2691724	2691725	+	-	DEL	cna67	major	sim3	Prost-AdenoCA
7	1	2	7	2691724	2691725	+	-	DEL	cna67	minor	sim3	Prost-AdenoCA
7	2691725	2691726	7	15446021	15446022	+	-	DEL	cna68	minor	sim3	Prost-AdenoCA
7	15446022	15446023	7	15580826	15580827	+	-	DEL	cna69	major	sim3	Prost-AdenoCA
7	15446022	15446023	7	15580826	15580827	+	-	DEL	cna69	minor	sim3	Prost-AdenoCA
7	15580827	15580828	7	159117672	159117673	-	+	DUP	cna70	major	sim3	Prost-AdenoCA
7	15580827	15580828	7	159117672	159117673	-	+	DUP	cna70	minor	sim3	Prost-AdenoCA
7	16771373	16771374	7	16802695	16802696	-	-	t2tINV	cna70	major	sim3	Prost-AdenoCA
7	80411473	80411474	7	82472963	82472964	+	+	h2hINV	cna70	major	sim3	Prost-AdenoCA
7	97950673	97950674	7	157215382	157215383	+	+	h2hINV	cna70	major	sim3	Prost-AdenoCA
7	102449073	102449074	7	102894575	102894576	-	-	t2tINV	cna70	minor	sim3	Prost-AdenoCA
7	112799997	159117672	13	28456599	33654541	-	-	TRA	cna91,cna70	minor,minor	sim3	Prost-AdenoCA
7	137336273	137336274	7	137346277	137346278	-	-	t2tINV	cna70	major	sim3	Prost-AdenoCA
7	137669573	137669574	7	138634314	138634315	+	+	h2hINV	cna70	minor	sim3	Prost-AdenoCA
7	139794473	139794474	7	140002558	140002559	-	-	t2tINV	cna70	minor	sim3	Prost-AdenoCA
7	159117673	159117674	7	159138663	159138664	+	-	DEL	cna71	minor	sim3	Prost-AdenoCA
8	1	2	8	146364022	146364023	-	+	DUP	cna72	major	sim3	Prost-AdenoCA
8	22035810	22035811	8	24040078	24040079	+	+	h2hINV	cna72	major	sim3	Prost-AdenoCA
8	22683210	22683211	8	24893682	24893683	-	-	t2tINV	cna72	major	sim3	Prost-AdenoCA
8	26273110	26273111	8	72594432	72594433	+	+	h2hINV	cna72	major	sim3	Prost-AdenoCA
8	43314010	43314011	8	43752803	43752804	-	-	t2tINV	cna72	major	sim3	Prost-AdenoCA
8	50608510	50608511	8	50618518	50618519	-	-	t2tINV	cna72	major	sim3	Prost-AdenoCA
8	60171510	60171511	8	60181518	60181519	-	-	t2tINV	cna72	major	sim3	Prost-AdenoCA
8	64500810	64500811	8	70513418	70513419	+	+	h2hINV	cna72	major	sim3	Prost-AdenoCA
8	77198810	77198811	8	77271995	77271996	-	-	t2tINV	cna72	minor	sim3	Prost-AdenoCA
8	97188310	97188311	8	99531736	99531737	+	+	h2hINV	cna72	major	sim3	Prost-AdenoCA
8	115240310	115240311	8	115914301	115914302	-	-	t2tINV	cna72	major	sim3	Prost-AdenoCA
8	120192910	146364022	15	44720500	44847134	-	+	TRA	cna72,cna105	minor,minor	sim3	Prost-AdenoCA
9	8816188	8816189	9	8856367	8856368	-	-	t2tINV	cna73	major	sim3	Prost-AdenoCA
9	10178488	10178489	9	59505361	59505362	+	+	h2hINV	cna73	minor	sim3	Prost-AdenoCA
9	17770188	17770189	9	21104401	21104402	-	-	t2tINV	cna73	major	sim3	Prost-AdenoCA
9	23150988	23150989	9	38095953	38095954	+	+	h2hINV	cna73	minor	sim3	Prost-AdenoCA
9	136143988	136143989	9	136153991	136153992	-	-	t2tINV	cna73	major	sim3	Prost-AdenoCA
9	136260988	136260989	9	136270994	136270995	+	+	h2hINV	cna73	minor	sim3	Prost-AdenoCA
10	4924957	4924958	10	24985481	24985482	+	+	h2hINV	cna74	minor	sim3	Prost-AdenoCA
10	9761057	9761058	10	9771061	9771062	+	+	h2hINV	cna74	major	sim3	Prost-AdenoCA
10	13187157	13187158	10	13197158	13197159	+	+	h2hINV	cna74	major	sim3	Prost-AdenoCA
10	26379657	26379658	10	26389664	26389665	+	+	h2hINV	cna74	minor	sim3	Prost-AdenoCA
10	50198357	99412548	13	31874450	33654541	-	-	TRA	cna74,cna91	minor,major	sim3	Prost-AdenoCA
10	50834557	50834558	10	50876865	50876866	-	-	t2tINV	cna74	major	sim3	Prost-AdenoCA
10	99412549	99412550	10	108001170	108001171	+	-	DEL	cna75	minor	sim3	Prost-AdenoCA
10	108001171	108001172	10	108033532	108033533	+	-	DEL	cna76	major	sim3	Prost-AdenoCA
10	108001171	108001172	10	108033532	108033533	+	-	DEL	cna76	minor	sim3	Prost-AdenoCA
10	108033533	108033534	10	115740231	115740232	-	+	DUP	cna77	major	sim3	Prost-AdenoCA
10	108033533	108033534	10	115740231	115740232	-	+	DUP	cna77	minor	sim3	Prost-AdenoCA
10	115740232	115740233	10	121600420	121600421	+	-	DEL	cna78	minor	sim3	Prost-AdenoCA
10	121600421	121600422	10	121693181	121693182	+	-	DEL	cna79	major	sim3	Prost-AdenoCA
10	121600421	121600422	10	121693181	121693182	+	-	DEL	cna79	minor	sim3	Prost-AdenoCA
11	1	2	11	39099565	39099566	+	-	DEL	cna81	minor	sim3	Prost-AdenoCA
11	5368110	5368111	11	5388509	5388510	-	-	t2tINV	cna81	major	sim3	Prost-AdenoCA
11	7913510	39099565	16	6540117	45112176	-	-	TRA	cna81,cna108	minor,minor	sim3	Prost-AdenoCA
11	60949210	60949211	11	63922005	63922006	+	+	h2hINV	cna82	major	sim3	Prost-AdenoCA
11	73131810	93103813	Y	37352865	59373566	-	-	TRA	cna82,cna134	minor,minor	sim3	Prost-AdenoCA
11	87227810	87227811	11	87237816	87237817	+	+	h2hINV	cna82	minor	sim3	Prost-AdenoCA
11	93103814	93103815	11	96189788	96189789	-	+	DUP	cna83	major	sim3	Prost-AdenoCA
11	93103814	93103815	11	96189788	96189789	-	+	DUP	cna83	minor	sim3	Prost-AdenoCA
11	96189789	96189790	11	134667350	134667351	+	-	DEL	cna84	minor	sim3	Prost-AdenoCA
11	107102610	107102611	11	125602292	125602293	-	-	t2tINV	cna84	major	sim3	Prost-AdenoCA
11	108030610	108030611	11	108040619	108040620	-	-	t2tINV	cna84	major	sim3	Prost-AdenoCA
11	134667351	134667352	11	135006516	135006517	-	+	DUP	cna85	major	sim3	Prost-AdenoCA
12	1	2	12	112448920	112448921	-	+	DUP	cna86	major	sim3	Prost-AdenoCA
12	31395694	31395695	12	34793165	34793166	+	+	h2hINV	cna86	minor	sim3	Prost-AdenoCA
12	33688994	33688995	12	37201242	37201243	+	+	h2hINV	cna86	minor	sim3	Prost-AdenoCA
12	47372094	47372095	12	47382103	47382104	-	-	t2tINV	cna86	major	sim3	Prost-AdenoCA
12	67703494	67703495	12	68191397	68191398	+	+	h2hINV	cna86	major	sim3	Prost-AdenoCA
12	77576594	77576595	12	79690346	79690347	-	-	t2tINV	cna86	minor	sim3	Prost-AdenoCA
12	87652594	112448920	18	65119192	65366923	-	-	TRA	cna86,cna113	minor,major	sim3	Prost-AdenoCA
12	100779994	112448920	16	45285328	73689963	-	+	TRA	cna86,cna110	minor,major	sim3	Prost-AdenoCA
12	133791856	133791857	12	133851895	133851896	-	+	DUP	cna88	major	sim3	Prost-AdenoCA
12	133791856	133791857	12	133851895	133851896	+	-	DEL	cna88	minor	sim3	Prost-AdenoCA
13	20783053	20783054	13	21287181	21287182	+	-	DEL	cna90	minor	sim3	Prost-AdenoCA
13	21287182	21287183	13	33654541	33654542	-	+	DUP	cna91	major	sim3	Prost-AdenoCA
13	21287182	21287183	13	33654541	33654542	+	-	DEL	cna91	minor	sim3	Prost-AdenoCA
13	24022099	24022100	13	24094109	24094110	-	-	t2tINV	cna91	major	sim3	Prost-AdenoCA
13	34082593	34082594	13	39167026	39167027	+	-	DEL	cna93	minor	sim3	Prost-AdenoCA
13	39167027	39167028	13	41955447	41955448	+	-	DEL	cna94	major	sim3	Prost-AdenoCA
13	39167027	39167028	13	41955447	41955448	+	-	DEL	cna94	minor	sim3	Prost-AdenoCA
13	41955448	41955449	13	65218292	65218293	+	-	DEL	cna95	minor	sim3	Prost-AdenoCA
13	47179499	47179500	13	48007692	48007693	+	+	h2hINV	cna95	major	sim3	Prost-AdenoCA
13	48611999	48612000	13	51733927	51733928	-	-	t2tINV	cna95	major	sim3	Prost-AdenoCA
13	49183899	65218292	X	82164238	92286965	-	-	TRA	cna95,cna130	minor,minor	sim3	Prost-AdenoCA
13	50692499	65218292	20	50136045	63025520	-	-	TRA	cna95,cna120	major,major	sim3	Prost-AdenoCA
13	65218293	65218294	13	114885524	114885525	-	+	DUP	cna96	major	sim3	Prost-AdenoCA
13	95372799	95372800	13	95537630	95537631	+	+	h2hINV	cna96	major	sim3	Prost-AdenoCA
13	114885525	114885526	13	115169878	115169879	+	-	DEL	cna97	minor	sim3	Prost-AdenoCA
14	1	2	14	3272113	3272114	-	+	DUP	cna98	major	sim3	Prost-AdenoCA
14	1	2	14	3272113	3272114	-	+	DUP	cna98	minor	sim3	Prost-AdenoCA
14	3272114	3272115	14	71677028	71677029	-	+	DUP	cna99	major	sim3	Prost-AdenoCA
14	3272114	3272115	14	71677028	71677029	-	+	DUP	cna99	minor	sim3	Prost-AdenoCA
14	71677029	71677030	14	106587996	106587997	-	+	DUP	cna100	major	sim3	Prost-AdenoCA
14	106587997	106587998	14	106646514	106646515	+	-	DEL	cna101	minor	sim3	Prost-AdenoCA
15	44587513	44587514	15	44720499	44720500	+	-	DEL	cna104	major	sim3	Prost-AdenoCA
15	44587513	44587514	15	44720499	44720500	+	-	DEL	cna104	minor	sim3	Prost-AdenoCA
15	44720500	44720501	15	93502379	93502380	+	-	DEL	cna105	minor	sim3	Prost-AdenoCA
15	67234381	67234382	15	82033076	82033077	-	-	t2tINV	cna105	major	sim3	Prost-AdenoCA
15	74699481	74699482	15	75923483	75923484	+	+	h2hINV	cna105	major	sim3	Prost-AdenoCA
15	93502380	93502381	15	99565294	99565295	-	+	DUP	cna106	major	sim3	Prost-AdenoCA
15	93502380	93502381	15	99565294	99565295	+	-	DEL	cna106	minor	sim3	Prost-AdenoCA
15	96221181	96221182	15	96231182	96231183	+	+	h2hINV	cna106	major	sim3	Prost-AdenoCA
15	97603081	97603082	15	102314564	102314565	-	-	t2tINV	cna107	minor	sim3	Prost-AdenoCA
15	99565295	99565296	15	102531392	102531393	-	+	DUP	cna107	major	sim3	Prost-AdenoCA
15	99565295	99565296	15	102531392	102531393	-	+	DUP	cna107	minor	sim3	Prost-AdenoCA
16	25941289	25941290	16	34490988	34490989	+	+	h2hINV	cna108	minor	sim3	Prost-AdenoCA
16	35210189	35210190	16	35230360	35230361	+	+	h2hINV	cna108	minor	sim3	Prost-AdenoCA
16	45112177	45112178	16	45285327	45285328	+	-	DEL	cna109	minor	sim3	Prost-AdenoCA
16	45285328	45285329	16	90354753	90354754	-	+	DUP	cna110	major	sim3	Prost-AdenoCA
16	47501689	47501690	16	47521839	47521840	+	+	h2hINV	cna110	major	sim3	Prost-AdenoCA
16	78883189	78883190	16	78893200	78893201	-	-	t2tINV	cna110	minor	sim3	Prost-AdenoCA
17	1	2	17	73289124	73289125	+	-	DEL	cna111	minor	sim3	Prost-AdenoCA
17	1537136	1537137	17	2504585	2504586	+	+	h2hINV	cna111	major	sim3	Prost-AdenoCA
17	3081236	3081237	17	11498154	11498155	-	-	t2tINV	cna111	major	sim3	Prost-AdenoCA
17	5935136	5935137	17	9913007	9913008	-	-	t2tINV	cna111	major	sim3	Prost-AdenoCA
17	26493736	26493737	17	28556296	28556297	+	+	h2hINV	cna111	major	sim3	Prost-AdenoCA
17	38039836	38039837	17	66609495	66609496	+	+	h2hINV	cna111	major	sim3	Prost-AdenoCA
17	55146436	55146437	17	55502689	55502690	-	-	t2tINV	cna111	major	sim3	Prost-AdenoCA
17	55863936	55863937	17	55873944	55873945	+	+	h2hINV	cna111	major	sim3	Prost-AdenoCA
17	72073936	72073937	17	72135048	72135049	-	-	t2tINV	cna111	major	sim3	Prost-AdenoCA
17	73289125	73289126	17	81195210	81195211	-	+	DUP	cna112	major	sim3	Prost-AdenoCA
17	73289125	73289126	17	81195210	81195211	-	+	DUP	cna112	minor	sim3	Prost-AdenoCA
18	53025526	53025527	18	53035537	53035538	-	-	t2tINV	cna113	major	sim3	Prost-AdenoCA
18	62750026	62750027	18	62760031	62760032	+	+	h2hINV	cna113	minor	sim3	Prost-AdenoCA
18	65366924	65366925	18	65453138	65453139	-	+	DUP	cna114	major	sim3	Prost-AdenoCA
18	65366924	65366925	18	65453138	65453139	+	-	DEL	cna114	minor	sim3	Prost-AdenoCA
18	65453139	65453140	18	65891867	65891868	-	+	DUP	cna115	major	sim3	Prost-AdenoCA
18	65891868	65891869	18	69246304	69246305	+	-	DEL	cna116	minor	sim3	Prost-AdenoCA
18	69246305	69246306	18	78077248	78077249	-	+	DUP	cna117	major	sim3	Prost-AdenoCA
19	4224178	4224179	19	8938958	8938959	+	+	h2hINV	cna118	major	sim3	Prost-AdenoCA
19	30846632	30846633	19	59128983	59128984	-	+	DUP	cna119	major	sim3	Prost-AdenoCA
19	36359778	36359779	19	36379795	36379796	+	+	h2hINV	cna119	major	sim3	Prost-AdenoCA
20	1	2	20	63025520	63025521	-	+	DUP	cna120	major	sim3	Prost-AdenoCA
20	1	2	20	63025520	63025521	-	+	DUP	cna120	minor	sim3	Prost-AdenoCA
20	246895	246896	20	7897825	7897826	-	-	t2tINV	cna120	major	sim3	Prost-AdenoCA
20	3448895	3448896	20	3519938	3519939	+	+	h2hINV	cna120	minor	sim3	Prost-AdenoCA
21	1	2	21	47828404	47828405	-	+	DUP	cna121	major	sim3	Prost-AdenoCA
21	1	2	21	47828404	47828405	-	+	DUP	cna121	minor	sim3	Prost-AdenoCA
21	28229275	28229276	21	28239290	28239291	+	+	h2hINV	cna121	major	sim3	Prost-AdenoCA
21	47828405	47828406	21	48129895	48129896	-	+	DUP	cna122	major	sim3	Prost-AdenoCA
21	47828405	47828406	21	48129895	48129896	+	-	DEL	cna122	minor	sim3	Prost-AdenoCA
X	31829368	31829369	X	31841610	31841611	+	-	DEL	cna125	minor	sim3	Prost-AdenoCA
X	31841611	31841612	X	32000341	32000342	-	+	DUP	cna126	major	sim3	Prost-AdenoCA
X	31841611	31841612	X	32000341	32000342	-	+	DUP	cna126	minor	sim3	Prost-AdenoCA
X	31855414	31855415	X	54918307	54918308	-	-	t2tINV	cna129	minor	sim3	Prost-AdenoCA
X	42451892	42451893	X	42682783	42682784	+	-	DEL	cna128	minor	sim3	Prost-AdenoCA
X	78946377	78946378	X	92286965	92286966	-	+	DUP	cna130	major	sim3	Prost-AdenoCA
X	78946377	78946378	X	92286965	92286966	-	+	DUP	cna130	minor	sim3	Prost-AdenoCA
X	140947516	140947517	X	154222711	154222712	-	+	DUP	cna132	major	sim3	Prost-AdenoCA
X	140947516	140947517	X	154222711	154222712	+	-	DEL	cna132	minor	sim3	Prost-AdenoCA
Y	1	2	Y	59373566	59373567	+	-	DEL	cna134	minor	sim3	Prost-AdenoCA
