chrom1	start1	end1	chrom2	start2	end2	strand1	strand2	svclass	id	allele	donor_id	tumor
1	12122200	12122201	1	27241174	27241175	+	+	h2hINV	cna0	major	sim96	Prost-AdenoCA
1	12162960	12162961	1	35745143	35745144	+	-	DEL	cna1	minor	sim96	Prost-AdenoCA
1	41821500	41821501	1	41925663	41925664	-	-	t2tINV	cna2	major	sim96	Prost-AdenoCA
1	53773571	61926849	12	71898594	133851895	-	-	TRA	cna58,cna2	major,major	sim96	Prost-AdenoCA
1	61926850	61926851	1	61937006	61937007	-	+	DUP	cna3	major	sim96	Prost-AdenoCA
1	61926850	61926851	1	61937006	61937007	-	+	DUP	cna3	minor	sim96	Prost-AdenoCA
1	67849600	67849601	1	67859605	67859606	+	+	h2hINV	cna4	minor	sim96	Prost-AdenoCA
1	225670000	225670001	1	226129523	226129524	+	+	h2hINV	cna4	major	sim96	Prost-AdenoCA
1	232250600	232250601	1	232260758	232260759	-	-	t2tINV	cna4	major	sim96	Prost-AdenoCA
1	238086200	238086201	1	244490732	244490733	-	-	t2tINV	cna4	major	sim96	Prost-AdenoCA
2	5101890	5101891	2	25208896	25208897	-	+	DUP	cna6	major	sim96	Prost-AdenoCA
2	5101890	5101891	2	25208896	25208897	-	+	DUP	cna6	minor	sim96	Prost-AdenoCA
2	20682479	20682480	2	20702584	20702585	+	+	h2hINV	cna6	major	sim96	Prost-AdenoCA
2	59015379	59015380	2	126265347	126265348	+	+	h2hINV	cna7	major	sim96	Prost-AdenoCA
2	111646042	233421631	14	106322621	107349540	-	-	TRA	cna60,cna7	major,minor	sim96	Prost-AdenoCA
2	156378479	156378480	2	156388483	156388484	+	+	h2hINV	cna7	minor	sim96	Prost-AdenoCA
2	159101479	159101480	2	184186070	184186071	+	+	h2hINV	cna7	minor	sim96	Prost-AdenoCA
2	166404279	166404280	2	167593644	167593645	+	+	h2hINV	cna7	major	sim96	Prost-AdenoCA
2	198081479	198081480	2	198091488	198091489	+	+	h2hINV	cna7	minor	sim96	Prost-AdenoCA
2	198528179	198528180	2	199110822	199110823	+	+	h2hINV	cna7	minor	sim96	Prost-AdenoCA
2	202545179	202545180	2	221273028	221273029	-	-	t2tINV	cna7	major	sim96	Prost-AdenoCA
2	231541504	233421631	15	1	82250782	-	+	TRA	cna61,cna7	major,major	sim96	Prost-AdenoCA
2	233421632	233421633	2	233431748	233431749	+	-	DEL	cna8	minor	sim96	Prost-AdenoCA
2	233431749	234535380	8	135489074	144944548	+	+	TRA	cna9,cna46	major,major	sim96	Prost-AdenoCA
2	234835184	234835185	2	234861126	234861127	+	-	DEL	cna10	minor	sim96	Prost-AdenoCA
3	29312267	48408143	19	12812178	33360027	-	-	TRA	cna71,cna12	minor,minor	sim96	Prost-AdenoCA
3	38391706	48408143	13	24746008	115169878	-	-	TRA	cna12,cna59	major,major	sim96	Prost-AdenoCA
3	48408144	48408145	3	48432367	48432368	+	-	DEL	cna13	minor	sim96	Prost-AdenoCA
3	64072706	64072707	3	64082712	64082713	-	-	t2tINV	cna14	major	sim96	Prost-AdenoCA
3	80178706	80178707	3	80188711	80188712	+	+	h2hINV	cna14	minor	sim96	Prost-AdenoCA
3	136707163	136707164	3	140070126	140070127	-	+	DUP	cna15	major	sim96	Prost-AdenoCA
3	141508487	141508488	3	150715245	150715246	+	-	DEL	cna17	major	sim96	Prost-AdenoCA
3	141508487	141508488	3	150715245	150715246	+	-	DEL	cna17	minor	sim96	Prost-AdenoCA
3	150715246	154120707	7	80747453	159138663	+	-	TRA	cna18,cna42	major,major	sim96	Prost-AdenoCA
3	155941806	165272490	8	1	84295855	-	+	TRA	cna18,cna43	minor,major	sim96	Prost-AdenoCA
3	165046706	165046707	3	166154086	166154087	+	+	h2hINV	cna18	minor	sim96	Prost-AdenoCA
3	165272491	165272492	3	168385337	168385338	-	+	DUP	cna19	major	sim96	Prost-AdenoCA
3	168385338	189003404	X	134606118	143229715	+	+	TRA	cna82,cna20	minor,minor	sim96	Prost-AdenoCA
3	190996862	190996863	3	195358249	195358250	-	+	DUP	cna21	major	sim96	Prost-AdenoCA
3	197422767	197422768	3	197998361	197998362	-	+	DUP	cna23	major	sim96	Prost-AdenoCA
3	197422767	197422768	3	197998361	197998362	-	+	DUP	cna23	minor	sim96	Prost-AdenoCA
3	197998362	197998363	3	198022430	198022431	+	-	DEL	cna24	major	sim96	Prost-AdenoCA
3	197998362	197998363	3	198022430	198022431	+	-	DEL	cna24	minor	sim96	Prost-AdenoCA
4	2870428	2870429	4	5413896	5413897	-	+	DUP	cna26	major	sim96	Prost-AdenoCA
4	3089376	3089377	4	63224700	63224701	+	+	h2hINV	cna26	major	sim96	Prost-AdenoCA
4	5413897	49027349	17	22361445	38974737	+	+	TRA	cna69,cna27	minor,minor	sim96	Prost-AdenoCA
4	25813076	25813077	4	29539147	29539148	-	-	t2tINV	cna27	major	sim96	Prost-AdenoCA
4	37623476	37623477	4	41051454	41051455	-	-	t2tINV	cna27	minor	sim96	Prost-AdenoCA
4	42190976	42190977	4	42200982	42200983	+	+	h2hINV	cna27	major	sim96	Prost-AdenoCA
4	80231271	80231272	4	80487053	80487054	-	+	DUP	cna28	major	sim96	Prost-AdenoCA
4	155316476	187373434	6	77263078	162173048	-	+	TRA	cna29,cna39	minor,major	sim96	Prost-AdenoCA
4	187373435	187373436	4	190858980	190858981	+	-	DEL	cna30	minor	sim96	Prost-AdenoCA
4	190113676	190858980	14	28599365	107349540	-	-	TRA	cna30,cna60	major,major	sim96	Prost-AdenoCA
4	190858981	190858982	4	190961803	190961804	-	+	DUP	cna31	major	sim96	Prost-AdenoCA
4	190858981	190858982	4	190961803	190961804	-	+	DUP	cna31	minor	sim96	Prost-AdenoCA
5	1	54377901	19	39335728	46468429	+	-	TRA	cna33,cna72	major,minor	sim96	Prost-AdenoCA
5	22589800	22589801	5	60787453	60787454	+	+	h2hINV	cna33	minor	sim96	Prost-AdenoCA
5	27788800	27788801	5	28448777	28448778	-	-	t2tINV	cna33	major	sim96	Prost-AdenoCA
5	49456300	49456301	5	49784556	49784557	+	+	h2hINV	cna33	major	sim96	Prost-AdenoCA
5	63678800	63678801	5	65460792	65460793	-	-	t2tINV	cna33	major	sim96	Prost-AdenoCA
5	69537654	69537655	5	180915260	180915261	+	-	DEL	cna34	minor	sim96	Prost-AdenoCA
5	162853000	162853001	5	165437222	165437223	+	+	h2hINV	cna34	major	sim96	Prost-AdenoCA
5	177097100	180915260	11	5867508	54344922	-	+	TRA	cna34,cna55	minor,major	sim96	Prost-AdenoCA
6	1	15057813	16	79400589	88269557	+	-	TRA	cna62,cna35	major,minor	sim96	Prost-AdenoCA
6	12733740	12733741	6	15926444	15926445	-	-	t2tINV	cna35	minor	sim96	Prost-AdenoCA
6	15666240	15666241	6	15676252	15676253	+	+	h2hINV	cna35	major	sim96	Prost-AdenoCA
6	35813740	35813741	6	35823749	35823750	+	+	h2hINV	cna35	major	sim96	Prost-AdenoCA
6	56434940	56434941	6	65337041	65337042	+	+	h2hINV	cna35	major	sim96	Prost-AdenoCA
6	69705167	69705168	6	74341795	74341796	-	+	DUP	cna36	major	sim96	Prost-AdenoCA
6	69705167	69705168	6	74341795	74341796	+	-	DEL	cna36	minor	sim96	Prost-AdenoCA
6	76971381	76971382	6	77263077	77263078	-	+	DUP	cna38	major	sim96	Prost-AdenoCA
6	76971381	76971382	6	77263077	77263078	-	+	DUP	cna38	minor	sim96	Prost-AdenoCA
6	77263078	100753580	17	73314736	81195210	+	-	TRA	cna69,cna39	minor,major	sim96	Prost-AdenoCA
6	113817440	113817441	6	154663243	154663244	+	+	h2hINV	cna39	major	sim96	Prost-AdenoCA
6	128810640	128810641	6	128820641	128820642	+	+	h2hINV	cna39	major	sim96	Prost-AdenoCA
6	164826167	164826168	6	166403768	166403769	+	-	DEL	cna40	minor	sim96	Prost-AdenoCA
7	97580173	159138663	9	72162294	90395304	-	+	TRA	cna42,cna49	minor,minor	sim96	Prost-AdenoCA
7	102122473	102122474	7	102142491	102142492	+	+	h2hINV	cna42	minor	sim96	Prost-AdenoCA
7	139806773	139806774	7	147174570	147174571	+	+	h2hINV	cna42	minor	sim96	Prost-AdenoCA
8	41624010	41624011	8	41946733	41946734	-	-	t2tINV	cna43	major	sim96	Prost-AdenoCA
8	109558510	125417589	18	1	58823097	-	+	TRA	cna43,cna70	major,major	sim96	Prost-AdenoCA
8	125417590	125417591	8	134860490	134860491	-	+	DUP	cna44	major	sim96	Prost-AdenoCA
8	125417590	125417591	8	134860490	134860491	-	+	DUP	cna44	minor	sim96	Prost-AdenoCA
8	129070810	129070811	8	129220090	129220091	+	+	h2hINV	cna44	minor	sim96	Prost-AdenoCA
8	135489074	135489075	8	146364022	146364023	-	+	DUP	cna46	major	sim96	Prost-AdenoCA
8	135489074	135489075	8	146364022	146364023	-	+	DUP	cna46	minor	sim96	Prost-AdenoCA
9	71937044	71937045	9	72162293	72162294	-	+	DUP	cna48	major	sim96	Prost-AdenoCA
9	71937044	71937045	9	72162293	72162294	-	+	DUP	cna48	minor	sim96	Prost-AdenoCA
9	140803351	140803352	9	141213431	141213432	-	+	DUP	cna50	major	sim96	Prost-AdenoCA
9	140803351	140803352	9	141213431	141213432	+	-	DEL	cna50	minor	sim96	Prost-AdenoCA
10	53213257	53213258	10	53223266	53223267	-	-	t2tINV	cna51	major	sim96	Prost-AdenoCA
10	74885557	74885558	10	89866260	89866261	+	+	h2hINV	cna51	minor	sim96	Prost-AdenoCA
10	132931072	132931073	10	132954951	132954952	+	-	DEL	cna52	major	sim96	Prost-AdenoCA
10	132931072	132931073	10	132954951	132954952	+	-	DEL	cna52	minor	sim96	Prost-AdenoCA
11	1	2	11	5867507	5867508	-	+	DUP	cna54	major	sim96	Prost-AdenoCA
11	35970710	35970711	11	38501869	38501870	+	+	h2hINV	cna55	minor	sim96	Prost-AdenoCA
11	61320610	61320611	11	62950428	62950429	+	+	h2hINV	cna55	major	sim96	Prost-AdenoCA
11	83079510	134994583	15	1	20738333	-	+	TRA	cna55,cna61	major,minor	sim96	Prost-AdenoCA
11	87911310	87911311	11	87921318	87921319	-	-	t2tINV	cna55	minor	sim96	Prost-AdenoCA
11	134994584	134994585	11	135006516	135006517	+	-	DEL	cna56	minor	sim96	Prost-AdenoCA
12	21685209	21685210	12	133851895	133851896	-	+	DUP	cna58	major	sim96	Prost-AdenoCA
12	21685209	21685210	12	133851895	133851896	-	+	DUP	cna58	minor	sim96	Prost-AdenoCA
12	26389294	26389295	12	26409698	26409699	+	+	h2hINV	cna58	major	sim96	Prost-AdenoCA
13	50382699	50382700	13	60428518	60428519	+	+	h2hINV	cna59	major	sim96	Prost-AdenoCA
13	68246599	68246600	13	77682160	77682161	-	-	t2tINV	cna59	minor	sim96	Prost-AdenoCA
13	90851099	90851100	13	91347590	91347591	-	-	t2tINV	cna59	major	sim96	Prost-AdenoCA
14	95167921	95167922	14	100868443	100868444	-	-	t2tINV	cna60	minor	sim96	Prost-AdenoCA
16	88269558	88269559	16	90187308	90187309	+	-	DEL	cna63	minor	sim96	Prost-AdenoCA
16	90187309	90187310	16	90207402	90207403	+	-	DEL	cna64	major	sim96	Prost-AdenoCA
16	90187309	90187310	16	90207402	90207403	+	-	DEL	cna64	minor	sim96	Prost-AdenoCA
16	90207403	90207404	16	90354753	90354754	-	+	DUP	cna65	major	sim96	Prost-AdenoCA
17	11814836	11814837	17	11936970	11936971	-	-	t2tINV	cna66	minor	sim96	Prost-AdenoCA
17	21769343	21769344	17	22044986	22044987	+	-	DEL	cna67	minor	sim96	Prost-AdenoCA
17	22361445	22361446	17	81195210	81195211	-	+	DUP	cna69	major	sim96	Prost-AdenoCA
17	22361445	22361446	17	81195210	81195211	-	+	DUP	cna69	minor	sim96	Prost-AdenoCA
18	51747226	51747227	18	52207948	52207949	+	+	h2hINV	cna70	major	sim96	Prost-AdenoCA
19	33360028	33360029	19	46468429	46468430	-	+	DUP	cna72	major	sim96	Prost-AdenoCA
19	33360028	33360029	19	46468429	46468430	-	+	DUP	cna72	minor	sim96	Prost-AdenoCA
19	46468430	46468431	19	46671623	46671624	+	-	DEL	cna73	major	sim96	Prost-AdenoCA
19	46468430	46468431	19	46671623	46671624	+	-	DEL	cna73	minor	sim96	Prost-AdenoCA
19	54441882	54441883	19	54673562	54673563	-	+	DUP	cna75	major	sim96	Prost-AdenoCA
19	54441882	54441883	19	54673562	54673563	-	+	DUP	cna75	minor	sim96	Prost-AdenoCA
19	54673563	54673564	19	59128983	59128984	+	-	DEL	cna76	minor	sim96	Prost-AdenoCA
20	2209195	2209196	20	3556487	3556488	-	-	t2tINV	cna77	minor	sim96	Prost-AdenoCA
20	15166595	15166596	20	21925888	21925889	+	+	h2hINV	cna77	major	sim96	Prost-AdenoCA
21	23462775	23462776	21	23564743	23564744	+	+	h2hINV	cna78	major	sim96	Prost-AdenoCA
22	16565080	16565081	22	16575088	16575089	-	-	t2tINV	cna79	major	sim96	Prost-AdenoCA
X	132882432	132882433	X	134606117	134606118	-	+	DUP	cna81	major	sim96	Prost-AdenoCA
Y	1	2	Y	4370977	4370978	-	+	DUP	cna83	major	sim96	Prost-AdenoCA
Y	1	2	Y	4370977	4370978	+	-	DEL	cna83	minor	sim96	Prost-AdenoCA
Y	57843294	57843295	Y	57912895	57912896	-	+	DUP	cna85	major	sim96	Prost-AdenoCA
Y	57923108	57923109	Y	59373566	59373567	-	+	DUP	cna87	major	sim96	Prost-AdenoCA
Y	57923108	57923109	Y	59373566	59373567	+	-	DEL	cna87	minor	sim96	Prost-AdenoCA
