chrom	start	end	major_cn	minor_cn	donor_id	study	id
1	1	78264	1	1	sim16	Prost-AdenoCA	cna0
1	78265	15618141	1	0	sim16	Prost-AdenoCA	cna1
1	15618142	15745467	2	0	sim16	Prost-AdenoCA	cna2
1	15745468	55587441	1	1	sim16	Prost-AdenoCA	cna3
1	55587442	55630886	2	1	sim16	Prost-AdenoCA	cna4
1	55630887	57095523	1	0	sim16	Prost-AdenoCA	cna5
1	57095524	57158645	2	0	sim16	Prost-AdenoCA	cna6
1	57158646	243744469	1	1	sim16	Prost-AdenoCA	cna7
1	243744470	243912294	2	1	sim16	Prost-AdenoCA	cna8
1	243912295	249250621	1	1	sim16	Prost-AdenoCA	cna9
2	1	29586386	1	1	sim16	Prost-AdenoCA	cna10
2	29586387	32773680	3	1	sim16	Prost-AdenoCA	cna11
2	32773681	47716933	1	0	sim16	Prost-AdenoCA	cna12
2	47716934	48599792	2	0	sim16	Prost-AdenoCA	cna13
2	48599793	56665761	1	1	sim16	Prost-AdenoCA	cna14
2	56665762	58375307	2	1	sim16	Prost-AdenoCA	cna15
2	58375308	68324677	1	1	sim16	Prost-AdenoCA	cna16
2	68324678	73951906	0	0	sim16	Prost-AdenoCA	cna17
2	73951907	243093650	1	1	sim16	Prost-AdenoCA	cna18
2	243093651	243199373	2	0	sim16	Prost-AdenoCA	cna19
3	1	57712683	1	1	sim16	Prost-AdenoCA	cna20
3	57712684	66148732	2	2	sim16	Prost-AdenoCA	cna21
3	66148733	158252331	1	1	sim16	Prost-AdenoCA	cna22
3	158252332	158799272	2	0	sim16	Prost-AdenoCA	cna23
3	158799273	198022430	1	1	sim16	Prost-AdenoCA	cna24
4	1	26102039	1	1	sim16	Prost-AdenoCA	cna25
4	26102040	29325467	1	0	sim16	Prost-AdenoCA	cna26
4	29325468	112216923	1	1	sim16	Prost-AdenoCA	cna27
4	112216924	112464072	0	0	sim16	Prost-AdenoCA	cna28
4	112464073	114285167	2	1	sim16	Prost-AdenoCA	cna29
4	114285168	173704422	1	1	sim16	Prost-AdenoCA	cna30
4	173704423	175472387	1	0	sim16	Prost-AdenoCA	cna31
4	175472388	191154276	3	2	sim16	Prost-AdenoCA	cna32
5	1	60050739	1	1	sim16	Prost-AdenoCA	cna33
5	60050740	60359782	1	0	sim16	Prost-AdenoCA	cna34
5	60359783	64291732	2	1	sim16	Prost-AdenoCA	cna35
5	64291733	102764167	1	1	sim16	Prost-AdenoCA	cna36
5	102764168	107433026	2	0	sim16	Prost-AdenoCA	cna37
5	107433027	180649176	1	1	sim16	Prost-AdenoCA	cna38
5	180649177	180709975	1	0	sim16	Prost-AdenoCA	cna39
5	180709976	180915260	3	2	sim16	Prost-AdenoCA	cna40
6	1	88231063	1	1	sim16	Prost-AdenoCA	cna41
6	88231064	89376858	0	0	sim16	Prost-AdenoCA	cna42
6	89376859	171115067	4	2	sim16	Prost-AdenoCA	cna43
7	1	159138663	1	1	sim16	Prost-AdenoCA	cna44
8	1	146074023	1	1	sim16	Prost-AdenoCA	cna45
8	146074024	146107420	0	0	sim16	Prost-AdenoCA	cna46
8	146107421	146140818	1	0	sim16	Prost-AdenoCA	cna47
8	146140819	146297312	2	1	sim16	Prost-AdenoCA	cna48
8	146297313	146330697	1	0	sim16	Prost-AdenoCA	cna49
8	146330698	146364022	2	1	sim16	Prost-AdenoCA	cna50
9	1	141213431	2	2	sim16	Prost-AdenoCA	cna51
10	1	135534747	1	1	sim16	Prost-AdenoCA	cna52
11	1	132596325	1	1	sim16	Prost-AdenoCA	cna53
11	132596326	134986999	0	0	sim16	Prost-AdenoCA	cna54
11	134987000	135006516	2	1	sim16	Prost-AdenoCA	cna55
12	1	7674971	1	1	sim16	Prost-AdenoCA	cna56
12	7674972	26717843	1	0	sim16	Prost-AdenoCA	cna57
12	26717844	28091584	1	1	sim16	Prost-AdenoCA	cna58
12	28091585	28258110	1	0	sim16	Prost-AdenoCA	cna59
12	28258111	127680326	1	1	sim16	Prost-AdenoCA	cna60
12	127680327	128393355	2	2	sim16	Prost-AdenoCA	cna61
12	128393356	132260982	1	1	sim16	Prost-AdenoCA	cna62
12	132260983	133851895	1	0	sim16	Prost-AdenoCA	cna63
13	1	115169878	1	1	sim16	Prost-AdenoCA	cna64
14	1	11231644	1	1	sim16	Prost-AdenoCA	cna65
14	11231645	11271674	3	1	sim16	Prost-AdenoCA	cna66
14	11271675	13348605	4	1	sim16	Prost-AdenoCA	cna67
14	13348606	93176486	1	1	sim16	Prost-AdenoCA	cna68
14	93176487	95218548	4	1	sim16	Prost-AdenoCA	cna69
14	95218549	99944995	6	1	sim16	Prost-AdenoCA	cna70
14	99944996	107309457	1	0	sim16	Prost-AdenoCA	cna71
14	107309458	107349540	2	2	sim16	Prost-AdenoCA	cna72
15	1	102531392	1	1	sim16	Prost-AdenoCA	cna73
16	1	83401600	1	1	sim16	Prost-AdenoCA	cna74
16	83401601	88260172	5	1	sim16	Prost-AdenoCA	cna75
16	88260173	90354753	1	1	sim16	Prost-AdenoCA	cna76
17	1	81195210	1	1	sim16	Prost-AdenoCA	cna77
18	1	78077248	1	1	sim16	Prost-AdenoCA	cna78
19	1	59128983	1	1	sim16	Prost-AdenoCA	cna79
20	1	53785145	1	1	sim16	Prost-AdenoCA	cna80
20	53785146	56482627	0	0	sim16	Prost-AdenoCA	cna81
20	56482628	56740718	1	0	sim16	Prost-AdenoCA	cna82
20	56740719	56913821	1	1	sim16	Prost-AdenoCA	cna83
20	56913822	63025520	2	2	sim16	Prost-AdenoCA	cna84
21	1	48129895	1	1	sim16	Prost-AdenoCA	cna85
22	1	28315987	1	1	sim16	Prost-AdenoCA	cna86
22	28315988	37532703	2	2	sim16	Prost-AdenoCA	cna87
22	37532704	38110445	1	1	sim16	Prost-AdenoCA	cna88
22	38110446	38122440	2	1	sim16	Prost-AdenoCA	cna89
22	38122441	51304566	2	0	sim16	Prost-AdenoCA	cna90
X	1	8212097	2	1	sim16	Prost-AdenoCA	cna91
X	8212098	16803967	1	0	sim16	Prost-AdenoCA	cna92
X	16803968	77754190	1	1	sim16	Prost-AdenoCA	cna93
X	77754191	79833695	2	2	sim16	Prost-AdenoCA	cna94
X	79833696	80924012	3	1	sim16	Prost-AdenoCA	cna95
X	80924013	89697492	2	1	sim16	Prost-AdenoCA	cna96
X	89697493	91699211	1	1	sim16	Prost-AdenoCA	cna97
X	91699212	93469058	5	1	sim16	Prost-AdenoCA	cna98
X	93469059	155270560	1	1	sim16	Prost-AdenoCA	cna99
Y	1	37215376	2	1	sim16	Prost-AdenoCA	cna100
Y	37215377	38774786	1	1	sim16	Prost-AdenoCA	cna101
Y	38774787	39223703	3	2	sim16	Prost-AdenoCA	cna102
Y	39223704	54170277	1	1	sim16	Prost-AdenoCA	cna103
Y	54170278	59373566	1	0	sim16	Prost-AdenoCA	cna104
