chrom	start	end	major_cn	minor_cn	donor_id	study	id
1	1	74047700	1	1	sim47	Prost-AdenoCA	cna0
1	74047701	74557048	4	1	sim47	Prost-AdenoCA	cna1
1	74557049	76152577	2	1	sim47	Prost-AdenoCA	cna2
1	76152578	82347458	1	0	sim47	Prost-AdenoCA	cna3
1	82347459	83851234	2	1	sim47	Prost-AdenoCA	cna4
1	83851235	86918809	2	0	sim47	Prost-AdenoCA	cna5
1	86918810	224481127	1	1	sim47	Prost-AdenoCA	cna6
1	224481128	225174981	1	0	sim47	Prost-AdenoCA	cna7
1	225174982	242395341	1	1	sim47	Prost-AdenoCA	cna8
1	242395342	249250621	1	0	sim47	Prost-AdenoCA	cna9
2	1	243124456	1	1	sim47	Prost-AdenoCA	cna10
2	243124457	243199373	3	1	sim47	Prost-AdenoCA	cna11
3	1	67296843	1	1	sim47	Prost-AdenoCA	cna12
3	67296844	67318413	1	0	sim47	Prost-AdenoCA	cna13
3	67318414	69032824	2	1	sim47	Prost-AdenoCA	cna14
3	69032825	69157665	1	0	sim47	Prost-AdenoCA	cna15
3	69157666	70076828	2	1	sim47	Prost-AdenoCA	cna16
3	70076829	197831324	1	1	sim47	Prost-AdenoCA	cna17
3	197831325	198022430	1	0	sim47	Prost-AdenoCA	cna18
4	1	186891357	1	1	sim47	Prost-AdenoCA	cna19
4	186891358	191154276	4	0	sim47	Prost-AdenoCA	cna20
5	1	39712342	1	1	sim47	Prost-AdenoCA	cna21
5	39712343	40079597	2	0	sim47	Prost-AdenoCA	cna22
5	40079598	142721891	1	1	sim47	Prost-AdenoCA	cna23
5	142721892	143592203	1	0	sim47	Prost-AdenoCA	cna24
5	143592204	144062801	3	1	sim47	Prost-AdenoCA	cna25
5	144062802	175886977	1	1	sim47	Prost-AdenoCA	cna26
5	175886978	180915260	1	0	sim47	Prost-AdenoCA	cna27
6	1	51029649	1	1	sim47	Prost-AdenoCA	cna28
6	51029650	79053967	2	1	sim47	Prost-AdenoCA	cna29
6	79053968	79658722	3	1	sim47	Prost-AdenoCA	cna30
6	79658723	108131136	1	1	sim47	Prost-AdenoCA	cna31
6	108131137	126283474	2	1	sim47	Prost-AdenoCA	cna32
6	126283475	168393584	2	2	sim47	Prost-AdenoCA	cna33
6	168393585	171115067	1	1	sim47	Prost-AdenoCA	cna34
7	1	103862368	1	1	sim47	Prost-AdenoCA	cna35
7	103862369	107270072	2	2	sim47	Prost-AdenoCA	cna36
7	107270073	107557098	0	0	sim47	Prost-AdenoCA	cna37
7	107557099	123378532	2	0	sim47	Prost-AdenoCA	cna38
7	123378533	145233960	2	1	sim47	Prost-AdenoCA	cna39
7	145233961	157088370	1	1	sim47	Prost-AdenoCA	cna40
7	157088371	159050560	2	1	sim47	Prost-AdenoCA	cna41
7	159050561	159138663	0	0	sim47	Prost-AdenoCA	cna42
8	1	146364022	1	1	sim47	Prost-AdenoCA	cna43
9	1	5061319	1	1	sim47	Prost-AdenoCA	cna44
9	5061320	5071529	4	2	sim47	Prost-AdenoCA	cna45
9	5071530	6630299	1	0	sim47	Prost-AdenoCA	cna46
9	6630300	135448885	1	1	sim47	Prost-AdenoCA	cna47
9	135448886	141213431	3	0	sim47	Prost-AdenoCA	cna48
10	1	117231584	1	1	sim47	Prost-AdenoCA	cna49
10	117231585	135534747	2	0	sim47	Prost-AdenoCA	cna50
11	1	105879755	1	1	sim47	Prost-AdenoCA	cna51
11	105879756	134523053	5	2	sim47	Prost-AdenoCA	cna52
11	134523054	135006516	2	1	sim47	Prost-AdenoCA	cna53
12	1	117681523	1	1	sim47	Prost-AdenoCA	cna54
12	117681524	133295592	2	0	sim47	Prost-AdenoCA	cna55
12	133295593	133584084	2	1	sim47	Prost-AdenoCA	cna56
12	133584085	133851895	2	2	sim47	Prost-AdenoCA	cna57
13	1	115071047	1	1	sim47	Prost-AdenoCA	cna58
13	115071048	115169878	1	0	sim47	Prost-AdenoCA	cna59
14	1	22109220	1	0	sim47	Prost-AdenoCA	cna60
14	22109221	23028693	0	0	sim47	Prost-AdenoCA	cna61
14	23028694	31062289	1	1	sim47	Prost-AdenoCA	cna62
14	31062290	33894600	1	0	sim47	Prost-AdenoCA	cna63
14	33894601	40226209	1	1	sim47	Prost-AdenoCA	cna64
14	40226210	40260369	0	0	sim47	Prost-AdenoCA	cna65
14	40260370	46316845	1	0	sim47	Prost-AdenoCA	cna66
14	46316846	47209412	2	1	sim47	Prost-AdenoCA	cna67
14	47209413	107349540	2	2	sim47	Prost-AdenoCA	cna68
15	1	102531392	1	1	sim47	Prost-AdenoCA	cna69
16	1	90354753	1	1	sim47	Prost-AdenoCA	cna70
17	1	10019330	1	1	sim47	Prost-AdenoCA	cna71
17	10019331	10617796	3	2	sim47	Prost-AdenoCA	cna72
17	10617797	10809858	3	1	sim47	Prost-AdenoCA	cna73
17	10809859	13483489	1	1	sim47	Prost-AdenoCA	cna74
17	13483490	32115741	7	2	sim47	Prost-AdenoCA	cna75
17	32115742	77442357	1	1	sim47	Prost-AdenoCA	cna76
17	77442358	77739765	1	0	sim47	Prost-AdenoCA	cna77
17	77739766	81195210	2	1	sim47	Prost-AdenoCA	cna78
18	1	10673960	1	0	sim47	Prost-AdenoCA	cna79
18	10673961	11088396	6	2	sim47	Prost-AdenoCA	cna80
18	11088397	11108157	0	0	sim47	Prost-AdenoCA	cna81
18	11108158	73878475	1	1	sim47	Prost-AdenoCA	cna82
18	73878476	73916193	2	0	sim47	Prost-AdenoCA	cna83
18	73916194	74176782	0	1	sim47	Prost-AdenoCA	cna84
18	74176783	74231278	4	2	sim47	Prost-AdenoCA	cna85
18	74231279	74241179	2	1	sim47	Prost-AdenoCA	cna86
18	74241180	74251600	1	1	sim47	Prost-AdenoCA	cna87
18	74251601	78077248	1	0	sim47	Prost-AdenoCA	cna88
19	1	59128983	1	1	sim47	Prost-AdenoCA	cna89
20	1	63025520	1	1	sim47	Prost-AdenoCA	cna90
21	1	48116569	1	1	sim47	Prost-AdenoCA	cna91
21	48116570	48129895	2	2	sim47	Prost-AdenoCA	cna92
22	1	3307648	1	1	sim47	Prost-AdenoCA	cna93
22	3307649	4100404	4	2	sim47	Prost-AdenoCA	cna94
22	4100405	11535482	1	1	sim47	Prost-AdenoCA	cna95
22	11535483	11552804	1	0	sim47	Prost-AdenoCA	cna96
22	11552805	11728335	2	1	sim47	Prost-AdenoCA	cna97
22	11728336	31400838	1	1	sim47	Prost-AdenoCA	cna98
22	31400839	49493286	2	2	sim47	Prost-AdenoCA	cna99
22	49493287	49964254	3	2	sim47	Prost-AdenoCA	cna100
22	49964255	50525716	3	1	sim47	Prost-AdenoCA	cna101
22	50525717	50560267	2	0	sim47	Prost-AdenoCA	cna102
22	50560268	51287244	2	1	sim47	Prost-AdenoCA	cna103
22	51287245	51304566	1	0	sim47	Prost-AdenoCA	cna104
X	1	115992972	1	1	sim47	Prost-AdenoCA	cna105
X	115992973	117575978	1	0	sim47	Prost-AdenoCA	cna106
X	117575979	121396622	1	1	sim47	Prost-AdenoCA	cna107
X	121396623	121453239	2	1	sim47	Prost-AdenoCA	cna108
X	121453240	132602369	2	0	sim47	Prost-AdenoCA	cna109
X	132602370	134127244	1	1	sim47	Prost-AdenoCA	cna110
X	134127245	155270560	1	0	sim47	Prost-AdenoCA	cna111
Y	1	10246609	1	1	sim47	Prost-AdenoCA	cna112
Y	10246610	10279287	0	0	sim47	Prost-AdenoCA	cna113
Y	10279288	52216860	1	1	sim47	Prost-AdenoCA	cna114
Y	52216861	59067624	7	1	sim47	Prost-AdenoCA	cna115
Y	59067625	59323210	1	1	sim47	Prost-AdenoCA	cna116
Y	59323211	59373566	2	1	sim47	Prost-AdenoCA	cna117
