chrom1	start1	end1	chrom2	start2	end2	strand1	strand2	svclass	id	allele	donor_id	tumor
1	1	2	1	50024391	50024392	-	+	DUP	cna0	major	sim70	Eso-AdenoCa
1	1	2	1	50024391	50024392	-	+	DUP	cna0	minor	sim70	Eso-AdenoCa
1	20512900	20512901	1	20522910	20522911	-	-	t2tINV	cna0	major	sim70	Eso-AdenoCa
1	24641000	24641001	1	24671404	24671405	-	-	t2tINV	cna0	minor	sim70	Eso-AdenoCa
1	33468500	50024391	4	116724278	125283455	-	-	TRA	cna0,cna63	major,major	sim70	Eso-AdenoCa
1	47204500	47204501	1	47214508	47214509	-	-	t2tINV	cna0	minor	sim70	Eso-AdenoCa
1	50024392	50024393	1	53724975	53724976	+	-	DEL	cna1	minor	sim70	Eso-AdenoCa
1	53724976	53724977	1	66615639	66615640	-	+	DUP	cna2	major	sim70	Eso-AdenoCa
1	53724976	53724977	1	66615639	66615640	+	-	DEL	cna2	minor	sim70	Eso-AdenoCa
1	66615640	66615641	1	70438421	70438422	+	-	DEL	cna3	minor	sim70	Eso-AdenoCa
1	70438422	70438423	1	71472222	71472223	-	+	DUP	cna4	major	sim70	Eso-AdenoCa
1	70438422	70438423	1	71472222	71472223	+	-	DEL	cna4	minor	sim70	Eso-AdenoCa
1	71472223	71472224	1	78082925	78082926	+	-	DEL	cna5	minor	sim70	Eso-AdenoCa
1	78082926	78082927	1	79243261	79243262	-	+	DUP	cna6	major	sim70	Eso-AdenoCa
1	78082926	78082927	1	79243261	79243262	+	-	DEL	cna6	minor	sim70	Eso-AdenoCa
1	79243262	79243263	1	80809745	80809746	+	-	DEL	cna7	major	sim70	Eso-AdenoCa
1	79243262	79243263	1	80809745	80809746	+	-	DEL	cna7	minor	sim70	Eso-AdenoCa
1	89132600	89132601	1	89142601	89142602	-	-	t2tINV	cna8	minor	sim70	Eso-AdenoCa
1	91367536	91367537	1	97589297	97589298	-	+	DUP	cna9	major	sim70	Eso-AdenoCa
1	91367536	91367537	1	97589297	97589298	+	-	DEL	cna9	minor	sim70	Eso-AdenoCa
1	97589298	97589299	1	144169835	144169836	-	+	DUP	cna10	major	sim70	Eso-AdenoCa
1	97589298	97589299	1	144169835	144169836	-	+	DUP	cna10	minor	sim70	Eso-AdenoCa
1	97916000	144169835	3	64970642	165249591	-	+	TRA	cna10,cna44	minor,major	sim70	Eso-AdenoCa
1	144169836	144169837	1	188051913	188051914	-	+	DUP	cna11	major	sim70	Eso-AdenoCa
1	149768922	188051913	9	116026488	124040032	-	-	TRA	cna171,cna11	minor,major	sim70	Eso-AdenoCa
1	155285100	188051913	2	165461603	178673045	-	-	TRA	cna11,cna23	major,minor	sim70	Eso-AdenoCa
1	180936200	180936201	1	181200847	181200848	-	-	t2tINV	cna11	major	sim70	Eso-AdenoCa
1	200104900	200104901	1	229889536	229889537	-	-	t2tINV	cna12	major	sim70	Eso-AdenoCa
1	203404700	249250621	3	12685056	12872482	-	+	TRA	cna12,cna36	minor,minor	sim70	Eso-AdenoCa
1	217635000	217635001	1	220022093	220022094	-	-	t2tINV	cna12	minor	sim70	Eso-AdenoCa
1	225245437	249250621	9	22716088	39705152	-	-	TRA	cna162,cna12	major,major	sim70	Eso-AdenoCa
1	227720000	227720001	1	239522593	239522594	+	+	h2hINV	cna12	minor	sim70	Eso-AdenoCa
1	247088900	247088901	1	247098909	247098910	-	-	t2tINV	cna12	minor	sim70	Eso-AdenoCa
2	6827879	21294805	5	65911158	76554137	-	-	TRA	cna13,cna97	minor,minor	sim70	Eso-AdenoCa
2	7457479	7457480	2	7780034	7780035	-	-	t2tINV	cna13	major	sim70	Eso-AdenoCa
2	13167579	13167580	2	30308327	30308328	-	-	t2tINV	cna16	major	sim70	Eso-AdenoCa
2	21294806	21294807	2	26401927	26401928	+	-	DEL	cna14	minor	sim70	Eso-AdenoCa
2	25443079	25443080	2	25453091	25453092	+	+	h2hINV	cna14	major	sim70	Eso-AdenoCa
2	26401928	26401929	2	26418500	26418501	-	+	DUP	cna15	major	sim70	Eso-AdenoCa
2	26418501	26418502	2	108220410	108220411	+	-	DEL	cna16	minor	sim70	Eso-AdenoCa
2	45680979	45680980	2	45690990	45690991	-	-	t2tINV	cna16	major	sim70	Eso-AdenoCa
2	95643769	108220410	20	21429395	22395298	-	-	TRA	cna260,cna16	major,major	sim70	Eso-AdenoCa
2	108220411	108220412	2	108763957	108763958	-	+	DUP	cna17	major	sim70	Eso-AdenoCa
2	108763958	108763959	2	109089202	109089203	-	+	DUP	cna18	major	sim70	Eso-AdenoCa
2	108763958	108763959	2	109089202	109089203	+	-	DEL	cna18	minor	sim70	Eso-AdenoCa
2	109089203	109089204	2	109296944	109296945	-	+	DUP	cna19	major	sim70	Eso-AdenoCa
2	109296945	109296946	2	147897397	147897398	-	+	DUP	cna20	major	sim70	Eso-AdenoCa
2	109296945	109296946	2	147897397	147897398	+	-	DEL	cna20	minor	sim70	Eso-AdenoCa
2	109296945	116490980	11	96264914	103844758	+	-	TRA	cna20,cna187	major,major	sim70	Eso-AdenoCa
2	140001979	140001980	2	140280320	140280321	+	+	h2hINV	cna20	major	sim70	Eso-AdenoCa
2	148021726	148021727	2	148282743	148282744	-	+	DUP	cna22	major	sim70	Eso-AdenoCa
2	148282744	168399680	5	76562780	84352706	+	+	TRA	cna23,cna99	minor,minor	sim70	Eso-AdenoCa
2	178673046	178673047	2	178910746	178910747	+	-	DEL	cna24	minor	sim70	Eso-AdenoCa
2	187136779	187136780	2	189022143	189022144	+	+	h2hINV	cna25	major	sim70	Eso-AdenoCa
2	202529045	202529046	2	202663857	202663858	-	+	DUP	cna26	major	sim70	Eso-AdenoCa
2	202663858	202663859	2	212580546	212580547	-	+	DUP	cna27	major	sim70	Eso-AdenoCa
2	202663858	202663859	2	212580546	212580547	-	+	DUP	cna27	minor	sim70	Eso-AdenoCa
2	204159479	204159480	2	204169487	204169488	-	-	t2tINV	cna27	major	sim70	Eso-AdenoCa
2	206170479	212580546	8	114177071	121781333	-	-	TRA	cna27,cna156	major,minor	sim70	Eso-AdenoCa
2	207698379	207698380	2	235040319	235040320	+	+	h2hINV	cna27	major	sim70	Eso-AdenoCa
2	212580547	212580548	2	214043829	214043830	-	+	DUP	cna28	major	sim70	Eso-AdenoCa
2	212580547	212580548	2	214043829	214043830	+	-	DEL	cna28	minor	sim70	Eso-AdenoCa
2	214043830	214043831	2	230266272	230266273	-	+	DUP	cna29	major	sim70	Eso-AdenoCa
2	214043830	227438280	7	1	6180591	+	+	TRA	cna29,cna123	minor,minor	sim70	Eso-AdenoCa
2	217208679	217208680	2	217218690	217218691	-	-	t2tINV	cna29	minor	sim70	Eso-AdenoCa
2	217472479	230266272	8	32460985	35892166	-	-	TRA	cna29,cna141	major,major	sim70	Eso-AdenoCa
2	230266273	230266274	2	243117780	243117781	-	+	DUP	cna30	major	sim70	Eso-AdenoCa
2	230266273	230266274	2	243117780	243117781	+	-	DEL	cna30	minor	sim70	Eso-AdenoCa
2	230266273	234043080	10	1	25521587	+	+	TRA	cna30,cna174	major,major	sim70	Eso-AdenoCa
2	243117781	243117782	2	243199373	243199374	-	+	DUP	cna31	major	sim70	Eso-AdenoCa
3	1	2	3	4624658	4624659	-	+	DUP	cna32	major	sim70	Eso-AdenoCa
3	1	2	3	4624658	4624659	-	+	DUP	cna32	minor	sim70	Eso-AdenoCa
3	4624659	4624660	3	4647868	4647869	-	+	DUP	cna33	major	sim70	Eso-AdenoCa
3	4624659	4624660	3	4647868	4647869	+	-	DEL	cna33	minor	sim70	Eso-AdenoCa
3	4647869	7600607	4	99715935	125283455	+	-	TRA	cna34,cna63	major,minor	sim70	Eso-AdenoCa
3	5318006	9759955	4	136589071	147110834	-	-	TRA	cna34,cna69	major,major	sim70	Eso-AdenoCa
3	9759956	9759957	3	12685055	12685056	-	+	DUP	cna35	major	sim70	Eso-AdenoCa
3	9759956	9759957	3	12685055	12685056	-	+	DUP	cna35	minor	sim70	Eso-AdenoCa
3	11696206	11696207	3	14815592	14815593	-	-	t2tINV	cna36	major	sim70	Eso-AdenoCa
3	12685056	12685057	3	16524066	16524067	-	+	DUP	cna36	major	sim70	Eso-AdenoCa
3	12685056	12685057	3	16524066	16524067	-	+	DUP	cna36	minor	sim70	Eso-AdenoCa
3	16524067	16524068	3	17129402	17129403	-	+	DUP	cna37	major	sim70	Eso-AdenoCa
3	16524067	16524068	3	17129402	17129403	+	-	DEL	cna37	minor	sim70	Eso-AdenoCa
3	17129403	17129404	3	30407770	30407771	-	+	DUP	cna38	major	sim70	Eso-AdenoCa
3	17129403	17129404	3	30407770	30407771	+	-	DEL	cna38	minor	sim70	Eso-AdenoCa
3	26983906	26983907	3	26993917	26993918	-	-	t2tINV	cna38	major	sim70	Eso-AdenoCa
3	30407771	30407772	3	30432073	30432074	-	+	DUP	cna39	major	sim70	Eso-AdenoCa
3	30432074	30432075	3	30440255	30440256	-	+	DUP	cna40	major	sim70	Eso-AdenoCa
3	30432074	30432075	3	30440255	30440256	-	+	DUP	cna40	minor	sim70	Eso-AdenoCa
3	30573875	30573876	3	62723921	62723922	-	+	DUP	cna42	major	sim70	Eso-AdenoCa
3	30573875	30573876	3	62723921	62723922	-	+	DUP	cna42	minor	sim70	Eso-AdenoCa
3	31569506	31569507	3	31579519	31579520	-	-	t2tINV	cna42	major	sim70	Eso-AdenoCa
3	62723922	62723923	3	64970641	64970642	-	+	DUP	cna43	major	sim70	Eso-AdenoCa
3	62723922	62723923	3	64970641	64970642	-	+	DUP	cna43	minor	sim70	Eso-AdenoCa
3	64860606	64860607	3	66153718	66153719	-	-	t2tINV	cna44	minor	sim70	Eso-AdenoCa
3	65580706	65580707	3	66755885	66755886	-	-	t2tINV	cna44	minor	sim70	Eso-AdenoCa
3	139188506	139188507	3	143808770	143808771	-	-	t2tINV	cna44	minor	sim70	Eso-AdenoCa
3	197451288	197451289	3	197811269	197811270	+	-	DEL	cna45	minor	sim70	Eso-AdenoCa
3	197811270	197811271	3	197953363	197953364	+	-	DEL	cna46	major	sim70	Eso-AdenoCa
3	197811270	197811271	3	197953363	197953364	+	-	DEL	cna46	minor	sim70	Eso-AdenoCa
3	197953364	197953365	3	197976783	197976784	-	+	DUP	cna47	major	sim70	Eso-AdenoCa
3	197976784	197976785	3	198022430	198022431	-	+	DUP	cna48	major	sim70	Eso-AdenoCa
3	197976784	197976785	3	198022430	198022431	+	-	DEL	cna48	minor	sim70	Eso-AdenoCa
4	2074176	28412679	11	27314293	103844758	-	-	TRA	cna49,cna187	minor,major	sim70	Eso-AdenoCa
4	13924976	13924977	4	19917510	19917511	-	-	t2tINV	cna49	major	sim70	Eso-AdenoCa
4	28412680	28412681	4	30359781	30359782	-	+	DUP	cna50	major	sim70	Eso-AdenoCa
4	28412680	28412681	4	30359781	30359782	-	+	DUP	cna50	minor	sim70	Eso-AdenoCa
4	30359782	30359783	4	30498484	30498485	-	+	DUP	cna51	major	sim70	Eso-AdenoCa
4	30359782	30359783	4	30498484	30498485	+	-	DEL	cna51	minor	sim70	Eso-AdenoCa
4	30498485	30498486	4	30652395	30652396	-	+	DUP	cna52	major	sim70	Eso-AdenoCa
4	30498485	30498486	4	30652395	30652396	-	+	DUP	cna52	minor	sim70	Eso-AdenoCa
4	30652396	46586677	12	1	115953481	+	+	TRA	cna53,cna197	major,major	sim70	Eso-AdenoCa
4	90353576	90353577	4	90363587	90363588	-	-	t2tINV	cna53	major	sim70	Eso-AdenoCa
4	91009054	91009055	4	91952608	91952609	+	-	DEL	cna54	major	sim70	Eso-AdenoCa
4	91009054	91009055	4	91952608	91952609	+	-	DEL	cna54	minor	sim70	Eso-AdenoCa
4	91952609	91952610	4	93297415	93297416	-	+	DUP	cna55	major	sim70	Eso-AdenoCa
4	91952609	91952610	4	93297415	93297416	+	-	DEL	cna55	minor	sim70	Eso-AdenoCa
4	92403576	92403577	4	99510003	99510004	-	-	t2tINV	cna63	major	sim70	Eso-AdenoCa
4	93297416	93297417	4	93331172	93331173	-	+	DUP	cna56	major	sim70	Eso-AdenoCa
4	93331173	93331174	4	93375591	93375592	-	+	DUP	cna57	major	sim70	Eso-AdenoCa
4	93331173	93331174	4	93375591	93375592	+	-	DEL	cna57	minor	sim70	Eso-AdenoCa
4	93375592	93375593	4	93512565	93512566	-	+	DUP	cna58	major	sim70	Eso-AdenoCa
4	93375592	93375593	4	93512565	93512566	+	-	DEL	cna58	minor	sim70	Eso-AdenoCa
4	93512566	93512567	4	93553823	93553824	-	+	DUP	cna59	major	sim70	Eso-AdenoCa
4	93553824	93553825	4	93562592	93562593	+	-	DEL	cna60	minor	sim70	Eso-AdenoCa
4	93562593	93562594	4	93637594	93637595	-	+	DUP	cna61	major	sim70	Eso-AdenoCa
4	93562593	93562594	4	93637594	93637595	-	+	DUP	cna61	minor	sim70	Eso-AdenoCa
4	93659783	93659784	4	125283455	125283456	-	+	DUP	cna63	major	sim70	Eso-AdenoCa
4	93659783	93659784	4	125283455	125283456	+	-	DEL	cna63	minor	sim70	Eso-AdenoCa
4	104196076	104196077	4	115873010	115873011	-	-	t2tINV	cna63	major	sim70	Eso-AdenoCa
4	110100576	110100577	4	110869589	110869590	+	+	h2hINV	cna63	major	sim70	Eso-AdenoCa
4	125283456	125283457	4	126288505	126288506	+	-	DEL	cna64	minor	sim70	Eso-AdenoCa
4	126288506	126288507	4	131331631	131331632	-	+	DUP	cna65	major	sim70	Eso-AdenoCa
4	131331632	131331633	4	131401699	131401700	-	+	DUP	cna66	major	sim70	Eso-AdenoCa
4	131331632	131331633	4	131401699	131401700	+	-	DEL	cna66	minor	sim70	Eso-AdenoCa
4	131401700	131401701	4	131657268	131657269	-	+	DUP	cna67	major	sim70	Eso-AdenoCa
4	131657269	131657270	4	131887210	131887211	-	+	DUP	cna68	major	sim70	Eso-AdenoCa
4	131657269	131657270	4	131887210	131887211	-	+	DUP	cna68	minor	sim70	Eso-AdenoCa
4	131887211	131887212	4	147110834	147110835	-	+	DUP	cna69	major	sim70	Eso-AdenoCa
4	145289676	145289677	4	166009134	166009135	-	-	t2tINV	cna76	major	sim70	Eso-AdenoCa
4	147110835	147110836	4	147119894	147119895	-	+	DUP	cna70	major	sim70	Eso-AdenoCa
4	147119895	147119896	4	147188629	147188630	-	+	DUP	cna71	major	sim70	Eso-AdenoCa
4	147119895	147119896	4	147188629	147188630	+	-	DEL	cna71	minor	sim70	Eso-AdenoCa
4	147188630	147188631	4	148064985	148064986	-	+	DUP	cna72	major	sim70	Eso-AdenoCa
4	147188630	147188631	4	148064985	148064986	-	+	DUP	cna72	minor	sim70	Eso-AdenoCa
4	148064986	148064987	4	148495664	148495665	-	+	DUP	cna73	major	sim70	Eso-AdenoCa
4	148064986	148064987	4	148495664	148495665	+	-	DEL	cna73	minor	sim70	Eso-AdenoCa
4	148495665	148495666	4	158834967	158834968	-	+	DUP	cna74	major	sim70	Eso-AdenoCa
4	148495665	148495666	4	158834967	158834968	-	+	DUP	cna74	minor	sim70	Eso-AdenoCa
4	158834968	158834969	4	165315779	165315780	-	+	DUP	cna75	major	sim70	Eso-AdenoCa
4	165315780	165315781	4	177512573	177512574	-	+	DUP	cna76	major	sim70	Eso-AdenoCa
4	165315780	165315781	4	177512573	177512574	+	-	DEL	cna76	minor	sim70	Eso-AdenoCa
4	177512574	177512575	4	177521327	177521328	+	-	DEL	cna77	minor	sim70	Eso-AdenoCa
4	177521328	177521329	4	191154276	191154277	-	+	DUP	cna78	major	sim70	Eso-AdenoCa
5	1	2516001	9	112615512	124040032	+	-	TRA	cna79,cna171	minor,minor	sim70	Eso-AdenoCa
5	5509097	39092125	19	1	39104979	-	+	TRA	cna254,cna79	major,major	sim70	Eso-AdenoCa
5	17367700	17367701	5	17377707	17377708	-	-	t2tINV	cna79	minor	sim70	Eso-AdenoCa
5	37519400	39092125	13	1	44510620	-	+	TRA	cna79,cna198	minor,major	sim70	Eso-AdenoCa
5	39092126	39092127	5	39150853	39150854	+	-	DEL	cna80	major	sim70	Eso-AdenoCa
5	39092126	39092127	5	39150853	39150854	+	-	DEL	cna80	minor	sim70	Eso-AdenoCa
5	39150854	39150855	5	39223729	39223730	-	+	DUP	cna81	major	sim70	Eso-AdenoCa
5	39223730	39223731	5	39241058	39241059	-	+	DUP	cna82	major	sim70	Eso-AdenoCa
5	39223730	39223731	5	39241058	39241059	+	-	DEL	cna82	minor	sim70	Eso-AdenoCa
5	39241059	39241060	5	39290173	39290174	+	-	DEL	cna83	major	sim70	Eso-AdenoCa
5	39241059	39241060	5	39290173	39290174	+	-	DEL	cna83	minor	sim70	Eso-AdenoCa
5	39290174	39290175	5	39378739	39378740	-	+	DUP	cna84	major	sim70	Eso-AdenoCa
5	39378740	39378741	5	41451301	41451302	+	-	DEL	cna85	major	sim70	Eso-AdenoCa
5	39378740	39378741	5	41451301	41451302	+	-	DEL	cna85	minor	sim70	Eso-AdenoCa
5	41451302	41451303	5	41618303	41618304	-	+	DUP	cna86	major	sim70	Eso-AdenoCa
5	41618304	41618305	5	41986157	41986158	-	+	DUP	cna87	major	sim70	Eso-AdenoCa
5	41986158	41986159	5	42019217	42019218	-	+	DUP	cna88	major	sim70	Eso-AdenoCa
5	41986158	41986159	5	42019217	42019218	-	+	DUP	cna88	minor	sim70	Eso-AdenoCa
5	42019218	42019219	5	42115952	42115953	+	-	DEL	cna89	major	sim70	Eso-AdenoCa
5	42019218	42019219	5	42115952	42115953	+	-	DEL	cna89	minor	sim70	Eso-AdenoCa
5	42115953	42115954	5	42160494	42160495	+	-	DEL	cna90	minor	sim70	Eso-AdenoCa
5	42160495	42160496	5	42177025	42177026	-	+	DUP	cna91	major	sim70	Eso-AdenoCa
5	42160495	42160496	5	42177025	42177026	-	+	DUP	cna91	minor	sim70	Eso-AdenoCa
5	42177026	42177027	5	42248145	42248146	+	-	DEL	cna92	major	sim70	Eso-AdenoCa
5	42177026	42177027	5	42248145	42248146	+	-	DEL	cna92	minor	sim70	Eso-AdenoCa
5	42248146	42248147	5	46147665	46147666	-	+	DUP	cna93	major	sim70	Eso-AdenoCa
5	46147666	46147667	5	52302924	52302925	-	+	DUP	cna94	major	sim70	Eso-AdenoCa
5	52302925	52302926	5	55316119	55316120	-	+	DUP	cna95	major	sim70	Eso-AdenoCa
5	52302925	52302926	5	55316119	55316120	+	-	DEL	cna95	minor	sim70	Eso-AdenoCa
5	55316120	55316121	5	63718283	63718284	-	+	DUP	cna96	major	sim70	Eso-AdenoCa
5	55316120	55316121	5	63718283	63718284	-	+	DUP	cna96	minor	sim70	Eso-AdenoCa
5	63718284	63718285	5	76554137	76554138	-	+	DUP	cna97	major	sim70	Eso-AdenoCa
5	76554138	76554139	5	76562779	76562780	-	+	DUP	cna98	minor	sim70	Eso-AdenoCa
5	76562780	76562781	5	96212032	96212033	-	+	DUP	cna99	major	sim70	Eso-AdenoCa
5	85340100	85340101	5	87960727	87960728	+	+	h2hINV	cna99	minor	sim70	Eso-AdenoCa
5	96212033	96212034	5	97047265	97047266	-	+	DUP	cna100	major	sim70	Eso-AdenoCa
5	96212033	96212034	5	97047265	97047266	-	+	DUP	cna100	minor	sim70	Eso-AdenoCa
5	97047266	97047267	5	97086570	97086571	-	+	DUP	cna101	major	sim70	Eso-AdenoCa
5	97047266	97047267	5	97086570	97086571	-	+	DUP	cna101	minor	sim70	Eso-AdenoCa
5	97086571	97086572	5	97188347	97188348	-	+	DUP	cna102	major	sim70	Eso-AdenoCa
5	97086571	97086572	5	97188347	97188348	-	+	DUP	cna102	minor	sim70	Eso-AdenoCa
5	97188348	97188349	5	97522616	97522617	-	+	DUP	cna103	major	sim70	Eso-AdenoCa
5	97188348	97188349	5	97522616	97522617	-	+	DUP	cna103	minor	sim70	Eso-AdenoCa
5	100209500	100209501	5	100230131	100230132	-	-	t2tINV	cna104	major	sim70	Eso-AdenoCa
5	118453235	118453236	5	119296167	119296168	-	+	DUP	cna105	major	sim70	Eso-AdenoCa
5	118453235	118453236	5	119296167	119296168	+	-	DEL	cna105	minor	sim70	Eso-AdenoCa
5	119296168	119296169	5	123254478	123254479	-	+	DUP	cna106	major	sim70	Eso-AdenoCa
5	119296168	119296169	5	123254478	123254479	+	-	DEL	cna106	minor	sim70	Eso-AdenoCa
5	156050032	156050033	5	156416859	156416860	-	+	DUP	cna108	major	sim70	Eso-AdenoCa
5	156050032	156050033	5	156416859	156416860	+	-	DEL	cna108	minor	sim70	Eso-AdenoCa
5	162340585	162340586	5	162414321	162414322	-	+	DUP	cna110	major	sim70	Eso-AdenoCa
5	162414322	162414323	5	180915260	180915261	+	-	DEL	cna111	minor	sim70	Eso-AdenoCa
6	39010440	39010441	6	39020447	39020448	+	+	h2hINV	cna112	minor	sim70	Eso-AdenoCa
6	51244640	51244641	6	51254648	51254649	-	-	t2tINV	cna112	major	sim70	Eso-AdenoCa
6	51514440	51514441	6	51920930	51920931	-	-	t2tINV	cna112	minor	sim70	Eso-AdenoCa
6	67123240	123447716	7	24334482	60739347	-	-	TRA	cna112,cna123	minor,major	sim70	Eso-AdenoCa
6	75824540	75824541	6	105684265	105684266	-	-	t2tINV	cna112	minor	sim70	Eso-AdenoCa
6	96018440	123447716	9	7087208	9780812	-	+	TRA	cna112,cna162	major,major	sim70	Eso-AdenoCa
6	107014940	107014941	6	107024943	107024944	-	-	t2tINV	cna112	major	sim70	Eso-AdenoCa
6	123447717	123447718	6	125572072	125572073	+	-	DEL	cna113	minor	sim70	Eso-AdenoCa
6	125572073	125572074	6	125580224	125580225	-	+	DUP	cna114	major	sim70	Eso-AdenoCa
6	125580225	125580226	6	134037158	134037159	-	+	DUP	cna115	major	sim70	Eso-AdenoCa
6	125580225	125580226	6	134037158	134037159	+	-	DEL	cna115	minor	sim70	Eso-AdenoCa
6	128106040	128106041	6	128116048	128116049	+	+	h2hINV	cna115	major	sim70	Eso-AdenoCa
6	141714487	141714488	6	142839700	142839701	-	+	DUP	cna117	major	sim70	Eso-AdenoCa
6	144277595	144277596	6	146615914	146615915	-	+	DUP	cna119	major	sim70	Eso-AdenoCa
6	144277595	144277596	6	146615914	146615915	-	+	DUP	cna119	minor	sim70	Eso-AdenoCa
6	146615915	146615916	6	149111859	149111860	-	+	DUP	cna120	major	sim70	Eso-AdenoCa
6	149111860	149111861	6	149322025	149322026	+	-	DEL	cna121	major	sim70	Eso-AdenoCa
6	149111860	149111861	6	149322025	149322026	+	-	DEL	cna121	minor	sim70	Eso-AdenoCa
7	1	2	7	60739347	60739348	-	+	DUP	cna123	major	sim70	Eso-AdenoCa
7	5104673	5104674	7	5114681	5114682	-	-	t2tINV	cna123	minor	sim70	Eso-AdenoCa
7	47180073	47180074	7	57911934	57911935	-	-	t2tINV	cna123	major	sim70	Eso-AdenoCa
7	60739348	60739349	7	96533908	96533909	-	+	DUP	cna124	major	sim70	Eso-AdenoCa
7	60739348	60739349	7	96533908	96533909	+	-	DEL	cna124	minor	sim70	Eso-AdenoCa
7	96533909	96533910	7	111188871	111188872	-	+	DUP	cna125	major	sim70	Eso-AdenoCa
7	111188872	111188873	7	111204835	111204836	-	+	DUP	cna126	major	sim70	Eso-AdenoCa
7	111188872	111188873	7	111204835	111204836	-	+	DUP	cna126	minor	sim70	Eso-AdenoCa
7	111204836	111204837	7	113732170	113732171	-	+	DUP	cna127	major	sim70	Eso-AdenoCa
7	113732171	113732172	7	117875028	117875029	-	+	DUP	cna128	major	sim70	Eso-AdenoCa
7	113732171	113732172	7	117875028	117875029	-	+	DUP	cna128	minor	sim70	Eso-AdenoCa
7	128520023	128520024	7	131064775	131064776	-	+	DUP	cna130	major	sim70	Eso-AdenoCa
7	128520023	128520024	7	131064775	131064776	+	-	DEL	cna130	minor	sim70	Eso-AdenoCa
7	131064776	131064777	7	131332687	131332688	-	+	DUP	cna131	major	sim70	Eso-AdenoCa
7	131064776	131064777	7	131332687	131332688	-	+	DUP	cna131	minor	sim70	Eso-AdenoCa
7	131332688	131332689	7	132443153	132443154	-	+	DUP	cna132	major	sim70	Eso-AdenoCa
7	131332688	131332689	7	132443153	132443154	+	-	DEL	cna132	minor	sim70	Eso-AdenoCa
7	132443154	132443155	7	132840525	132840526	-	+	DUP	cna133	major	sim70	Eso-AdenoCa
7	132840526	132840527	7	132909822	132909823	-	+	DUP	cna134	major	sim70	Eso-AdenoCa
7	132840526	132840527	7	132909822	132909823	+	-	DEL	cna134	minor	sim70	Eso-AdenoCa
7	132909823	132909824	7	133424848	133424849	-	+	DUP	cna135	major	sim70	Eso-AdenoCa
7	133424849	133424850	7	157220616	157220617	-	+	DUP	cna136	major	sim70	Eso-AdenoCa
7	133424849	133424850	7	157220616	157220617	-	+	DUP	cna136	minor	sim70	Eso-AdenoCa
7	157220617	157220618	7	158505419	158505420	-	+	DUP	cna137	major	sim70	Eso-AdenoCa
7	157220617	157220618	7	158505419	158505420	+	-	DEL	cna137	minor	sim70	Eso-AdenoCa
8	21471233	21471234	8	24235573	24235574	+	-	DEL	cna140	major	sim70	Eso-AdenoCa
8	21471233	21471234	8	24235573	24235574	+	-	DEL	cna140	minor	sim70	Eso-AdenoCa
8	24235574	24235575	8	35892166	35892167	-	+	DUP	cna141	major	sim70	Eso-AdenoCa
8	29558010	35892166	X	1	77112671	-	+	TRA	cna141,cna273	minor,major	sim70	Eso-AdenoCa
8	34727110	34727111	8	44097568	44097569	-	-	t2tINV	cna144	major	sim70	Eso-AdenoCa
8	35892167	35892168	8	38306261	38306262	-	+	DUP	cna142	major	sim70	Eso-AdenoCa
8	35892167	35892168	8	38306261	38306262	+	-	DEL	cna142	minor	sim70	Eso-AdenoCa
8	38306262	38306263	8	40651610	40651611	-	+	DUP	cna143	major	sim70	Eso-AdenoCa
8	38306262	38306263	8	40651610	40651611	-	+	DUP	cna143	minor	sim70	Eso-AdenoCa
8	39904810	40651610	10	67991676	73501525	-	-	TRA	cna143,cna176	major,major	sim70	Eso-AdenoCa
8	40651611	40651612	8	56217059	56217060	-	+	DUP	cna144	major	sim70	Eso-AdenoCa
8	56217060	56217061	8	57110814	57110815	-	+	DUP	cna145	major	sim70	Eso-AdenoCa
8	57110815	57110816	8	57567892	57567893	+	-	DEL	cna146	minor	sim70	Eso-AdenoCa
8	57567893	57567894	8	84275493	84275494	-	+	DUP	cna147	major	sim70	Eso-AdenoCa
8	64201910	64201911	8	64211922	64211923	-	-	t2tINV	cna147	minor	sim70	Eso-AdenoCa
8	84275494	84275495	8	84394629	84394630	-	+	DUP	cna148	major	sim70	Eso-AdenoCa
8	84275494	84275495	8	84394629	84394630	+	-	DEL	cna148	minor	sim70	Eso-AdenoCa
8	84394630	84394631	8	86053409	86053410	-	+	DUP	cna149	major	sim70	Eso-AdenoCa
8	86053410	86053411	8	86554210	86554211	-	+	DUP	cna150	major	sim70	Eso-AdenoCa
8	86053410	86053411	8	86554210	86554211	+	-	DEL	cna150	minor	sim70	Eso-AdenoCa
8	86554211	86554212	8	89739274	89739275	-	+	DUP	cna151	major	sim70	Eso-AdenoCa
8	89739275	89739276	8	100501650	100501651	-	+	DUP	cna152	major	sim70	Eso-AdenoCa
8	89739275	89739276	8	100501650	100501651	-	+	DUP	cna152	minor	sim70	Eso-AdenoCa
8	89739275	89981211	12	70108167	133851895	+	-	TRA	cna152,cna197	minor,minor	sim70	Eso-AdenoCa
8	100501651	100501652	8	100609604	100609605	-	+	DUP	cna153	major	sim70	Eso-AdenoCa
8	100501651	100501652	8	100609604	100609605	-	+	DUP	cna153	minor	sim70	Eso-AdenoCa
8	100609605	100609606	8	100937990	100937991	-	+	DUP	cna154	major	sim70	Eso-AdenoCa
8	100937991	100937992	8	108343650	108343651	-	+	DUP	cna155	major	sim70	Eso-AdenoCa
8	108343651	108343652	8	121781333	121781334	-	+	DUP	cna156	major	sim70	Eso-AdenoCa
8	108343651	110016033	20	12239556	21923396	+	+	TRA	cna260,cna156	minor,minor	sim70	Eso-AdenoCa
8	112011610	112011611	8	112144525	112144526	-	-	t2tINV	cna156	major	sim70	Eso-AdenoCa
8	114277310	121781333	15	84832267	92767472	-	-	TRA	cna156,cna236	major,minor	sim70	Eso-AdenoCa
8	118342110	118342111	8	139714853	139714854	+	+	h2hINV	cna156	minor	sim70	Eso-AdenoCa
8	121781334	121781335	8	146364022	146364023	-	+	DUP	cna157	major	sim70	Eso-AdenoCa
8	121781334	121781335	8	146364022	146364023	-	+	DUP	cna157	minor	sim70	Eso-AdenoCa
8	124207810	124207811	8	126112659	126112660	-	-	t2tINV	cna157	major	sim70	Eso-AdenoCa
9	808888	808889	9	818895	818896	-	-	t2tINV	cna158	major	sim70	Eso-AdenoCa
9	6189289	6189290	9	6207097	6207098	-	+	DUP	cna159	major	sim70	Eso-AdenoCa
9	6189289	6189290	9	6207097	6207098	+	-	DEL	cna159	minor	sim70	Eso-AdenoCa
9	6207098	6207099	9	6365439	6365440	-	+	DUP	cna160	major	sim70	Eso-AdenoCa
9	6207098	6207099	9	6365439	6365440	+	-	DEL	cna160	minor	sim70	Eso-AdenoCa
9	6365440	6365441	9	7087207	7087208	-	+	DUP	cna161	major	sim70	Eso-AdenoCa
9	7087208	7087209	9	39705152	39705153	-	+	DUP	cna162	major	sim70	Eso-AdenoCa
9	7087208	7087209	9	39705152	39705153	+	-	DEL	cna162	minor	sim70	Eso-AdenoCa
9	7087208	22793589	17	1	20708004	+	+	TRA	cna162,cna247	major,minor	sim70	Eso-AdenoCa
9	45155244	45155245	9	45292847	45292848	-	+	DUP	cna164	major	sim70	Eso-AdenoCa
9	45292848	45292849	9	45392534	45392535	-	+	DUP	cna165	major	sim70	Eso-AdenoCa
9	45292848	45292849	9	45392534	45392535	+	-	DEL	cna165	minor	sim70	Eso-AdenoCa
9	45392535	45392536	9	45516508	45516509	-	+	DUP	cna166	minor	sim70	Eso-AdenoCa
9	45516509	45516510	9	57633286	57633287	+	-	DEL	cna167	minor	sim70	Eso-AdenoCa
9	57633287	57633288	9	57684503	57684504	-	+	DUP	cna168	major	sim70	Eso-AdenoCa
9	57633287	57633288	9	57684503	57684504	+	-	DEL	cna168	minor	sim70	Eso-AdenoCa
9	78853871	78853872	9	78871727	78871728	-	+	DUP	cna170	major	sim70	Eso-AdenoCa
9	78871728	78871729	9	124040032	124040033	+	-	DEL	cna171	minor	sim70	Eso-AdenoCa
9	90260088	90260089	9	90270098	90270099	-	-	t2tINV	cna171	major	sim70	Eso-AdenoCa
9	104017788	104017789	9	104027790	104027791	+	+	h2hINV	cna171	major	sim70	Eso-AdenoCa
9	112471188	112471189	9	112481195	112481196	-	-	t2tINV	cna171	major	sim70	Eso-AdenoCa
9	124040033	124040034	9	130535058	130535059	-	+	DUP	cna172	major	sim70	Eso-AdenoCa
9	124040033	124040034	9	130535058	130535059	-	+	DUP	cna172	minor	sim70	Eso-AdenoCa
9	130535059	130535060	9	141213431	141213432	-	+	DUP	cna173	major	sim70	Eso-AdenoCa
9	130535059	130535060	9	141213431	141213432	-	+	DUP	cna173	minor	sim70	Eso-AdenoCa
9	134483188	134483189	9	134493192	134493193	+	+	h2hINV	cna173	minor	sim70	Eso-AdenoCa
10	51575157	51575158	10	51585164	51585165	+	+	h2hINV	cna174	minor	sim70	Eso-AdenoCa
10	53468137	53468138	10	53499318	53499319	+	-	DEL	cna175	major	sim70	Eso-AdenoCa
10	53468137	53468138	10	53499318	53499319	+	-	DEL	cna175	minor	sim70	Eso-AdenoCa
10	53499319	53499320	10	73501525	73501526	-	+	DUP	cna176	major	sim70	Eso-AdenoCa
10	53907057	53907058	10	62156149	62156150	-	-	t2tINV	cna176	major	sim70	Eso-AdenoCa
10	55812757	55812758	10	55822763	55822764	-	-	t2tINV	cna176	major	sim70	Eso-AdenoCa
10	74802357	74802358	10	74812362	74812363	+	+	h2hINV	cna177	major	sim70	Eso-AdenoCa
10	74958957	74958958	10	74968964	74968965	-	-	t2tINV	cna177	minor	sim70	Eso-AdenoCa
10	76848472	76848473	10	77287880	77287881	-	+	DUP	cna178	major	sim70	Eso-AdenoCa
10	76848472	76848473	10	77287880	77287881	-	+	DUP	cna178	minor	sim70	Eso-AdenoCa
10	77287881	77287882	10	119822621	119822622	-	+	DUP	cna179	major	sim70	Eso-AdenoCa
10	77287881	77287882	10	119822621	119822622	+	-	DEL	cna179	minor	sim70	Eso-AdenoCa
10	86248257	86248258	10	86258266	86258267	-	-	t2tINV	cna179	major	sim70	Eso-AdenoCa
10	104827657	104827658	10	105811767	105811768	-	-	t2tINV	cna179	major	sim70	Eso-AdenoCa
10	119822622	119822623	10	120256791	120256792	-	+	DUP	cna180	major	sim70	Eso-AdenoCa
10	119822622	119822623	10	120256791	120256792	-	+	DUP	cna180	minor	sim70	Eso-AdenoCa
10	120256792	120256793	10	120511438	120511439	-	+	DUP	cna181	major	sim70	Eso-AdenoCa
10	120256792	120256793	10	120511438	120511439	+	-	DEL	cna181	minor	sim70	Eso-AdenoCa
10	120511439	120511440	10	120545256	120545257	-	+	DUP	cna182	major	sim70	Eso-AdenoCa
10	120545257	120545258	10	120579693	120579694	-	+	DUP	cna183	major	sim70	Eso-AdenoCa
10	120579694	120579695	10	133711493	133711494	-	+	DUP	cna184	major	sim70	Eso-AdenoCa
10	120579694	120579695	10	133711493	133711494	-	+	DUP	cna184	minor	sim70	Eso-AdenoCa
10	133711494	133711495	10	134009225	134009226	-	+	DUP	cna185	major	sim70	Eso-AdenoCa
10	133711494	133711495	10	134009225	134009226	+	-	DEL	cna185	minor	sim70	Eso-AdenoCa
10	134009226	134009227	10	135534747	135534748	-	+	DUP	cna186	major	sim70	Eso-AdenoCa
10	134009226	134009227	10	135534747	135534748	+	-	DEL	cna186	minor	sim70	Eso-AdenoCa
11	41882510	41882511	11	50925810	50925811	-	-	t2tINV	cna187	minor	sim70	Eso-AdenoCa
11	81224910	81224911	11	81255134	81255135	-	-	t2tINV	cna187	major	sim70	Eso-AdenoCa
11	81817810	81817811	11	92174499	92174500	-	-	t2tINV	cna187	minor	sim70	Eso-AdenoCa
11	103844759	103844760	11	103949256	103949257	-	+	DUP	cna188	major	sim70	Eso-AdenoCa
11	103949257	103949258	11	103989121	103989122	-	+	DUP	cna189	major	sim70	Eso-AdenoCa
11	103989122	103989123	11	107379217	107379218	-	+	DUP	cna190	major	sim70	Eso-AdenoCa
11	103989122	103989123	11	107379217	107379218	-	+	DUP	cna190	minor	sim70	Eso-AdenoCa
11	104082310	104082311	11	104102312	104102313	-	-	t2tINV	cna190	minor	sim70	Eso-AdenoCa
11	107379218	107379219	11	107516857	107516858	+	-	DEL	cna191	minor	sim70	Eso-AdenoCa
11	107516858	107516859	11	107917171	107917172	-	+	DUP	cna192	major	sim70	Eso-AdenoCa
11	107917172	107917173	11	111465328	111465329	+	-	DEL	cna193	minor	sim70	Eso-AdenoCa
11	111465329	111465330	11	134775175	134775176	-	+	DUP	cna194	major	sim70	Eso-AdenoCa
11	134775176	134775177	11	134870779	134870780	-	+	DUP	cna195	major	sim70	Eso-AdenoCa
11	134870780	134870781	11	135006516	135006517	-	+	DUP	cna196	major	sim70	Eso-AdenoCa
11	134870780	134870781	11	135006516	135006517	-	+	DUP	cna196	minor	sim70	Eso-AdenoCa
12	1	2	12	133851895	133851896	-	+	DUP	cna197	major	sim70	Eso-AdenoCa
12	24869094	24869095	12	25745004	25745005	-	-	t2tINV	cna197	major	sim70	Eso-AdenoCa
12	34004794	34004795	12	43598749	43598750	+	+	h2hINV	cna197	minor	sim70	Eso-AdenoCa
12	34259894	34259895	12	34269898	34269899	-	-	t2tINV	cna197	minor	sim70	Eso-AdenoCa
12	63104394	63104395	12	63114399	63114400	+	+	h2hINV	cna197	minor	sim70	Eso-AdenoCa
13	19245199	19245200	13	21167702	21167703	-	-	t2tINV	cna198	major	sim70	Eso-AdenoCa
13	21556299	21556300	13	21616249	21616250	-	-	t2tINV	cna198	minor	sim70	Eso-AdenoCa
13	23144999	23145000	13	23225270	23225271	-	-	t2tINV	cna198	minor	sim70	Eso-AdenoCa
13	62539284	62539285	13	67394982	67394983	-	+	DUP	cna199	major	sim70	Eso-AdenoCa
13	67394983	67394984	13	73900383	73900384	-	+	DUP	cna200	major	sim70	Eso-AdenoCa
13	67394983	67394984	13	73900383	73900384	+	-	DEL	cna200	minor	sim70	Eso-AdenoCa
13	68895799	68895800	13	68905805	68905806	-	-	t2tINV	cna200	major	sim70	Eso-AdenoCa
13	69066599	69066600	13	72666935	72666936	-	-	t2tINV	cna200	major	sim70	Eso-AdenoCa
13	73900384	73900385	13	76817411	76817412	+	-	DEL	cna201	minor	sim70	Eso-AdenoCa
13	76085699	76085700	13	108248035	108248036	+	+	h2hINV	cna201	major	sim70	Eso-AdenoCa
13	76817412	76817413	13	80264820	80264821	+	-	DEL	cna202	major	sim70	Eso-AdenoCa
13	76817412	76817413	13	80264820	80264821	+	-	DEL	cna202	minor	sim70	Eso-AdenoCa
13	80264821	80264822	13	85433076	85433077	-	+	DUP	cna203	major	sim70	Eso-AdenoCa
13	80264821	80264822	13	85433076	85433077	+	-	DEL	cna203	minor	sim70	Eso-AdenoCa
13	85433077	85433078	13	85940310	85940311	-	+	DUP	cna204	major	sim70	Eso-AdenoCa
13	85940311	85940312	13	86204623	86204624	-	+	DUP	cna205	major	sim70	Eso-AdenoCa
13	85940311	85940312	13	86204623	86204624	+	-	DEL	cna205	minor	sim70	Eso-AdenoCa
13	87673699	87673700	13	87705239	87705240	-	-	t2tINV	cna206	minor	sim70	Eso-AdenoCa
13	104681468	104681469	13	104715223	104715224	-	+	DUP	cna207	major	sim70	Eso-AdenoCa
13	104681468	104681469	13	104715223	104715224	-	+	DUP	cna207	minor	sim70	Eso-AdenoCa
13	104715224	104715225	13	104725750	104725751	-	+	DUP	cna208	major	sim70	Eso-AdenoCa
13	104715224	104715225	13	104725750	104725751	+	-	DEL	cna208	minor	sim70	Eso-AdenoCa
13	104725751	104725752	13	114667367	114667368	-	+	DUP	cna209	major	sim70	Eso-AdenoCa
13	104725751	104725752	13	114667367	114667368	+	-	DEL	cna209	minor	sim70	Eso-AdenoCa
13	106167599	106167600	13	109783564	109783565	-	-	t2tINV	cna209	major	sim70	Eso-AdenoCa
13	114667368	114667369	13	114706674	114706675	+	-	DEL	cna210	minor	sim70	Eso-AdenoCa
13	115002714	115002715	13	115169878	115169879	+	-	DEL	cna212	minor	sim70	Eso-AdenoCa
14	1	27993122	Y	23211928	36172669	+	+	TRA	cna213,cna281	major,minor	sim70	Eso-AdenoCa
14	61025250	61025251	14	61084820	61084821	-	+	DUP	cna214	major	sim70	Eso-AdenoCa
14	61084821	61084822	14	62266458	62266459	-	+	DUP	cna215	major	sim70	Eso-AdenoCa
14	61084821	61084822	14	62266458	62266459	+	-	DEL	cna215	minor	sim70	Eso-AdenoCa
14	62266459	62266460	14	62339301	62339302	+	-	DEL	cna216	minor	sim70	Eso-AdenoCa
14	98069421	98069422	14	99363837	99363838	+	+	h2hINV	cna217	minor	sim70	Eso-AdenoCa
15	40193663	40193664	15	41527025	41527026	-	+	DUP	cna219	major	sim70	Eso-AdenoCa
15	42705091	42705092	15	46289902	46289903	-	+	DUP	cna221	major	sim70	Eso-AdenoCa
15	46289903	46289904	15	46301138	46301139	-	+	DUP	cna222	major	sim70	Eso-AdenoCa
15	46301139	46301140	15	47625740	47625741	+	-	DEL	cna223	minor	sim70	Eso-AdenoCa
15	47625741	47625742	15	47683366	47683367	-	+	DUP	cna224	major	sim70	Eso-AdenoCa
15	47625741	47625742	15	47683366	47683367	+	-	DEL	cna224	minor	sim70	Eso-AdenoCa
15	47683367	47683368	15	48678464	48678465	+	-	DEL	cna225	minor	sim70	Eso-AdenoCa
15	48765806	48765807	15	48876423	48876424	-	+	DUP	cna227	major	sim70	Eso-AdenoCa
15	48765806	48765807	15	48876423	48876424	+	-	DEL	cna227	minor	sim70	Eso-AdenoCa
15	48876424	48876425	15	48971119	48971120	-	+	DUP	cna228	major	sim70	Eso-AdenoCa
15	48971120	48971121	15	49099228	49099229	-	+	DUP	cna229	major	sim70	Eso-AdenoCa
15	49099229	49099230	15	50838226	50838227	-	+	DUP	cna230	major	sim70	Eso-AdenoCa
15	49099229	49099230	15	50838226	50838227	-	+	DUP	cna230	minor	sim70	Eso-AdenoCa
15	50838227	50838228	15	50860647	50860648	+	-	DEL	cna231	minor	sim70	Eso-AdenoCa
15	50860648	50860649	15	54570194	54570195	-	+	DUP	cna232	major	sim70	Eso-AdenoCa
15	54570195	54570196	15	54682378	54682379	+	-	DEL	cna233	minor	sim70	Eso-AdenoCa
15	54682379	54682380	15	54965238	54965239	-	+	DUP	cna234	major	sim70	Eso-AdenoCa
15	54965239	54965240	15	55337388	55337389	-	+	DUP	cna235	major	sim70	Eso-AdenoCa
15	54965239	54965240	15	55337388	55337389	+	-	DEL	cna235	minor	sim70	Eso-AdenoCa
15	55337389	55337390	15	92767472	92767473	+	-	DEL	cna236	minor	sim70	Eso-AdenoCa
15	87198881	87198882	15	87208909	87208910	+	+	h2hINV	cna236	major	sim70	Eso-AdenoCa
15	92767473	92767474	15	93364878	93364879	-	+	DUP	cna237	major	sim70	Eso-AdenoCa
15	93364879	93364880	15	102531392	102531393	+	-	DEL	cna238	minor	sim70	Eso-AdenoCa
16	6686264	6686265	16	22556549	22556550	-	+	DUP	cna240	major	sim70	Eso-AdenoCa
16	22556550	22556551	16	25963811	25963812	-	+	DUP	cna241	major	sim70	Eso-AdenoCa
16	22556550	22556551	16	25963811	25963812	+	-	DEL	cna241	minor	sim70	Eso-AdenoCa
16	25963812	25963813	16	26017656	26017657	+	-	DEL	cna242	minor	sim70	Eso-AdenoCa
16	26017657	26017658	16	32496182	32496183	-	+	DUP	cna243	major	sim70	Eso-AdenoCa
16	32496183	32496184	16	90212263	90212264	-	+	DUP	cna244	major	sim70	Eso-AdenoCa
16	32496183	32496184	16	90212263	90212264	+	-	DEL	cna244	minor	sim70	Eso-AdenoCa
16	90212264	90212265	16	90236033	90236034	-	+	DUP	cna245	major	sim70	Eso-AdenoCa
16	90236034	90236035	16	90354753	90354754	-	+	DUP	cna246	major	sim70	Eso-AdenoCa
16	90236034	90236035	16	90354753	90354754	+	-	DEL	cna246	minor	sim70	Eso-AdenoCa
17	1	2	17	41997270	41997271	-	+	DUP	cna247	major	sim70	Eso-AdenoCa
17	37738436	37738437	17	38674001	38674002	-	-	t2tINV	cna247	minor	sim70	Eso-AdenoCa
17	41997271	41997272	17	42042500	42042501	-	+	DUP	cna248	major	sim70	Eso-AdenoCa
17	41997271	41997272	17	42042500	42042501	+	-	DEL	cna248	minor	sim70	Eso-AdenoCa
17	42042501	42042502	17	42050535	42050536	+	-	DEL	cna249	minor	sim70	Eso-AdenoCa
17	42050536	49778637	Y	44203758	57415308	+	-	TRA	cna250,cna281	minor,major	sim70	Eso-AdenoCa
17	53486636	53486637	17	53766714	53766715	-	-	t2tINV	cna250	minor	sim70	Eso-AdenoCa
17	64886436	64886437	17	65839841	65839842	-	-	t2tINV	cna250	major	sim70	Eso-AdenoCa
17	80009365	80009366	17	80039856	80039857	-	+	DUP	cna251	major	sim70	Eso-AdenoCa
17	80039857	80039858	17	81195210	81195211	-	+	DUP	cna252	major	sim70	Eso-AdenoCa
18	18895326	18895327	18	42521060	42521061	+	+	h2hINV	cna253	minor	sim70	Eso-AdenoCa
18	29682426	29682427	18	29692433	29692434	+	+	h2hINV	cna253	major	sim70	Eso-AdenoCa
18	67526526	67526527	18	68674111	68674112	-	-	t2tINV	cna253	minor	sim70	Eso-AdenoCa
19	19801478	19801479	19	19811535	19811536	-	-	t2tINV	cna254	major	sim70	Eso-AdenoCa
20	1	2	20	5015836	5015837	-	+	DUP	cna255	major	sim70	Eso-AdenoCa
20	1	2	20	5015836	5015837	-	+	DUP	cna255	minor	sim70	Eso-AdenoCa
20	5015837	5015838	20	5133931	5133932	+	-	DEL	cna256	major	sim70	Eso-AdenoCa
20	5015837	5015838	20	5133931	5133932	+	-	DEL	cna256	minor	sim70	Eso-AdenoCa
20	5133932	5133933	20	5517231	5517232	-	+	DUP	cna257	major	sim70	Eso-AdenoCa
20	5133932	5133933	20	5517231	5517232	+	-	DEL	cna257	minor	sim70	Eso-AdenoCa
20	10631299	10631300	20	12239555	12239556	-	+	DUP	cna259	major	sim70	Eso-AdenoCa
20	10631299	10631300	20	12239555	12239556	+	-	DEL	cna259	minor	sim70	Eso-AdenoCa
20	12239556	12239557	20	22395298	22395299	+	-	DEL	cna260	minor	sim70	Eso-AdenoCa
20	19136195	19136196	20	19166461	19166462	-	-	t2tINV	cna260	major	sim70	Eso-AdenoCa
20	22395299	22395300	20	24381088	24381089	-	+	DUP	cna261	major	sim70	Eso-AdenoCa
20	24381089	24381090	20	26066188	26066189	-	+	DUP	cna262	major	sim70	Eso-AdenoCa
20	24381089	24381090	20	26066188	26066189	+	-	DEL	cna262	minor	sim70	Eso-AdenoCa
20	26066189	26066190	20	61082964	61082965	-	+	DUP	cna263	major	sim70	Eso-AdenoCa
20	26066189	26066190	20	61082964	61082965	-	+	DUP	cna263	minor	sim70	Eso-AdenoCa
20	61082965	61082966	20	63025520	63025521	+	-	DEL	cna264	minor	sim70	Eso-AdenoCa
21	1	2	21	2630454	2630455	-	+	DUP	cna265	major	sim70	Eso-AdenoCa
21	2630455	2630456	21	3032909	3032910	-	+	DUP	cna266	major	sim70	Eso-AdenoCa
21	2630455	2630456	21	3032909	3032910	+	-	DEL	cna266	minor	sim70	Eso-AdenoCa
21	3032910	3032911	21	4593699	4593700	-	+	DUP	cna267	major	sim70	Eso-AdenoCa
21	4593700	4593701	21	19899008	19899009	-	+	DUP	cna268	major	sim70	Eso-AdenoCa
21	4593700	4593701	21	19899008	19899009	+	-	DEL	cna268	minor	sim70	Eso-AdenoCa
21	19899009	19899010	21	19942450	19942451	-	+	DUP	cna269	major	sim70	Eso-AdenoCa
21	19899009	19899010	21	19942450	19942451	-	+	DUP	cna269	minor	sim70	Eso-AdenoCa
21	19942451	19942452	21	33699372	33699373	-	+	DUP	cna270	major	sim70	Eso-AdenoCa
21	19942451	19942452	21	33699372	33699373	+	-	DEL	cna270	minor	sim70	Eso-AdenoCa
21	33699373	33699374	21	48129895	48129896	+	-	DEL	cna271	minor	sim70	Eso-AdenoCa
21	42633275	42633276	21	42643284	42643285	-	-	t2tINV	cna271	major	sim70	Eso-AdenoCa
X	137384114	137384115	X	137464573	137464574	-	-	t2tINV	cna273	major	sim70	Eso-AdenoCa
Y	5676278	5676279	Y	5935370	5935371	-	+	DUP	cna275	major	sim70	Eso-AdenoCa
Y	5935371	5935372	Y	15573146	15573147	-	+	DUP	cna276	major	sim70	Eso-AdenoCa
Y	5935371	5935372	Y	15573146	15573147	-	+	DUP	cna276	minor	sim70	Eso-AdenoCa
Y	15573147	15573148	Y	16340369	16340370	-	+	DUP	cna277	major	sim70	Eso-AdenoCa
Y	16340370	16340371	Y	17586842	17586843	-	+	DUP	cna278	major	sim70	Eso-AdenoCa
Y	17586843	17586844	Y	20277483	20277484	-	+	DUP	cna279	major	sim70	Eso-AdenoCa
Y	17586843	17586844	Y	20277483	20277484	-	+	DUP	cna279	minor	sim70	Eso-AdenoCa
Y	20277484	20277485	Y	23211927	23211928	-	+	DUP	cna280	major	sim70	Eso-AdenoCa
Y	23211928	23211929	Y	57415308	57415309	-	+	DUP	cna281	major	sim70	Eso-AdenoCa
Y	23211928	23211929	Y	57415308	57415309	+	-	DEL	cna281	minor	sim70	Eso-AdenoCa
Y	57415309	57415310	Y	58748102	58748103	-	+	DUP	cna282	major	sim70	Eso-AdenoCa
Y	58748103	58748104	Y	58756031	58756032	-	+	DUP	cna283	major	sim70	Eso-AdenoCa
Y	58748103	58748104	Y	58756031	58756032	+	-	DEL	cna283	minor	sim70	Eso-AdenoCa
Y	58756032	58756033	Y	59373566	59373567	-	+	DUP	cna284	major	sim70	Eso-AdenoCa
