chrom1	start1	end1	chrom2	start2	end2	strand1	strand2	svclass	id	allele	donor_id	tumor
1	1	2	1	17628	17629	-	+	DUP	cna0	major	sim42	Eso-AdenoCa
1	17629	17630	1	76917914	76917915	-	+	DUP	cna1	major	sim42	Eso-AdenoCa
1	15823600	15823601	1	15853804	15853805	-	-	t2tINV	cna1	minor	sim42	Eso-AdenoCa
1	21525600	21525601	1	24310727	24310728	+	+	h2hINV	cna1	major	sim42	Eso-AdenoCa
1	76917915	76917916	1	160232805	160232806	-	+	DUP	cna2	major	sim42	Eso-AdenoCa
1	76917915	76917916	1	160232805	160232806	+	-	DEL	cna2	minor	sim42	Eso-AdenoCa
1	76917915	155295001	2	110739781	136840287	+	+	TRA	cna2,cna14	major,minor	sim42	Eso-AdenoCa
1	118891700	118891701	1	118901707	118901708	-	-	t2tINV	cna2	major	sim42	Eso-AdenoCa
1	148092477	160232805	10	107682357	112237622	-	-	TRA	cna80,cna2	major,major	sim42	Eso-AdenoCa
1	156932300	156932301	1	162559352	162559353	-	-	t2tINV	cna3	major	sim42	Eso-AdenoCa
1	157728400	157728401	1	163528771	163528772	-	-	t2tINV	cna3	major	sim42	Eso-AdenoCa
1	160232806	160232807	1	194453544	194453545	-	+	DUP	cna3	major	sim42	Eso-AdenoCa
1	160232806	160232807	1	194453544	194453545	+	-	DEL	cna3	minor	sim42	Eso-AdenoCa
1	160232806	191359001	7	108528681	128115374	+	-	TRA	cna3,cna59	minor,minor	sim42	Eso-AdenoCa
1	171048270	194453544	19	30861078	59128983	-	-	TRA	cna169,cna3	major,major	sim42	Eso-AdenoCa
1	194453545	194453546	1	194917506	194917507	+	-	DEL	cna4	minor	sim42	Eso-AdenoCa
1	194917507	194917508	1	238392476	238392477	-	+	DUP	cna5	major	sim42	Eso-AdenoCa
1	203225200	203225201	1	232647709	232647710	-	-	t2tINV	cna5	minor	sim42	Eso-AdenoCa
1	229072000	229072001	1	229082008	229082009	+	+	h2hINV	cna5	minor	sim42	Eso-AdenoCa
1	238392477	238392478	1	248951317	248951318	+	-	DEL	cna6	minor	sim42	Eso-AdenoCa
1	248951318	248951319	1	249250621	249250622	-	+	DUP	cna7	major	sim42	Eso-AdenoCa
2	1	2	2	88191749	88191750	-	+	DUP	cna8	major	sim42	Eso-AdenoCa
2	1	71599002	X	1	3059015	+	+	TRA	cna185,cna8	minor,major	sim42	Eso-AdenoCa
2	73189579	73189580	2	75665323	75665324	-	-	t2tINV	cna8	minor	sim42	Eso-AdenoCa
2	88191750	88191751	2	88326722	88326723	-	+	DUP	cna9	major	sim42	Eso-AdenoCa
2	88191750	88191751	2	88326722	88326723	-	+	DUP	cna9	minor	sim42	Eso-AdenoCa
2	88326723	88326724	2	88370621	88370622	+	-	DEL	cna10	major	sim42	Eso-AdenoCa
2	88326723	88326724	2	88370621	88370622	+	-	DEL	cna10	minor	sim42	Eso-AdenoCa
2	88370622	88370623	2	88607959	88607960	+	-	DEL	cna11	minor	sim42	Eso-AdenoCa
2	88607960	88607961	2	110728710	110728711	-	+	DUP	cna12	major	sim42	Eso-AdenoCa
2	88607960	88607961	2	110728710	110728711	+	-	DEL	cna12	minor	sim42	Eso-AdenoCa
2	110728711	110728712	2	110739780	110739781	-	+	DUP	cna13	major	sim42	Eso-AdenoCa
2	110739781	110739782	2	165891338	165891339	+	-	DEL	cna14	minor	sim42	Eso-AdenoCa
2	140358179	140358180	2	145881601	145881602	+	+	h2hINV	cna14	major	sim42	Eso-AdenoCa
2	165891339	165891340	2	165985450	165985451	-	+	DUP	cna15	major	sim42	Eso-AdenoCa
2	165985451	165985452	2	166442810	166442811	-	+	DUP	cna16	major	sim42	Eso-AdenoCa
2	166442811	166442812	2	229085820	229085821	-	+	DUP	cna17	major	sim42	Eso-AdenoCa
2	166442811	166442812	2	229085820	229085821	-	+	DUP	cna17	minor	sim42	Eso-AdenoCa
2	178328279	178328280	2	178338283	178338284	-	-	t2tINV	cna17	minor	sim42	Eso-AdenoCa
2	229085821	229085822	2	243199373	243199374	-	+	DUP	cna18	major	sim42	Eso-AdenoCa
2	242730679	242730680	2	242761392	242761393	-	-	t2tINV	cna18	major	sim42	Eso-AdenoCa
3	1	2	3	38084365	38084366	-	+	DUP	cna19	major	sim42	Eso-AdenoCa
3	38084366	38084367	3	42188997	42188998	-	+	DUP	cna20	major	sim42	Eso-AdenoCa
3	42188998	42188999	3	43772713	43772714	-	+	DUP	cna21	major	sim42	Eso-AdenoCa
3	43772714	43772715	3	44703280	44703281	+	-	DEL	cna22	major	sim42	Eso-AdenoCa
3	43772714	43772715	3	44703280	44703281	+	-	DEL	cna22	minor	sim42	Eso-AdenoCa
3	44703281	44703282	3	44755131	44755132	-	+	DUP	cna23	major	sim42	Eso-AdenoCa
3	44755132	44755133	3	44781111	44781112	-	+	DUP	cna24	major	sim42	Eso-AdenoCa
3	44755132	44755133	3	44781111	44781112	-	+	DUP	cna24	minor	sim42	Eso-AdenoCa
3	44781112	44781113	3	54144211	54144212	-	+	DUP	cna25	major	sim42	Eso-AdenoCa
3	54144212	54144213	3	54197237	54197238	+	-	DEL	cna26	major	sim42	Eso-AdenoCa
3	54144212	54144213	3	54197237	54197238	+	-	DEL	cna26	minor	sim42	Eso-AdenoCa
3	54197238	54197239	3	57403562	57403563	-	+	DUP	cna27	major	sim42	Eso-AdenoCa
3	57403563	57403564	3	57539214	57539215	+	-	DEL	cna28	minor	sim42	Eso-AdenoCa
3	57539215	57539216	3	197404271	197404272	-	+	DUP	cna29	major	sim42	Eso-AdenoCa
3	57539215	57539216	3	197404271	197404272	+	-	DEL	cna29	minor	sim42	Eso-AdenoCa
3	57539215	64738307	6	1	888086	+	+	TRA	cna29,cna47	major,major	sim42	Eso-AdenoCa
3	152044806	152044807	3	161468265	161468266	+	+	h2hINV	cna29	major	sim42	Eso-AdenoCa
3	173256206	173256207	3	183310737	183310738	+	+	h2hINV	cna29	major	sim42	Eso-AdenoCa
3	197404272	197404273	3	197616510	197616511	+	-	DEL	cna30	minor	sim42	Eso-AdenoCa
3	197616511	197616512	3	198022430	198022431	-	+	DUP	cna31	major	sim42	Eso-AdenoCa
3	197616511	197616512	3	198022430	198022431	+	-	DEL	cna31	minor	sim42	Eso-AdenoCa
4	1	2	4	191154276	191154277	-	+	DUP	cna32	major	sim42	Eso-AdenoCa
4	1	2	4	191154276	191154277	+	-	DEL	cna32	minor	sim42	Eso-AdenoCa
4	66830376	66830377	4	66850349	66850350	+	+	h2hINV	cna32	major	sim42	Eso-AdenoCa
4	75299376	75299377	4	75551907	75551908	-	-	t2tINV	cna32	major	sim42	Eso-AdenoCa
4	113374079	191154276	17	1	28532637	-	+	TRA	cna146,cna32	major,major	sim42	Eso-AdenoCa
4	191024176	191154276	6	58675449	134844257	-	-	TRA	cna32,cna47	major,minor	sim42	Eso-AdenoCa
5	18382800	18382801	5	166083723	166083724	-	-	t2tINV	cna41	major	sim42	Eso-AdenoCa
5	34977100	34977101	5	35473455	35473456	-	-	t2tINV	cna33	major	sim42	Eso-AdenoCa
5	61789600	61789601	5	85254646	85254647	-	-	t2tINV	cna37	major	sim42	Eso-AdenoCa
5	62805819	62805820	5	81952025	81952026	-	+	DUP	cna34	major	sim42	Eso-AdenoCa
5	62805819	62805820	5	81952025	81952026	-	+	DUP	cna34	minor	sim42	Eso-AdenoCa
5	64767181	81952025	20	1	22945496	-	+	TRA	cna170,cna34	minor,major	sim42	Eso-AdenoCa
5	81952026	81952027	5	82168467	82168468	-	+	DUP	cna35	major	sim42	Eso-AdenoCa
5	82168468	82168469	5	84874145	84874146	-	+	DUP	cna36	major	sim42	Eso-AdenoCa
5	84874146	84874147	5	93844929	93844930	-	+	DUP	cna37	major	sim42	Eso-AdenoCa
5	84874146	84874147	5	93844929	93844930	+	-	DEL	cna37	minor	sim42	Eso-AdenoCa
5	93844930	93844931	5	94119030	94119031	-	+	DUP	cna38	major	sim42	Eso-AdenoCa
5	94119031	94119032	5	116491570	116491571	-	+	DUP	cna39	major	sim42	Eso-AdenoCa
5	94119031	94119032	5	116491570	116491571	+	-	DEL	cna39	minor	sim42	Eso-AdenoCa
5	116491571	116491572	5	126517599	126517600	-	+	DUP	cna40	major	sim42	Eso-AdenoCa
5	126517600	126517601	5	167917747	167917748	+	-	DEL	cna41	minor	sim42	Eso-AdenoCa
5	138336500	138336501	5	167199390	167199391	+	+	h2hINV	cna41	major	sim42	Eso-AdenoCa
5	167917748	167917749	5	172112916	172112917	-	+	DUP	cna42	major	sim42	Eso-AdenoCa
5	167917748	167917749	5	172112916	172112917	+	-	DEL	cna42	minor	sim42	Eso-AdenoCa
5	172112917	172112918	5	174319863	174319864	-	+	DUP	cna43	major	sim42	Eso-AdenoCa
5	174319864	174319865	5	174368636	174368637	+	-	DEL	cna44	major	sim42	Eso-AdenoCa
5	174319864	174319865	5	174368636	174368637	+	-	DEL	cna44	minor	sim42	Eso-AdenoCa
5	174368637	174368638	5	180737593	180737594	-	+	DUP	cna45	major	sim42	Eso-AdenoCa
5	180737594	180737595	5	180915260	180915261	+	-	DEL	cna46	major	sim42	Eso-AdenoCa
5	180737594	180737595	5	180915260	180915261	+	-	DEL	cna46	minor	sim42	Eso-AdenoCa
6	1	2	6	134844257	134844258	-	+	DUP	cna47	major	sim42	Eso-AdenoCa
6	1	2	6	134844257	134844258	+	-	DEL	cna47	minor	sim42	Eso-AdenoCa
6	44772740	44772741	6	153523098	153523099	-	-	t2tINV	cna48	minor	sim42	Eso-AdenoCa
6	65885440	65885441	6	67847736	67847737	+	+	h2hINV	cna47	major	sim42	Eso-AdenoCa
6	112573040	134844257	9	97001094	120087613	-	-	TRA	cna47,cna76	minor,major	sim42	Eso-AdenoCa
6	124327540	124327541	6	126991264	126991265	+	+	h2hINV	cna47	major	sim42	Eso-AdenoCa
6	134844258	134844259	6	159930930	159930931	-	+	DUP	cna48	major	sim42	Eso-AdenoCa
6	142915653	159930930	10	119263857	125219827	-	-	TRA	cna86,cna48	major,minor	sim42	Eso-AdenoCa
6	159930931	159930932	6	159985855	159985856	-	+	DUP	cna49	major	sim42	Eso-AdenoCa
6	159930931	159930932	6	159985855	159985856	+	-	DEL	cna49	minor	sim42	Eso-AdenoCa
6	159985856	159985857	6	160009380	160009381	+	-	DEL	cna50	minor	sim42	Eso-AdenoCa
6	160009381	160009382	6	160270409	160270410	-	+	DUP	cna51	major	sim42	Eso-AdenoCa
6	160009381	160009382	6	160270409	160270410	+	-	DEL	cna51	minor	sim42	Eso-AdenoCa
6	160270410	160270411	6	161019740	161019741	-	+	DUP	cna52	major	sim42	Eso-AdenoCa
6	161019741	161019742	6	170875772	170875773	-	+	DUP	cna53	major	sim42	Eso-AdenoCa
6	161019741	161019742	6	170875772	170875773	+	-	DEL	cna53	minor	sim42	Eso-AdenoCa
6	170875773	170875774	6	170970111	170970112	-	+	DUP	cna54	major	sim42	Eso-AdenoCa
6	170970112	170970113	6	170993550	170993551	-	+	DUP	cna55	major	sim42	Eso-AdenoCa
6	170970112	170970113	6	170993550	170993551	+	-	DEL	cna55	minor	sim42	Eso-AdenoCa
6	170993551	170993552	6	171080298	171080299	-	+	DUP	cna56	major	sim42	Eso-AdenoCa
6	171080299	171080300	6	171115067	171115068	-	+	DUP	cna57	major	sim42	Eso-AdenoCa
7	1	2	7	36193584	36193585	+	-	DEL	cna58	minor	sim42	Eso-AdenoCa
7	36193585	36193586	7	128115374	128115375	-	+	DUP	cna59	major	sim42	Eso-AdenoCa
7	36193585	36193586	7	128115374	128115375	-	+	DUP	cna59	minor	sim42	Eso-AdenoCa
7	77107373	77107374	7	78260705	78260706	-	-	t2tINV	cna59	major	sim42	Eso-AdenoCa
7	97253473	97253474	7	98020351	98020352	+	+	h2hINV	cna59	major	sim42	Eso-AdenoCa
7	106961173	106961174	7	122835869	122835870	+	+	h2hINV	cna59	major	sim42	Eso-AdenoCa
7	117992773	117992774	7	127246669	127246670	+	+	h2hINV	cna59	minor	sim42	Eso-AdenoCa
7	118436154	128115374	11	1	57253111	-	+	TRA	cna90,cna59	major,major	sim42	Eso-AdenoCa
7	128115375	128115376	7	148766115	148766116	-	+	DUP	cna60	major	sim42	Eso-AdenoCa
7	134210473	134210474	7	134220477	134220478	-	-	t2tINV	cna60	minor	sim42	Eso-AdenoCa
7	148960678	148960679	7	159138663	159138664	-	+	DUP	cna62	major	sim42	Eso-AdenoCa
8	1	2	8	77696480	77696481	-	+	DUP	cna63	major	sim42	Eso-AdenoCa
8	1	2	8	77696480	77696481	-	+	DUP	cna63	minor	sim42	Eso-AdenoCa
8	1	36744011	11	1	108686756	+	+	TRA	cna63,cna90	minor,minor	sim42	Eso-AdenoCa
8	19208610	19208611	8	45770989	45770990	+	+	h2hINV	cna63	minor	sim42	Eso-AdenoCa
8	21927110	21927111	8	21947070	21947071	-	-	t2tINV	cna63	minor	sim42	Eso-AdenoCa
8	26939110	26939111	8	49643385	49643386	-	-	t2tINV	cna63	minor	sim42	Eso-AdenoCa
8	57153510	57153511	8	66440370	66440371	-	-	t2tINV	cna63	minor	sim42	Eso-AdenoCa
8	66079510	66079511	8	66089513	66089514	+	+	h2hINV	cna63	minor	sim42	Eso-AdenoCa
8	77696481	77696482	8	77872415	77872416	+	-	DEL	cna64	major	sim42	Eso-AdenoCa
8	77696481	77696482	8	77872415	77872416	+	-	DEL	cna64	minor	sim42	Eso-AdenoCa
8	77872416	77872417	8	80311881	80311882	-	+	DUP	cna65	major	sim42	Eso-AdenoCa
8	80311882	80311883	8	81126737	81126738	+	-	DEL	cna66	minor	sim42	Eso-AdenoCa
8	81234345	81234346	8	146364022	146364023	-	+	DUP	cna68	major	sim42	Eso-AdenoCa
8	104098710	104098711	8	142382665	142382666	+	+	h2hINV	cna68	major	sim42	Eso-AdenoCa
8	116283110	116283111	8	117822136	117822137	-	-	t2tINV	cna68	major	sim42	Eso-AdenoCa
9	1	2	9	57175375	57175376	-	+	DUP	cna69	major	sim42	Eso-AdenoCa
9	1	2	9	57175375	57175376	-	+	DUP	cna69	minor	sim42	Eso-AdenoCa
9	57175376	57175377	9	57232702	57232703	-	+	DUP	cna70	major	sim42	Eso-AdenoCa
9	57232703	57232704	9	57248313	57248314	-	+	DUP	cna71	major	sim42	Eso-AdenoCa
9	57248314	57248315	9	58033872	58033873	-	+	DUP	cna72	major	sim42	Eso-AdenoCa
9	57248314	57248315	9	58033872	58033873	-	+	DUP	cna72	minor	sim42	Eso-AdenoCa
9	58033873	58033874	9	58063353	58063354	-	+	DUP	cna73	major	sim42	Eso-AdenoCa
9	58063354	58063355	9	58618544	58618545	-	+	DUP	cna74	major	sim42	Eso-AdenoCa
9	58063354	58063355	9	58618544	58618545	-	+	DUP	cna74	minor	sim42	Eso-AdenoCa
9	58618545	58618546	9	59035071	59035072	-	+	DUP	cna75	major	sim42	Eso-AdenoCa
9	59035072	59035073	9	120087613	120087614	-	+	DUP	cna76	major	sim42	Eso-AdenoCa
9	59035072	59035073	9	120087613	120087614	+	-	DEL	cna76	minor	sim42	Eso-AdenoCa
9	88626188	88626189	9	88636196	88636197	-	-	t2tINV	cna76	major	sim42	Eso-AdenoCa
9	120087614	120087615	9	140330640	140330641	-	+	DUP	cna77	major	sim42	Eso-AdenoCa
9	140330641	140330642	9	141213431	141213432	+	-	DEL	cna78	minor	sim42	Eso-AdenoCa
10	1	2	10	13599218	13599219	-	+	DUP	cna79	major	sim42	Eso-AdenoCa
10	59605957	59605958	10	59615959	59615960	-	-	t2tINV	cna80	minor	sim42	Eso-AdenoCa
10	64113157	64113158	10	64123167	64123168	-	-	t2tINV	cna80	minor	sim42	Eso-AdenoCa
10	104538557	104538558	10	132710343	132710344	-	-	t2tINV	cna87	major	sim42	Eso-AdenoCa
10	112237623	112237624	10	115253760	115253761	-	+	DUP	cna81	major	sim42	Eso-AdenoCa
10	112237623	112237624	10	115253760	115253761	-	+	DUP	cna81	minor	sim42	Eso-AdenoCa
10	115253761	115253762	10	115317606	115317607	-	+	DUP	cna82	major	sim42	Eso-AdenoCa
10	115253761	115253762	10	115317606	115317607	-	+	DUP	cna82	minor	sim42	Eso-AdenoCa
10	115317607	115317608	10	116103959	116103960	-	+	DUP	cna83	major	sim42	Eso-AdenoCa
10	117385800	117385801	10	118432635	118432636	-	+	DUP	cna85	major	sim42	Eso-AdenoCa
10	118432636	118432637	10	125219827	125219828	-	+	DUP	cna86	major	sim42	Eso-AdenoCa
10	118432636	118432637	10	125219827	125219828	+	-	DEL	cna86	minor	sim42	Eso-AdenoCa
10	125219828	125219829	10	135422790	135422791	+	-	DEL	cna87	minor	sim42	Eso-AdenoCa
10	135422791	135422792	10	135488648	135488649	-	+	DUP	cna88	major	sim42	Eso-AdenoCa
10	135488649	135488650	10	135534747	135534748	-	+	DUP	cna89	major	sim42	Eso-AdenoCa
11	1	2	11	133388369	133388370	-	+	DUP	cna90	major	sim42	Eso-AdenoCa
11	1	2	11	133388369	133388370	-	+	DUP	cna90	minor	sim42	Eso-AdenoCa
11	51539110	51539111	11	51549140	51549141	-	-	t2tINV	cna90	minor	sim42	Eso-AdenoCa
11	133388370	133388371	11	133484935	133484936	-	+	DUP	cna91	major	sim42	Eso-AdenoCa
11	133484936	133484937	11	134004300	134004301	-	+	DUP	cna92	major	sim42	Eso-AdenoCa
11	134004301	134004302	11	135006516	135006517	-	+	DUP	cna93	major	sim42	Eso-AdenoCa
12	20628161	20628162	12	20656125	20656126	+	-	DEL	cna95	major	sim42	Eso-AdenoCa
12	20628161	20628162	12	20656125	20656126	+	-	DEL	cna95	minor	sim42	Eso-AdenoCa
12	20656126	20656127	12	23794239	23794240	-	+	DUP	cna96	major	sim42	Eso-AdenoCa
12	23794240	23794241	12	24022162	24022163	-	+	DUP	cna97	major	sim42	Eso-AdenoCa
12	25148058	25148059	12	25188847	25188848	+	-	DEL	cna99	major	sim42	Eso-AdenoCa
12	25148058	25148059	12	25188847	25188848	+	-	DEL	cna99	minor	sim42	Eso-AdenoCa
12	25188848	25188849	12	25471635	25471636	-	+	DUP	cna100	major	sim42	Eso-AdenoCa
12	25471636	25471637	12	33828017	33828018	-	+	DUP	cna101	major	sim42	Eso-AdenoCa
12	33828018	33828019	12	40708919	40708920	-	+	DUP	cna102	major	sim42	Eso-AdenoCa
12	33828018	33828019	12	40708919	40708920	-	+	DUP	cna102	minor	sim42	Eso-AdenoCa
12	40708920	40708921	12	41009512	41009513	-	+	DUP	cna103	major	sim42	Eso-AdenoCa
12	41009513	41009514	12	41171061	41171062	+	-	DEL	cna104	minor	sim42	Eso-AdenoCa
12	41171062	41171063	12	42764683	42764684	-	+	DUP	cna105	major	sim42	Eso-AdenoCa
12	42764684	42764685	12	42826351	42826352	-	+	DUP	cna106	major	sim42	Eso-AdenoCa
12	42764684	42764685	12	42826351	42826352	+	-	DEL	cna106	minor	sim42	Eso-AdenoCa
12	42826352	42826353	12	120723106	120723107	-	+	DUP	cna107	major	sim42	Eso-AdenoCa
12	42826352	42826353	12	120723106	120723107	-	+	DUP	cna107	minor	sim42	Eso-AdenoCa
12	94045694	94045695	12	95848718	95848719	+	+	h2hINV	cna107	minor	sim42	Eso-AdenoCa
12	120723107	120723108	12	120737116	120737117	+	-	DEL	cna108	minor	sim42	Eso-AdenoCa
12	120737117	120737118	12	120842117	120842118	-	+	DUP	cna109	major	sim42	Eso-AdenoCa
12	120842118	120842119	12	120995962	120995963	-	+	DUP	cna110	major	sim42	Eso-AdenoCa
12	120995963	120995964	12	132371039	132371040	-	+	DUP	cna111	major	sim42	Eso-AdenoCa
12	120995963	120995964	12	132371039	132371040	+	-	DEL	cna111	minor	sim42	Eso-AdenoCa
12	132371040	132371041	12	133851895	133851896	-	+	DUP	cna112	major	sim42	Eso-AdenoCa
13	1	2	13	9392552	9392553	-	+	DUP	cna113	major	sim42	Eso-AdenoCa
13	1	2	13	9392552	9392553	+	-	DEL	cna113	minor	sim42	Eso-AdenoCa
13	9392553	9392554	13	33181733	33181734	+	-	DEL	cna114	minor	sim42	Eso-AdenoCa
13	65596199	65596200	13	76657959	76657960	-	-	t2tINV	cna115	minor	sim42	Eso-AdenoCa
13	84603199	84603200	13	94037750	94037751	-	-	t2tINV	cna115	major	sim42	Eso-AdenoCa
13	94361698	94361699	13	113297916	113297917	+	-	DEL	cna116	minor	sim42	Eso-AdenoCa
13	113297917	113297918	13	115169878	115169879	-	+	DUP	cna117	major	sim42	Eso-AdenoCa
14	1	2	14	45049935	45049936	-	+	DUP	cna118	major	sim42	Eso-AdenoCa
14	45049936	45049937	14	57052846	57052847	-	+	DUP	cna119	major	sim42	Eso-AdenoCa
14	45049936	45049937	14	57052846	57052847	+	-	DEL	cna119	minor	sim42	Eso-AdenoCa
14	57052847	57052848	14	57075399	57075400	-	+	DUP	cna120	major	sim42	Eso-AdenoCa
14	57075400	57075401	14	57546481	57546482	-	+	DUP	cna121	major	sim42	Eso-AdenoCa
14	57075400	57075401	14	57546481	57546482	-	+	DUP	cna121	minor	sim42	Eso-AdenoCa
14	57546482	57546483	14	63083321	63083322	-	+	DUP	cna122	major	sim42	Eso-AdenoCa
14	57546482	57546483	14	63083321	63083322	-	+	DUP	cna122	minor	sim42	Eso-AdenoCa
14	63083322	63083323	14	64700667	64700668	-	+	DUP	cna123	major	sim42	Eso-AdenoCa
14	64700668	64700669	14	64803707	64803708	-	+	DUP	cna124	major	sim42	Eso-AdenoCa
14	64700668	64700669	14	64803707	64803708	+	-	DEL	cna124	minor	sim42	Eso-AdenoCa
14	64803708	64803709	14	64978157	64978158	-	+	DUP	cna125	major	sim42	Eso-AdenoCa
14	64978158	64978159	14	65022666	65022667	-	+	DUP	cna126	major	sim42	Eso-AdenoCa
14	65022667	65022668	14	88591171	88591172	-	+	DUP	cna127	major	sim42	Eso-AdenoCa
14	65022667	65022668	14	88591171	88591172	-	+	DUP	cna127	minor	sim42	Eso-AdenoCa
14	88591172	88591173	14	89691794	89691795	-	+	DUP	cna128	major	sim42	Eso-AdenoCa
14	88591172	88591173	14	89691794	89691795	-	+	DUP	cna128	minor	sim42	Eso-AdenoCa
14	89691795	89691796	14	93375152	93375153	-	+	DUP	cna129	major	sim42	Eso-AdenoCa
14	89691795	89691796	14	93375152	93375153	-	+	DUP	cna129	minor	sim42	Eso-AdenoCa
14	93375153	93375154	14	107263125	107263126	-	+	DUP	cna130	major	sim42	Eso-AdenoCa
14	107263126	107263127	14	107349540	107349541	-	+	DUP	cna131	major	sim42	Eso-AdenoCa
15	1	2	15	3097853	3097854	-	+	DUP	cna132	major	sim42	Eso-AdenoCa
15	3097854	3097855	15	22105601	22105602	-	+	DUP	cna133	major	sim42	Eso-AdenoCa
15	3097854	3097855	15	22105601	22105602	-	+	DUP	cna133	minor	sim42	Eso-AdenoCa
15	22105602	22105603	15	66673192	66673193	-	+	DUP	cna134	major	sim42	Eso-AdenoCa
15	22105602	22105603	15	66673192	66673193	-	+	DUP	cna134	minor	sim42	Eso-AdenoCa
15	45295881	45295882	15	50288826	50288827	+	+	h2hINV	cna134	minor	sim42	Eso-AdenoCa
15	66673193	66673194	15	67105796	67105797	-	+	DUP	cna135	major	sim42	Eso-AdenoCa
15	66673193	66673194	15	67105796	67105797	+	-	DEL	cna135	minor	sim42	Eso-AdenoCa
15	67105797	67105798	15	67776269	67776270	-	+	DUP	cna136	major	sim42	Eso-AdenoCa
15	67776270	67776271	15	68046072	68046073	-	+	DUP	cna137	major	sim42	Eso-AdenoCa
15	67776270	67776271	15	68046072	68046073	+	-	DEL	cna137	minor	sim42	Eso-AdenoCa
15	68046073	68046074	15	83627753	83627754	-	+	DUP	cna138	major	sim42	Eso-AdenoCa
15	68046073	68046074	15	83627753	83627754	+	-	DEL	cna138	minor	sim42	Eso-AdenoCa
15	83627754	83627755	15	84652985	84652986	-	+	DUP	cna139	major	sim42	Eso-AdenoCa
15	83627754	83627755	15	84652985	84652986	-	+	DUP	cna139	minor	sim42	Eso-AdenoCa
15	84652986	84652987	15	85671151	85671152	-	+	DUP	cna140	major	sim42	Eso-AdenoCa
15	84652986	84652987	15	85671151	85671152	+	-	DEL	cna140	minor	sim42	Eso-AdenoCa
15	85671152	85671153	15	86158361	86158362	-	+	DUP	cna141	major	sim42	Eso-AdenoCa
15	86158362	86158363	15	102347645	102347646	-	+	DUP	cna142	major	sim42	Eso-AdenoCa
15	86158362	86158363	15	102347645	102347646	+	-	DEL	cna142	minor	sim42	Eso-AdenoCa
15	102347646	102347647	15	102531392	102531393	-	+	DUP	cna143	major	sim42	Eso-AdenoCa
16	1	2	16	88893235	88893236	-	+	DUP	cna144	major	sim42	Eso-AdenoCa
16	1	2	16	88893235	88893236	+	-	DEL	cna144	minor	sim42	Eso-AdenoCa
16	88893236	88893237	16	90354753	90354754	-	+	DUP	cna145	major	sim42	Eso-AdenoCa
17	1	2	17	50368813	50368814	+	-	DEL	cna146	minor	sim42	Eso-AdenoCa
17	26758236	26758237	17	26860436	26860437	+	+	h2hINV	cna146	major	sim42	Eso-AdenoCa
17	50368814	50368815	17	81081481	81081482	-	+	DUP	cna147	major	sim42	Eso-AdenoCa
17	50368814	50368815	17	81081481	81081482	+	-	DEL	cna147	minor	sim42	Eso-AdenoCa
17	81081482	81081483	17	81149186	81149187	-	+	DUP	cna148	major	sim42	Eso-AdenoCa
17	81149187	81149188	17	81179883	81179884	-	+	DUP	cna149	major	sim42	Eso-AdenoCa
17	81149187	81149188	17	81179883	81179884	+	-	DEL	cna149	minor	sim42	Eso-AdenoCa
17	81179884	81179885	17	81195210	81195211	-	+	DUP	cna150	major	sim42	Eso-AdenoCa
18	1	2	18	12556339	12556340	-	+	DUP	cna151	major	sim42	Eso-AdenoCa
18	12556340	12556341	18	15771321	15771322	-	+	DUP	cna152	major	sim42	Eso-AdenoCa
18	12556340	12556341	18	15771321	15771322	+	-	DEL	cna152	minor	sim42	Eso-AdenoCa
18	15771322	15771323	18	16028455	16028456	-	+	DUP	cna153	major	sim42	Eso-AdenoCa
18	15771322	15771323	18	16028455	16028456	-	+	DUP	cna153	minor	sim42	Eso-AdenoCa
18	16028456	16028457	18	16059428	16059429	-	+	DUP	cna154	major	sim42	Eso-AdenoCa
18	18036374	18036375	18	22419903	22419904	+	-	DEL	cna156	minor	sim42	Eso-AdenoCa
18	21697326	21697327	18	27212188	27212189	+	+	h2hINV	cna156	major	sim42	Eso-AdenoCa
18	22419904	22419905	18	23546751	23546752	-	+	DUP	cna157	major	sim42	Eso-AdenoCa
18	23546752	23546753	18	23873761	23873762	+	-	DEL	cna158	minor	sim42	Eso-AdenoCa
18	23873762	23873763	18	23938438	23938439	-	+	DUP	cna159	major	sim42	Eso-AdenoCa
18	23873762	23873763	18	23938438	23938439	-	+	DUP	cna159	minor	sim42	Eso-AdenoCa
18	23938439	23938440	18	24134265	24134266	-	+	DUP	cna160	major	sim42	Eso-AdenoCa
18	24134266	24134267	18	24202221	24202222	+	-	DEL	cna161	major	sim42	Eso-AdenoCa
18	24134266	24134267	18	24202221	24202222	+	-	DEL	cna161	minor	sim42	Eso-AdenoCa
18	24202222	24202223	18	26413895	26413896	-	+	DUP	cna162	major	sim42	Eso-AdenoCa
18	26413896	26413897	18	47439598	47439599	-	+	DUP	cna163	major	sim42	Eso-AdenoCa
18	47439599	47439600	18	47535145	47535146	+	-	DEL	cna164	minor	sim42	Eso-AdenoCa
18	47535146	47535147	18	47628380	47628381	+	-	DEL	cna165	major	sim42	Eso-AdenoCa
18	47535146	47535147	18	47628380	47628381	+	-	DEL	cna165	minor	sim42	Eso-AdenoCa
18	47628381	47628382	18	76493261	76493262	+	-	DEL	cna166	minor	sim42	Eso-AdenoCa
18	54968526	54968527	18	54978527	54978528	+	+	h2hINV	cna166	major	sim42	Eso-AdenoCa
18	76493262	76493263	18	76728161	76728162	+	-	DEL	cna167	major	sim42	Eso-AdenoCa
18	76493262	76493263	18	76728161	76728162	+	-	DEL	cna167	minor	sim42	Eso-AdenoCa
18	76728162	76728163	18	78077248	78077249	+	-	DEL	cna168	minor	sim42	Eso-AdenoCa
19	3969278	3969279	19	10906299	10906300	-	-	t2tINV	cna169	minor	sim42	Eso-AdenoCa
19	10556178	10556179	19	34881453	34881454	-	-	t2tINV	cna169	major	sim42	Eso-AdenoCa
19	40517378	40517379	19	40620602	40620603	-	-	t2tINV	cna169	major	sim42	Eso-AdenoCa
20	15617695	15617696	20	16107883	16107884	+	+	h2hINV	cna170	minor	sim42	Eso-AdenoCa
20	27466722	27466723	20	27506404	27506405	-	+	DUP	cna171	major	sim42	Eso-AdenoCa
20	27466722	27466723	20	27506404	27506405	+	-	DEL	cna171	minor	sim42	Eso-AdenoCa
20	27506405	27506406	20	60811833	60811834	-	+	DUP	cna172	major	sim42	Eso-AdenoCa
20	27506405	27506406	20	60811833	60811834	-	+	DUP	cna172	minor	sim42	Eso-AdenoCa
20	56424595	56424596	20	56498665	56498666	+	+	h2hINV	cna172	minor	sim42	Eso-AdenoCa
20	60811834	60811835	20	60976903	60976904	-	+	DUP	cna173	major	sim42	Eso-AdenoCa
20	60811834	60811835	20	60976903	60976904	+	-	DEL	cna173	minor	sim42	Eso-AdenoCa
20	60976904	60976905	20	63025520	63025521	-	+	DUP	cna174	major	sim42	Eso-AdenoCa
21	1	2	21	31717387	31717388	-	+	DUP	cna175	major	sim42	Eso-AdenoCa
21	31717388	31717389	21	31810403	31810404	-	+	DUP	cna176	major	sim42	Eso-AdenoCa
21	31810404	31810405	21	40133311	40133312	+	-	DEL	cna177	minor	sim42	Eso-AdenoCa
21	32323175	32323176	21	32333177	32333178	+	+	h2hINV	cna177	major	sim42	Eso-AdenoCa
21	40133312	40133313	21	40470545	40470546	-	+	DUP	cna178	major	sim42	Eso-AdenoCa
21	40133312	40133313	21	40470545	40470546	+	-	DEL	cna178	minor	sim42	Eso-AdenoCa
21	40470546	40470547	21	42016411	42016412	+	-	DEL	cna179	minor	sim42	Eso-AdenoCa
21	42016412	42016413	21	44417767	44417768	-	+	DUP	cna180	major	sim42	Eso-AdenoCa
21	42016412	42016413	21	44417767	44417768	-	+	DUP	cna180	minor	sim42	Eso-AdenoCa
21	44417768	44417769	21	47894032	47894033	-	+	DUP	cna181	major	sim42	Eso-AdenoCa
21	47894033	47894034	21	48129895	48129896	+	-	DEL	cna182	major	sim42	Eso-AdenoCa
21	47894033	47894034	21	48129895	48129896	+	-	DEL	cna182	minor	sim42	Eso-AdenoCa
22	1	2	22	75698	75699	-	+	DUP	cna183	major	sim42	Eso-AdenoCa
22	75699	75700	22	51304566	51304567	+	-	DEL	cna184	minor	sim42	Eso-AdenoCa
22	25892980	25892981	22	25902985	25902986	+	+	h2hINV	cna184	major	sim42	Eso-AdenoCa
X	1	2	X	12425991	12425992	-	+	DUP	cna185	major	sim42	Eso-AdenoCa
X	1	2	X	12425991	12425992	-	+	DUP	cna185	minor	sim42	Eso-AdenoCa
X	12425992	12425993	X	13282668	13282669	+	-	DEL	cna186	minor	sim42	Eso-AdenoCa
X	13282669	13282670	X	57800605	57800606	-	+	DUP	cna187	major	sim42	Eso-AdenoCa
X	14084814	14084815	X	14105125	14105126	-	-	t2tINV	cna187	minor	sim42	Eso-AdenoCa
X	28804614	28804615	X	28955222	28955223	+	+	h2hINV	cna187	minor	sim42	Eso-AdenoCa
X	57800606	57800607	X	67422347	67422348	-	+	DUP	cna188	major	sim42	Eso-AdenoCa
X	57800606	57800607	X	67422347	67422348	+	-	DEL	cna188	minor	sim42	Eso-AdenoCa
X	67422348	67422349	X	67518918	67518919	-	+	DUP	cna189	major	sim42	Eso-AdenoCa
X	67518919	67518920	X	106001136	106001137	-	+	DUP	cna190	major	sim42	Eso-AdenoCa
X	67518919	67518920	X	106001136	106001137	+	-	DEL	cna190	minor	sim42	Eso-AdenoCa
X	106001137	106001138	X	120797150	120797151	-	+	DUP	cna191	major	sim42	Eso-AdenoCa
X	106001137	106001138	X	120797150	120797151	-	+	DUP	cna191	minor	sim42	Eso-AdenoCa
X	120797151	120797152	X	155248797	155248798	-	+	DUP	cna192	major	sim42	Eso-AdenoCa
X	155248798	155248799	X	155270560	155270561	-	+	DUP	cna193	major	sim42	Eso-AdenoCa
X	155248798	155248799	X	155270560	155270561	-	+	DUP	cna193	minor	sim42	Eso-AdenoCa
