chrom1	start1	end1	chrom2	start2	end2	strand1	strand2	svclass	id	allele	donor_id	tumor
1	1	2	1	4095608	4095609	-	+	DUP	cna0	major	sim2	Eso-AdenoCa
1	1	2	1	4095608	4095609	+	-	DEL	cna0	minor	sim2	Eso-AdenoCa
1	4095609	4095610	1	24791551	24791552	-	+	DUP	cna1	major	sim2	Eso-AdenoCa
1	4095609	4095610	1	24791551	24791552	-	+	DUP	cna1	minor	sim2	Eso-AdenoCa
1	24791552	24791553	1	24802627	24802628	-	+	DUP	cna2	major	sim2	Eso-AdenoCa
1	24802628	24802629	1	24824716	24824717	+	-	DEL	cna3	minor	sim2	Eso-AdenoCa
1	24824717	24824718	1	39713897	39713898	-	+	DUP	cna4	major	sim2	Eso-AdenoCa
1	24824717	24824718	1	39713897	39713898	-	+	DUP	cna4	minor	sim2	Eso-AdenoCa
1	33892400	33892401	1	34005992	34005993	+	+	h2hINV	cna4	minor	sim2	Eso-AdenoCa
1	39713898	39713899	1	40944852	40944853	-	+	DUP	cna5	major	sim2	Eso-AdenoCa
1	39713898	39713899	1	40944852	40944853	-	+	DUP	cna5	minor	sim2	Eso-AdenoCa
1	40944853	40944854	1	41393543	41393544	-	+	DUP	cna6	major	sim2	Eso-AdenoCa
1	40944853	40944854	1	41393543	41393544	+	-	DEL	cna6	minor	sim2	Eso-AdenoCa
1	41393544	41393545	1	41548810	41548811	-	+	DUP	cna7	major	sim2	Eso-AdenoCa
1	41548811	41548812	1	210387401	210387402	+	-	DEL	cna8	minor	sim2	Eso-AdenoCa
1	52135800	52135801	1	62742575	62742576	-	-	t2tINV	cna8	major	sim2	Eso-AdenoCa
1	210387402	210387403	1	215098272	215098273	-	+	DUP	cna9	major	sim2	Eso-AdenoCa
1	215098273	215098274	1	218634980	218634981	-	+	DUP	cna10	major	sim2	Eso-AdenoCa
1	215098273	215098274	1	218634980	218634981	+	-	DEL	cna10	minor	sim2	Eso-AdenoCa
1	218634981	218634982	1	249250621	249250622	-	+	DUP	cna11	major	sim2	Eso-AdenoCa
1	218634981	218634982	1	249250621	249250622	+	-	DEL	cna11	minor	sim2	Eso-AdenoCa
2	1	2	2	242862179	242862180	+	-	DEL	cna12	minor	sim2	Eso-AdenoCa
2	159229279	159229280	2	159719708	159719709	+	+	h2hINV	cna12	major	sim2	Eso-AdenoCa
2	242862180	242862181	2	242977972	242977973	-	+	DUP	cna13	major	sim2	Eso-AdenoCa
2	242977973	242977974	2	243199373	243199374	-	+	DUP	cna14	major	sim2	Eso-AdenoCa
2	242977973	242977974	2	243199373	243199374	+	-	DEL	cna14	minor	sim2	Eso-AdenoCa
3	1	2	3	80401372	80401373	-	+	DUP	cna15	major	sim2	Eso-AdenoCa
3	30786606	30786607	3	30796619	30796620	+	+	h2hINV	cna15	major	sim2	Eso-AdenoCa
3	80401373	80401374	3	126321390	126321391	+	-	DEL	cna16	minor	sim2	Eso-AdenoCa
3	126321391	126321392	3	126335582	126335583	-	+	DUP	cna17	major	sim2	Eso-AdenoCa
3	126335583	126335584	3	128316190	128316191	-	+	DUP	cna18	major	sim2	Eso-AdenoCa
3	128316191	128316192	3	195039934	195039935	+	-	DEL	cna19	minor	sim2	Eso-AdenoCa
3	195039935	195039936	3	195333914	195333915	-	+	DUP	cna20	major	sim2	Eso-AdenoCa
3	195333915	195333916	3	196264588	196264589	-	+	DUP	cna21	major	sim2	Eso-AdenoCa
3	196264589	196264590	3	196495392	196495393	-	+	DUP	cna22	major	sim2	Eso-AdenoCa
3	196264589	196264590	3	196495392	196495393	-	+	DUP	cna22	minor	sim2	Eso-AdenoCa
3	196495393	196495394	3	198022430	198022431	-	+	DUP	cna23	major	sim2	Eso-AdenoCa
4	1	2	4	191154276	191154277	+	-	DEL	cna24	minor	sim2	Eso-AdenoCa
5	1	2	5	172870314	172870315	-	+	DUP	cna25	major	sim2	Eso-AdenoCa
5	1	2	5	172870314	172870315	-	+	DUP	cna25	minor	sim2	Eso-AdenoCa
5	172870315	172870316	5	174251031	174251032	-	+	DUP	cna26	major	sim2	Eso-AdenoCa
5	172870315	172870316	5	174251031	174251032	+	-	DEL	cna26	minor	sim2	Eso-AdenoCa
5	174251032	174251033	5	180915260	180915261	-	+	DUP	cna27	major	sim2	Eso-AdenoCa
6	1	2	6	44574551	44574552	-	+	DUP	cna28	major	sim2	Eso-AdenoCa
6	14848640	14848641	6	14858643	14858644	+	+	h2hINV	cna28	major	sim2	Eso-AdenoCa
6	44574552	44574553	6	98842623	98842624	-	+	DUP	cna29	major	sim2	Eso-AdenoCa
6	44574552	44574553	6	98842623	98842624	-	+	DUP	cna29	minor	sim2	Eso-AdenoCa
6	98842624	98842625	6	99255034	99255035	-	+	DUP	cna30	major	sim2	Eso-AdenoCa
6	98842624	98842625	6	99255034	99255035	-	+	DUP	cna30	minor	sim2	Eso-AdenoCa
6	99255035	99255036	6	117134087	117134088	+	-	DEL	cna31	minor	sim2	Eso-AdenoCa
6	117134088	117134089	6	117229451	117229452	-	+	DUP	cna32	major	sim2	Eso-AdenoCa
6	117229452	117229453	6	138474236	138474237	-	+	DUP	cna33	major	sim2	Eso-AdenoCa
6	117229452	117229453	6	138474236	138474237	-	+	DUP	cna33	minor	sim2	Eso-AdenoCa
6	138474237	138474238	6	139646862	139646863	-	+	DUP	cna34	major	sim2	Eso-AdenoCa
6	139646863	139646864	6	141072449	141072450	-	+	DUP	cna35	major	sim2	Eso-AdenoCa
6	139646863	139646864	6	141072449	141072450	-	+	DUP	cna35	minor	sim2	Eso-AdenoCa
6	141072450	141072451	6	141575783	141575784	-	+	DUP	cna36	major	sim2	Eso-AdenoCa
6	141575784	141575785	6	150151896	150151897	-	+	DUP	cna37	major	sim2	Eso-AdenoCa
6	150151897	150151898	6	150207564	150207565	-	+	DUP	cna38	major	sim2	Eso-AdenoCa
6	150151897	150151898	6	150207564	150207565	-	+	DUP	cna38	minor	sim2	Eso-AdenoCa
6	150207565	150207566	6	151532424	151532425	-	+	DUP	cna39	major	sim2	Eso-AdenoCa
6	151532425	151532426	6	157822885	157822886	-	+	DUP	cna40	major	sim2	Eso-AdenoCa
6	157822886	157822887	6	164389756	164389757	-	+	DUP	cna41	major	sim2	Eso-AdenoCa
6	157822886	157822887	6	164389756	164389757	+	-	DEL	cna41	minor	sim2	Eso-AdenoCa
6	164389757	164389758	6	164402598	164402599	-	+	DUP	cna42	major	sim2	Eso-AdenoCa
6	164402599	164402600	6	164485274	164485275	-	+	DUP	cna43	major	sim2	Eso-AdenoCa
6	164402599	164402600	6	164485274	164485275	-	+	DUP	cna43	minor	sim2	Eso-AdenoCa
6	164485275	164485276	6	168977002	168977003	-	+	DUP	cna44	major	sim2	Eso-AdenoCa
6	168977003	168977004	6	169002660	169002661	-	+	DUP	cna45	major	sim2	Eso-AdenoCa
6	168977003	168977004	6	169002660	169002661	+	-	DEL	cna45	minor	sim2	Eso-AdenoCa
6	169002661	169002662	6	171115067	171115068	+	-	DEL	cna46	minor	sim2	Eso-AdenoCa
7	1	2	7	687158	687159	-	+	DUP	cna47	major	sim2	Eso-AdenoCa
7	1	2	7	687158	687159	+	-	DEL	cna47	minor	sim2	Eso-AdenoCa
7	687159	687160	7	2929079	2929080	-	+	DUP	cna48	major	sim2	Eso-AdenoCa
7	687159	687160	7	2929079	2929080	+	-	DEL	cna48	minor	sim2	Eso-AdenoCa
7	2929080	2929081	7	7321376	7321377	-	+	DUP	cna49	major	sim2	Eso-AdenoCa
7	7321377	7321378	7	31127994	31127995	-	+	DUP	cna50	major	sim2	Eso-AdenoCa
7	7321377	7321378	7	31127994	31127995	-	+	DUP	cna50	minor	sim2	Eso-AdenoCa
7	31127995	31127996	7	32985827	32985828	-	+	DUP	cna51	major	sim2	Eso-AdenoCa
7	31127995	31127996	7	32985827	32985828	+	-	DEL	cna51	minor	sim2	Eso-AdenoCa
7	32985828	32985829	7	33013966	33013967	-	+	DUP	cna52	major	sim2	Eso-AdenoCa
7	32985828	32985829	7	33013966	33013967	-	+	DUP	cna52	minor	sim2	Eso-AdenoCa
7	33013967	33013968	7	33336974	33336975	-	+	DUP	cna53	major	sim2	Eso-AdenoCa
7	33013967	33013968	7	33336974	33336975	+	-	DEL	cna53	minor	sim2	Eso-AdenoCa
7	33336975	33336976	7	41756405	41756406	-	+	DUP	cna54	major	sim2	Eso-AdenoCa
7	41756406	41756407	7	41918635	41918636	-	+	DUP	cna55	major	sim2	Eso-AdenoCa
7	41918636	41918637	7	57003504	57003505	-	+	DUP	cna56	major	sim2	Eso-AdenoCa
7	41918636	41918637	7	57003504	57003505	+	-	DEL	cna56	minor	sim2	Eso-AdenoCa
7	57003505	57003506	7	159138663	159138664	-	+	DUP	cna57	major	sim2	Eso-AdenoCa
8	1	2	8	142149743	142149744	-	+	DUP	cna58	major	sim2	Eso-AdenoCa
8	142149744	142149745	8	142196633	142196634	-	+	DUP	cna59	major	sim2	Eso-AdenoCa
8	142149744	142149745	8	142196633	142196634	-	+	DUP	cna59	minor	sim2	Eso-AdenoCa
8	142196634	142196635	8	142290893	142290894	-	+	DUP	cna60	major	sim2	Eso-AdenoCa
8	142290894	142290895	8	144039304	144039305	-	+	DUP	cna61	major	sim2	Eso-AdenoCa
8	144039305	144039306	8	146364022	146364023	-	+	DUP	cna62	major	sim2	Eso-AdenoCa
9	1	2	9	34243022	34243023	-	+	DUP	cna63	major	sim2	Eso-AdenoCa
9	1	2	9	34243022	34243023	+	-	DEL	cna63	minor	sim2	Eso-AdenoCa
9	25147888	25147889	9	55463909	55463910	+	+	h2hINV	cna63	major	sim2	Eso-AdenoCa
9	34243023	34243024	9	36881144	36881145	-	+	DUP	cna64	major	sim2	Eso-AdenoCa
9	36881145	36881146	9	37574616	37574617	-	+	DUP	cna65	major	sim2	Eso-AdenoCa
9	37574617	37574618	9	56997206	56997207	-	+	DUP	cna66	major	sim2	Eso-AdenoCa
9	37574617	37574618	9	56997206	56997207	-	+	DUP	cna66	minor	sim2	Eso-AdenoCa
9	56997207	56997208	9	87845429	87845430	+	-	DEL	cna67	minor	sim2	Eso-AdenoCa
9	87845430	87845431	9	88711349	88711350	-	+	DUP	cna68	major	sim2	Eso-AdenoCa
9	87845430	87845431	9	88711349	88711350	+	-	DEL	cna68	minor	sim2	Eso-AdenoCa
9	88711350	88711351	9	128994747	128994748	-	+	DUP	cna69	major	sim2	Eso-AdenoCa
9	88711350	88711351	9	128994747	128994748	-	+	DUP	cna69	minor	sim2	Eso-AdenoCa
9	128994748	128994749	9	129220411	129220412	+	-	DEL	cna70	minor	sim2	Eso-AdenoCa
9	129220412	129220413	9	130400245	130400246	-	+	DUP	cna71	major	sim2	Eso-AdenoCa
9	129220412	129220413	9	130400245	130400246	-	+	DUP	cna71	minor	sim2	Eso-AdenoCa
9	130551723	130551724	9	141035645	141035646	-	+	DUP	cna73	major	sim2	Eso-AdenoCa
9	130551723	130551724	9	141035645	141035646	+	-	DEL	cna73	minor	sim2	Eso-AdenoCa
9	141035646	141035647	9	141106976	141106977	-	+	DUP	cna74	major	sim2	Eso-AdenoCa
9	141035646	141035647	9	141106976	141106977	-	+	DUP	cna74	minor	sim2	Eso-AdenoCa
9	141106977	141106978	9	141213431	141213432	-	+	DUP	cna75	major	sim2	Eso-AdenoCa
9	141106977	141106978	9	141213431	141213432	+	-	DEL	cna75	minor	sim2	Eso-AdenoCa
10	1	2	10	135534747	135534748	+	-	DEL	cna76	minor	sim2	Eso-AdenoCa
10	44855457	44855458	10	47570407	47570408	-	-	t2tINV	cna76	major	sim2	Eso-AdenoCa
11	1	2	11	39028705	39028706	+	-	DEL	cna77	minor	sim2	Eso-AdenoCa
11	39028706	39028707	11	46293647	46293648	-	+	DUP	cna78	major	sim2	Eso-AdenoCa
11	46293648	46293649	11	46443460	46443461	-	+	DUP	cna79	major	sim2	Eso-AdenoCa
11	60155018	60155019	11	60645284	60645285	+	-	DEL	cna81	minor	sim2	Eso-AdenoCa
11	60645285	60645286	11	60932622	60932623	-	+	DUP	cna82	major	sim2	Eso-AdenoCa
11	60932623	60932624	11	61334066	61334067	-	+	DUP	cna83	major	sim2	Eso-AdenoCa
11	60932623	60932624	11	61334066	61334067	+	-	DEL	cna83	minor	sim2	Eso-AdenoCa
11	61334067	61334068	11	132839186	132839187	-	+	DUP	cna84	major	sim2	Eso-AdenoCa
11	61334067	61334068	11	132839186	132839187	+	-	DEL	cna84	minor	sim2	Eso-AdenoCa
11	63341810	63341811	11	90723212	90723213	+	+	h2hINV	cna84	major	sim2	Eso-AdenoCa
11	118206910	118206911	11	118216964	118216965	+	+	h2hINV	cna84	major	sim2	Eso-AdenoCa
11	132839187	132839188	11	132859319	132859320	-	+	DUP	cna85	major	sim2	Eso-AdenoCa
11	132859320	132859321	11	135006516	135006517	-	+	DUP	cna86	major	sim2	Eso-AdenoCa
12	1	2	12	133851895	133851896	+	-	DEL	cna87	minor	sim2	Eso-AdenoCa
13	1	2	13	61228637	61228638	+	-	DEL	cna88	minor	sim2	Eso-AdenoCa
13	61228638	61228639	13	61375450	61375451	-	+	DUP	cna89	major	sim2	Eso-AdenoCa
13	61375451	61375452	13	62488371	62488372	-	+	DUP	cna90	major	sim2	Eso-AdenoCa
13	61375451	61375452	13	62488371	62488372	-	+	DUP	cna90	minor	sim2	Eso-AdenoCa
13	62488372	62488373	13	62701169	62701170	-	+	DUP	cna91	major	sim2	Eso-AdenoCa
13	62488372	62488373	13	62701169	62701170	+	-	DEL	cna91	minor	sim2	Eso-AdenoCa
13	62701170	62701171	13	63020558	63020559	+	-	DEL	cna92	minor	sim2	Eso-AdenoCa
13	63020559	63020560	13	63386631	63386632	-	+	DUP	cna93	major	sim2	Eso-AdenoCa
13	63386632	63386633	13	96850718	96850719	-	+	DUP	cna94	major	sim2	Eso-AdenoCa
13	63386632	63386633	13	96850718	96850719	-	+	DUP	cna94	minor	sim2	Eso-AdenoCa
13	96850719	96850720	13	96901631	96901632	-	+	DUP	cna95	major	sim2	Eso-AdenoCa
13	96901632	96901633	13	103426751	103426752	+	-	DEL	cna96	minor	sim2	Eso-AdenoCa
13	103426752	103426753	13	103890545	103890546	-	+	DUP	cna97	major	sim2	Eso-AdenoCa
13	103890546	103890547	13	104461463	104461464	-	+	DUP	cna98	major	sim2	Eso-AdenoCa
13	103890546	103890547	13	104461463	104461464	-	+	DUP	cna98	minor	sim2	Eso-AdenoCa
13	104461464	104461465	13	114550644	114550645	-	+	DUP	cna99	major	sim2	Eso-AdenoCa
13	114550645	114550646	13	114793766	114793767	+	-	DEL	cna100	minor	sim2	Eso-AdenoCa
13	114793767	114793768	13	115169878	115169879	-	+	DUP	cna101	major	sim2	Eso-AdenoCa
15	85102157	85102158	15	85276316	85276317	-	+	DUP	cna104	major	sim2	Eso-AdenoCa
15	85276317	85276318	15	85525446	85525447	-	+	DUP	cna105	major	sim2	Eso-AdenoCa
15	85525447	85525448	15	85869059	85869060	-	+	DUP	cna106	major	sim2	Eso-AdenoCa
15	85525447	85525448	15	85869059	85869060	-	+	DUP	cna106	minor	sim2	Eso-AdenoCa
15	85869060	85869061	15	102531392	102531393	-	+	DUP	cna107	major	sim2	Eso-AdenoCa
15	85869060	85869061	15	102531392	102531393	-	+	DUP	cna107	minor	sim2	Eso-AdenoCa
16	1	2	16	72772329	72772330	-	+	DUP	cna108	major	sim2	Eso-AdenoCa
16	72772330	72772331	16	90354753	90354754	-	+	DUP	cna109	major	sim2	Eso-AdenoCa
16	72772330	72772331	16	90354753	90354754	+	-	DEL	cna109	minor	sim2	Eso-AdenoCa
17	1	2	17	81195210	81195211	-	+	DUP	cna110	major	sim2	Eso-AdenoCa
17	1	2	17	81195210	81195211	+	-	DEL	cna110	minor	sim2	Eso-AdenoCa
17	39549136	39549137	17	39569396	39569397	-	-	t2tINV	cna110	major	sim2	Eso-AdenoCa
18	1	2	18	7947403	7947404	-	+	DUP	cna111	major	sim2	Eso-AdenoCa
18	1	2	18	7947403	7947404	+	-	DEL	cna111	minor	sim2	Eso-AdenoCa
18	29336818	29336819	18	29667163	29667164	-	+	DUP	cna113	major	sim2	Eso-AdenoCa
18	29667164	29667165	18	52931410	52931411	-	+	DUP	cna114	major	sim2	Eso-AdenoCa
18	43984026	43984027	18	57492340	57492341	+	+	h2hINV	cna114	major	sim2	Eso-AdenoCa
18	52931411	52931412	18	53776064	53776065	-	+	DUP	cna115	major	sim2	Eso-AdenoCa
18	52931411	52931412	18	53776064	53776065	+	-	DEL	cna115	minor	sim2	Eso-AdenoCa
18	53776065	53776066	18	53960859	53960860	-	+	DUP	cna116	major	sim2	Eso-AdenoCa
18	53776065	53776066	18	53960859	53960860	-	+	DUP	cna116	minor	sim2	Eso-AdenoCa
18	53960860	53960861	18	78077248	78077249	+	-	DEL	cna117	minor	sim2	Eso-AdenoCa
19	1	2	19	59128983	59128984	-	+	DUP	cna118	major	sim2	Eso-AdenoCa
20	1	2	20	63025520	63025521	-	+	DUP	cna119	major	sim2	Eso-AdenoCa
20	41362695	41362696	20	41372703	41372704	+	+	h2hINV	cna119	major	sim2	Eso-AdenoCa
21	1	2	21	48020537	48020538	-	+	DUP	cna120	major	sim2	Eso-AdenoCa
21	48020538	48020539	21	48129895	48129896	-	+	DUP	cna121	major	sim2	Eso-AdenoCa
21	48020538	48020539	21	48129895	48129896	-	+	DUP	cna121	minor	sim2	Eso-AdenoCa
22	1	2	22	29793618	29793619	-	+	DUP	cna122	major	sim2	Eso-AdenoCa
22	1	2	22	29793618	29793619	+	-	DEL	cna122	minor	sim2	Eso-AdenoCa
22	29793619	29793620	22	39946429	39946430	-	+	DUP	cna123	major	sim2	Eso-AdenoCa
22	39946430	39946431	22	41728256	41728257	-	+	DUP	cna124	major	sim2	Eso-AdenoCa
22	39946430	39946431	22	41728256	41728257	+	-	DEL	cna124	minor	sim2	Eso-AdenoCa
22	41728257	41728258	22	44126478	44126479	+	-	DEL	cna125	minor	sim2	Eso-AdenoCa
22	44126479	44126480	22	44349208	44349209	+	-	DEL	cna126	major	sim2	Eso-AdenoCa
22	44126479	44126480	22	44349208	44349209	+	-	DEL	cna126	minor	sim2	Eso-AdenoCa
22	44349209	44349210	22	44861197	44861198	-	+	DUP	cna127	major	sim2	Eso-AdenoCa
22	44861198	44861199	22	50698140	50698141	-	+	DUP	cna128	major	sim2	Eso-AdenoCa
22	44861198	44861199	22	50698140	50698141	+	-	DEL	cna128	minor	sim2	Eso-AdenoCa
22	50698141	50698142	22	50727712	50727713	+	-	DEL	cna129	major	sim2	Eso-AdenoCa
22	50698141	50698142	22	50727712	50727713	+	-	DEL	cna129	minor	sim2	Eso-AdenoCa
22	50727713	50727714	22	51304566	51304567	-	+	DUP	cna130	major	sim2	Eso-AdenoCa
X	1	2	X	4729331	4729332	-	+	DUP	cna131	major	sim2	Eso-AdenoCa
X	1	2	X	4729331	4729332	-	+	DUP	cna131	minor	sim2	Eso-AdenoCa
X	4729332	4729333	X	4980317	4980318	-	+	DUP	cna132	major	sim2	Eso-AdenoCa
X	4729332	4729333	X	4980317	4980318	+	-	DEL	cna132	minor	sim2	Eso-AdenoCa
X	4980318	4980319	X	5233514	5233515	-	+	DUP	cna133	major	sim2	Eso-AdenoCa
X	4980318	4980319	X	5233514	5233515	-	+	DUP	cna133	minor	sim2	Eso-AdenoCa
X	5233515	5233516	X	7912719	7912720	-	+	DUP	cna134	major	sim2	Eso-AdenoCa
X	7912720	7912721	X	7972244	7972245	-	+	DUP	cna135	major	sim2	Eso-AdenoCa
X	7972245	7972246	X	19520168	19520169	+	-	DEL	cna136	minor	sim2	Eso-AdenoCa
X	19520169	19520170	X	19898011	19898012	-	+	DUP	cna137	major	sim2	Eso-AdenoCa
X	19898012	19898013	X	50148906	50148907	-	+	DUP	cna138	major	sim2	Eso-AdenoCa
X	19898012	19898013	X	50148906	50148907	+	-	DEL	cna138	minor	sim2	Eso-AdenoCa
X	50148907	50148908	X	50437903	50437904	+	-	DEL	cna139	minor	sim2	Eso-AdenoCa
X	50437904	50437905	X	55587191	55587192	-	+	DUP	cna140	major	sim2	Eso-AdenoCa
X	50437904	50437905	X	55587191	55587192	+	-	DEL	cna140	minor	sim2	Eso-AdenoCa
X	55587192	55587193	X	58877444	58877445	-	+	DUP	cna141	major	sim2	Eso-AdenoCa
X	58877445	58877446	X	58944733	58944734	-	+	DUP	cna142	major	sim2	Eso-AdenoCa
X	58877445	58877446	X	58944733	58944734	-	+	DUP	cna142	minor	sim2	Eso-AdenoCa
X	58944734	58944735	X	126353625	126353626	-	+	DUP	cna143	major	sim2	Eso-AdenoCa
X	126353626	126353627	X	155270560	155270561	-	+	DUP	cna144	major	sim2	Eso-AdenoCa
X	126353626	126353627	X	155270560	155270561	+	-	DEL	cna144	minor	sim2	Eso-AdenoCa
