chrom	start	end	major_cn	minor_cn	donor_id	study	id
1	1	475566	3	1	sim54	Eso-AdenoCa	cna0
1	475567	9542501	4	1	sim54	Eso-AdenoCa	cna1
1	9542502	9971250	2	2	sim54	Eso-AdenoCa	cna2
1	9971251	10066258	2	1	sim54	Eso-AdenoCa	cna3
1	10066259	10147986	0	2	sim54	Eso-AdenoCa	cna4
1	10147987	37358639	2	0	sim54	Eso-AdenoCa	cna5
1	37358640	37445494	4	2	sim54	Eso-AdenoCa	cna6
1	37445495	37547193	1	0	sim54	Eso-AdenoCa	cna7
1	37547194	45390603	2	2	sim54	Eso-AdenoCa	cna8
1	45390604	132324919	1	1	sim54	Eso-AdenoCa	cna9
1	132324920	134549175	2	1	sim54	Eso-AdenoCa	cna10
1	134549176	135335980	1	1	sim54	Eso-AdenoCa	cna11
1	135335981	135348113	3	2	sim54	Eso-AdenoCa	cna12
1	135348114	141203211	3	1	sim54	Eso-AdenoCa	cna13
1	141203212	153237454	3	3	sim54	Eso-AdenoCa	cna14
1	153237455	153444664	4	2	sim54	Eso-AdenoCa	cna15
1	153444665	156531595	2	2	sim54	Eso-AdenoCa	cna16
1	156531596	157964489	4	1	sim54	Eso-AdenoCa	cna17
1	157964490	175575119	1	1	sim54	Eso-AdenoCa	cna18
1	175575120	175749307	1	0	sim54	Eso-AdenoCa	cna19
1	175749308	175828131	2	0	sim54	Eso-AdenoCa	cna20
1	175828132	186032997	2	1	sim54	Eso-AdenoCa	cna21
1	186032998	186238267	7	1	sim54	Eso-AdenoCa	cna22
1	186238268	186413772	2	1	sim54	Eso-AdenoCa	cna23
1	186413773	193878351	1	0	sim54	Eso-AdenoCa	cna24
1	193878352	194921503	2	1	sim54	Eso-AdenoCa	cna25
1	194921504	196963696	4	2	sim54	Eso-AdenoCa	cna26
1	196963697	197045883	2	1	sim54	Eso-AdenoCa	cna27
1	197045884	201440395	2	2	sim54	Eso-AdenoCa	cna28
1	201440396	201552317	2	0	sim54	Eso-AdenoCa	cna29
1	201552318	201581287	2	1	sim54	Eso-AdenoCa	cna30
1	201581288	236948156	1	1	sim54	Eso-AdenoCa	cna31
1	236948157	239958864	2	1	sim54	Eso-AdenoCa	cna32
1	239958865	249250621	2	0	sim54	Eso-AdenoCa	cna33
2	1	5326310	1	1	sim54	Eso-AdenoCa	cna34
2	5326311	10436105	2	0	sim54	Eso-AdenoCa	cna35
2	10436106	10457783	0	1	sim54	Eso-AdenoCa	cna36
2	10457784	21775288	2	2	sim54	Eso-AdenoCa	cna37
2	21775289	22074312	1	1	sim54	Eso-AdenoCa	cna38
2	22074313	22923650	1	0	sim54	Eso-AdenoCa	cna39
2	22923651	22944063	3	3	sim54	Eso-AdenoCa	cna40
2	22944064	23119753	2	1	sim54	Eso-AdenoCa	cna41
2	23119754	23133095	0	0	sim54	Eso-AdenoCa	cna42
2	23133096	114406998	1	1	sim54	Eso-AdenoCa	cna43
2	114406999	139378179	2	1	sim54	Eso-AdenoCa	cna44
2	139378180	152650366	1	0	sim54	Eso-AdenoCa	cna45
2	152650367	153779509	2	1	sim54	Eso-AdenoCa	cna46
2	153779510	153861209	2	2	sim54	Eso-AdenoCa	cna47
2	153861210	153878147	3	1	sim54	Eso-AdenoCa	cna48
2	153878148	243199373	2	0	sim54	Eso-AdenoCa	cna49
3	1	95848085	1	1	sim54	Eso-AdenoCa	cna50
3	95848086	95916376	2	2	sim54	Eso-AdenoCa	cna51
3	95916377	96048288	1	0	sim54	Eso-AdenoCa	cna52
3	96048289	195889742	2	1	sim54	Eso-AdenoCa	cna53
3	195889743	196705858	3	0	sim54	Eso-AdenoCa	cna54
3	196705859	196912882	1	1	sim54	Eso-AdenoCa	cna55
3	196912883	198022430	1	0	sim54	Eso-AdenoCa	cna56
4	1	14973921	1	1	sim54	Eso-AdenoCa	cna57
4	14973922	15632308	2	0	sim54	Eso-AdenoCa	cna58
4	15632309	19151596	2	2	sim54	Eso-AdenoCa	cna59
4	19151597	28526646	3	3	sim54	Eso-AdenoCa	cna60
4	28526647	31817045	2	0	sim54	Eso-AdenoCa	cna61
4	31817046	32454243	2	1	sim54	Eso-AdenoCa	cna62
4	32454244	79459281	1	1	sim54	Eso-AdenoCa	cna63
4	79459282	84972749	2	2	sim54	Eso-AdenoCa	cna64
4	84972750	88118308	2	1	sim54	Eso-AdenoCa	cna65
4	88118309	88550658	1	1	sim54	Eso-AdenoCa	cna66
4	88550659	90845073	3	1	sim54	Eso-AdenoCa	cna67
4	90845074	130541492	2	0	sim54	Eso-AdenoCa	cna68
4	130541493	130554467	1	1	sim54	Eso-AdenoCa	cna69
4	130554468	133962394	2	0	sim54	Eso-AdenoCa	cna70
4	133962395	134281566	2	1	sim54	Eso-AdenoCa	cna71
4	134281567	134322208	3	2	sim54	Eso-AdenoCa	cna72
4	134322209	134473168	2	0	sim54	Eso-AdenoCa	cna73
4	134473169	149173094	2	1	sim54	Eso-AdenoCa	cna74
4	149173095	149180426	4	1	sim54	Eso-AdenoCa	cna75
4	149180427	175225420	2	1	sim54	Eso-AdenoCa	cna76
4	175225421	179563483	3	1	sim54	Eso-AdenoCa	cna77
4	179563484	179687988	1	0	sim54	Eso-AdenoCa	cna78
4	179687989	191146940	1	1	sim54	Eso-AdenoCa	cna79
4	191146941	191154276	3	3	sim54	Eso-AdenoCa	cna80
5	1	172761842	1	1	sim54	Eso-AdenoCa	cna81
5	172761843	172801089	2	1	sim54	Eso-AdenoCa	cna82
5	172801090	172808169	4	1	sim54	Eso-AdenoCa	cna83
5	172808170	172863208	3	0	sim54	Eso-AdenoCa	cna84
5	172863209	172922454	3	1	sim54	Eso-AdenoCa	cna85
5	172922455	174661970	3	0	sim54	Eso-AdenoCa	cna86
5	174661971	178574915	2	1	sim54	Eso-AdenoCa	cna87
5	178574916	178674846	1	1	sim54	Eso-AdenoCa	cna88
5	178674847	180915260	2	2	sim54	Eso-AdenoCa	cna89
6	1	668953	2	1	sim54	Eso-AdenoCa	cna90
6	668954	730164	2	2	sim54	Eso-AdenoCa	cna91
6	730165	748426	2	1	sim54	Eso-AdenoCa	cna92
6	748427	997117	4	1	sim54	Eso-AdenoCa	cna93
6	997118	7284371	1	0	sim54	Eso-AdenoCa	cna94
6	7284372	40318463	2	1	sim54	Eso-AdenoCa	cna95
6	40318464	132453712	1	1	sim54	Eso-AdenoCa	cna96
6	132453713	133146470	1	0	sim54	Eso-AdenoCa	cna97
6	133146471	170859222	3	0	sim54	Eso-AdenoCa	cna98
6	170859223	171115067	0	0	sim54	Eso-AdenoCa	cna99
7	1	132653564	1	1	sim54	Eso-AdenoCa	cna100
7	132653565	136207231	2	2	sim54	Eso-AdenoCa	cna101
7	136207232	148867538	1	1	sim54	Eso-AdenoCa	cna102
7	148867539	149075840	2	1	sim54	Eso-AdenoCa	cna103
7	149075841	159138663	1	0	sim54	Eso-AdenoCa	cna104
8	1	28812683	1	1	sim54	Eso-AdenoCa	cna105
8	28812684	28841920	3	1	sim54	Eso-AdenoCa	cna106
8	28841921	28893934	2	0	sim54	Eso-AdenoCa	cna107
8	28893935	32116463	2	1	sim54	Eso-AdenoCa	cna108
8	32116464	32677425	3	2	sim54	Eso-AdenoCa	cna109
8	32677426	35575301	0	1	sim54	Eso-AdenoCa	cna110
8	35575302	35807110	1	0	sim54	Eso-AdenoCa	cna111
8	35807111	51388989	1	1	sim54	Eso-AdenoCa	cna112
8	51388990	51395546	2	1	sim54	Eso-AdenoCa	cna113
8	51395547	51592113	2	0	sim54	Eso-AdenoCa	cna114
8	51592114	57241493	4	0	sim54	Eso-AdenoCa	cna115
8	57241494	57420620	1	1	sim54	Eso-AdenoCa	cna116
8	57420621	57427168	2	0	sim54	Eso-AdenoCa	cna117
8	57427169	58001468	3	2	sim54	Eso-AdenoCa	cna118
8	58001469	58749089	2	1	sim54	Eso-AdenoCa	cna119
8	58749090	58852232	2	0	sim54	Eso-AdenoCa	cna120
8	58852233	59310362	2	2	sim54	Eso-AdenoCa	cna121
8	59310363	59563921	4	0	sim54	Eso-AdenoCa	cna122
8	59563922	60873800	3	0	sim54	Eso-AdenoCa	cna123
8	60873801	63203213	2	2	sim54	Eso-AdenoCa	cna124
8	63203214	79617907	3	1	sim54	Eso-AdenoCa	cna125
8	79617908	80938079	2	0	sim54	Eso-AdenoCa	cna126
8	80938080	81985665	2	1	sim54	Eso-AdenoCa	cna127
8	81985666	92615132	1	0	sim54	Eso-AdenoCa	cna128
8	92615133	93896121	2	2	sim54	Eso-AdenoCa	cna129
8	93896122	94998537	2	1	sim54	Eso-AdenoCa	cna130
8	94998538	95154895	3	2	sim54	Eso-AdenoCa	cna131
8	95154896	103830865	1	1	sim54	Eso-AdenoCa	cna132
8	103830866	104012976	2	0	sim54	Eso-AdenoCa	cna133
8	104012977	104114675	2	1	sim54	Eso-AdenoCa	cna134
8	104114676	109049553	1	1	sim54	Eso-AdenoCa	cna135
8	109049554	111180500	2	1	sim54	Eso-AdenoCa	cna136
8	111180501	111325279	1	0	sim54	Eso-AdenoCa	cna137
8	111325280	111768677	2	1	sim54	Eso-AdenoCa	cna138
8	111768678	118179026	1	1	sim54	Eso-AdenoCa	cna139
8	118179027	118233685	6	1	sim54	Eso-AdenoCa	cna140
8	118233686	120915243	2	1	sim54	Eso-AdenoCa	cna141
8	120915244	132775347	3	0	sim54	Eso-AdenoCa	cna142
8	132775348	135632919	3	2	sim54	Eso-AdenoCa	cna143
8	135632920	135932408	3	1	sim54	Eso-AdenoCa	cna144
8	135932409	146364022	3	2	sim54	Eso-AdenoCa	cna145
9	1	52857027	1	0	sim54	Eso-AdenoCa	cna146
9	52857028	63727319	2	1	sim54	Eso-AdenoCa	cna147
9	63727320	77104229	3	3	sim54	Eso-AdenoCa	cna148
9	77104230	77141982	3	1	sim54	Eso-AdenoCa	cna149
9	77141983	77275323	3	0	sim54	Eso-AdenoCa	cna150
9	77275324	127076567	2	0	sim54	Eso-AdenoCa	cna151
9	127076568	127528778	4	2	sim54	Eso-AdenoCa	cna152
9	127528779	127537650	2	1	sim54	Eso-AdenoCa	cna153
9	127537651	138273332	1	0	sim54	Eso-AdenoCa	cna154
9	138273333	140563748	2	0	sim54	Eso-AdenoCa	cna155
9	140563749	141213431	1	1	sim54	Eso-AdenoCa	cna156
10	1	126362394	1	1	sim54	Eso-AdenoCa	cna157
10	126362395	129697739	1	0	sim54	Eso-AdenoCa	cna158
10	129697740	129730612	3	0	sim54	Eso-AdenoCa	cna159
10	129730613	135534747	2	1	sim54	Eso-AdenoCa	cna160
11	1	4146638	2	0	sim54	Eso-AdenoCa	cna161
11	4146639	14157953	1	0	sim54	Eso-AdenoCa	cna162
11	14157954	14265574	1	1	sim54	Eso-AdenoCa	cna163
11	14265575	14555742	3	1	sim54	Eso-AdenoCa	cna164
11	14555743	14562645	2	1	sim54	Eso-AdenoCa	cna165
11	14562646	14658977	1	1	sim54	Eso-AdenoCa	cna166
11	14658978	17853282	2	1	sim54	Eso-AdenoCa	cna167
11	17853283	21285171	3	2	sim54	Eso-AdenoCa	cna168
11	21285172	31640617	2	1	sim54	Eso-AdenoCa	cna169
11	31640618	31689429	3	3	sim54	Eso-AdenoCa	cna170
11	31689430	53602643	2	0	sim54	Eso-AdenoCa	cna171
11	53602644	73939369	2	2	sim54	Eso-AdenoCa	cna172
11	73939370	90310274	1	1	sim54	Eso-AdenoCa	cna173
11	90310275	96872666	2	0	sim54	Eso-AdenoCa	cna174
11	96872667	97048422	1	1	sim54	Eso-AdenoCa	cna175
11	97048423	101297513	3	0	sim54	Eso-AdenoCa	cna176
11	101297514	102801909	2	2	sim54	Eso-AdenoCa	cna177
11	102801910	102908982	2	0	sim54	Eso-AdenoCa	cna178
11	102908983	107976293	2	2	sim54	Eso-AdenoCa	cna179
11	107976294	112244032	3	1	sim54	Eso-AdenoCa	cna180
11	112244033	113042865	1	0	sim54	Eso-AdenoCa	cna181
11	113042866	113079782	3	1	sim54	Eso-AdenoCa	cna182
11	113079783	125385185	2	0	sim54	Eso-AdenoCa	cna183
11	125385186	126335729	4	0	sim54	Eso-AdenoCa	cna184
11	126335730	126694777	2	1	sim54	Eso-AdenoCa	cna185
11	126694778	129451386	1	1	sim54	Eso-AdenoCa	cna186
11	129451387	129570767	2	1	sim54	Eso-AdenoCa	cna187
11	129570768	134906229	2	0	sim54	Eso-AdenoCa	cna188
11	134906230	135006516	1	0	sim54	Eso-AdenoCa	cna189
12	1	16711886	1	1	sim54	Eso-AdenoCa	cna190
12	16711887	19607705	4	0	sim54	Eso-AdenoCa	cna191
12	19607706	19663698	2	1	sim54	Eso-AdenoCa	cna192
12	19663699	19782713	2	0	sim54	Eso-AdenoCa	cna193
12	19782714	19833064	4	1	sim54	Eso-AdenoCa	cna194
12	19833065	20196988	2	1	sim54	Eso-AdenoCa	cna195
12	20196989	20263458	3	1	sim54	Eso-AdenoCa	cna196
12	20263459	55972335	2	0	sim54	Eso-AdenoCa	cna197
12	55972336	56002325	1	0	sim54	Eso-AdenoCa	cna198
12	56002326	67527762	1	1	sim54	Eso-AdenoCa	cna199
12	67527763	67612591	2	1	sim54	Eso-AdenoCa	cna200
12	67612592	67620092	4	1	sim54	Eso-AdenoCa	cna201
12	67620093	68010232	1	1	sim54	Eso-AdenoCa	cna202
12	68010233	78760016	1	0	sim54	Eso-AdenoCa	cna203
12	78760017	78767523	2	3	sim54	Eso-AdenoCa	cna204
12	78767524	78814507	1	0	sim54	Eso-AdenoCa	cna205
12	78814508	78916969	2	1	sim54	Eso-AdenoCa	cna206
12	78916970	83304650	1	1	sim54	Eso-AdenoCa	cna207
12	83304651	130757734	1	0	sim54	Eso-AdenoCa	cna208
12	130757735	132586686	0	0	sim54	Eso-AdenoCa	cna209
12	132586687	132796814	4	1	sim54	Eso-AdenoCa	cna210
12	132796815	133851895	2	1	sim54	Eso-AdenoCa	cna211
13	1	22101642	2	2	sim54	Eso-AdenoCa	cna212
13	22101643	60550186	1	0	sim54	Eso-AdenoCa	cna213
13	60550187	70261029	2	0	sim54	Eso-AdenoCa	cna214
13	70261030	70445062	1	1	sim54	Eso-AdenoCa	cna215
13	70445063	72250414	3	0	sim54	Eso-AdenoCa	cna216
13	72250415	72384072	2	1	sim54	Eso-AdenoCa	cna217
13	72384073	78093401	3	2	sim54	Eso-AdenoCa	cna218
13	78093402	84339261	3	1	sim54	Eso-AdenoCa	cna219
13	84339262	88655673	1	0	sim54	Eso-AdenoCa	cna220
13	88655674	109483960	1	1	sim54	Eso-AdenoCa	cna221
13	109483961	112384830	2	2	sim54	Eso-AdenoCa	cna222
13	112384831	112735647	2	1	sim54	Eso-AdenoCa	cna223
13	112735648	115161240	2	0	sim54	Eso-AdenoCa	cna224
13	115161241	115169878	3	1	sim54	Eso-AdenoCa	cna225
14	1	51411870	1	1	sim54	Eso-AdenoCa	cna226
14	51411871	51767068	2	1	sim54	Eso-AdenoCa	cna227
14	51767069	52526906	2	0	sim54	Eso-AdenoCa	cna228
14	52526907	56734150	3	1	sim54	Eso-AdenoCa	cna229
14	56734151	107213623	1	0	sim54	Eso-AdenoCa	cna230
14	107213624	107226070	2	1	sim54	Eso-AdenoCa	cna231
14	107226071	107349540	2	2	sim54	Eso-AdenoCa	cna232
15	1	14199	2	1	sim54	Eso-AdenoCa	cna233
15	14200	69108	1	0	sim54	Eso-AdenoCa	cna234
15	69109	471677	2	1	sim54	Eso-AdenoCa	cna235
15	471678	23225627	1	0	sim54	Eso-AdenoCa	cna236
15	23225628	24881033	2	1	sim54	Eso-AdenoCa	cna237
15	24881034	24982153	5	1	sim54	Eso-AdenoCa	cna238
15	24982154	47417581	4	2	sim54	Eso-AdenoCa	cna239
15	47417582	47673635	1	1	sim54	Eso-AdenoCa	cna240
15	47673636	48662080	5	2	sim54	Eso-AdenoCa	cna241
15	48662081	62661769	2	0	sim54	Eso-AdenoCa	cna242
15	62661770	74562136	2	2	sim54	Eso-AdenoCa	cna243
15	74562137	74621112	3	0	sim54	Eso-AdenoCa	cna244
15	74621113	74807563	4	1	sim54	Eso-AdenoCa	cna245
15	74807564	75223538	2	1	sim54	Eso-AdenoCa	cna246
15	75223539	75503408	2	0	sim54	Eso-AdenoCa	cna247
15	75503409	76311435	2	2	sim54	Eso-AdenoCa	cna248
15	76311436	82832326	1	0	sim54	Eso-AdenoCa	cna249
15	82832327	91297224	2	1	sim54	Eso-AdenoCa	cna250
15	91297225	94453959	1	1	sim54	Eso-AdenoCa	cna251
15	94453960	95939386	1	0	sim54	Eso-AdenoCa	cna252
15	95939387	101101333	1	1	sim54	Eso-AdenoCa	cna253
15	101101334	101274936	2	1	sim54	Eso-AdenoCa	cna254
15	101274937	101356518	3	1	sim54	Eso-AdenoCa	cna255
15	101356519	102531392	2	0	sim54	Eso-AdenoCa	cna256
16	1	14656355	2	1	sim54	Eso-AdenoCa	cna257
16	14656356	23594356	0	0	sim54	Eso-AdenoCa	cna258
16	23594357	27207915	2	1	sim54	Eso-AdenoCa	cna259
16	27207916	27661819	5	1	sim54	Eso-AdenoCa	cna260
16	27661820	27692120	2	0	sim54	Eso-AdenoCa	cna261
16	27692121	28465962	4	3	sim54	Eso-AdenoCa	cna262
16	28465963	28587781	2	0	sim54	Eso-AdenoCa	cna263
16	28587782	38200734	1	0	sim54	Eso-AdenoCa	cna264
16	38200735	39321743	4	3	sim54	Eso-AdenoCa	cna265
16	39321744	39379501	1	0	sim54	Eso-AdenoCa	cna266
16	39379502	86446067	2	2	sim54	Eso-AdenoCa	cna267
16	86446068	86559772	2	1	sim54	Eso-AdenoCa	cna268
16	86559773	86567096	5	2	sim54	Eso-AdenoCa	cna269
16	86567097	87387044	3	1	sim54	Eso-AdenoCa	cna270
16	87387045	88015572	1	0	sim54	Eso-AdenoCa	cna271
16	88015573	88179804	3	1	sim54	Eso-AdenoCa	cna272
16	88179805	88610296	4	1	sim54	Eso-AdenoCa	cna273
16	88610297	90164030	2	2	sim54	Eso-AdenoCa	cna274
16	90164031	90321782	3	0	sim54	Eso-AdenoCa	cna275
16	90321783	90354753	2	1	sim54	Eso-AdenoCa	cna276
17	1	55523365	1	1	sim54	Eso-AdenoCa	cna277
17	55523366	55616193	1	0	sim54	Eso-AdenoCa	cna278
17	55616194	55662801	1	1	sim54	Eso-AdenoCa	cna279
17	55662802	56144737	1	0	sim54	Eso-AdenoCa	cna280
17	56144738	56244944	2	0	sim54	Eso-AdenoCa	cna281
17	56244945	78810556	1	1	sim54	Eso-AdenoCa	cna282
17	78810557	78872866	4	2	sim54	Eso-AdenoCa	cna283
17	78872867	79028625	1	1	sim54	Eso-AdenoCa	cna284
17	79028626	81195210	2	1	sim54	Eso-AdenoCa	cna285
18	1	232408	3	3	sim54	Eso-AdenoCa	cna286
18	232409	1479234	4	1	sim54	Eso-AdenoCa	cna287
18	1479235	1498873	2	2	sim54	Eso-AdenoCa	cna288
18	1498874	18216055	2	0	sim54	Eso-AdenoCa	cna289
18	18216056	19889676	3	1	sim54	Eso-AdenoCa	cna290
18	19889677	26073759	2	2	sim54	Eso-AdenoCa	cna291
18	26073760	26165388	1	0	sim54	Eso-AdenoCa	cna292
18	26165389	78056702	1	1	sim54	Eso-AdenoCa	cna293
18	78056703	78077248	4	1	sim54	Eso-AdenoCa	cna294
19	1	23793394	2	1	sim54	Eso-AdenoCa	cna295
19	23793395	23801291	2	3	sim54	Eso-AdenoCa	cna296
19	23801292	24027609	1	0	sim54	Eso-AdenoCa	cna297
19	24027610	24248872	1	1	sim54	Eso-AdenoCa	cna298
19	24248873	24331976	2	2	sim54	Eso-AdenoCa	cna299
19	24331977	27788315	1	0	sim54	Eso-AdenoCa	cna300
19	27788316	27867916	4	2	sim54	Eso-AdenoCa	cna301
19	27867917	28300463	3	2	sim54	Eso-AdenoCa	cna302
19	28300464	53655639	4	2	sim54	Eso-AdenoCa	cna303
19	53655640	53843187	2	0	sim54	Eso-AdenoCa	cna304
19	53843188	59128983	2	1	sim54	Eso-AdenoCa	cna305
20	1	899382	4	2	sim54	Eso-AdenoCa	cna306
20	899383	911432	1	1	sim54	Eso-AdenoCa	cna307
20	911433	918224	1	0	sim54	Eso-AdenoCa	cna308
20	918225	10982067	3	1	sim54	Eso-AdenoCa	cna309
20	10982068	11037184	2	1	sim54	Eso-AdenoCa	cna310
20	11037185	23933686	2	2	sim54	Eso-AdenoCa	cna311
20	23933687	24608326	1	1	sim54	Eso-AdenoCa	cna312
20	24608327	27316247	2	1	sim54	Eso-AdenoCa	cna313
20	27316248	27323033	2	0	sim54	Eso-AdenoCa	cna314
20	27323034	27367530	2	1	sim54	Eso-AdenoCa	cna315
20	27367531	27781888	1	0	sim54	Eso-AdenoCa	cna316
20	27781889	27908070	2	1	sim54	Eso-AdenoCa	cna317
20	27908071	28634855	4	1	sim54	Eso-AdenoCa	cna318
20	28634856	29043699	2	0	sim54	Eso-AdenoCa	cna319
20	29043700	31512027	5	1	sim54	Eso-AdenoCa	cna320
20	31512028	55664583	2	1	sim54	Eso-AdenoCa	cna321
20	55664584	62799745	2	2	sim54	Eso-AdenoCa	cna322
20	62799746	63025520	2	1	sim54	Eso-AdenoCa	cna323
21	1	45446984	2	0	sim54	Eso-AdenoCa	cna324
21	45446985	47288399	3	3	sim54	Eso-AdenoCa	cna325
21	47288400	47345680	3	1	sim54	Eso-AdenoCa	cna326
21	47345681	47559756	2	0	sim54	Eso-AdenoCa	cna327
21	47559757	47573433	1	0	sim54	Eso-AdenoCa	cna328
21	47573434	48129895	3	2	sim54	Eso-AdenoCa	cna329
22	1	6394928	1	1	sim54	Eso-AdenoCa	cna330
22	6394929	11182470	2	0	sim54	Eso-AdenoCa	cna331
22	11182471	14451320	1	1	sim54	Eso-AdenoCa	cna332
22	14451321	15038668	0	0	sim54	Eso-AdenoCa	cna333
22	15038669	48433773	2	2	sim54	Eso-AdenoCa	cna334
22	48433774	51304566	2	0	sim54	Eso-AdenoCa	cna335
X	1	47222759	1	1	sim54	Eso-AdenoCa	cna336
X	47222760	47387300	2	2	sim54	Eso-AdenoCa	cna337
X	47387301	53359092	2	1	sim54	Eso-AdenoCa	cna338
X	53359093	58816781	3	3	sim54	Eso-AdenoCa	cna339
X	58816782	58840272	1	1	sim54	Eso-AdenoCa	cna340
X	58840273	61818720	2	2	sim54	Eso-AdenoCa	cna341
X	61818721	61880046	4	2	sim54	Eso-AdenoCa	cna342
X	61880047	61929333	2	2	sim54	Eso-AdenoCa	cna343
X	61929334	61986226	1	0	sim54	Eso-AdenoCa	cna344
X	61986227	62016885	0	0	sim54	Eso-AdenoCa	cna345
X	62016886	73671067	2	1	sim54	Eso-AdenoCa	cna346
X	73671068	81805265	1	1	sim54	Eso-AdenoCa	cna347
X	81805266	86982892	2	1	sim54	Eso-AdenoCa	cna348
X	86982893	87212330	1	0	sim54	Eso-AdenoCa	cna349
X	87212331	88698071	2	2	sim54	Eso-AdenoCa	cna350
X	88698072	88781180	0	0	sim54	Eso-AdenoCa	cna351
X	88781181	97616514	1	0	sim54	Eso-AdenoCa	cna352
X	97616515	97623187	2	1	sim54	Eso-AdenoCa	cna353
X	97623188	97666414	1	0	sim54	Eso-AdenoCa	cna354
X	97666415	97942075	1	1	sim54	Eso-AdenoCa	cna355
X	97942076	101271563	2	1	sim54	Eso-AdenoCa	cna356
X	101271564	101431392	3	1	sim54	Eso-AdenoCa	cna357
X	101431393	106002298	1	1	sim54	Eso-AdenoCa	cna358
X	106002299	106634029	1	0	sim54	Eso-AdenoCa	cna359
X	106634030	106915450	2	1	sim54	Eso-AdenoCa	cna360
X	106915451	109040011	1	0	sim54	Eso-AdenoCa	cna361
X	109040012	109298288	2	0	sim54	Eso-AdenoCa	cna362
X	109298289	110460623	2	2	sim54	Eso-AdenoCa	cna363
X	110460624	110567100	1	1	sim54	Eso-AdenoCa	cna364
X	110567101	111587694	3	3	sim54	Eso-AdenoCa	cna365
X	111587695	113512778	2	2	sim54	Eso-AdenoCa	cna366
X	113512779	114855550	3	1	sim54	Eso-AdenoCa	cna367
X	114855551	133890572	2	1	sim54	Eso-AdenoCa	cna368
X	133890573	134151212	3	1	sim54	Eso-AdenoCa	cna369
X	134151213	134180931	2	3	sim54	Eso-AdenoCa	cna370
X	134180932	134219967	1	1	sim54	Eso-AdenoCa	cna371
X	134219968	145914623	2	0	sim54	Eso-AdenoCa	cna372
X	145914624	155270560	1	0	sim54	Eso-AdenoCa	cna373
Y	1	42815863	1	1	sim54	Eso-AdenoCa	cna374
Y	42815864	59165150	2	2	sim54	Eso-AdenoCa	cna375
Y	59165151	59373566	4	2	sim54	Eso-AdenoCa	cna376
