chrom	start	end	major_cn	minor_cn	donor_id	study	id
1	1	164424	2	1	sim62	Eso-AdenoCa	cna0
1	164425	2301483	2	0	sim62	Eso-AdenoCa	cna1
1	2301484	44620224	2	1	sim62	Eso-AdenoCa	cna2
1	44620225	49723649	6	2	sim62	Eso-AdenoCa	cna3
1	49723650	58760062	2	0	sim62	Eso-AdenoCa	cna4
1	58760063	61894240	2	1	sim62	Eso-AdenoCa	cna5
1	61894241	61931484	4	1	sim62	Eso-AdenoCa	cna6
1	61931485	77566598	2	1	sim62	Eso-AdenoCa	cna7
1	77566599	78791692	0	0	sim62	Eso-AdenoCa	cna8
1	78791693	84875011	2	1	sim62	Eso-AdenoCa	cna9
1	84875012	155566055	2	0	sim62	Eso-AdenoCa	cna10
1	155566056	155752717	3	2	sim62	Eso-AdenoCa	cna11
1	155752718	156270646	1	0	sim62	Eso-AdenoCa	cna12
1	156270647	163175771	4	2	sim62	Eso-AdenoCa	cna13
1	163175772	163185520	2	0	sim62	Eso-AdenoCa	cna14
1	163185521	247335565	2	1	sim62	Eso-AdenoCa	cna15
1	247335566	248446909	2	0	sim62	Eso-AdenoCa	cna16
1	248446910	249231137	4	1	sim62	Eso-AdenoCa	cna17
1	249231138	249240869	3	2	sim62	Eso-AdenoCa	cna18
1	249240870	249250621	2	1	sim62	Eso-AdenoCa	cna19
2	1	1467415	2	1	sim62	Eso-AdenoCa	cna20
2	1467416	55701081	2	2	sim62	Eso-AdenoCa	cna21
2	55701082	97281608	2	1	sim62	Eso-AdenoCa	cna22
2	97281609	99944000	1	0	sim62	Eso-AdenoCa	cna23
2	99944001	100468522	5	2	sim62	Eso-AdenoCa	cna24
2	100468523	137186955	1	1	sim62	Eso-AdenoCa	cna25
2	137186956	141179995	4	3	sim62	Eso-AdenoCa	cna26
2	141179996	141233505	1	0	sim62	Eso-AdenoCa	cna27
2	141233506	146007177	2	2	sim62	Eso-AdenoCa	cna28
2	146007178	169822583	1	1	sim62	Eso-AdenoCa	cna29
2	169822584	194398581	2	0	sim62	Eso-AdenoCa	cna30
2	194398582	212191144	1	0	sim62	Eso-AdenoCa	cna31
2	212191145	243199373	2	0	sim62	Eso-AdenoCa	cna32
3	1	17097656	1	0	sim62	Eso-AdenoCa	cna33
3	17097657	17563418	3	0	sim62	Eso-AdenoCa	cna34
3	17563419	19882413	3	1	sim62	Eso-AdenoCa	cna35
3	19882414	19894163	4	1	sim62	Eso-AdenoCa	cna36
3	19894164	41988680	4	3	sim62	Eso-AdenoCa	cna37
3	41988681	44341954	2	2	sim62	Eso-AdenoCa	cna38
3	44341955	44868918	2	1	sim62	Eso-AdenoCa	cna39
3	44868919	45024167	4	1	sim62	Eso-AdenoCa	cna40
3	45024168	144189635	1	0	sim62	Eso-AdenoCa	cna41
3	144189636	192636566	2	1	sim62	Eso-AdenoCa	cna42
3	192636567	192784634	1	0	sim62	Eso-AdenoCa	cna43
3	192784635	193528011	2	0	sim62	Eso-AdenoCa	cna44
3	193528012	193781173	4	2	sim62	Eso-AdenoCa	cna45
3	193781174	194167808	0	0	sim62	Eso-AdenoCa	cna46
3	194167809	197799781	3	2	sim62	Eso-AdenoCa	cna47
3	197799782	198022430	3	0	sim62	Eso-AdenoCa	cna48
4	1	135589066	3	0	sim62	Eso-AdenoCa	cna49
4	135589067	135727079	5	1	sim62	Eso-AdenoCa	cna50
4	135727080	137100724	3	0	sim62	Eso-AdenoCa	cna51
4	137100725	137125950	2	1	sim62	Eso-AdenoCa	cna52
4	137125951	140947018	1	0	sim62	Eso-AdenoCa	cna53
4	140947019	161604512	3	2	sim62	Eso-AdenoCa	cna54
4	161604513	161715235	2	0	sim62	Eso-AdenoCa	cna55
4	161715236	181808716	2	1	sim62	Eso-AdenoCa	cna56
4	181808717	190966963	2	2	sim62	Eso-AdenoCa	cna57
4	190966964	190979649	6	2	sim62	Eso-AdenoCa	cna58
4	190979650	191051083	2	2	sim62	Eso-AdenoCa	cna59
4	191051084	191154276	3	0	sim62	Eso-AdenoCa	cna60
5	1	20358426	2	0	sim62	Eso-AdenoCa	cna61
5	20358427	20489559	1	1	sim62	Eso-AdenoCa	cna62
5	20489560	84496513	2	1	sim62	Eso-AdenoCa	cna63
5	84496514	116287389	2	2	sim62	Eso-AdenoCa	cna64
5	116287390	117631233	2	0	sim62	Eso-AdenoCa	cna65
5	117631234	117671997	2	1	sim62	Eso-AdenoCa	cna66
5	117671998	117681751	4	1	sim62	Eso-AdenoCa	cna67
5	117681752	154767394	2	2	sim62	Eso-AdenoCa	cna68
5	154767395	154921039	2	1	sim62	Eso-AdenoCa	cna69
5	154921040	154940550	3	2	sim62	Eso-AdenoCa	cna70
5	154940551	172308052	3	1	sim62	Eso-AdenoCa	cna71
5	172308053	172591979	2	1	sim62	Eso-AdenoCa	cna72
5	172591980	173098427	0	0	sim62	Eso-AdenoCa	cna73
5	173098428	174156832	1	0	sim62	Eso-AdenoCa	cna74
5	174156833	180915260	2	1	sim62	Eso-AdenoCa	cna75
6	1	47209269	4	2	sim62	Eso-AdenoCa	cna76
6	47209270	67262376	4	1	sim62	Eso-AdenoCa	cna77
6	67262377	67351774	5	1	sim62	Eso-AdenoCa	cna78
6	67351775	69330800	2	0	sim62	Eso-AdenoCa	cna79
6	69330801	72220998	2	1	sim62	Eso-AdenoCa	cna80
6	72220999	153353063	1	0	sim62	Eso-AdenoCa	cna81
6	153353064	171115067	3	1	sim62	Eso-AdenoCa	cna82
7	1	23376656	1	0	sim62	Eso-AdenoCa	cna83
7	23376657	42124968	2	0	sim62	Eso-AdenoCa	cna84
7	42124969	42605949	2	1	sim62	Eso-AdenoCa	cna85
7	42605950	43341419	2	2	sim62	Eso-AdenoCa	cna86
7	43341420	43353820	2	0	sim62	Eso-AdenoCa	cna87
7	43353821	146974593	1	0	sim62	Eso-AdenoCa	cna88
7	146974594	154136997	2	0	sim62	Eso-AdenoCa	cna89
7	154136998	154240266	4	2	sim62	Eso-AdenoCa	cna90
7	154240267	155178628	2	1	sim62	Eso-AdenoCa	cna91
7	155178629	159138663	2	0	sim62	Eso-AdenoCa	cna92
8	1	15919536	2	2	sim62	Eso-AdenoCa	cna93
8	15919537	21386960	1	0	sim62	Eso-AdenoCa	cna94
8	21386961	90211424	2	0	sim62	Eso-AdenoCa	cna95
8	90211425	91487361	2	1	sim62	Eso-AdenoCa	cna96
8	91487362	92583698	1	0	sim62	Eso-AdenoCa	cna97
8	92583699	103327838	2	1	sim62	Eso-AdenoCa	cna98
8	103327839	103752048	2	2	sim62	Eso-AdenoCa	cna99
8	103752049	107552352	4	0	sim62	Eso-AdenoCa	cna100
8	107552353	109666875	1	0	sim62	Eso-AdenoCa	cna101
8	109666876	109983964	2	1	sim62	Eso-AdenoCa	cna102
8	109983965	121465050	1	0	sim62	Eso-AdenoCa	cna103
8	121465051	132564709	2	1	sim62	Eso-AdenoCa	cna104
8	132564710	144582243	3	2	sim62	Eso-AdenoCa	cna105
8	144582244	146352613	4	1	sim62	Eso-AdenoCa	cna106
8	146352614	146364022	2	0	sim62	Eso-AdenoCa	cna107
9	1	82791574	1	1	sim62	Eso-AdenoCa	cna108
9	82791575	83641848	3	0	sim62	Eso-AdenoCa	cna109
9	83641849	83814965	2	1	sim62	Eso-AdenoCa	cna110
9	83814966	88332803	1	0	sim62	Eso-AdenoCa	cna111
9	88332804	88376541	4	1	sim62	Eso-AdenoCa	cna112
9	88376542	91015254	1	0	sim62	Eso-AdenoCa	cna113
9	91015255	98609544	2	1	sim62	Eso-AdenoCa	cna114
9	98609545	98762464	3	1	sim62	Eso-AdenoCa	cna115
9	98762465	141028635	1	0	sim62	Eso-AdenoCa	cna116
9	141028636	141213431	3	1	sim62	Eso-AdenoCa	cna117
10	1	33445512	2	0	sim62	Eso-AdenoCa	cna118
10	33445513	35303660	2	1	sim62	Eso-AdenoCa	cna119
10	35303661	36196132	1	0	sim62	Eso-AdenoCa	cna120
10	36196133	74925904	2	1	sim62	Eso-AdenoCa	cna121
10	74925905	77045896	3	0	sim62	Eso-AdenoCa	cna122
10	77045897	77123934	1	1	sim62	Eso-AdenoCa	cna123
10	77123935	135534747	2	1	sim62	Eso-AdenoCa	cna124
11	1	15766790	1	0	sim62	Eso-AdenoCa	cna125
11	15766791	23737870	1	1	sim62	Eso-AdenoCa	cna126
11	23737871	24458382	1	0	sim62	Eso-AdenoCa	cna127
11	24458383	25157736	3	2	sim62	Eso-AdenoCa	cna128
11	25157737	30233167	1	0	sim62	Eso-AdenoCa	cna129
11	30233168	30573486	3	1	sim62	Eso-AdenoCa	cna130
11	30573487	34003890	2	0	sim62	Eso-AdenoCa	cna131
11	34003891	35964311	3	1	sim62	Eso-AdenoCa	cna132
11	35964312	77298473	1	0	sim62	Eso-AdenoCa	cna133
11	77298474	77373812	2	3	sim62	Eso-AdenoCa	cna134
11	77373813	77384335	2	2	sim62	Eso-AdenoCa	cna135
11	77384336	97873870	2	0	sim62	Eso-AdenoCa	cna136
11	97873871	106302458	0	0	sim62	Eso-AdenoCa	cna137
11	106302459	106470259	4	0	sim62	Eso-AdenoCa	cna138
11	106470260	124463860	2	0	sim62	Eso-AdenoCa	cna139
11	124463861	124495348	1	0	sim62	Eso-AdenoCa	cna140
11	124495349	124767976	2	2	sim62	Eso-AdenoCa	cna141
11	124767977	132839743	2	1	sim62	Eso-AdenoCa	cna142
11	132839744	132906645	3	1	sim62	Eso-AdenoCa	cna143
11	132906646	135006516	2	0	sim62	Eso-AdenoCa	cna144
12	1	123345666	2	0	sim62	Eso-AdenoCa	cna145
12	123345667	133651952	2	1	sim62	Eso-AdenoCa	cna146
12	133651953	133776751	1	0	sim62	Eso-AdenoCa	cna147
12	133776752	133842223	4	1	sim62	Eso-AdenoCa	cna148
12	133842224	133851895	1	0	sim62	Eso-AdenoCa	cna149
13	1	729466	3	2	sim62	Eso-AdenoCa	cna150
13	729467	819973	0	0	sim62	Eso-AdenoCa	cna151
13	819974	1424761	2	0	sim62	Eso-AdenoCa	cna152
13	1424762	3258374	2	1	sim62	Eso-AdenoCa	cna153
13	3258375	22686894	2	2	sim62	Eso-AdenoCa	cna154
13	22686895	30843826	2	0	sim62	Eso-AdenoCa	cna155
13	30843827	32844354	3	2	sim62	Eso-AdenoCa	cna156
13	32844355	38793785	2	0	sim62	Eso-AdenoCa	cna157
13	38793786	38817184	2	1	sim62	Eso-AdenoCa	cna158
13	38817185	39412884	3	1	sim62	Eso-AdenoCa	cna159
13	39412885	44088054	2	0	sim62	Eso-AdenoCa	cna160
13	44088055	99494775	2	1	sim62	Eso-AdenoCa	cna161
13	99494776	115169878	4	2	sim62	Eso-AdenoCa	cna162
14	1	1342715	1	0	sim62	Eso-AdenoCa	cna163
14	1342716	7558581	2	1	sim62	Eso-AdenoCa	cna164
14	7558582	28595908	1	0	sim62	Eso-AdenoCa	cna165
14	28595909	29022487	2	0	sim62	Eso-AdenoCa	cna166
14	29022488	68009192	3	2	sim62	Eso-AdenoCa	cna167
14	68009193	68585414	2	1	sim62	Eso-AdenoCa	cna168
14	68585415	68649285	3	0	sim62	Eso-AdenoCa	cna169
14	68649286	68659439	4	1	sim62	Eso-AdenoCa	cna170
14	68659440	68947752	2	1	sim62	Eso-AdenoCa	cna171
14	68947753	74312356	2	0	sim62	Eso-AdenoCa	cna172
14	74312357	94464020	2	1	sim62	Eso-AdenoCa	cna173
14	94464021	106767976	3	1	sim62	Eso-AdenoCa	cna174
14	106767977	107110293	2	0	sim62	Eso-AdenoCa	cna175
14	107110294	107349540	1	0	sim62	Eso-AdenoCa	cna176
15	1	8075356	4	2	sim62	Eso-AdenoCa	cna177
15	8075357	14110120	3	0	sim62	Eso-AdenoCa	cna178
15	14110121	102510971	2	0	sim62	Eso-AdenoCa	cna179
15	102510972	102531392	2	1	sim62	Eso-AdenoCa	cna180
16	1	9789938	2	1	sim62	Eso-AdenoCa	cna181
16	9789939	9852978	3	1	sim62	Eso-AdenoCa	cna182
16	9852979	10517030	3	0	sim62	Eso-AdenoCa	cna183
16	10517031	10817271	3	2	sim62	Eso-AdenoCa	cna184
16	10817272	10867502	2	1	sim62	Eso-AdenoCa	cna185
16	10867503	19607055	1	0	sim62	Eso-AdenoCa	cna186
16	19607056	19618223	2	1	sim62	Eso-AdenoCa	cna187
16	19618224	20188234	1	0	sim62	Eso-AdenoCa	cna188
16	20188235	60063218	2	1	sim62	Eso-AdenoCa	cna189
16	60063219	74417918	5	2	sim62	Eso-AdenoCa	cna190
16	74417919	74478451	0	0	sim62	Eso-AdenoCa	cna191
16	74478452	74528265	2	2	sim62	Eso-AdenoCa	cna192
16	74528266	74597591	1	0	sim62	Eso-AdenoCa	cna193
16	74597592	90354753	2	1	sim62	Eso-AdenoCa	cna194
17	1	55169906	2	2	sim62	Eso-AdenoCa	cna195
17	55169907	81195210	1	0	sim62	Eso-AdenoCa	cna196
18	1	3489699	1	0	sim62	Eso-AdenoCa	cna197
18	3489700	6049113	2	0	sim62	Eso-AdenoCa	cna198
18	6049114	7691182	0	1	sim62	Eso-AdenoCa	cna199
18	7691183	8875192	3	3	sim62	Eso-AdenoCa	cna200
18	8875193	9036341	3	1	sim62	Eso-AdenoCa	cna201
18	9036342	20227316	4	1	sim62	Eso-AdenoCa	cna202
18	20227317	25999135	3	1	sim62	Eso-AdenoCa	cna203
18	25999136	27522309	1	0	sim62	Eso-AdenoCa	cna204
18	27522310	63851245	2	2	sim62	Eso-AdenoCa	cna205
18	63851246	77252277	3	3	sim62	Eso-AdenoCa	cna206
18	77252278	78077248	2	1	sim62	Eso-AdenoCa	cna207
19	1	59128983	2	2	sim62	Eso-AdenoCa	cna208
20	1	63025520	2	2	sim62	Eso-AdenoCa	cna209
21	1	22903279	2	2	sim62	Eso-AdenoCa	cna210
21	22903280	42800631	2	1	sim62	Eso-AdenoCa	cna211
21	42800632	43569923	2	0	sim62	Eso-AdenoCa	cna212
21	43569924	44236485	2	1	sim62	Eso-AdenoCa	cna213
21	44236486	44258696	3	1	sim62	Eso-AdenoCa	cna214
21	44258697	45222977	4	2	sim62	Eso-AdenoCa	cna215
21	45222978	48129895	2	1	sim62	Eso-AdenoCa	cna216
22	1	40675894	1	0	sim62	Eso-AdenoCa	cna217
22	40675895	41750826	2	1	sim62	Eso-AdenoCa	cna218
22	41750827	51262341	2	0	sim62	Eso-AdenoCa	cna219
22	51262342	51304566	3	2	sim62	Eso-AdenoCa	cna220
X	1	94104965	2	0	sim62	Eso-AdenoCa	cna221
X	94104966	111313135	1	0	sim62	Eso-AdenoCa	cna222
X	111313136	114769773	5	1	sim62	Eso-AdenoCa	cna223
X	114769774	115221217	3	1	sim62	Eso-AdenoCa	cna224
X	115221218	118327597	2	2	sim62	Eso-AdenoCa	cna225
X	118327598	118641170	3	2	sim62	Eso-AdenoCa	cna226
X	118641171	123935521	5	2	sim62	Eso-AdenoCa	cna227
X	123935522	148933260	2	0	sim62	Eso-AdenoCa	cna228
X	148933261	154967945	3	1	sim62	Eso-AdenoCa	cna229
X	154967946	154980079	2	1	sim62	Eso-AdenoCa	cna230
X	154980080	155270560	2	0	sim62	Eso-AdenoCa	cna231
Y	1	11361449	3	0	sim62	Eso-AdenoCa	cna232
Y	11361450	11593345	2	2	sim62	Eso-AdenoCa	cna233
Y	11593346	13944368	4	0	sim62	Eso-AdenoCa	cna234
Y	13944369	14010195	3	1	sim62	Eso-AdenoCa	cna235
Y	14010196	15089015	2	2	sim62	Eso-AdenoCa	cna236
Y	15089016	16592935	2	1	sim62	Eso-AdenoCa	cna237
Y	16592936	16787726	4	0	sim62	Eso-AdenoCa	cna238
Y	16787727	16918601	4	1	sim62	Eso-AdenoCa	cna239
Y	16918602	16985524	2	1	sim62	Eso-AdenoCa	cna240
Y	16985525	17133940	3	1	sim62	Eso-AdenoCa	cna241
Y	17133941	34910463	2	2	sim62	Eso-AdenoCa	cna242
Y	34910464	35101151	3	1	sim62	Eso-AdenoCa	cna243
Y	35101152	37306962	2	0	sim62	Eso-AdenoCa	cna244
Y	37306963	39071367	2	1	sim62	Eso-AdenoCa	cna245
Y	39071368	52306266	2	3	sim62	Eso-AdenoCa	cna246
Y	52306267	59373566	3	1	sim62	Eso-AdenoCa	cna247
