chrom1	start1	end1	chrom2	start2	end2	strand1	strand2	svclass	id	allele	donor_id	tumor
1	1	2	1	67422	67423	-	+	DUP	cna0	major	sim47	Eso-AdenoCa
1	1	2	1	67422	67423	+	-	DEL	cna0	minor	sim47	Eso-AdenoCa
1	67423	67424	1	584573	584574	-	+	DUP	cna1	major	sim47	Eso-AdenoCa
1	584574	584575	1	876436	876437	-	+	DUP	cna2	major	sim47	Eso-AdenoCa
1	876437	876438	1	1498417	1498418	+	-	DEL	cna3	minor	sim47	Eso-AdenoCa
1	1125900	1125901	1	1145948	1145949	+	+	h2hINV	cna3	major	sim47	Eso-AdenoCa
1	1219000	1219001	1	7200395	7200396	-	-	t2tINV	cna4	major	sim47	Eso-AdenoCa
1	1498418	1498419	1	21929048	21929049	-	+	DUP	cna4	major	sim47	Eso-AdenoCa
1	1498418	1498419	1	21929048	21929049	-	+	DUP	cna4	minor	sim47	Eso-AdenoCa
1	21929049	21929050	1	21949478	21949479	+	-	DEL	cna5	minor	sim47	Eso-AdenoCa
1	21949479	21949480	1	175875272	175875273	-	+	DUP	cna6	major	sim47	Eso-AdenoCa
1	21949479	21949480	1	175875272	175875273	-	+	DUP	cna6	minor	sim47	Eso-AdenoCa
1	163977200	175875272	2	34247511	52822048	-	-	TRA	cna6,cna18	minor,minor	sim47	Eso-AdenoCa
1	172650300	175875272	11	126797187	127725899	-	-	TRA	cna6,cna194	minor,minor	sim47	Eso-AdenoCa
1	175875273	175875274	1	182302859	182302860	-	+	DUP	cna7	major	sim47	Eso-AdenoCa
1	175875273	175875274	1	182302859	182302860	-	+	DUP	cna7	minor	sim47	Eso-AdenoCa
1	182302860	182302861	1	192129570	192129571	-	+	DUP	cna8	major	sim47	Eso-AdenoCa
1	182302860	182302861	1	192129570	192129571	+	-	DEL	cna8	minor	sim47	Eso-AdenoCa
1	183000800	192129570	6	104842885	110301381	-	-	TRA	cna8,cna103	major,major	sim47	Eso-AdenoCa
1	192129571	192129572	1	192432949	192432950	-	+	DUP	cna9	major	sim47	Eso-AdenoCa
1	192432950	192432951	1	206204880	206204881	-	+	DUP	cna10	major	sim47	Eso-AdenoCa
1	192432950	192432951	1	206204880	206204881	+	-	DEL	cna10	minor	sim47	Eso-AdenoCa
1	206204881	206204882	1	211320649	211320650	-	+	DUP	cna11	major	sim47	Eso-AdenoCa
1	211320650	211320651	1	211422738	211422739	-	+	DUP	cna12	major	sim47	Eso-AdenoCa
1	211320650	211320651	1	211422738	211422739	+	-	DEL	cna12	minor	sim47	Eso-AdenoCa
1	211422739	211422740	1	218177276	218177277	-	+	DUP	cna13	major	sim47	Eso-AdenoCa
1	211422739	212541263	14	95483281	106243522	+	+	TRA	cna224,cna13	minor,minor	sim47	Eso-AdenoCa
1	211422739	213365326	20	15096495	42418360	+	-	TRA	cna269,cna13	major,minor	sim47	Eso-AdenoCa
1	215881100	218177276	6	76832187	87109374	-	-	TRA	cna13,cna96	minor,minor	sim47	Eso-AdenoCa
1	218177277	218177278	1	218380479	218380480	-	+	DUP	cna14	major	sim47	Eso-AdenoCa
1	218177277	218177278	1	218380479	218380480	+	-	DEL	cna14	minor	sim47	Eso-AdenoCa
1	218380480	218380481	1	218687164	218687165	+	-	DEL	cna15	major	sim47	Eso-AdenoCa
1	218380480	218380481	1	218687164	218687165	+	-	DEL	cna15	minor	sim47	Eso-AdenoCa
1	218687165	218687166	1	249184400	249184401	-	+	DUP	cna16	major	sim47	Eso-AdenoCa
1	218687165	232034836	6	64437040	66913431	+	-	TRA	cna92,cna16	minor,minor	sim47	Eso-AdenoCa
1	230931024	249184400	19	36766478	55291906	-	-	TRA	cna265,cna16	minor,minor	sim47	Eso-AdenoCa
1	249184401	249184402	1	249250621	249250622	-	+	DUP	cna17	major	sim47	Eso-AdenoCa
2	1	2	2	52822048	52822049	-	+	DUP	cna18	major	sim47	Eso-AdenoCa
2	1	2	2	52822048	52822049	+	-	DEL	cna18	minor	sim47	Eso-AdenoCa
2	37921679	52822048	8	1	8814018	-	+	TRA	cna18,cna130	minor,major	sim47	Eso-AdenoCa
2	52822049	52822050	2	53937106	53937107	-	+	DUP	cna19	major	sim47	Eso-AdenoCa
2	52822049	52822050	2	53937106	53937107	+	-	DEL	cna19	minor	sim47	Eso-AdenoCa
2	53089779	53937106	9	68800716	76260322	-	-	TRA	cna19,cna141	major,minor	sim47	Eso-AdenoCa
2	53937107	53937108	2	59969195	59969196	-	+	DUP	cna20	major	sim47	Eso-AdenoCa
2	59969196	59969197	2	60239998	60239999	+	-	DEL	cna21	major	sim47	Eso-AdenoCa
2	59969196	59969197	2	60239998	60239999	+	-	DEL	cna21	minor	sim47	Eso-AdenoCa
2	60239999	60240000	2	110466039	110466040	-	+	DUP	cna22	minor	sim47	Eso-AdenoCa
2	60239999	109518201	X	152571014	153794648	+	-	TRA	cna293,cna22	major,minor	sim47	Eso-AdenoCa
2	86650318	110466039	10	38172123	44152758	-	+	TRA	cna155,cna22	minor,major	sim47	Eso-AdenoCa
2	110466040	110466041	2	112776390	112776391	-	+	DUP	cna23	major	sim47	Eso-AdenoCa
2	112776391	112776392	2	116952912	116952913	-	+	DUP	cna24	major	sim47	Eso-AdenoCa
2	112776391	112776392	2	116952912	116952913	-	+	DUP	cna24	minor	sim47	Eso-AdenoCa
2	116952913	116952914	2	116973251	116973252	-	+	DUP	cna25	major	sim47	Eso-AdenoCa
2	116973252	116973253	2	148576031	148576032	-	+	DUP	cna26	major	sim47	Eso-AdenoCa
2	116973252	116973253	2	148576031	148576032	+	-	DEL	cna26	minor	sim47	Eso-AdenoCa
2	134874569	148576031	3	84752406	108205629	-	-	TRA	cna38,cna26	minor,minor	sim47	Eso-AdenoCa
2	139622679	148576031	20	43464395	44306015	-	-	TRA	cna270,cna26	minor,minor	sim47	Eso-AdenoCa
2	194670079	205226981	19	55415221	56465627	-	-	TRA	cna27,cna266	major,minor	sim47	Eso-AdenoCa
2	196127479	196127480	2	222358964	222358965	-	-	t2tINV	cna28	major	sim47	Eso-AdenoCa
2	205226982	205226983	2	241608891	241608892	+	-	DEL	cna28	minor	sim47	Eso-AdenoCa
2	241608892	241608893	2	241749246	241749247	-	+	DUP	cna29	major	sim47	Eso-AdenoCa
2	241608892	241608893	2	241749246	241749247	+	-	DEL	cna29	minor	sim47	Eso-AdenoCa
2	241749247	241749248	2	241848739	241848740	-	+	DUP	cna30	major	sim47	Eso-AdenoCa
2	241749247	241749248	2	241848739	241848740	-	+	DUP	cna30	minor	sim47	Eso-AdenoCa
2	241848740	241848741	2	241867864	241867865	-	+	DUP	cna31	major	sim47	Eso-AdenoCa
2	241867865	241867866	2	241878071	241878072	+	-	DEL	cna32	minor	sim47	Eso-AdenoCa
2	241878072	241878073	2	242143730	242143731	-	+	DUP	cna33	major	sim47	Eso-AdenoCa
2	242143731	242143732	2	242194602	242194603	-	+	DUP	cna34	major	sim47	Eso-AdenoCa
2	242143731	242143732	2	242194602	242194603	-	+	DUP	cna34	minor	sim47	Eso-AdenoCa
2	242194603	242194604	2	242260564	242260565	+	-	DEL	cna35	major	sim47	Eso-AdenoCa
2	242194603	242194604	2	242260564	242260565	+	-	DEL	cna35	minor	sim47	Eso-AdenoCa
2	242260565	242260566	2	242461804	242461805	-	+	DUP	cna36	major	sim47	Eso-AdenoCa
3	1	7220163	22	26274880	51304566	+	-	TRA	cna275,cna38	major,minor	sim47	Eso-AdenoCa
3	108205630	108205631	3	108334871	108334872	-	+	DUP	cna39	major	sim47	Eso-AdenoCa
3	108205630	108205631	3	108334871	108334872	-	+	DUP	cna39	minor	sim47	Eso-AdenoCa
3	108334872	108334873	3	108385685	108385686	-	+	DUP	cna40	major	sim47	Eso-AdenoCa
3	108385686	108385687	3	113522096	113522097	-	+	DUP	cna41	major	sim47	Eso-AdenoCa
3	108385686	108385687	3	113522096	113522097	-	+	DUP	cna41	minor	sim47	Eso-AdenoCa
3	113522097	113522098	3	119460988	119460989	-	+	DUP	cna42	major	sim47	Eso-AdenoCa
3	119460989	119460990	3	122156044	122156045	-	+	DUP	cna43	major	sim47	Eso-AdenoCa
3	119460989	119460990	3	122156044	122156045	-	+	DUP	cna43	minor	sim47	Eso-AdenoCa
3	122156045	122156046	3	122507741	122507742	-	+	DUP	cna44	major	sim47	Eso-AdenoCa
3	122156045	122156046	3	122507741	122507742	-	+	DUP	cna44	minor	sim47	Eso-AdenoCa
3	125064725	125064726	3	144284180	144284181	-	+	DUP	cna46	major	sim47	Eso-AdenoCa
3	125064725	125064726	3	144284180	144284181	+	-	DEL	cna46	minor	sim47	Eso-AdenoCa
3	144284181	144284182	3	144296707	144296708	-	+	DUP	cna47	major	sim47	Eso-AdenoCa
3	144284181	144284182	3	144296707	144296708	+	-	DEL	cna47	minor	sim47	Eso-AdenoCa
3	144296708	144296709	3	190649762	190649763	-	+	DUP	cna48	major	sim47	Eso-AdenoCa
3	176739717	190649762	16	81526789	89861561	-	-	TRA	cna246,cna48	minor,minor	sim47	Eso-AdenoCa
3	197997264	197997265	3	198022430	198022431	-	+	DUP	cna50	major	sim47	Eso-AdenoCa
3	197997264	197997265	3	198022430	198022431	+	-	DEL	cna50	minor	sim47	Eso-AdenoCa
4	2240873	2240874	4	2614247	2614248	-	+	DUP	cna52	major	sim47	Eso-AdenoCa
4	2240873	2240874	4	2614247	2614248	+	-	DEL	cna52	minor	sim47	Eso-AdenoCa
4	2614248	2614249	4	11656992	11656993	-	+	DUP	cna53	major	sim47	Eso-AdenoCa
4	2614248	2614249	4	11656992	11656993	-	+	DUP	cna53	minor	sim47	Eso-AdenoCa
4	11811602	11811603	4	11924912	11924913	-	+	DUP	cna55	major	sim47	Eso-AdenoCa
4	11811602	11811603	4	11924912	11924913	+	-	DEL	cna55	minor	sim47	Eso-AdenoCa
4	11924913	11924914	4	12257736	12257737	-	+	DUP	cna56	major	sim47	Eso-AdenoCa
4	11924913	11924914	4	12257736	12257737	+	-	DEL	cna56	minor	sim47	Eso-AdenoCa
4	12257737	12257738	4	14963427	14963428	+	-	DEL	cna57	minor	sim47	Eso-AdenoCa
4	14963428	14963429	4	15085845	15085846	-	+	DUP	cna58	major	sim47	Eso-AdenoCa
4	14963428	14963429	4	15085845	15085846	+	-	DEL	cna58	minor	sim47	Eso-AdenoCa
4	15085846	15085847	4	28752010	28752011	-	+	DUP	cna59	major	sim47	Eso-AdenoCa
4	15085846	15085847	4	28752010	28752011	-	+	DUP	cna59	minor	sim47	Eso-AdenoCa
4	28752011	28752012	4	30250922	30250923	-	+	DUP	cna60	major	sim47	Eso-AdenoCa
4	28752011	28752012	4	30250922	30250923	+	-	DEL	cna60	minor	sim47	Eso-AdenoCa
4	30250923	30250924	4	30292830	30292831	-	+	DUP	cna61	major	sim47	Eso-AdenoCa
4	30292831	30292832	4	30302662	30302663	-	+	DUP	cna62	major	sim47	Eso-AdenoCa
4	30302663	30302664	4	30360501	30360502	+	-	DEL	cna63	major	sim47	Eso-AdenoCa
4	30302663	30302664	4	30360501	30360502	+	-	DEL	cna63	minor	sim47	Eso-AdenoCa
4	30360502	30360503	4	32668380	32668381	-	+	DUP	cna64	major	sim47	Eso-AdenoCa
4	30360502	30360503	4	32668380	32668381	-	+	DUP	cna64	minor	sim47	Eso-AdenoCa
4	32668381	32668382	4	92020468	92020469	-	+	DUP	cna65	major	sim47	Eso-AdenoCa
4	32668381	56502077	5	37082067	44958280	+	-	TRA	cna65,cna81	minor,major	sim47	Eso-AdenoCa
4	43127976	43127977	4	43137992	43137993	-	-	t2tINV	cna65	minor	sim47	Eso-AdenoCa
4	92020469	92020470	4	108700685	108700686	-	+	DUP	cna66	major	sim47	Eso-AdenoCa
4	92020469	92020470	4	108700685	108700686	-	+	DUP	cna66	minor	sim47	Eso-AdenoCa
4	92916676	108700685	11	17168384	22252375	-	+	TRA	cna66,cna169	minor,major	sim47	Eso-AdenoCa
4	108700686	108700687	4	109625999	109626000	-	+	DUP	cna67	major	sim47	Eso-AdenoCa
4	108700686	108700687	4	109625999	109626000	+	-	DEL	cna67	minor	sim47	Eso-AdenoCa
4	109626000	109626001	4	109843435	109843436	-	+	DUP	cna68	major	sim47	Eso-AdenoCa
4	109626000	109626001	4	109843435	109843436	-	+	DUP	cna68	minor	sim47	Eso-AdenoCa
4	109843436	109843437	4	109894073	109894074	+	-	DEL	cna69	minor	sim47	Eso-AdenoCa
4	109894074	109894075	4	116569374	116569375	-	+	DUP	cna70	major	sim47	Eso-AdenoCa
4	109894074	110353709	12	65186294	65493240	+	-	TRA	cna198,cna70	major,minor	sim47	Eso-AdenoCa
4	116569375	116569376	4	117732404	117732405	-	+	DUP	cna71	major	sim47	Eso-AdenoCa
4	116569375	116569376	4	117732404	117732405	+	-	DEL	cna71	minor	sim47	Eso-AdenoCa
4	117732405	117732406	4	162776491	162776492	-	+	DUP	cna72	major	sim47	Eso-AdenoCa
4	161397000	162776491	X	12636014	22426099	-	-	TRA	cna279,cna72	minor,major	sim47	Eso-AdenoCa
4	162776492	162776493	4	169622384	169622385	-	+	DUP	cna73	major	sim47	Eso-AdenoCa
4	162776492	162776493	4	169622384	169622385	+	-	DEL	cna73	minor	sim47	Eso-AdenoCa
4	169622385	169622386	4	179549518	179549519	-	+	DUP	cna74	major	sim47	Eso-AdenoCa
4	169622385	169622386	4	179549518	179549519	-	+	DUP	cna74	minor	sim47	Eso-AdenoCa
4	179549519	179549520	4	190884984	190884985	+	-	DEL	cna75	major	sim47	Eso-AdenoCa
4	179549519	179549520	4	190884984	190884985	+	-	DEL	cna75	minor	sim47	Eso-AdenoCa
4	190884985	190884986	4	191124753	191124754	-	+	DUP	cna76	major	sim47	Eso-AdenoCa
4	190884985	190884986	4	191124753	191124754	-	+	DUP	cna76	minor	sim47	Eso-AdenoCa
4	191124754	191124755	4	191134571	191134572	-	+	DUP	cna77	major	sim47	Eso-AdenoCa
4	191134572	191134573	4	191154276	191154277	+	-	DEL	cna78	minor	sim47	Eso-AdenoCa
5	1	2	5	32811577	32811578	-	+	DUP	cna79	major	sim47	Eso-AdenoCa
5	22711800	32811577	8	25003502	43437659	-	+	TRA	cna79,cna131	major,minor	sim47	Eso-AdenoCa
5	32811578	32811579	5	34580545	34580546	-	+	DUP	cna80	major	sim47	Eso-AdenoCa
5	32811578	32811579	5	34580545	34580546	+	-	DEL	cna80	minor	sim47	Eso-AdenoCa
5	34580546	34580547	5	44958280	44958281	+	-	DEL	cna81	minor	sim47	Eso-AdenoCa
5	44958281	44958282	5	66559465	66559466	-	+	DUP	cna82	major	sim47	Eso-AdenoCa
5	44958281	44958282	5	66559465	66559466	+	-	DEL	cna82	minor	sim47	Eso-AdenoCa
5	58229100	66559465	13	52715496	57307923	-	-	TRA	cna82,cna208	minor,major	sim47	Eso-AdenoCa
5	66559466	66559467	5	71067904	71067905	-	+	DUP	cna83	major	sim47	Eso-AdenoCa
5	71067905	71067906	5	71094760	71094761	-	+	DUP	cna84	major	sim47	Eso-AdenoCa
5	71067905	71067906	5	71094760	71094761	+	-	DEL	cna84	minor	sim47	Eso-AdenoCa
5	71094761	71094762	5	71104165	71104166	-	+	DUP	cna85	major	sim47	Eso-AdenoCa
5	71094761	71094762	5	71104165	71104166	+	-	DEL	cna85	minor	sim47	Eso-AdenoCa
5	71104166	71104167	5	75786292	75786293	-	+	DUP	cna86	major	sim47	Eso-AdenoCa
5	72631100	75786292	18	55976268	64222355	-	-	TRA	cna86,cna263	major,minor	sim47	Eso-AdenoCa
5	74526500	74526501	5	74799801	74799802	-	-	t2tINV	cna86	minor	sim47	Eso-AdenoCa
5	74893600	75786292	10	38172123	41986924	-	+	TRA	cna86,cna155	major,minor	sim47	Eso-AdenoCa
5	75786293	75786294	5	76085853	76085854	-	+	DUP	cna87	major	sim47	Eso-AdenoCa
5	95708700	160827205	7	150191938	158612169	-	-	TRA	cna88,cna128	minor,major	sim47	Eso-AdenoCa
5	112686800	160827205	7	43437452	60322586	-	-	TRA	cna88,cna125	major,minor	sim47	Eso-AdenoCa
5	118335200	118335201	5	118345211	118345212	-	-	t2tINV	cna88	major	sim47	Eso-AdenoCa
5	160827206	160827207	5	167547553	167547554	-	+	DUP	cna89	major	sim47	Eso-AdenoCa
5	168630992	168630993	5	180915260	180915261	-	+	DUP	cna91	major	sim47	Eso-AdenoCa
6	1	2	6	66913431	66913432	-	+	DUP	cna92	major	sim47	Eso-AdenoCa
6	61750940	66913431	13	33185422	39278460	-	-	TRA	cna92,cna204	minor,major	sim47	Eso-AdenoCa
6	66913432	66913433	6	67381176	67381177	-	+	DUP	cna93	major	sim47	Eso-AdenoCa
6	66913432	66913433	6	67381176	67381177	-	+	DUP	cna93	minor	sim47	Eso-AdenoCa
6	67381177	67381178	6	72924537	72924538	-	+	DUP	cna94	major	sim47	Eso-AdenoCa
6	72924538	72924539	6	74616248	74616249	-	+	DUP	cna95	major	sim47	Eso-AdenoCa
6	74616249	74616250	6	87109374	87109375	-	+	DUP	cna96	major	sim47	Eso-AdenoCa
6	87109375	87109376	6	87392504	87392505	+	-	DEL	cna97	minor	sim47	Eso-AdenoCa
6	87392505	87392506	6	87767134	87767135	-	+	DUP	cna98	major	sim47	Eso-AdenoCa
6	87392505	87392506	6	87767134	87767135	-	+	DUP	cna98	minor	sim47	Eso-AdenoCa
6	87767135	87767136	6	88001137	88001138	-	+	DUP	cna99	major	sim47	Eso-AdenoCa
6	87767135	87767136	6	88001137	88001138	+	-	DEL	cna99	minor	sim47	Eso-AdenoCa
6	88001138	88001139	6	93674347	93674348	-	+	DUP	cna100	major	sim47	Eso-AdenoCa
6	88001138	88001139	6	93674347	93674348	-	+	DUP	cna100	minor	sim47	Eso-AdenoCa
6	93674348	93674349	6	93787847	93787848	-	+	DUP	cna101	major	sim47	Eso-AdenoCa
6	93787848	93787849	6	93844953	93844954	-	+	DUP	cna102	major	sim47	Eso-AdenoCa
6	93844954	93844955	6	110301381	110301382	-	+	DUP	cna103	major	sim47	Eso-AdenoCa
6	93844954	93844955	6	110301381	110301382	-	+	DUP	cna103	minor	sim47	Eso-AdenoCa
6	110301382	110301383	6	110477666	110477667	-	+	DUP	cna104	major	sim47	Eso-AdenoCa
6	110301382	110301383	6	110477666	110477667	+	-	DEL	cna104	minor	sim47	Eso-AdenoCa
6	110477667	110477668	6	110516632	110516633	-	+	DUP	cna105	major	sim47	Eso-AdenoCa
6	110516633	110516634	6	111199508	111199509	-	+	DUP	cna106	major	sim47	Eso-AdenoCa
6	111199509	111199510	6	116828992	116828993	-	+	DUP	cna107	major	sim47	Eso-AdenoCa
6	114700240	114700241	6	114710249	114710250	-	-	t2tINV	cna107	minor	sim47	Eso-AdenoCa
6	116828993	116828994	6	116953322	116953323	-	+	DUP	cna108	major	sim47	Eso-AdenoCa
6	116828993	116828994	6	116953322	116953323	+	-	DEL	cna108	minor	sim47	Eso-AdenoCa
6	116953323	116953324	6	118419191	118419192	+	-	DEL	cna109	minor	sim47	Eso-AdenoCa
6	118419192	118419193	6	121633788	121633789	-	+	DUP	cna110	major	sim47	Eso-AdenoCa
6	121633789	121633790	6	121688588	121688589	+	-	DEL	cna111	minor	sim47	Eso-AdenoCa
6	121688589	121688590	6	122013188	122013189	-	+	DUP	cna112	major	sim47	Eso-AdenoCa
6	121688589	121688590	6	122013188	122013189	+	-	DEL	cna112	minor	sim47	Eso-AdenoCa
6	122013189	122013190	6	122322672	122322673	-	+	DUP	cna113	major	sim47	Eso-AdenoCa
6	122322673	122322674	6	137022656	137022657	+	-	DEL	cna114	minor	sim47	Eso-AdenoCa
6	129518140	129518141	6	129585924	129585925	+	+	h2hINV	cna114	major	sim47	Eso-AdenoCa
7	1	2	7	21915922	21915923	-	+	DUP	cna116	major	sim47	Eso-AdenoCa
7	1	2	7	21915922	21915923	-	+	DUP	cna116	minor	sim47	Eso-AdenoCa
7	21915923	21915924	7	30328120	30328121	-	+	DUP	cna117	major	sim47	Eso-AdenoCa
7	30328121	30328122	7	30411983	30411984	-	+	DUP	cna118	major	sim47	Eso-AdenoCa
7	30328121	30328122	7	30411983	30411984	-	+	DUP	cna118	minor	sim47	Eso-AdenoCa
7	30411984	30411985	7	30830795	30830796	-	+	DUP	cna119	major	sim47	Eso-AdenoCa
7	30411984	30411985	7	30830795	30830796	+	-	DEL	cna119	minor	sim47	Eso-AdenoCa
7	30830796	30830797	7	30882364	30882365	+	-	DEL	cna120	major	sim47	Eso-AdenoCa
7	30830796	30830797	7	30882364	30882365	+	-	DEL	cna120	minor	sim47	Eso-AdenoCa
7	30882365	30882366	7	34367990	34367991	-	+	DUP	cna121	major	sim47	Eso-AdenoCa
7	34367991	34367992	7	34707192	34707193	+	-	DEL	cna122	major	sim47	Eso-AdenoCa
7	34367991	34367992	7	34707192	34707193	+	-	DEL	cna122	minor	sim47	Eso-AdenoCa
7	34707193	34707194	7	34826162	34826163	+	-	DEL	cna123	minor	sim47	Eso-AdenoCa
7	34826163	34826164	7	36578347	36578348	-	+	DUP	cna124	major	sim47	Eso-AdenoCa
7	36578348	44256283	8	116313740	131009711	+	+	TRA	cna136,cna125	minor,minor	sim47	Eso-AdenoCa
7	60322587	60322588	7	65116616	65116617	+	-	DEL	cna126	minor	sim47	Eso-AdenoCa
7	62142673	65116616	10	62100210	65361707	-	-	TRA	cna126,cna157	major,minor	sim47	Eso-AdenoCa
7	65116617	65116618	7	65370832	65370833	-	+	DUP	cna127	major	sim47	Eso-AdenoCa
7	65370833	65370834	7	158612169	158612170	+	-	DEL	cna128	minor	sim47	Eso-AdenoCa
7	111049473	111049474	7	119815905	119815906	+	+	h2hINV	cna128	major	sim47	Eso-AdenoCa
7	113749373	158612169	13	37248857	39278460	-	-	TRA	cna128,cna204	minor,minor	sim47	Eso-AdenoCa
7	158612170	158612171	7	159138663	159138664	-	+	DUP	cna129	major	sim47	Eso-AdenoCa
8	1	2	8	25003501	25003502	-	+	DUP	cna130	major	sim47	Eso-AdenoCa
8	4337210	25003501	21	32532449	37327106	-	+	TRA	cna130,cna273	major,major	sim47	Eso-AdenoCa
8	25003502	25003503	8	102087986	102087987	-	+	DUP	cna131	major	sim47	Eso-AdenoCa
8	91907010	102087986	10	65524401	84518449	-	+	TRA	cna131,cna159	major,minor	sim47	Eso-AdenoCa
8	102087987	102087988	8	104082869	104082870	-	+	DUP	cna132	major	sim47	Eso-AdenoCa
8	104082870	104082871	8	106024286	106024287	-	+	DUP	cna133	major	sim47	Eso-AdenoCa
8	104082870	104082871	8	106024286	106024287	-	+	DUP	cna133	minor	sim47	Eso-AdenoCa
8	106024287	106024288	8	114181828	114181829	-	+	DUP	cna134	major	sim47	Eso-AdenoCa
8	106024287	106024288	8	114181828	114181829	-	+	DUP	cna134	minor	sim47	Eso-AdenoCa
8	114181829	114181830	8	116313739	116313740	-	+	DUP	cna135	major	sim47	Eso-AdenoCa
8	114181829	114181830	8	116313739	116313740	+	-	DEL	cna135	minor	sim47	Eso-AdenoCa
8	142653442	142653443	8	143899555	143899556	-	+	DUP	cna137	major	sim47	Eso-AdenoCa
8	142653442	142653443	8	143899555	143899556	-	+	DUP	cna137	minor	sim47	Eso-AdenoCa
8	143899556	143899557	8	143913451	143913452	+	-	DEL	cna138	minor	sim47	Eso-AdenoCa
8	143913452	143913453	8	146364022	146364023	-	+	DUP	cna139	major	sim47	Eso-AdenoCa
8	143913452	143913453	8	146364022	146364023	-	+	DUP	cna139	minor	sim47	Eso-AdenoCa
9	1	2	9	26802815	26802816	-	+	DUP	cna140	major	sim47	Eso-AdenoCa
9	26802816	26802817	9	76260322	76260323	-	+	DUP	cna141	major	sim47	Eso-AdenoCa
9	26802816	26802817	9	76260322	76260323	-	+	DUP	cna141	minor	sim47	Eso-AdenoCa
9	76260323	76260324	9	76686024	76686025	-	+	DUP	cna142	major	sim47	Eso-AdenoCa
9	76260323	76260324	9	76686024	76686025	-	+	DUP	cna142	minor	sim47	Eso-AdenoCa
9	76686025	76686026	9	91858387	91858388	+	-	DEL	cna143	minor	sim47	Eso-AdenoCa
9	83145988	91858387	15	30928755	33745530	-	-	TRA	cna143,cna225	minor,major	sim47	Eso-AdenoCa
9	91858388	91858389	9	92445464	92445465	-	+	DUP	cna144	major	sim47	Eso-AdenoCa
9	92445465	92445466	9	92991530	92991531	-	+	DUP	cna145	major	sim47	Eso-AdenoCa
9	92991531	92991532	9	99488786	99488787	-	+	DUP	cna146	major	sim47	Eso-AdenoCa
9	92991531	92991532	9	99488786	99488787	+	-	DEL	cna146	minor	sim47	Eso-AdenoCa
9	128375188	139836117	17	64304761	71292108	-	+	TRA	cna147,cna257	minor,minor	sim47	Eso-AdenoCa
9	139836118	139836119	9	139916333	139916334	-	+	DUP	cna148	major	sim47	Eso-AdenoCa
9	139836118	139836119	9	139916333	139916334	-	+	DUP	cna148	minor	sim47	Eso-AdenoCa
9	139916334	139916335	9	141128593	141128594	-	+	DUP	cna149	major	sim47	Eso-AdenoCa
9	139916334	139916335	9	141128593	141128594	-	+	DUP	cna149	minor	sim47	Eso-AdenoCa
9	141128594	141128595	9	141213431	141213432	+	-	DEL	cna150	minor	sim47	Eso-AdenoCa
10	1	2	10	15274365	15274366	-	+	DUP	cna151	major	sim47	Eso-AdenoCa
10	13482557	13482558	10	23953559	23953560	+	+	h2hINV	cna151	minor	sim47	Eso-AdenoCa
10	15274366	15274367	10	36099565	36099566	+	-	DEL	cna152	minor	sim47	Eso-AdenoCa
10	36099566	36099567	10	37858376	37858377	-	+	DUP	cna153	major	sim47	Eso-AdenoCa
10	36099566	36099567	10	37858376	37858377	+	-	DEL	cna153	minor	sim47	Eso-AdenoCa
10	37858377	37858378	10	38172122	38172123	-	+	DUP	cna154	major	sim47	Eso-AdenoCa
10	37858377	37858378	10	38172122	38172123	+	-	DEL	cna154	minor	sim47	Eso-AdenoCa
10	38172123	38172124	10	50735000	50735001	-	+	DUP	cna155	major	sim47	Eso-AdenoCa
10	50735001	50735002	10	50793562	50793563	-	+	DUP	cna156	major	sim47	Eso-AdenoCa
10	50735001	50735002	10	50793562	50793563	+	-	DEL	cna156	minor	sim47	Eso-AdenoCa
10	50793563	50793564	10	65361707	65361708	-	+	DUP	cna157	major	sim47	Eso-AdenoCa
10	51613157	65361707	21	32532449	35489423	-	+	TRA	cna157,cna273	major,minor	sim47	Eso-AdenoCa
10	65361708	65361709	10	65524400	65524401	-	+	DUP	cna158	major	sim47	Eso-AdenoCa
10	65361708	65361709	10	65524400	65524401	+	-	DEL	cna158	minor	sim47	Eso-AdenoCa
10	65524401	65524402	10	108668816	108668817	-	+	DUP	cna159	major	sim47	Eso-AdenoCa
10	108668817	108668818	10	109868175	109868176	-	+	DUP	cna160	major	sim47	Eso-AdenoCa
10	109868176	109868177	10	116442998	116442999	-	+	DUP	cna161	major	sim47	Eso-AdenoCa
10	109868176	109868177	10	116442998	116442999	+	-	DEL	cna161	minor	sim47	Eso-AdenoCa
10	109868176	110816227	X	115912814	143447390	+	-	TRA	cna286,cna161	major,major	sim47	Eso-AdenoCa
10	116442999	116443000	10	116488880	116488881	-	+	DUP	cna162	major	sim47	Eso-AdenoCa
10	134367049	134367050	10	135534747	135534748	-	+	DUP	cna164	major	sim47	Eso-AdenoCa
11	1	2	11	13188256	13188257	-	+	DUP	cna165	major	sim47	Eso-AdenoCa
11	13188257	13188258	11	17071899	17071900	-	+	DUP	cna166	major	sim47	Eso-AdenoCa
11	13188257	13188258	11	17071899	17071900	+	-	DEL	cna166	minor	sim47	Eso-AdenoCa
11	17071900	17071901	11	17125805	17125806	-	+	DUP	cna167	major	sim47	Eso-AdenoCa
11	17125806	17125807	11	17168383	17168384	+	-	DEL	cna168	minor	sim47	Eso-AdenoCa
11	17168384	17168385	11	30130904	30130905	-	+	DUP	cna169	major	sim47	Eso-AdenoCa
11	24632610	24632611	11	24820537	24820538	+	+	h2hINV	cna169	minor	sim47	Eso-AdenoCa
11	30130905	30130906	11	30140564	30140565	-	+	DUP	cna170	major	sim47	Eso-AdenoCa
11	30140565	30140566	11	30183484	30183485	-	+	DUP	cna171	major	sim47	Eso-AdenoCa
11	30183485	30183486	11	30226629	30226630	+	-	DEL	cna172	major	sim47	Eso-AdenoCa
11	30183485	30183486	11	30226629	30226630	+	-	DEL	cna172	minor	sim47	Eso-AdenoCa
11	30226630	30226631	11	30642048	30642049	-	+	DUP	cna173	major	sim47	Eso-AdenoCa
11	30226630	30226631	11	30642048	30642049	+	-	DEL	cna173	minor	sim47	Eso-AdenoCa
11	30642049	30642050	11	33446961	33446962	-	+	DUP	cna174	major	sim47	Eso-AdenoCa
11	33446962	33446963	11	38864698	38864699	-	+	DUP	cna175	major	sim47	Eso-AdenoCa
11	38864699	38864700	11	40382317	40382318	-	+	DUP	cna176	major	sim47	Eso-AdenoCa
11	40382318	40382319	11	53310555	53310556	-	+	DUP	cna177	major	sim47	Eso-AdenoCa
11	53310556	53310557	11	66416553	66416554	+	-	DEL	cna178	minor	sim47	Eso-AdenoCa
11	66416554	66416555	11	66435706	66435707	-	+	DUP	cna179	major	sim47	Eso-AdenoCa
11	66416554	66416555	11	66435706	66435707	+	-	DEL	cna179	minor	sim47	Eso-AdenoCa
11	66435707	66435708	11	66703804	66703805	+	-	DEL	cna180	minor	sim47	Eso-AdenoCa
11	66703805	66703806	11	69420574	69420575	-	+	DUP	cna181	major	sim47	Eso-AdenoCa
11	66703805	66703806	11	69420574	69420575	-	+	DUP	cna181	minor	sim47	Eso-AdenoCa
11	67638110	69420574	13	89119959	112127131	-	+	TRA	cna181,cna220	major,minor	sim47	Eso-AdenoCa
11	69420575	69420576	11	69781346	69781347	-	+	DUP	cna182	major	sim47	Eso-AdenoCa
11	69781347	69781348	11	69840575	69840576	-	+	DUP	cna183	major	sim47	Eso-AdenoCa
11	69840576	69840577	11	71470624	71470625	+	-	DEL	cna184	minor	sim47	Eso-AdenoCa
11	75562479	116284367	22	24521380	51304566	-	-	TRA	cna275,cna185	major,minor	sim47	Eso-AdenoCa
11	76568610	76568611	11	76578616	76578617	+	+	h2hINV	cna185	minor	sim47	Eso-AdenoCa
11	116284368	116284369	11	116431012	116431013	-	+	DUP	cna186	major	sim47	Eso-AdenoCa
11	116431013	116431014	11	116790559	116790560	-	+	DUP	cna187	major	sim47	Eso-AdenoCa
11	116431013	116431014	11	116790559	116790560	+	-	DEL	cna187	minor	sim47	Eso-AdenoCa
11	116790560	116790561	11	117157961	117157962	-	+	DUP	cna188	major	sim47	Eso-AdenoCa
11	117157962	117157963	11	119832303	119832304	-	+	DUP	cna189	major	sim47	Eso-AdenoCa
11	117157962	117157963	11	119832303	119832304	+	-	DEL	cna189	minor	sim47	Eso-AdenoCa
11	119832304	119832305	11	120626872	120626873	-	+	DUP	cna190	major	sim47	Eso-AdenoCa
11	120626873	120626874	11	121832272	121832273	-	+	DUP	cna191	major	sim47	Eso-AdenoCa
11	120626873	120626874	11	121832272	121832273	+	-	DEL	cna191	minor	sim47	Eso-AdenoCa
11	121832273	121832274	11	123077262	123077263	-	+	DUP	cna192	major	sim47	Eso-AdenoCa
11	121832273	121832274	11	123077262	123077263	-	+	DUP	cna192	minor	sim47	Eso-AdenoCa
11	123077263	123077264	11	123121153	123121154	-	+	DUP	cna193	major	sim47	Eso-AdenoCa
11	123077263	123077264	11	123121153	123121154	+	-	DEL	cna193	minor	sim47	Eso-AdenoCa
11	127725900	127725901	11	135006516	135006517	-	+	DUP	cna195	major	sim47	Eso-AdenoCa
12	1	2	12	50336791	50336792	-	+	DUP	cna196	major	sim47	Eso-AdenoCa
12	22234394	22234395	12	37807533	37807534	-	-	t2tINV	cna196	minor	sim47	Eso-AdenoCa
12	50336792	50336793	12	50442659	50442660	-	+	DUP	cna197	major	sim47	Eso-AdenoCa
12	50336792	50336793	12	50442659	50442660	-	+	DUP	cna197	minor	sim47	Eso-AdenoCa
12	50442660	50442661	12	65493240	65493241	-	+	DUP	cna198	major	sim47	Eso-AdenoCa
12	65493241	65493242	12	65538658	65538659	-	+	DUP	cna199	major	sim47	Eso-AdenoCa
12	65493241	65493242	12	65538658	65538659	-	+	DUP	cna199	minor	sim47	Eso-AdenoCa
12	65538659	65538660	12	66844305	66844306	-	+	DUP	cna200	major	sim47	Eso-AdenoCa
12	65538659	65538660	12	66844305	66844306	-	+	DUP	cna200	minor	sim47	Eso-AdenoCa
12	66844306	66844307	12	70059946	70059947	-	+	DUP	cna201	major	sim47	Eso-AdenoCa
12	69013694	69013695	12	76097533	76097534	-	-	t2tINV	cna202	major	sim47	Eso-AdenoCa
12	69956094	69956095	12	100342917	100342918	+	+	h2hINV	cna201	major	sim47	Eso-AdenoCa
13	1	2	13	3978410	3978411	-	+	DUP	cna203	minor	sim47	Eso-AdenoCa
13	3978411	3978412	13	39278460	39278461	-	+	DUP	cna204	major	sim47	Eso-AdenoCa
13	39278461	39278462	13	44162144	44162145	-	+	DUP	cna205	major	sim47	Eso-AdenoCa
13	39278461	39278462	13	44162144	44162145	-	+	DUP	cna205	minor	sim47	Eso-AdenoCa
13	44162145	44162146	13	44391748	44391749	-	+	DUP	cna206	major	sim47	Eso-AdenoCa
13	44162145	44162146	13	44391748	44391749	-	+	DUP	cna206	minor	sim47	Eso-AdenoCa
13	44391749	44391750	13	44983995	44983996	-	+	DUP	cna207	major	sim47	Eso-AdenoCa
13	44983996	44983997	13	57307923	57307924	-	+	DUP	cna208	major	sim47	Eso-AdenoCa
13	44983996	44983997	13	57307923	57307924	+	-	DEL	cna208	minor	sim47	Eso-AdenoCa
13	44983996	55201300	21	1	20074959	+	+	TRA	cna208,cna272	minor,major	sim47	Eso-AdenoCa
13	57307924	57307925	13	57329951	57329952	-	+	DUP	cna209	major	sim47	Eso-AdenoCa
13	57329952	57329953	13	57371269	57371270	-	+	DUP	cna210	major	sim47	Eso-AdenoCa
13	57329952	57329953	13	57371269	57371270	+	-	DEL	cna210	minor	sim47	Eso-AdenoCa
13	57371270	57371271	13	57393386	57393387	-	+	DUP	cna211	major	sim47	Eso-AdenoCa
13	57393387	57393388	13	57821734	57821735	+	-	DEL	cna212	minor	sim47	Eso-AdenoCa
13	57821735	57821736	13	57832825	57832826	-	+	DUP	cna213	major	sim47	Eso-AdenoCa
13	57821735	57821736	13	57832825	57832826	+	-	DEL	cna213	minor	sim47	Eso-AdenoCa
13	57832826	57832827	13	61600542	61600543	+	-	DEL	cna214	minor	sim47	Eso-AdenoCa
13	61600543	61600544	13	78768866	78768867	-	+	DUP	cna215	major	sim47	Eso-AdenoCa
13	78768867	78768868	13	79372120	79372121	-	+	DUP	cna216	major	sim47	Eso-AdenoCa
13	78768867	78768868	13	79372120	79372121	+	-	DEL	cna216	minor	sim47	Eso-AdenoCa
13	79372121	79372122	13	86557501	86557502	-	+	DUP	cna217	major	sim47	Eso-AdenoCa
13	79372121	79372122	13	86557501	86557502	-	+	DUP	cna217	minor	sim47	Eso-AdenoCa
13	86557502	86557503	13	87733805	87733806	-	+	DUP	cna218	major	sim47	Eso-AdenoCa
13	87733806	87733807	13	89119958	89119959	-	+	DUP	cna219	major	sim47	Eso-AdenoCa
13	87733806	87733807	13	89119958	89119959	+	-	DEL	cna219	minor	sim47	Eso-AdenoCa
13	89119959	89119960	13	113712833	113712834	-	+	DUP	cna220	major	sim47	Eso-AdenoCa
13	113712834	113712835	13	115169878	115169879	+	-	DEL	cna221	major	sim47	Eso-AdenoCa
13	113712834	113712835	13	115169878	115169879	+	-	DEL	cna221	minor	sim47	Eso-AdenoCa
14	66418921	89430741	X	24204105	37645420	-	+	TRA	cna222,cna283	minor,minor	sim47	Eso-AdenoCa
14	89430742	89430743	14	95483280	95483281	+	-	DEL	cna223	minor	sim47	Eso-AdenoCa
14	89430742	93538322	16	88795973	89861561	+	-	TRA	cna223,cna246	minor,major	sim47	Eso-AdenoCa
14	95483281	95483282	14	107349540	107349541	-	+	DUP	cna224	major	sim47	Eso-AdenoCa
14	99310921	99310922	14	99320930	99320931	-	-	t2tINV	cna224	minor	sim47	Eso-AdenoCa
15	1	2	15	33745530	33745531	-	+	DUP	cna225	major	sim47	Eso-AdenoCa
15	33745531	33745532	15	34033455	34033456	-	+	DUP	cna226	major	sim47	Eso-AdenoCa
15	34033456	34033457	15	34210923	34210924	-	+	DUP	cna227	major	sim47	Eso-AdenoCa
15	34033456	34033457	15	34210923	34210924	+	-	DEL	cna227	minor	sim47	Eso-AdenoCa
15	39066265	39066266	15	39777527	39777528	-	+	DUP	cna229	major	sim47	Eso-AdenoCa
15	39066265	39066266	15	39777527	39777528	-	+	DUP	cna229	minor	sim47	Eso-AdenoCa
15	39777528	39777529	15	39971569	39971570	-	+	DUP	cna230	major	sim47	Eso-AdenoCa
15	39971570	39971571	15	47692676	47692677	-	+	DUP	cna231	major	sim47	Eso-AdenoCa
15	47692677	47692678	15	47702265	47702266	-	+	DUP	cna232	major	sim47	Eso-AdenoCa
15	47702266	47702267	15	47711849	47711850	-	+	DUP	cna233	major	sim47	Eso-AdenoCa
15	47711850	47711851	15	48238258	48238259	-	+	DUP	cna234	major	sim47	Eso-AdenoCa
15	48238259	48238260	15	55233957	55233958	+	-	DEL	cna235	major	sim47	Eso-AdenoCa
15	48238259	48238260	15	55233957	55233958	+	-	DEL	cna235	minor	sim47	Eso-AdenoCa
15	55233958	55233959	15	55319203	55319204	-	+	DUP	cna236	major	sim47	Eso-AdenoCa
15	55319204	55319205	15	55554390	55554391	-	+	DUP	cna237	major	sim47	Eso-AdenoCa
15	55554391	55554392	15	55724236	55724237	+	-	DEL	cna238	minor	sim47	Eso-AdenoCa
15	55724237	55724238	15	55743371	55743372	-	+	DUP	cna239	major	sim47	Eso-AdenoCa
15	55724237	55724238	15	55743371	55743372	-	+	DUP	cna239	minor	sim47	Eso-AdenoCa
15	55743372	55743373	15	58468835	58468836	-	+	DUP	cna240	major	sim47	Eso-AdenoCa
15	58468836	58468837	15	60740913	60740914	-	+	DUP	cna241	major	sim47	Eso-AdenoCa
15	58468836	58468837	15	60740913	60740914	-	+	DUP	cna241	minor	sim47	Eso-AdenoCa
15	60740914	60740915	15	61334433	61334434	-	+	DUP	cna242	major	sim47	Eso-AdenoCa
15	60740914	60740915	15	61334433	61334434	-	+	DUP	cna242	minor	sim47	Eso-AdenoCa
15	61334434	61334435	15	62064342	62064343	+	-	DEL	cna243	major	sim47	Eso-AdenoCa
15	61334434	61334435	15	62064342	62064343	+	-	DEL	cna243	minor	sim47	Eso-AdenoCa
15	62064343	62064344	15	62685032	62685033	-	+	DUP	cna244	major	sim47	Eso-AdenoCa
15	62064343	62064344	15	62685032	62685033	-	+	DUP	cna244	minor	sim47	Eso-AdenoCa
15	62685033	62685034	15	102531392	102531393	-	+	DUP	cna245	major	sim47	Eso-AdenoCa
15	62685033	100525482	X	96832467	98950803	+	-	TRA	cna245,cna285	major,major	sim47	Eso-AdenoCa
15	85993581	85993582	15	86003592	86003593	-	-	t2tINV	cna245	major	sim47	Eso-AdenoCa
16	1	2	16	89861561	89861562	-	+	DUP	cna246	major	sim47	Eso-AdenoCa
16	1	2	16	89861561	89861562	+	-	DEL	cna246	minor	sim47	Eso-AdenoCa
16	89861562	89861563	16	90354753	90354754	-	+	DUP	cna247	major	sim47	Eso-AdenoCa
16	89861562	89861563	16	90354753	90354754	-	+	DUP	cna247	minor	sim47	Eso-AdenoCa
17	1	2	17	42558921	42558922	-	+	DUP	cna248	major	sim47	Eso-AdenoCa
17	1	2	17	42558921	42558922	-	+	DUP	cna248	minor	sim47	Eso-AdenoCa
17	42558922	42558923	17	42568819	42568820	-	+	DUP	cna249	major	sim47	Eso-AdenoCa
17	42568820	42568821	17	42606428	42606429	-	+	DUP	cna250	major	sim47	Eso-AdenoCa
17	42606429	42606430	17	44262109	44262110	+	-	DEL	cna251	minor	sim47	Eso-AdenoCa
17	44262110	44262111	17	44442436	44442437	-	+	DUP	cna252	major	sim47	Eso-AdenoCa
17	44262110	44262111	17	44442436	44442437	+	-	DEL	cna252	minor	sim47	Eso-AdenoCa
17	44442437	44442438	17	52856865	52856866	-	+	DUP	cna253	major	sim47	Eso-AdenoCa
17	44442437	44442438	17	52856865	52856866	+	-	DEL	cna253	minor	sim47	Eso-AdenoCa
17	52856866	52856867	17	53558814	53558815	-	+	DUP	cna254	major	sim47	Eso-AdenoCa
17	52856866	52856867	17	53558814	53558815	-	+	DUP	cna254	minor	sim47	Eso-AdenoCa
17	53558815	53558816	17	53636121	53636122	-	+	DUP	cna255	major	sim47	Eso-AdenoCa
17	53636122	53636123	17	64304760	64304761	-	+	DUP	cna256	major	sim47	Eso-AdenoCa
17	64304761	64304762	17	71481942	71481943	-	+	DUP	cna257	major	sim47	Eso-AdenoCa
17	64304761	64304762	17	71481942	71481943	+	-	DEL	cna257	minor	sim47	Eso-AdenoCa
17	71481943	71481944	17	75678976	75678977	-	+	DUP	cna258	major	sim47	Eso-AdenoCa
17	71481943	71481944	17	75678976	75678977	-	+	DUP	cna258	minor	sim47	Eso-AdenoCa
17	75678977	75678978	17	79200537	79200538	-	+	DUP	cna259	major	sim47	Eso-AdenoCa
17	75678977	75678978	17	79200537	79200538	+	-	DEL	cna259	minor	sim47	Eso-AdenoCa
17	79200538	79200539	17	81195210	81195211	-	+	DUP	cna260	major	sim47	Eso-AdenoCa
18	1	2	18	44261504	44261505	-	+	DUP	cna261	major	sim47	Eso-AdenoCa
18	1	2	18	44261504	44261505	+	-	DEL	cna261	minor	sim47	Eso-AdenoCa
18	44261505	44261506	18	44489407	44489408	+	-	DEL	cna262	major	sim47	Eso-AdenoCa
18	44261505	44261506	18	44489407	44489408	+	-	DEL	cna262	minor	sim47	Eso-AdenoCa
18	44489408	44489409	18	64222355	64222356	-	+	DUP	cna263	major	sim47	Eso-AdenoCa
18	44489408	44489409	18	64222355	64222356	-	+	DUP	cna263	minor	sim47	Eso-AdenoCa
18	64222356	64222357	18	78077248	78077249	-	+	DUP	cna264	major	sim47	Eso-AdenoCa
19	1	2	19	55291906	55291907	+	-	DEL	cna265	minor	sim47	Eso-AdenoCa
19	55291907	55291908	19	56465627	56465628	-	+	DUP	cna266	major	sim47	Eso-AdenoCa
19	56465628	56465629	19	57867946	57867947	-	+	DUP	cna267	major	sim47	Eso-AdenoCa
19	56465628	56465629	19	57867946	57867947	-	+	DUP	cna267	minor	sim47	Eso-AdenoCa
20	1	2	20	42418360	42418361	+	-	DEL	cna269	minor	sim47	Eso-AdenoCa
20	42418361	42418362	20	44306015	44306016	-	+	DUP	cna270	major	sim47	Eso-AdenoCa
20	44306016	44306017	20	63025520	63025521	-	+	DUP	cna271	major	sim47	Eso-AdenoCa
20	44306016	44306017	20	63025520	63025521	-	+	DUP	cna271	minor	sim47	Eso-AdenoCa
20	50966695	63025520	X	136502756	143447390	-	-	TRA	cna271,cna286	major,major	sim47	Eso-AdenoCa
21	32532449	32532450	21	47117472	47117473	-	+	DUP	cna273	major	sim47	Eso-AdenoCa
21	32532449	32532450	21	47117472	47117473	-	+	DUP	cna273	minor	sim47	Eso-AdenoCa
21	47117473	47117474	21	48129895	48129896	-	+	DUP	cna274	major	sim47	Eso-AdenoCa
22	1	2	22	51304566	51304567	-	+	DUP	cna275	major	sim47	Eso-AdenoCa
X	1	2	X	1561116	1561117	-	+	DUP	cna276	major	sim47	Eso-AdenoCa
X	1	2	X	1561116	1561117	-	+	DUP	cna276	minor	sim47	Eso-AdenoCa
X	1561117	1561118	X	1844149	1844150	-	+	DUP	cna277	major	sim47	Eso-AdenoCa
X	1844150	1844151	X	2130856	2130857	-	+	DUP	cna278	major	sim47	Eso-AdenoCa
X	2130857	2130858	X	22426099	22426100	+	-	DEL	cna279	minor	sim47	Eso-AdenoCa
X	22426100	22426101	X	24180251	24180252	-	+	DUP	cna280	major	sim47	Eso-AdenoCa
X	24180252	24180253	X	24192176	24192177	-	+	DUP	cna281	major	sim47	Eso-AdenoCa
X	24192177	24192178	X	24204104	24204105	-	+	DUP	cna282	major	sim47	Eso-AdenoCa
X	24192177	24192178	X	24204104	24204105	+	-	DEL	cna282	minor	sim47	Eso-AdenoCa
X	24204105	24204106	X	48963119	48963120	-	+	DUP	cna283	major	sim47	Eso-AdenoCa
X	24204105	24204106	X	48963119	48963120	-	+	DUP	cna283	minor	sim47	Eso-AdenoCa
X	48963120	48963121	X	91280456	91280457	-	+	DUP	cna284	major	sim47	Eso-AdenoCa
X	91280457	91280458	X	98950803	98950804	+	-	DEL	cna285	minor	sim47	Eso-AdenoCa
X	98950804	98950805	X	143447390	143447391	-	+	DUP	cna286	major	sim47	Eso-AdenoCa
X	143447391	143447392	X	147341699	147341700	-	+	DUP	cna287	major	sim47	Eso-AdenoCa
X	143447391	143447392	X	147341699	147341700	-	+	DUP	cna287	minor	sim47	Eso-AdenoCa
X	147341700	147341701	X	147569591	147569592	-	+	DUP	cna288	major	sim47	Eso-AdenoCa
X	147341700	147341701	X	147569591	147569592	+	-	DEL	cna288	minor	sim47	Eso-AdenoCa
X	147569592	147569593	X	148005978	148005979	-	+	DUP	cna289	major	sim47	Eso-AdenoCa
X	147569592	147569593	X	148005978	148005979	+	-	DEL	cna289	minor	sim47	Eso-AdenoCa
X	148005979	148005980	X	148216649	148216650	+	-	DEL	cna290	minor	sim47	Eso-AdenoCa
X	148216650	148216651	X	148776862	148776863	-	+	DUP	cna291	major	sim47	Eso-AdenoCa
X	148216650	148216651	X	148776862	148776863	+	-	DEL	cna291	minor	sim47	Eso-AdenoCa
X	148776863	148776864	X	152398952	152398953	-	+	DUP	cna292	major	sim47	Eso-AdenoCa
X	152398953	152398954	X	153794648	153794649	+	-	DEL	cna293	minor	sim47	Eso-AdenoCa
X	153794649	153794650	X	155270560	155270561	-	+	DUP	cna294	major	sim47	Eso-AdenoCa
X	153794649	153794650	X	155270560	155270561	+	-	DEL	cna294	minor	sim47	Eso-AdenoCa
Y	1	2	Y	48115921	48115922	-	+	DUP	cna295	major	sim47	Eso-AdenoCa
Y	48115922	48115923	Y	48325265	48325266	+	-	DEL	cna296	minor	sim47	Eso-AdenoCa
Y	48325266	48325267	Y	51524352	51524353	-	+	DUP	cna297	major	sim47	Eso-AdenoCa
Y	51524353	51524354	Y	52202928	52202929	-	+	DUP	cna298	major	sim47	Eso-AdenoCa
Y	51524353	51524354	Y	52202928	52202929	+	-	DEL	cna298	minor	sim47	Eso-AdenoCa
Y	52202929	52202930	Y	59373566	59373567	-	+	DUP	cna299	major	sim47	Eso-AdenoCa
Y	52202929	52202930	Y	59373566	59373567	+	-	DEL	cna299	minor	sim47	Eso-AdenoCa
