chrom	start	end	major_cn	minor_cn	donor_id	study	id
1	1	79969788	1	1	sim37	Eso-AdenoCa	cna0
1	79969789	80236619	2	1	sim37	Eso-AdenoCa	cna1
1	80236620	80389883	1	1	sim37	Eso-AdenoCa	cna2
1	80389884	80924234	3	1	sim37	Eso-AdenoCa	cna3
1	80924235	93905010	7	1	sim37	Eso-AdenoCa	cna4
1	93905011	96211252	1	1	sim37	Eso-AdenoCa	cna5
1	96211253	104099140	2	0	sim37	Eso-AdenoCa	cna6
1	104099141	113284041	2	1	sim37	Eso-AdenoCa	cna7
1	113284042	223135233	1	1	sim37	Eso-AdenoCa	cna8
1	223135234	223480709	2	1	sim37	Eso-AdenoCa	cna9
1	223480710	223859743	1	0	sim37	Eso-AdenoCa	cna10
1	223859744	224037300	2	0	sim37	Eso-AdenoCa	cna11
1	224037301	249067568	1	1	sim37	Eso-AdenoCa	cna12
1	249067569	249250621	0	0	sim37	Eso-AdenoCa	cna13
2	1	3892391	0	0	sim37	Eso-AdenoCa	cna14
2	3892392	122935130	3	1	sim37	Eso-AdenoCa	cna15
2	122935131	123027895	1	0	sim37	Eso-AdenoCa	cna16
2	123027896	140721062	5	1	sim37	Eso-AdenoCa	cna17
2	140721063	154337973	2	0	sim37	Eso-AdenoCa	cna18
2	154337974	157793796	5	1	sim37	Eso-AdenoCa	cna19
2	157793797	165446988	2	1	sim37	Eso-AdenoCa	cna20
2	165446989	213901358	1	1	sim37	Eso-AdenoCa	cna21
2	213901359	226885428	2	2	sim37	Eso-AdenoCa	cna22
2	226885429	231319865	2	0	sim37	Eso-AdenoCa	cna23
2	231319866	238667948	2	1	sim37	Eso-AdenoCa	cna24
2	238667949	239021207	1	0	sim37	Eso-AdenoCa	cna25
2	239021208	239057951	2	1	sim37	Eso-AdenoCa	cna26
2	239057952	243199373	1	1	sim37	Eso-AdenoCa	cna27
3	1	48022953	1	1	sim37	Eso-AdenoCa	cna28
3	48022954	49895626	2	0	sim37	Eso-AdenoCa	cna29
3	49895627	186267521	1	1	sim37	Eso-AdenoCa	cna30
3	186267522	193840872	2	2	sim37	Eso-AdenoCa	cna31
3	193840873	198022430	1	1	sim37	Eso-AdenoCa	cna32
4	1	121090627	1	1	sim37	Eso-AdenoCa	cna33
4	121090628	135584895	2	2	sim37	Eso-AdenoCa	cna34
4	135584896	154485140	3	1	sim37	Eso-AdenoCa	cna35
4	154485141	189748953	1	1	sim37	Eso-AdenoCa	cna36
4	189748954	191154276	1	0	sim37	Eso-AdenoCa	cna37
5	1	57963250	1	1	sim37	Eso-AdenoCa	cna38
5	57963251	62803590	2	0	sim37	Eso-AdenoCa	cna39
5	62803591	180846158	1	1	sim37	Eso-AdenoCa	cna40
5	180846159	180915260	2	1	sim37	Eso-AdenoCa	cna41
6	1	149073920	1	1	sim37	Eso-AdenoCa	cna42
6	149073921	169367166	2	1	sim37	Eso-AdenoCa	cna43
6	169367167	171115067	2	0	sim37	Eso-AdenoCa	cna44
7	1	56721417	2	0	sim37	Eso-AdenoCa	cna45
7	56721418	90859309	1	1	sim37	Eso-AdenoCa	cna46
7	90859310	102475738	2	0	sim37	Eso-AdenoCa	cna47
7	102475739	118633005	3	0	sim37	Eso-AdenoCa	cna48
7	118633006	118654139	1	1	sim37	Eso-AdenoCa	cna49
7	118654140	133065514	2	0	sim37	Eso-AdenoCa	cna50
7	133065515	159138663	2	1	sim37	Eso-AdenoCa	cna51
8	1	708365	3	0	sim37	Eso-AdenoCa	cna52
8	708366	146115585	1	1	sim37	Eso-AdenoCa	cna53
8	146115586	146364022	1	0	sim37	Eso-AdenoCa	cna54
9	1	75319102	1	0	sim37	Eso-AdenoCa	cna55
9	75319103	89312460	1	1	sim37	Eso-AdenoCa	cna56
9	89312461	119729427	2	1	sim37	Eso-AdenoCa	cna57
9	119729428	121977360	4	0	sim37	Eso-AdenoCa	cna58
9	121977361	122374656	1	0	sim37	Eso-AdenoCa	cna59
9	122374657	122710027	2	1	sim37	Eso-AdenoCa	cna60
9	122710028	122837487	2	0	sim37	Eso-AdenoCa	cna61
9	122837488	129083062	4	1	sim37	Eso-AdenoCa	cna62
9	129083063	137102237	1	1	sim37	Eso-AdenoCa	cna63
9	137102238	141213431	2	1	sim37	Eso-AdenoCa	cna64
10	1	121834261	1	1	sim37	Eso-AdenoCa	cna65
10	121834262	121914081	3	2	sim37	Eso-AdenoCa	cna66
10	121914082	122032086	1	0	sim37	Eso-AdenoCa	cna67
10	122032087	122046283	2	3	sim37	Eso-AdenoCa	cna68
10	122046284	135534747	2	0	sim37	Eso-AdenoCa	cna69
11	1	15995336	1	1	sim37	Eso-AdenoCa	cna70
11	15995337	135006516	2	1	sim37	Eso-AdenoCa	cna71
12	1	24006575	1	1	sim37	Eso-AdenoCa	cna72
12	24006576	24021427	2	1	sim37	Eso-AdenoCa	cna73
12	24021428	25391981	1	1	sim37	Eso-AdenoCa	cna74
12	25391982	133851895	1	0	sim37	Eso-AdenoCa	cna75
13	1	114886584	2	0	sim37	Eso-AdenoCa	cna76
13	114886585	115169878	4	0	sim37	Eso-AdenoCa	cna77
14	1	51825776	3	0	sim37	Eso-AdenoCa	cna78
14	51825777	52016175	1	1	sim37	Eso-AdenoCa	cna79
14	52016176	57132896	1	0	sim37	Eso-AdenoCa	cna80
14	57132897	62557131	4	2	sim37	Eso-AdenoCa	cna81
14	62557132	107349540	2	2	sim37	Eso-AdenoCa	cna82
15	1	357369	2	1	sim37	Eso-AdenoCa	cna83
15	357370	12961249	1	1	sim37	Eso-AdenoCa	cna84
15	12961250	13424250	4	1	sim37	Eso-AdenoCa	cna85
15	13424251	102531392	1	1	sim37	Eso-AdenoCa	cna86
16	1	66956153	1	1	sim37	Eso-AdenoCa	cna87
16	66956154	75346065	2	1	sim37	Eso-AdenoCa	cna88
16	75346066	90239447	1	1	sim37	Eso-AdenoCa	cna89
16	90239448	90287464	1	0	sim37	Eso-AdenoCa	cna90
16	90287465	90354753	4	2	sim37	Eso-AdenoCa	cna91
17	1	81195210	2	1	sim37	Eso-AdenoCa	cna92
18	1	78077248	2	1	sim37	Eso-AdenoCa	cna93
19	1	59128983	1	1	sim37	Eso-AdenoCa	cna94
20	1	54093981	1	1	sim37	Eso-AdenoCa	cna95
20	54093982	63025520	4	1	sim37	Eso-AdenoCa	cna96
21	1	48129895	1	1	sim37	Eso-AdenoCa	cna97
22	1	51273330	1	1	sim37	Eso-AdenoCa	cna98
22	51273331	51304566	1	0	sim37	Eso-AdenoCa	cna99
X	1	371657	1	1	sim37	Eso-AdenoCa	cna100
X	371658	1784332	2	1	sim37	Eso-AdenoCa	cna101
X	1784333	13109121	2	2	sim37	Eso-AdenoCa	cna102
X	13109122	18917636	2	1	sim37	Eso-AdenoCa	cna103
X	18917637	19027292	1	1	sim37	Eso-AdenoCa	cna104
X	19027293	29044962	2	1	sim37	Eso-AdenoCa	cna105
X	29044963	29075778	3	2	sim37	Eso-AdenoCa	cna106
X	29075779	32241764	1	0	sim37	Eso-AdenoCa	cna107
X	32241765	35605596	2	0	sim37	Eso-AdenoCa	cna108
X	35605597	102373768	2	2	sim37	Eso-AdenoCa	cna109
X	102373769	119726804	1	1	sim37	Eso-AdenoCa	cna110
X	119726805	155248299	1	2	sim37	Eso-AdenoCa	cna111
X	155248300	155270560	3	0	sim37	Eso-AdenoCa	cna112
