chrom1	start1	end1	chrom2	start2	end2	strand1	strand2	svclass	id	allele	donor_id	tumor
1	1	2	1	599894	599895	-	+	DUP	cna0	major	sim98	Eso-AdenoCa
1	599895	599896	1	1086501	1086502	-	+	DUP	cna1	major	sim98	Eso-AdenoCa
1	599895	599896	1	1086501	1086502	+	-	DEL	cna1	minor	sim98	Eso-AdenoCa
1	1086502	1086503	1	1109263	1109264	-	+	DUP	cna2	major	sim98	Eso-AdenoCa
1	1086502	1086503	1	1109263	1109264	+	-	DEL	cna2	minor	sim98	Eso-AdenoCa
1	1109264	1109265	1	1146792	1146793	-	+	DUP	cna3	major	sim98	Eso-AdenoCa
1	1109264	1109265	1	1146792	1146793	+	-	DEL	cna3	minor	sim98	Eso-AdenoCa
1	1146793	1146794	1	98629180	98629181	-	+	DUP	cna4	major	sim98	Eso-AdenoCa
1	1146793	1146794	1	98629180	98629181	-	+	DUP	cna4	minor	sim98	Eso-AdenoCa
1	12694800	12694801	1	12704815	12704816	-	-	t2tINV	cna4	minor	sim98	Eso-AdenoCa
1	57724410	98629180	17	36072736	81195210	-	-	TRA	cna117,cna4	minor,minor	sim98	Eso-AdenoCa
1	98629181	98629182	1	99408162	99408163	-	+	DUP	cna5	major	sim98	Eso-AdenoCa
1	99408163	99408164	1	101204828	101204829	-	+	DUP	cna6	major	sim98	Eso-AdenoCa
1	101204829	101204830	1	106344172	106344173	-	+	DUP	cna7	major	sim98	Eso-AdenoCa
1	101204829	101204830	1	106344172	106344173	-	+	DUP	cna7	minor	sim98	Eso-AdenoCa
1	106344173	106344174	1	118345425	118345426	-	+	DUP	cna8	major	sim98	Eso-AdenoCa
1	118345426	118345427	1	119891853	119891854	+	-	DEL	cna9	minor	sim98	Eso-AdenoCa
1	119891854	119891855	1	217881427	217881428	-	+	DUP	cna10	major	sim98	Eso-AdenoCa
1	198977700	198977701	1	201235030	201235031	-	-	t2tINV	cna10	minor	sim98	Eso-AdenoCa
1	201101200	217881427	3	151740276	196533362	-	-	TRA	cna10,cna28	major,major	sim98	Eso-AdenoCa
1	211320100	211320101	1	212131964	212131965	-	-	t2tINV	cna10	minor	sim98	Eso-AdenoCa
1	217881428	217881429	1	218077511	218077512	-	+	DUP	cna11	major	sim98	Eso-AdenoCa
1	218077512	218077513	1	220633715	220633716	-	+	DUP	cna12	major	sim98	Eso-AdenoCa
1	220633716	220633717	1	220680459	220680460	-	+	DUP	cna13	major	sim98	Eso-AdenoCa
1	220633716	220633717	1	220680459	220680460	+	-	DEL	cna13	minor	sim98	Eso-AdenoCa
1	220680460	220680461	1	220886531	220886532	+	-	DEL	cna14	minor	sim98	Eso-AdenoCa
1	220886532	220886533	1	220988885	220988886	-	+	DUP	cna15	major	sim98	Eso-AdenoCa
1	220988886	220988887	1	221039497	221039498	-	+	DUP	cna16	major	sim98	Eso-AdenoCa
1	220988886	220988887	1	221039497	221039498	-	+	DUP	cna16	minor	sim98	Eso-AdenoCa
1	221039498	221039499	1	221090125	221090126	-	+	DUP	cna17	major	sim98	Eso-AdenoCa
1	221039498	221039499	1	221090125	221090126	-	+	DUP	cna17	minor	sim98	Eso-AdenoCa
2	1	2	2	58604864	58604865	-	+	DUP	cna19	major	sim98	Eso-AdenoCa
2	1	2	2	58604864	58604865	+	-	DEL	cna19	minor	sim98	Eso-AdenoCa
2	11643579	11643580	2	57911052	57911053	-	-	t2tINV	cna19	major	sim98	Eso-AdenoCa
2	58604865	58604866	2	66495453	66495454	+	-	DEL	cna20	minor	sim98	Eso-AdenoCa
2	66495454	66495455	2	132035265	132035266	-	+	DUP	cna21	major	sim98	Eso-AdenoCa
2	66495454	66495455	2	132035265	132035266	-	+	DUP	cna21	minor	sim98	Eso-AdenoCa
2	67056979	132035265	4	31610174	147032580	-	+	TRA	cna21,cna32	minor,major	sim98	Eso-AdenoCa
2	106555479	106555480	2	125188420	125188421	+	+	h2hINV	cna21	major	sim98	Eso-AdenoCa
2	132035266	132035267	2	132118418	132118419	+	-	DEL	cna22	minor	sim98	Eso-AdenoCa
2	132118419	132118420	2	241295025	241295026	-	+	DUP	cna23	major	sim98	Eso-AdenoCa
2	132118419	132118420	2	241295025	241295026	-	+	DUP	cna23	minor	sim98	Eso-AdenoCa
2	182417779	182417780	2	182609851	182609852	-	-	t2tINV	cna23	minor	sim98	Eso-AdenoCa
2	195366779	195366780	2	212014738	212014739	+	+	h2hINV	cna23	minor	sim98	Eso-AdenoCa
2	241295026	241295027	2	242729267	242729268	+	-	DEL	cna24	minor	sim98	Eso-AdenoCa
2	242729268	242729269	2	243199373	243199374	-	+	DUP	cna25	major	sim98	Eso-AdenoCa
2	242729268	242729269	2	243199373	243199374	+	-	DEL	cna25	minor	sim98	Eso-AdenoCa
3	1	2	3	47949370	47949371	-	+	DUP	cna26	major	sim98	Eso-AdenoCa
3	1	2	3	47949370	47949371	+	-	DEL	cna26	minor	sim98	Eso-AdenoCa
3	1	23905507	9	23930816	67335988	+	-	TRA	cna26,cna80	minor,major	sim98	Eso-AdenoCa
3	13724806	13724807	3	90407737	90407738	+	+	h2hINV	cna26	major	sim98	Eso-AdenoCa
3	27868506	27868507	3	28252872	28252873	+	+	h2hINV	cna26	major	sim98	Eso-AdenoCa
3	47949371	47949372	3	48225364	48225365	-	+	DUP	cna27	major	sim98	Eso-AdenoCa
3	47949371	47949372	3	48225364	48225365	-	+	DUP	cna27	minor	sim98	Eso-AdenoCa
3	48225365	48225366	3	196533362	196533363	-	+	DUP	cna28	major	sim98	Eso-AdenoCa
3	48225365	48225366	3	196533362	196533363	-	+	DUP	cna28	minor	sim98	Eso-AdenoCa
3	149164706	149164707	3	149174710	149174711	-	-	t2tINV	cna28	major	sim98	Eso-AdenoCa
3	196533363	196533364	3	198006938	198006939	-	+	DUP	cna29	major	sim98	Eso-AdenoCa
3	198006939	198006940	3	198022430	198022431	-	+	DUP	cna30	major	sim98	Eso-AdenoCa
4	1	2	4	31610173	31610174	+	-	DEL	cna31	minor	sim98	Eso-AdenoCa
4	3134576	3134577	4	106441338	106441339	-	-	t2tINV	cna32	minor	sim98	Eso-AdenoCa
4	31610174	31610175	4	166472770	166472771	-	+	DUP	cna32	major	sim98	Eso-AdenoCa
4	31610174	31610175	4	166472770	166472771	-	+	DUP	cna32	minor	sim98	Eso-AdenoCa
4	66050376	66050377	4	66578862	66578863	-	-	t2tINV	cna32	major	sim98	Eso-AdenoCa
4	166472771	166472772	4	183995915	183995916	+	-	DEL	cna33	minor	sim98	Eso-AdenoCa
4	183995916	183995917	4	191154276	191154277	-	+	DUP	cna34	major	sim98	Eso-AdenoCa
5	1	2	5	14978613	14978614	-	+	DUP	cna35	major	sim98	Eso-AdenoCa
5	12581400	12581401	5	64705411	64705412	+	+	h2hINV	cna35	minor	sim98	Eso-AdenoCa
5	14978614	14978615	5	17067073	17067074	-	+	DUP	cna36	major	sim98	Eso-AdenoCa
5	14978614	14978615	5	17067073	17067074	-	+	DUP	cna36	minor	sim98	Eso-AdenoCa
5	17067074	17067075	5	18462879	18462880	-	+	DUP	cna37	major	sim98	Eso-AdenoCa
5	47834042	47834043	5	47997618	47997619	-	+	DUP	cna39	major	sim98	Eso-AdenoCa
5	47997619	47997620	5	65704602	65704603	-	+	DUP	cna40	major	sim98	Eso-AdenoCa
5	47997619	47997620	5	65704602	65704603	+	-	DEL	cna40	minor	sim98	Eso-AdenoCa
5	59359000	59359001	5	65250631	65250632	+	+	h2hINV	cna40	major	sim98	Eso-AdenoCa
5	65704603	65704604	5	66442662	66442663	-	+	DUP	cna41	major	sim98	Eso-AdenoCa
5	65704603	65704604	5	66442662	66442663	-	+	DUP	cna41	minor	sim98	Eso-AdenoCa
5	66442663	66442664	5	67030205	67030206	-	+	DUP	cna42	major	sim98	Eso-AdenoCa
5	67030206	67030207	5	94329889	94329890	-	+	DUP	cna43	major	sim98	Eso-AdenoCa
5	67030206	67030207	5	94329889	94329890	-	+	DUP	cna43	minor	sim98	Eso-AdenoCa
5	67030206	68396194	X	83289501	97127815	+	+	TRA	cna135,cna43	major,minor	sim98	Eso-AdenoCa
5	94329890	94329891	5	101202140	101202141	-	+	DUP	cna44	major	sim98	Eso-AdenoCa
5	97480400	97480401	5	124011395	124011396	-	-	t2tINV	cna46	minor	sim98	Eso-AdenoCa
5	101202141	101202142	5	102365670	102365671	-	+	DUP	cna45	major	sim98	Eso-AdenoCa
5	101202141	101202142	5	102365670	102365671	+	-	DEL	cna45	minor	sim98	Eso-AdenoCa
5	102365671	102365672	5	163759356	163759357	-	+	DUP	cna46	major	sim98	Eso-AdenoCa
5	171088949	171088950	5	171251374	171251375	-	+	DUP	cna48	major	sim98	Eso-AdenoCa
5	171251375	171251376	5	172711231	172711232	-	+	DUP	cna49	major	sim98	Eso-AdenoCa
5	171251375	171251376	5	172711231	172711232	-	+	DUP	cna49	minor	sim98	Eso-AdenoCa
5	172711232	172711233	5	180902047	180902048	-	+	DUP	cna50	major	sim98	Eso-AdenoCa
5	172711232	178798101	19	56859188	58541478	+	-	TRA	cna50,cna124	major,minor	sim98	Eso-AdenoCa
5	180902048	180902049	5	180915260	180915261	+	-	DEL	cna51	minor	sim98	Eso-AdenoCa
6	1	2	6	22126977	22126978	-	+	DUP	cna52	major	sim98	Eso-AdenoCa
6	1	2	6	22126977	22126978	+	-	DEL	cna52	minor	sim98	Eso-AdenoCa
6	22126978	22126979	6	61455583	61455584	-	+	DUP	cna53	major	sim98	Eso-AdenoCa
6	61455584	61455585	6	61652461	61652462	+	-	DEL	cna54	minor	sim98	Eso-AdenoCa
6	61652462	61652463	6	89461480	89461481	-	+	DUP	cna55	major	sim98	Eso-AdenoCa
6	61652462	61652463	6	89461480	89461481	+	-	DEL	cna55	minor	sim98	Eso-AdenoCa
6	62493840	62493841	6	66186156	66186157	-	-	t2tINV	cna55	major	sim98	Eso-AdenoCa
6	122575621	122575622	6	122600844	122600845	-	+	DUP	cna57	major	sim98	Eso-AdenoCa
6	122575621	122575622	6	122600844	122600845	+	-	DEL	cna57	minor	sim98	Eso-AdenoCa
6	122600845	122600846	6	122670975	122670976	-	+	DUP	cna58	major	sim98	Eso-AdenoCa
6	122670976	122670977	6	122683641	122683642	-	+	DUP	cna59	major	sim98	Eso-AdenoCa
6	122670976	122670977	6	122683641	122683642	+	-	DEL	cna59	minor	sim98	Eso-AdenoCa
6	122683642	122683643	6	122778762	122778763	-	+	DUP	cna60	major	sim98	Eso-AdenoCa
6	122778763	122778764	6	161572997	161572998	-	+	DUP	cna61	major	sim98	Eso-AdenoCa
6	161572998	161572999	6	163446877	163446878	-	+	DUP	cna62	major	sim98	Eso-AdenoCa
6	161572998	161572999	6	163446877	163446878	-	+	DUP	cna62	minor	sim98	Eso-AdenoCa
6	163446878	163446879	6	170221106	170221107	-	+	DUP	cna63	major	sim98	Eso-AdenoCa
6	163446878	163446879	6	170221106	170221107	+	-	DEL	cna63	minor	sim98	Eso-AdenoCa
6	170221107	170221108	6	171115067	171115068	+	-	DEL	cna64	minor	sim98	Eso-AdenoCa
7	1	2	7	27216052	27216053	-	+	DUP	cna65	major	sim98	Eso-AdenoCa
7	1	2	7	27216052	27216053	+	-	DEL	cna65	minor	sim98	Eso-AdenoCa
7	27216053	27216054	7	91665977	91665978	-	+	DUP	cna66	major	sim98	Eso-AdenoCa
7	57133973	91665977	10	108145604	135534747	-	-	TRA	cna66,cna85	minor,minor	sim98	Eso-AdenoCa
7	91665978	91665979	7	94560260	94560261	-	+	DUP	cna67	major	sim98	Eso-AdenoCa
7	91665978	91665979	7	94560260	94560261	-	+	DUP	cna67	minor	sim98	Eso-AdenoCa
7	94560261	94560262	7	94573157	94573158	-	+	DUP	cna68	major	sim98	Eso-AdenoCa
7	94573158	94573159	7	94598887	94598888	-	+	DUP	cna69	major	sim98	Eso-AdenoCa
7	94573158	94573159	7	94598887	94598888	-	+	DUP	cna69	minor	sim98	Eso-AdenoCa
7	94598888	94598889	7	134983742	134983743	+	-	DEL	cna70	minor	sim98	Eso-AdenoCa
7	97197173	97197174	7	97217212	97217213	-	-	t2tINV	cna70	major	sim98	Eso-AdenoCa
7	134983743	134983744	7	136123809	136123810	-	+	DUP	cna71	major	sim98	Eso-AdenoCa
7	136123810	136123811	7	136332285	136332286	-	+	DUP	cna72	major	sim98	Eso-AdenoCa
7	136123810	136123811	7	136332285	136332286	-	+	DUP	cna72	minor	sim98	Eso-AdenoCa
7	136332286	136332287	7	145024987	145024988	+	-	DEL	cna73	minor	sim98	Eso-AdenoCa
7	145024988	145024989	7	145050128	145050129	-	+	DUP	cna74	major	sim98	Eso-AdenoCa
7	145024988	145024989	7	145050128	145050129	+	-	DEL	cna74	minor	sim98	Eso-AdenoCa
7	145050129	145050130	7	159138663	159138664	-	+	DUP	cna75	major	sim98	Eso-AdenoCa
7	145050129	145050130	7	159138663	159138664	-	+	DUP	cna75	minor	sim98	Eso-AdenoCa
8	1	2	8	140288971	140288972	-	+	DUP	cna76	major	sim98	Eso-AdenoCa
8	1	2	8	140288971	140288972	-	+	DUP	cna76	minor	sim98	Eso-AdenoCa
8	120094010	120094011	8	120114187	120114188	+	+	h2hINV	cna76	minor	sim98	Eso-AdenoCa
8	140288972	140288973	8	140711476	140711477	-	+	DUP	cna77	major	sim98	Eso-AdenoCa
8	140711477	140711478	8	140998769	140998770	-	+	DUP	cna78	major	sim98	Eso-AdenoCa
8	140998770	140998771	8	146364022	146364023	+	-	DEL	cna79	minor	sim98	Eso-AdenoCa
9	67335989	67335990	9	74886251	74886252	+	-	DEL	cna81	minor	sim98	Eso-AdenoCa
9	74886252	74886253	9	96238091	96238092	-	+	DUP	cna82	major	sim98	Eso-AdenoCa
9	96238092	96238093	9	141213431	141213432	-	+	DUP	cna83	major	sim98	Eso-AdenoCa
9	96238092	96238093	9	141213431	141213432	+	-	DEL	cna83	minor	sim98	Eso-AdenoCa
9	131484288	131484289	9	138642631	138642632	-	-	t2tINV	cna83	major	sim98	Eso-AdenoCa
10	1	2	10	299958	299959	-	+	DUP	cna84	major	sim98	Eso-AdenoCa
10	299959	299960	10	135534747	135534748	-	+	DUP	cna85	major	sim98	Eso-AdenoCa
10	299959	299960	10	135534747	135534748	-	+	DUP	cna85	minor	sim98	Eso-AdenoCa
10	299959	39783032	17	58879436	81195210	+	-	TRA	cna117,cna85	minor,minor	sim98	Eso-AdenoCa
10	21812557	21812558	10	21858399	21858400	-	-	t2tINV	cna85	minor	sim98	Eso-AdenoCa
10	99161857	135534747	13	1	187428	-	+	TRA	cna85,cna102	major,major	sim98	Eso-AdenoCa
11	1	2	11	25895720	25895721	-	+	DUP	cna86	major	sim98	Eso-AdenoCa
11	1	2	11	25895720	25895721	-	+	DUP	cna86	minor	sim98	Eso-AdenoCa
11	25895721	25895722	11	48739816	48739817	-	+	DUP	cna87	major	sim98	Eso-AdenoCa
11	25895721	25895722	11	48739816	48739817	+	-	DEL	cna87	minor	sim98	Eso-AdenoCa
11	48739817	48739818	11	49229504	49229505	+	-	DEL	cna88	minor	sim98	Eso-AdenoCa
11	49229505	49229506	11	95861912	95861913	-	+	DUP	cna89	major	sim98	Eso-AdenoCa
11	75269810	75269811	11	89186916	89186917	-	-	t2tINV	cna89	minor	sim98	Eso-AdenoCa
11	96714243	96714244	11	96728237	96728238	-	+	DUP	cna91	major	sim98	Eso-AdenoCa
11	96714243	96714244	11	96728237	96728238	-	+	DUP	cna91	minor	sim98	Eso-AdenoCa
11	96728238	96728239	11	96789907	96789908	-	+	DUP	cna92	major	sim98	Eso-AdenoCa
11	96728238	96728239	11	96789907	96789908	-	+	DUP	cna92	minor	sim98	Eso-AdenoCa
11	96789908	96789909	11	97087730	97087731	+	-	DEL	cna93	major	sim98	Eso-AdenoCa
11	96789908	96789909	11	97087730	97087731	+	-	DEL	cna93	minor	sim98	Eso-AdenoCa
11	97087731	97087732	11	122601962	122601963	-	+	DUP	cna94	major	sim98	Eso-AdenoCa
11	97087731	97087732	11	122601962	122601963	-	+	DUP	cna94	minor	sim98	Eso-AdenoCa
11	113628610	113628611	11	113638615	113638616	+	+	h2hINV	cna94	minor	sim98	Eso-AdenoCa
11	122601963	122601964	11	122655120	122655121	-	+	DUP	cna95	major	sim98	Eso-AdenoCa
11	122601963	122601964	11	122655120	122655121	-	+	DUP	cna95	minor	sim98	Eso-AdenoCa
11	122655121	122655122	11	135006516	135006517	+	-	DEL	cna96	major	sim98	Eso-AdenoCa
11	122655121	122655122	11	135006516	135006517	+	-	DEL	cna96	minor	sim98	Eso-AdenoCa
12	1	2	12	28351615	28351616	-	+	DUP	cna97	major	sim98	Eso-AdenoCa
12	1	2	12	28351615	28351616	+	-	DEL	cna97	minor	sim98	Eso-AdenoCa
12	782294	782295	12	16106869	16106870	-	-	t2tINV	cna97	major	sim98	Eso-AdenoCa
12	28351616	28351617	12	28591818	28591819	-	+	DUP	cna98	major	sim98	Eso-AdenoCa
12	28351616	28351617	12	28591818	28591819	-	+	DUP	cna98	minor	sim98	Eso-AdenoCa
12	28591819	28591820	12	28757425	28757426	+	-	DEL	cna99	major	sim98	Eso-AdenoCa
12	28591819	28591820	12	28757425	28757426	+	-	DEL	cna99	minor	sim98	Eso-AdenoCa
12	28757426	28757427	12	29075681	29075682	-	+	DUP	cna100	major	sim98	Eso-AdenoCa
12	28757426	28757427	12	29075681	29075682	-	+	DUP	cna100	minor	sim98	Eso-AdenoCa
12	29075682	29075683	12	133851895	133851896	-	+	DUP	cna101	major	sim98	Eso-AdenoCa
12	31403794	31403795	12	31413801	31413802	-	-	t2tINV	cna101	major	sim98	Eso-AdenoCa
12	105156594	105156595	12	110272227	110272228	-	-	t2tINV	cna101	major	sim98	Eso-AdenoCa
13	1	2	13	114975019	114975020	-	+	DUP	cna102	major	sim98	Eso-AdenoCa
13	38300499	38300500	13	38310519	38310520	+	+	h2hINV	cna102	minor	sim98	Eso-AdenoCa
13	114975020	114975021	13	115169878	115169879	+	-	DEL	cna103	minor	sim98	Eso-AdenoCa
14	104914033	104914034	14	107349540	107349541	-	+	DUP	cna105	major	sim98	Eso-AdenoCa
15	29839681	29839682	15	33097759	33097760	-	-	t2tINV	cna107	minor	sim98	Eso-AdenoCa
15	31443311	31443312	15	102011975	102011976	-	+	DUP	cna107	major	sim98	Eso-AdenoCa
15	31443311	31443312	15	102011975	102011976	-	+	DUP	cna107	minor	sim98	Eso-AdenoCa
15	102011976	102011977	15	102283679	102283680	+	-	DEL	cna108	minor	sim98	Eso-AdenoCa
15	102283680	102283681	15	102531392	102531393	-	+	DUP	cna109	major	sim98	Eso-AdenoCa
15	102283680	102283681	15	102531392	102531393	-	+	DUP	cna109	minor	sim98	Eso-AdenoCa
16	1	2	16	15732502	15732503	-	+	DUP	cna110	major	sim98	Eso-AdenoCa
16	11805289	11805290	16	21111369	21111370	+	+	h2hINV	cna110	major	sim98	Eso-AdenoCa
16	15743137	15743138	16	15797849	15797850	-	+	DUP	cna112	major	sim98	Eso-AdenoCa
16	15743137	15743138	16	15797849	15797850	-	+	DUP	cna112	minor	sim98	Eso-AdenoCa
16	30329918	30329919	16	70713450	70713451	-	+	DUP	cna114	major	sim98	Eso-AdenoCa
16	30329918	30329919	16	70713450	70713451	+	-	DEL	cna114	minor	sim98	Eso-AdenoCa
16	70713451	70713452	16	72488275	72488276	-	+	DUP	cna115	major	sim98	Eso-AdenoCa
16	70713451	70713452	16	72488275	72488276	-	+	DUP	cna115	minor	sim98	Eso-AdenoCa
16	72488276	72488277	16	90354753	90354754	+	-	DEL	cna116	minor	sim98	Eso-AdenoCa
16	80053989	90354753	X	47051538	76220181	-	-	TRA	cna116,cna130	minor,minor	sim98	Eso-AdenoCa
16	87024189	87024190	16	87054347	87054348	-	-	t2tINV	cna116	major	sim98	Eso-AdenoCa
17	1	2	17	81195210	81195211	-	+	DUP	cna117	major	sim98	Eso-AdenoCa
17	1	2	17	81195210	81195211	-	+	DUP	cna117	minor	sim98	Eso-AdenoCa
18	1	2	18	20742184	20742185	+	-	DEL	cna118	minor	sim98	Eso-AdenoCa
18	20742185	20742186	18	33384296	33384297	-	+	DUP	cna119	major	sim98	Eso-AdenoCa
18	20742185	20742186	18	33384296	33384297	+	-	DEL	cna119	minor	sim98	Eso-AdenoCa
18	33384297	33384298	18	66279315	66279316	-	+	DUP	cna120	major	sim98	Eso-AdenoCa
18	33384297	33384298	18	66279315	66279316	+	-	DEL	cna120	minor	sim98	Eso-AdenoCa
18	66279316	66279317	18	77761442	77761443	+	-	DEL	cna121	major	sim98	Eso-AdenoCa
18	66279316	66279317	18	77761442	77761443	+	-	DEL	cna121	minor	sim98	Eso-AdenoCa
18	77761443	77761444	18	78077248	78077249	-	+	DUP	cna122	major	sim98	Eso-AdenoCa
19	1	2	19	18639679	18639680	+	-	DEL	cna123	minor	sim98	Eso-AdenoCa
19	58541479	58541480	19	58978319	58978320	-	+	DUP	cna125	major	sim98	Eso-AdenoCa
19	58541479	58541480	19	58978319	58978320	+	-	DEL	cna125	minor	sim98	Eso-AdenoCa
19	58978320	58978321	19	59128983	59128984	-	+	DUP	cna126	major	sim98	Eso-AdenoCa
19	58978320	58978321	19	59128983	59128984	-	+	DUP	cna126	minor	sim98	Eso-AdenoCa
20	1	2	20	63025520	63025521	-	+	DUP	cna127	major	sim98	Eso-AdenoCa
21	1	2	21	48129895	48129896	-	+	DUP	cna128	major	sim98	Eso-AdenoCa
21	18350475	18350476	21	18360480	18360481	-	-	t2tINV	cna128	major	sim98	Eso-AdenoCa
22	1	2	22	51304566	51304567	-	+	DUP	cna129	major	sim98	Eso-AdenoCa
X	1	2	X	76220181	76220182	-	+	DUP	cna130	major	sim98	Eso-AdenoCa
X	76220182	76220183	X	82019973	82019974	-	+	DUP	cna131	major	sim98	Eso-AdenoCa
X	76220182	76220183	X	82019973	82019974	-	+	DUP	cna131	minor	sim98	Eso-AdenoCa
X	82019974	82019975	X	82172474	82172475	-	+	DUP	cna132	major	sim98	Eso-AdenoCa
X	82019974	82019975	X	82172474	82172475	-	+	DUP	cna132	minor	sim98	Eso-AdenoCa
X	82172475	82172476	X	82571562	82571563	+	-	DEL	cna133	major	sim98	Eso-AdenoCa
X	82172475	82172476	X	82571562	82571563	+	-	DEL	cna133	minor	sim98	Eso-AdenoCa
X	82571563	82571564	X	83289500	83289501	-	+	DUP	cna134	major	sim98	Eso-AdenoCa
X	82571563	82571564	X	83289500	83289501	-	+	DUP	cna134	minor	sim98	Eso-AdenoCa
X	83289501	83289502	X	129270422	129270423	-	+	DUP	cna135	major	sim98	Eso-AdenoCa
X	83289501	83289502	X	129270422	129270423	+	-	DEL	cna135	minor	sim98	Eso-AdenoCa
X	129270423	129270424	X	129547434	129547435	+	-	DEL	cna136	minor	sim98	Eso-AdenoCa
X	129547435	129547436	X	129658386	129658387	-	+	DUP	cna137	major	sim98	Eso-AdenoCa
X	129547435	129547436	X	129658386	129658387	+	-	DEL	cna137	minor	sim98	Eso-AdenoCa
X	129658387	129658388	X	142801385	142801386	-	+	DUP	cna138	major	sim98	Eso-AdenoCa
X	142801386	142801387	X	155245022	155245023	-	+	DUP	cna139	major	sim98	Eso-AdenoCa
X	142801386	142801387	X	155245022	155245023	+	-	DEL	cna139	minor	sim98	Eso-AdenoCa
X	155245023	155245024	X	155270560	155270561	-	+	DUP	cna140	major	sim98	Eso-AdenoCa
Y	1	2	Y	57558210	57558211	-	+	DUP	cna141	major	sim98	Eso-AdenoCa
Y	1	2	Y	57558210	57558211	+	-	DEL	cna141	minor	sim98	Eso-AdenoCa
Y	57558211	57558212	Y	57703658	57703659	-	+	DUP	cna142	major	sim98	Eso-AdenoCa
Y	57558211	57558212	Y	57703658	57703659	-	+	DUP	cna142	minor	sim98	Eso-AdenoCa
Y	57703659	57703660	Y	59373566	59373567	-	+	DUP	cna143	major	sim98	Eso-AdenoCa
Y	57703659	57703660	Y	59373566	59373567	-	+	DUP	cna143	minor	sim98	Eso-AdenoCa
