chrom	start	end	major_cn	minor_cn	donor_id	study	id
1	1	25574548	2	0	sim92	Eso-AdenoCa	cna0
1	25574549	31198674	7	2	sim92	Eso-AdenoCa	cna1
1	31198675	31857494	3	2	sim92	Eso-AdenoCa	cna2
1	31857495	75972505	2	1	sim92	Eso-AdenoCa	cna3
1	75972506	77601666	1	0	sim92	Eso-AdenoCa	cna4
1	77601667	86832116	2	1	sim92	Eso-AdenoCa	cna5
1	86832117	116407132	3	1	sim92	Eso-AdenoCa	cna6
1	116407133	133444952	2	2	sim92	Eso-AdenoCa	cna7
1	133444953	133745328	2	0	sim92	Eso-AdenoCa	cna8
1	133745329	164870702	2	2	sim92	Eso-AdenoCa	cna9
1	164870703	166518480	6	1	sim92	Eso-AdenoCa	cna10
1	166518481	168501700	3	1	sim92	Eso-AdenoCa	cna11
1	168501701	168667220	6	2	sim92	Eso-AdenoCa	cna12
1	168667221	169075969	2	2	sim92	Eso-AdenoCa	cna13
1	169075970	231861152	1	0	sim92	Eso-AdenoCa	cna14
1	231861153	244149580	2	1	sim92	Eso-AdenoCa	cna15
1	244149581	244229168	1	0	sim92	Eso-AdenoCa	cna16
1	244229169	249250621	2	0	sim92	Eso-AdenoCa	cna17
2	1	2397975	3	0	sim92	Eso-AdenoCa	cna18
2	2397976	10323314	4	0	sim92	Eso-AdenoCa	cna19
2	10323315	41124113	2	1	sim92	Eso-AdenoCa	cna20
2	41124114	66934210	3	1	sim92	Eso-AdenoCa	cna21
2	66934211	87302517	2	0	sim92	Eso-AdenoCa	cna22
2	87302518	100923659	4	1	sim92	Eso-AdenoCa	cna23
2	100923660	111579518	2	0	sim92	Eso-AdenoCa	cna24
2	111579519	115501979	3	3	sim92	Eso-AdenoCa	cna25
2	115501980	243199373	2	1	sim92	Eso-AdenoCa	cna26
3	1	16641439	2	2	sim92	Eso-AdenoCa	cna27
3	16641440	66957945	2	1	sim92	Eso-AdenoCa	cna28
3	66957946	66977530	3	1	sim92	Eso-AdenoCa	cna29
3	66977531	68508353	4	2	sim92	Eso-AdenoCa	cna30
3	68508354	71249886	1	0	sim92	Eso-AdenoCa	cna31
3	71249887	71947935	4	2	sim92	Eso-AdenoCa	cna32
3	71947936	106887021	2	0	sim92	Eso-AdenoCa	cna33
3	106887022	106945669	2	2	sim92	Eso-AdenoCa	cna34
3	106945670	198022430	2	1	sim92	Eso-AdenoCa	cna35
4	1	10199974	1	0	sim92	Eso-AdenoCa	cna36
4	10199975	10326009	4	2	sim92	Eso-AdenoCa	cna37
4	10326010	10344605	1	0	sim92	Eso-AdenoCa	cna38
4	10344606	10959095	2	2	sim92	Eso-AdenoCa	cna39
4	10959096	13391895	2	0	sim92	Eso-AdenoCa	cna40
4	13391896	16991995	2	1	sim92	Eso-AdenoCa	cna41
4	16991996	18476503	1	0	sim92	Eso-AdenoCa	cna42
4	18476504	19533360	2	2	sim92	Eso-AdenoCa	cna43
4	19533361	19609610	4	1	sim92	Eso-AdenoCa	cna44
4	19609611	19756485	2	0	sim92	Eso-AdenoCa	cna45
4	19756486	20552419	1	0	sim92	Eso-AdenoCa	cna46
4	20552420	80446956	2	0	sim92	Eso-AdenoCa	cna47
4	80446957	130601898	2	1	sim92	Eso-AdenoCa	cna48
4	130601899	130969289	3	1	sim92	Eso-AdenoCa	cna49
4	130969290	132887881	2	1	sim92	Eso-AdenoCa	cna50
4	132887882	141299539	1	0	sim92	Eso-AdenoCa	cna51
4	141299540	141308986	2	0	sim92	Eso-AdenoCa	cna52
4	141308987	191109060	2	2	sim92	Eso-AdenoCa	cna53
4	191109061	191154276	1	0	sim92	Eso-AdenoCa	cna54
5	1	9167532	2	1	sim92	Eso-AdenoCa	cna55
5	9167533	9492288	2	2	sim92	Eso-AdenoCa	cna56
5	9492289	10181079	4	2	sim92	Eso-AdenoCa	cna57
5	10181080	28890820	3	0	sim92	Eso-AdenoCa	cna58
5	28890821	58653788	2	1	sim92	Eso-AdenoCa	cna59
5	58653789	60465309	3	1	sim92	Eso-AdenoCa	cna60
5	60465310	73841617	2	1	sim92	Eso-AdenoCa	cna61
5	73841618	79410264	2	0	sim92	Eso-AdenoCa	cna62
5	79410265	160050517	1	0	sim92	Eso-AdenoCa	cna63
5	160050518	160279573	2	0	sim92	Eso-AdenoCa	cna64
5	160279574	176551079	2	1	sim92	Eso-AdenoCa	cna65
5	176551080	180915260	2	2	sim92	Eso-AdenoCa	cna66
6	1	10153533	3	1	sim92	Eso-AdenoCa	cna67
6	10153534	10303168	3	0	sim92	Eso-AdenoCa	cna68
6	10303169	10516577	2	1	sim92	Eso-AdenoCa	cna69
6	10516578	10526266	1	0	sim92	Eso-AdenoCa	cna70
6	10526267	18697123	3	2	sim92	Eso-AdenoCa	cna71
6	18697124	20453479	2	0	sim92	Eso-AdenoCa	cna72
6	20453480	20549831	1	0	sim92	Eso-AdenoCa	cna73
6	20549832	53781025	2	1	sim92	Eso-AdenoCa	cna74
6	53781026	55286669	1	0	sim92	Eso-AdenoCa	cna75
6	55286670	57736795	4	1	sim92	Eso-AdenoCa	cna76
6	57736796	57856518	2	0	sim92	Eso-AdenoCa	cna77
6	57856519	58707029	3	1	sim92	Eso-AdenoCa	cna78
6	58707030	69394230	3	0	sim92	Eso-AdenoCa	cna79
6	69394231	69774469	1	0	sim92	Eso-AdenoCa	cna80
6	69774470	69822003	2	0	sim92	Eso-AdenoCa	cna81
6	69822004	82458681	1	0	sim92	Eso-AdenoCa	cna82
6	82458682	91758181	2	1	sim92	Eso-AdenoCa	cna83
6	91758182	91785914	4	0	sim92	Eso-AdenoCa	cna84
6	91785915	96419888	2	0	sim92	Eso-AdenoCa	cna85
6	96419889	96429589	4	1	sim92	Eso-AdenoCa	cna86
6	96429590	96439279	2	0	sim92	Eso-AdenoCa	cna87
6	96439280	96766001	1	0	sim92	Eso-AdenoCa	cna88
6	96766002	100774084	4	2	sim92	Eso-AdenoCa	cna89
6	100774085	115790419	1	0	sim92	Eso-AdenoCa	cna90
6	115790420	118289381	2	1	sim92	Eso-AdenoCa	cna91
6	118289382	124797233	1	0	sim92	Eso-AdenoCa	cna92
6	124797234	124998997	3	0	sim92	Eso-AdenoCa	cna93
6	124998998	162133810	3	1	sim92	Eso-AdenoCa	cna94
6	162133811	163602462	2	1	sim92	Eso-AdenoCa	cna95
6	163602463	163737998	3	0	sim92	Eso-AdenoCa	cna96
6	163737999	165639282	3	2	sim92	Eso-AdenoCa	cna97
6	165639283	165683321	2	1	sim92	Eso-AdenoCa	cna98
6	165683322	171115067	2	0	sim92	Eso-AdenoCa	cna99
7	1	7987072	3	3	sim92	Eso-AdenoCa	cna100
7	7987073	30420938	1	0	sim92	Eso-AdenoCa	cna101
7	30420939	30432534	2	1	sim92	Eso-AdenoCa	cna102
7	30432535	33819571	3	0	sim92	Eso-AdenoCa	cna103
7	33819572	34610740	2	2	sim92	Eso-AdenoCa	cna104
7	34610741	153461796	1	0	sim92	Eso-AdenoCa	cna105
7	153461797	158506113	2	0	sim92	Eso-AdenoCa	cna106
7	158506114	159115570	2	1	sim92	Eso-AdenoCa	cna107
7	159115571	159138663	1	0	sim92	Eso-AdenoCa	cna108
8	1	133378113	2	1	sim92	Eso-AdenoCa	cna109
8	133378114	133414236	0	0	sim92	Eso-AdenoCa	cna110
8	133414237	133939652	4	1	sim92	Eso-AdenoCa	cna111
8	133939653	135084232	2	0	sim92	Eso-AdenoCa	cna112
8	135084233	135118539	4	1	sim92	Eso-AdenoCa	cna113
8	135118540	138913162	2	1	sim92	Eso-AdenoCa	cna114
8	138913163	139107620	1	0	sim92	Eso-AdenoCa	cna115
8	139107621	141876151	2	1	sim92	Eso-AdenoCa	cna116
8	141876152	142675898	4	1	sim92	Eso-AdenoCa	cna117
8	142675899	142699619	0	0	sim92	Eso-AdenoCa	cna118
8	142699620	144158883	5	2	sim92	Eso-AdenoCa	cna119
8	144158884	144201749	2	1	sim92	Eso-AdenoCa	cna120
8	144201750	145562670	2	2	sim92	Eso-AdenoCa	cna121
8	145562671	145605696	4	1	sim92	Eso-AdenoCa	cna122
8	145605697	145648271	3	3	sim92	Eso-AdenoCa	cna123
8	145648272	146364022	4	2	sim92	Eso-AdenoCa	cna124
9	1	422797	2	2	sim92	Eso-AdenoCa	cna125
9	422798	35776588	3	1	sim92	Eso-AdenoCa	cna126
9	35776589	35940324	1	0	sim92	Eso-AdenoCa	cna127
9	35940325	36474785	4	2	sim92	Eso-AdenoCa	cna128
9	36474786	36493210	3	3	sim92	Eso-AdenoCa	cna129
9	36493211	37019429	4	2	sim92	Eso-AdenoCa	cna130
9	37019430	38745869	2	1	sim92	Eso-AdenoCa	cna131
9	38745870	38755110	3	3	sim92	Eso-AdenoCa	cna132
9	38755111	39304658	2	0	sim92	Eso-AdenoCa	cna133
9	39304659	50542976	3	1	sim92	Eso-AdenoCa	cna134
9	50542977	63266109	1	0	sim92	Eso-AdenoCa	cna135
9	63266110	63275351	3	0	sim92	Eso-AdenoCa	cna136
9	63275352	63779212	2	1	sim92	Eso-AdenoCa	cna137
9	63779213	63937614	3	1	sim92	Eso-AdenoCa	cna138
9	63937615	64732909	1	0	sim92	Eso-AdenoCa	cna139
9	64732910	64980246	2	1	sim92	Eso-AdenoCa	cna140
9	64980247	64989529	4	3	sim92	Eso-AdenoCa	cna141
9	64989530	65109250	2	0	sim92	Eso-AdenoCa	cna142
9	65109251	65696468	4	1	sim92	Eso-AdenoCa	cna143
9	65696469	81697481	2	1	sim92	Eso-AdenoCa	cna144
9	81697482	81849074	2	0	sim92	Eso-AdenoCa	cna145
9	81849075	141158886	2	1	sim92	Eso-AdenoCa	cna146
9	141158887	141185421	3	2	sim92	Eso-AdenoCa	cna147
9	141185422	141204197	4	1	sim92	Eso-AdenoCa	cna148
9	141204198	141213431	4	0	sim92	Eso-AdenoCa	cna149
10	1	904341	2	1	sim92	Eso-AdenoCa	cna150
10	904342	1742939	4	2	sim92	Eso-AdenoCa	cna151
10	1742940	114200636	2	2	sim92	Eso-AdenoCa	cna152
10	114200637	114213343	2	1	sim92	Eso-AdenoCa	cna153
10	114213344	114297406	1	0	sim92	Eso-AdenoCa	cna154
10	114297407	115017324	2	0	sim92	Eso-AdenoCa	cna155
10	115017325	115163939	0	0	sim92	Eso-AdenoCa	cna156
10	115163940	116134352	2	1	sim92	Eso-AdenoCa	cna157
10	116134353	116217836	1	0	sim92	Eso-AdenoCa	cna158
10	116217837	130009064	2	2	sim92	Eso-AdenoCa	cna159
10	130009065	130058078	3	3	sim92	Eso-AdenoCa	cna160
10	130058079	135534747	2	1	sim92	Eso-AdenoCa	cna161
11	1	12679553	2	2	sim92	Eso-AdenoCa	cna162
11	12679554	12884889	2	1	sim92	Eso-AdenoCa	cna163
11	12884890	13803976	2	0	sim92	Eso-AdenoCa	cna164
11	13803977	13823021	2	2	sim92	Eso-AdenoCa	cna165
11	13823022	49752247	2	1	sim92	Eso-AdenoCa	cna166
11	49752248	50397284	2	0	sim92	Eso-AdenoCa	cna167
11	50397285	57351244	2	1	sim92	Eso-AdenoCa	cna168
11	57351245	58118814	3	0	sim92	Eso-AdenoCa	cna169
11	58118815	58234680	4	1	sim92	Eso-AdenoCa	cna170
11	58234681	58637196	4	2	sim92	Eso-AdenoCa	cna171
11	58637197	124446705	2	2	sim92	Eso-AdenoCa	cna172
11	124446706	129361242	2	1	sim92	Eso-AdenoCa	cna173
11	129361243	132019742	1	0	sim92	Eso-AdenoCa	cna174
11	132019743	133953366	2	2	sim92	Eso-AdenoCa	cna175
11	133953367	134052096	3	1	sim92	Eso-AdenoCa	cna176
11	134052097	134996963	4	1	sim92	Eso-AdenoCa	cna177
11	134996964	135006516	2	0	sim92	Eso-AdenoCa	cna178
12	1	13260136	3	1	sim92	Eso-AdenoCa	cna179
12	13260137	18562217	4	2	sim92	Eso-AdenoCa	cna180
12	18562218	32629624	2	1	sim92	Eso-AdenoCa	cna181
12	32629625	33092621	1	0	sim92	Eso-AdenoCa	cna182
12	33092622	35894842	3	1	sim92	Eso-AdenoCa	cna183
12	35894843	80136153	2	2	sim92	Eso-AdenoCa	cna184
12	80136154	126099462	2	1	sim92	Eso-AdenoCa	cna185
12	126099463	126239847	0	0	sim92	Eso-AdenoCa	cna186
12	126239848	126253437	4	1	sim92	Eso-AdenoCa	cna187
12	126253438	126378685	0	1	sim92	Eso-AdenoCa	cna188
12	126378686	126682075	4	2	sim92	Eso-AdenoCa	cna189
12	126682076	133851895	2	2	sim92	Eso-AdenoCa	cna190
13	1	14021573	3	1	sim92	Eso-AdenoCa	cna191
13	14021574	15346670	1	0	sim92	Eso-AdenoCa	cna192
13	15346671	15500937	2	2	sim92	Eso-AdenoCa	cna193
13	15500938	23782629	1	0	sim92	Eso-AdenoCa	cna194
13	23782630	35848195	3	2	sim92	Eso-AdenoCa	cna195
13	35848196	36379599	2	1	sim92	Eso-AdenoCa	cna196
13	36379600	41292368	1	0	sim92	Eso-AdenoCa	cna197
13	41292369	41753751	2	0	sim92	Eso-AdenoCa	cna198
13	41753752	43509410	4	1	sim92	Eso-AdenoCa	cna199
13	43509411	44032335	2	0	sim92	Eso-AdenoCa	cna200
13	44032336	44350457	1	0	sim92	Eso-AdenoCa	cna201
13	44350458	47100230	2	1	sim92	Eso-AdenoCa	cna202
13	47100231	64931590	3	0	sim92	Eso-AdenoCa	cna203
13	64931591	96154007	4	0	sim92	Eso-AdenoCa	cna204
13	96154008	107153032	1	0	sim92	Eso-AdenoCa	cna205
13	107153033	107264268	3	1	sim92	Eso-AdenoCa	cna206
13	107264269	107550579	2	1	sim92	Eso-AdenoCa	cna207
13	107550580	107560629	3	1	sim92	Eso-AdenoCa	cna208
13	107560630	111357179	2	0	sim92	Eso-AdenoCa	cna209
13	111357180	115052883	3	0	sim92	Eso-AdenoCa	cna210
13	115052884	115073670	4	2	sim92	Eso-AdenoCa	cna211
13	115073671	115169878	5	2	sim92	Eso-AdenoCa	cna212
14	1	94970643	1	0	sim92	Eso-AdenoCa	cna213
14	94970644	95034734	2	0	sim92	Eso-AdenoCa	cna214
14	95034735	95367295	1	0	sim92	Eso-AdenoCa	cna215
14	95367296	106830388	2	1	sim92	Eso-AdenoCa	cna216
14	106830389	107349540	3	2	sim92	Eso-AdenoCa	cna217
15	1	13682870	2	1	sim92	Eso-AdenoCa	cna218
15	13682871	28319237	2	0	sim92	Eso-AdenoCa	cna219
15	28319238	31659177	2	2	sim92	Eso-AdenoCa	cna220
15	31659178	37887176	3	1	sim92	Eso-AdenoCa	cna221
15	37887177	39375097	2	2	sim92	Eso-AdenoCa	cna222
15	39375098	47720801	2	0	sim92	Eso-AdenoCa	cna223
15	47720802	47864804	1	0	sim92	Eso-AdenoCa	cna224
15	47864805	101031029	3	2	sim92	Eso-AdenoCa	cna225
15	101031030	101474721	2	1	sim92	Eso-AdenoCa	cna226
15	101474722	101756653	1	0	sim92	Eso-AdenoCa	cna227
15	101756654	102531392	2	2	sim92	Eso-AdenoCa	cna228
16	1	66296457	2	2	sim92	Eso-AdenoCa	cna229
16	66296458	66560347	2	1	sim92	Eso-AdenoCa	cna230
16	66560348	67399503	3	2	sim92	Eso-AdenoCa	cna231
16	67399504	84557700	2	0	sim92	Eso-AdenoCa	cna232
16	84557701	90331665	2	1	sim92	Eso-AdenoCa	cna233
16	90331666	90354753	2	0	sim92	Eso-AdenoCa	cna234
17	1	81195210	2	1	sim92	Eso-AdenoCa	cna235
18	1	78077248	2	1	sim92	Eso-AdenoCa	cna236
19	1	59117225	2	1	sim92	Eso-AdenoCa	cna237
19	59117226	59128983	3	1	sim92	Eso-AdenoCa	cna238
20	1	36535136	2	1	sim92	Eso-AdenoCa	cna239
20	36535137	36639709	3	0	sim92	Eso-AdenoCa	cna240
20	36639710	47696986	3	1	sim92	Eso-AdenoCa	cna241
20	47696987	54996813	2	2	sim92	Eso-AdenoCa	cna242
20	54996814	63025520	4	2	sim92	Eso-AdenoCa	cna243
21	1	48129895	2	1	sim92	Eso-AdenoCa	cna244
22	1	10620152	2	1	sim92	Eso-AdenoCa	cna245
22	10620153	11508117	1	0	sim92	Eso-AdenoCa	cna246
22	11508118	12298352	2	1	sim92	Eso-AdenoCa	cna247
22	12298353	20842916	1	0	sim92	Eso-AdenoCa	cna248
22	20842917	21922644	4	1	sim92	Eso-AdenoCa	cna249
22	21922645	34289788	7	1	sim92	Eso-AdenoCa	cna250
22	34289789	40416628	2	0	sim92	Eso-AdenoCa	cna251
22	40416629	51304566	2	1	sim92	Eso-AdenoCa	cna252
X	1	89494564	3	2	sim92	Eso-AdenoCa	cna253
X	89494565	136625789	2	2	sim92	Eso-AdenoCa	cna254
X	136625790	136830301	1	0	sim92	Eso-AdenoCa	cna255
X	136830302	154634074	2	1	sim92	Eso-AdenoCa	cna256
X	154634075	154680637	3	1	sim92	Eso-AdenoCa	cna257
X	154680638	155017523	2	1	sim92	Eso-AdenoCa	cna258
X	155017524	155037005	0	0	sim92	Eso-AdenoCa	cna259
X	155037006	155270560	4	0	sim92	Eso-AdenoCa	cna260
Y	1	33967	1	0	sim92	Eso-AdenoCa	cna261
Y	33968	1504466	2	1	sim92	Eso-AdenoCa	cna262
Y	1504467	4968351	2	2	sim92	Eso-AdenoCa	cna263
Y	4968352	4984995	3	2	sim92	Eso-AdenoCa	cna264
Y	4984996	7752829	3	1	sim92	Eso-AdenoCa	cna265
Y	7752830	12668827	1	0	sim92	Eso-AdenoCa	cna266
Y	12668828	12707011	2	0	sim92	Eso-AdenoCa	cna267
Y	12707012	12712162	3	3	sim92	Eso-AdenoCa	cna268
Y	12712163	18500769	2	1	sim92	Eso-AdenoCa	cna269
Y	18500770	20170834	1	0	sim92	Eso-AdenoCa	cna270
Y	20170835	20213411	2	0	sim92	Eso-AdenoCa	cna271
Y	20213412	20281278	0	0	sim92	Eso-AdenoCa	cna272
Y	20281279	20922578	2	0	sim92	Eso-AdenoCa	cna273
Y	20922579	21728285	4	1	sim92	Eso-AdenoCa	cna274
Y	21728286	23298738	1	0	sim92	Eso-AdenoCa	cna275
Y	23298739	23304763	3	1	sim92	Eso-AdenoCa	cna276
Y	23304764	27447681	3	0	sim92	Eso-AdenoCa	cna277
Y	27447682	27806672	1	0	sim92	Eso-AdenoCa	cna278
Y	27806673	27824019	2	0	sim92	Eso-AdenoCa	cna279
Y	27824020	27829587	3	2	sim92	Eso-AdenoCa	cna280
Y	27829588	27839637	4	1	sim92	Eso-AdenoCa	cna281
Y	27839638	27846338	2	1	sim92	Eso-AdenoCa	cna282
Y	27846339	29426212	1	0	sim92	Eso-AdenoCa	cna283
Y	29426213	29537331	2	1	sim92	Eso-AdenoCa	cna284
Y	29537332	29540029	2	0	sim92	Eso-AdenoCa	cna285
Y	29540030	29546031	4	2	sim92	Eso-AdenoCa	cna286
Y	29546032	29547392	1	3	sim92	Eso-AdenoCa	cna287
Y	29547393	29568249	1	0	sim92	Eso-AdenoCa	cna288
Y	29568250	30758397	4	0	sim92	Eso-AdenoCa	cna289
Y	30758398	30967827	1	0	sim92	Eso-AdenoCa	cna290
Y	30967828	31164590	4	0	sim92	Eso-AdenoCa	cna291
Y	31164591	31196090	4	2	sim92	Eso-AdenoCa	cna292
Y	31196091	31208992	3	1	sim92	Eso-AdenoCa	cna293
Y	31208993	31211684	4	1	sim92	Eso-AdenoCa	cna294
Y	31211685	31485747	2	1	sim92	Eso-AdenoCa	cna295
Y	31485748	31509735	2	0	sim92	Eso-AdenoCa	cna296
Y	31509736	31512229	0	0	sim92	Eso-AdenoCa	cna297
Y	31512230	31513586	4	1	sim92	Eso-AdenoCa	cna298
Y	31513587	31982961	1	0	sim92	Eso-AdenoCa	cna299
Y	31982962	45355630	2	1	sim92	Eso-AdenoCa	cna300
Y	45355631	51346789	2	0	sim92	Eso-AdenoCa	cna301
Y	51346790	51370630	1	0	sim92	Eso-AdenoCa	cna302
Y	51370631	51813507	5	1	sim92	Eso-AdenoCa	cna303
Y	51813508	56525534	2	2	sim92	Eso-AdenoCa	cna304
Y	56525535	58154850	3	1	sim92	Eso-AdenoCa	cna305
Y	58154851	59361400	2	1	sim92	Eso-AdenoCa	cna306
Y	59361401	59373566	1	0	sim92	Eso-AdenoCa	cna307
