chrom1	start1	end1	chrom2	start2	end2	strand1	strand2	svclass	id	allele	donor_id	tumor
1	1	2	1	13449548	13449549	-	+	DUP	cna0	major	sim60	Eso-AdenoCa
1	1	2	1	13449548	13449549	-	+	DUP	cna0	minor	sim60	Eso-AdenoCa
1	9561700	13449548	3	116067352	133959874	-	+	TRA	cna0,cna58	minor,minor	sim60	Eso-AdenoCa
1	13449549	13449550	1	17989779	17989780	+	-	DEL	cna1	minor	sim60	Eso-AdenoCa
1	13449549	15271478	8	71382710	73474771	+	-	TRA	cna147,cna1	major,minor	sim60	Eso-AdenoCa
1	13449549	15453909	19	9332678	22425685	+	-	TRA	cna265,cna1	minor,minor	sim60	Eso-AdenoCa
1	17989780	17989781	1	22317594	22317595	-	+	DUP	cna2	major	sim60	Eso-AdenoCa
1	22285400	22285401	1	25555337	25555338	-	-	t2tINV	cna3	minor	sim60	Eso-AdenoCa
1	22317595	22317596	1	49156310	49156311	-	+	DUP	cna3	major	sim60	Eso-AdenoCa
1	22317595	22317596	1	49156310	49156311	-	+	DUP	cna3	minor	sim60	Eso-AdenoCa
1	31102200	31102201	1	32901064	32901065	-	-	t2tINV	cna3	minor	sim60	Eso-AdenoCa
1	33355100	33355101	1	70367571	70367572	+	+	h2hINV	cna3	minor	sim60	Eso-AdenoCa
1	35883400	35883401	1	36060575	36060576	-	-	t2tINV	cna3	major	sim60	Eso-AdenoCa
1	41727000	49156310	7	83830753	100674567	-	-	TRA	cna3,cna137	major,major	sim60	Eso-AdenoCa
1	49156311	49156312	1	49362155	49362156	-	+	DUP	cna4	major	sim60	Eso-AdenoCa
1	49156311	49360301	5	39746998	51458263	+	-	TRA	cna4,cna88	major,minor	sim60	Eso-AdenoCa
1	49362156	49362157	1	49413143	49413144	-	+	DUP	cna5	major	sim60	Eso-AdenoCa
1	49413144	49413145	1	49581596	49581597	-	+	DUP	cna6	major	sim60	Eso-AdenoCa
1	49413144	49413145	1	49581596	49581597	-	+	DUP	cna6	minor	sim60	Eso-AdenoCa
1	49581597	49581598	1	50169483	50169484	-	+	DUP	cna7	major	sim60	Eso-AdenoCa
1	50169484	50169485	1	50558437	50558438	-	+	DUP	cna8	major	sim60	Eso-AdenoCa
1	50558438	50558439	1	50568388	50568389	-	+	DUP	cna9	major	sim60	Eso-AdenoCa
1	50568389	50568390	1	50608688	50608689	+	-	DEL	cna10	minor	sim60	Eso-AdenoCa
1	54343500	62957517	3	178429102	179204096	-	-	TRA	cna11,cna61	minor,major	sim60	Eso-AdenoCa
1	61937000	62957517	5	164323419	171553378	-	+	TRA	cna11,cna102	major,minor	sim60	Eso-AdenoCa
1	62957518	62957519	1	71948297	71948298	-	+	DUP	cna12	major	sim60	Eso-AdenoCa
1	62957518	62957519	1	71948297	71948298	+	-	DEL	cna12	minor	sim60	Eso-AdenoCa
1	63128100	63128101	1	63315195	63315196	-	-	t2tINV	cna12	major	sim60	Eso-AdenoCa
1	71948298	71948299	1	72541065	72541066	+	-	DEL	cna13	minor	sim60	Eso-AdenoCa
1	72541066	72541067	1	75014696	75014697	-	+	DUP	cna14	major	sim60	Eso-AdenoCa
1	75014697	75014698	1	75399182	75399183	+	-	DEL	cna15	minor	sim60	Eso-AdenoCa
1	75399183	75399184	1	76250331	76250332	-	+	DUP	cna16	major	sim60	Eso-AdenoCa
1	75399183	75399184	1	76250331	76250332	+	-	DEL	cna16	minor	sim60	Eso-AdenoCa
1	76250332	76250333	1	76340309	76340310	-	+	DUP	cna17	major	sim60	Eso-AdenoCa
1	76340310	76340311	1	113081272	113081273	+	-	DEL	cna18	minor	sim60	Eso-AdenoCa
1	78485586	113081272	18	42230407	65024727	-	+	TRA	cna261,cna18	minor,major	sim60	Eso-AdenoCa
1	85735500	85735501	1	85745502	85745503	+	+	h2hINV	cna18	major	sim60	Eso-AdenoCa
1	87053600	113081272	3	179204097	183388487	-	+	TRA	cna18,cna62	major,minor	sim60	Eso-AdenoCa
1	151117607	151117608	1	151252778	151252779	-	+	DUP	cna20	major	sim60	Eso-AdenoCa
1	151117607	151117608	1	151252778	151252779	+	-	DEL	cna20	minor	sim60	Eso-AdenoCa
1	151252779	151252780	1	163501229	163501230	-	+	DUP	cna21	major	sim60	Eso-AdenoCa
1	151252779	151252780	1	163501229	163501230	+	-	DEL	cna21	minor	sim60	Eso-AdenoCa
1	163501230	163501231	1	164055642	164055643	-	+	DUP	cna22	major	sim60	Eso-AdenoCa
1	164055643	164055644	1	170825316	170825317	+	-	DEL	cna23	minor	sim60	Eso-AdenoCa
1	170825317	170825318	1	174021929	174021930	-	+	DUP	cna24	major	sim60	Eso-AdenoCa
1	170825317	173913801	16	54750791	90354753	+	-	TRA	cna24,cna252	major,major	sim60	Eso-AdenoCa
1	172603771	174021929	11	63382110	79651215	-	-	TRA	cna175,cna24	major,major	sim60	Eso-AdenoCa
1	174021930	186462401	4	100483702	139733289	+	+	TRA	cna25,cna78	minor,major	sim60	Eso-AdenoCa
1	174021930	181706001	8	36127598	70582364	+	+	TRA	cna25,cna147	major,minor	sim60	Eso-AdenoCa
1	206563578	206563579	1	206625151	206625152	-	+	DUP	cna26	major	sim60	Eso-AdenoCa
1	206625152	206625153	1	206713378	206713379	-	+	DUP	cna27	major	sim60	Eso-AdenoCa
1	206625152	206625153	1	206713378	206713379	+	-	DEL	cna27	minor	sim60	Eso-AdenoCa
1	206713379	206713380	1	206820870	206820871	-	+	DUP	cna28	major	sim60	Eso-AdenoCa
1	206713379	206713380	1	206820870	206820871	-	+	DUP	cna28	minor	sim60	Eso-AdenoCa
1	206820871	206820872	1	249165675	249165676	-	+	DUP	cna29	major	sim60	Eso-AdenoCa
1	206820871	206820872	1	249165675	249165676	+	-	DEL	cna29	minor	sim60	Eso-AdenoCa
1	227439000	249165675	4	168027354	187091218	-	-	TRA	cna29,cna81	major,minor	sim60	Eso-AdenoCa
1	249165676	249165677	1	249214566	249214567	-	+	DUP	cna30	major	sim60	Eso-AdenoCa
1	249214567	249214568	1	249250621	249250622	-	+	DUP	cna31	major	sim60	Eso-AdenoCa
2	1	2	2	4287909	4287910	-	+	DUP	cna32	major	sim60	Eso-AdenoCa
2	1	2	2	4287909	4287910	+	-	DEL	cna32	minor	sim60	Eso-AdenoCa
2	4287910	4287911	2	4796738	4796739	+	-	DEL	cna33	minor	sim60	Eso-AdenoCa
2	4796739	4796740	2	4990576	4990577	-	+	DUP	cna34	major	sim60	Eso-AdenoCa
2	4990577	4990578	2	5234536	5234537	-	+	DUP	cna35	major	sim60	Eso-AdenoCa
2	4990577	4990578	2	5234536	5234537	+	-	DEL	cna35	minor	sim60	Eso-AdenoCa
2	5234537	5234538	2	12088599	12088600	-	+	DUP	cna36	major	sim60	Eso-AdenoCa
2	5234537	7893531	5	96471500	148410075	+	-	TRA	cna97,cna36	minor,major	sim60	Eso-AdenoCa
2	12088600	12088601	2	32609866	32609867	-	+	DUP	cna37	major	sim60	Eso-AdenoCa
2	12088600	12088601	2	32609866	32609867	+	-	DEL	cna37	minor	sim60	Eso-AdenoCa
2	12487759	32609866	17	59794336	81195210	-	-	TRA	cna253,cna37	minor,minor	sim60	Eso-AdenoCa
2	23471779	32609866	13	79571781	95506691	-	+	TRA	cna37,cna218	major,minor	sim60	Eso-AdenoCa
2	32651768	32651769	2	193301529	193301530	-	+	DUP	cna39	major	sim60	Eso-AdenoCa
2	43569579	43569580	2	66065850	66065851	-	-	t2tINV	cna39	major	sim60	Eso-AdenoCa
2	117842179	117842180	2	117852182	117852183	-	-	t2tINV	cna39	major	sim60	Eso-AdenoCa
2	121127279	121127280	2	121170556	121170557	+	+	h2hINV	cna39	major	sim60	Eso-AdenoCa
2	141559054	193301529	7	71859373	100674567	-	-	TRA	cna137,cna39	minor,major	sim60	Eso-AdenoCa
2	190060979	190060980	2	190262189	190262190	+	+	h2hINV	cna39	major	sim60	Eso-AdenoCa
2	193301530	193301531	2	194022030	194022031	-	+	DUP	cna40	major	sim60	Eso-AdenoCa
2	194022031	194022032	2	195894701	195894702	-	+	DUP	cna41	major	sim60	Eso-AdenoCa
2	194022031	194022032	2	195894701	195894702	+	-	DEL	cna41	minor	sim60	Eso-AdenoCa
2	197490892	197490893	2	220813528	220813529	+	-	DEL	cna43	minor	sim60	Eso-AdenoCa
2	197490892	205122427	15	43214235	44315382	+	+	TRA	cna235,cna43	major,minor	sim60	Eso-AdenoCa
2	220813529	220813530	2	222003111	222003112	-	+	DUP	cna44	major	sim60	Eso-AdenoCa
2	222003112	222003113	2	223590333	223590334	-	+	DUP	cna45	major	sim60	Eso-AdenoCa
2	223590334	223590335	2	223935434	223935435	+	-	DEL	cna46	major	sim60	Eso-AdenoCa
2	223590334	223590335	2	223935434	223935435	+	-	DEL	cna46	minor	sim60	Eso-AdenoCa
2	223935435	223935436	2	224275786	224275787	-	+	DUP	cna47	major	sim60	Eso-AdenoCa
2	223935435	223935436	2	224275786	224275787	+	-	DEL	cna47	minor	sim60	Eso-AdenoCa
2	224275787	224275788	2	224362984	224362985	-	+	DUP	cna48	major	sim60	Eso-AdenoCa
2	224275787	224275788	2	224362984	224362985	+	-	DEL	cna48	minor	sim60	Eso-AdenoCa
2	224362985	224362986	2	243199373	243199374	-	+	DUP	cna49	major	sim60	Eso-AdenoCa
3	28167506	28167507	3	49944247	49944248	-	-	t2tINV	cna50	minor	sim60	Eso-AdenoCa
3	52536526	111857512	10	34801657	38516354	-	-	TRA	cna163,cna50	minor,major	sim60	Eso-AdenoCa
3	111857513	111857514	3	111947879	111947880	+	-	DEL	cna51	minor	sim60	Eso-AdenoCa
3	111947880	111947881	3	112953532	112953533	-	+	DUP	cna52	major	sim60	Eso-AdenoCa
3	111947880	111947881	3	112953532	112953533	-	+	DUP	cna52	minor	sim60	Eso-AdenoCa
3	112953533	112953534	3	113237692	113237693	-	+	DUP	cna53	major	sim60	Eso-AdenoCa
3	113237693	113237694	3	114840452	114840453	+	-	DEL	cna54	minor	sim60	Eso-AdenoCa
3	114840453	114840454	3	115271707	115271708	-	+	DUP	cna55	major	sim60	Eso-AdenoCa
3	114840453	114840454	3	115271707	115271708	+	-	DEL	cna55	minor	sim60	Eso-AdenoCa
3	115271708	115271709	3	115872679	115872680	-	+	DUP	cna56	major	sim60	Eso-AdenoCa
3	115271708	115271709	3	115872679	115872680	-	+	DUP	cna56	minor	sim60	Eso-AdenoCa
3	115872680	115872681	3	116067351	116067352	-	+	DUP	cna57	major	sim60	Eso-AdenoCa
3	115872680	115872681	3	116067351	116067352	+	-	DEL	cna57	minor	sim60	Eso-AdenoCa
3	116067352	116067353	3	165037742	165037743	-	+	DUP	cna58	major	sim60	Eso-AdenoCa
3	116067352	116067353	3	165037742	165037743	-	+	DUP	cna58	minor	sim60	Eso-AdenoCa
3	116067352	129083122	13	6746159	40689700	+	+	TRA	cna209,cna58	major,minor	sim60	Eso-AdenoCa
3	131126806	131126807	3	131136812	131136813	+	+	h2hINV	cna58	minor	sim60	Eso-AdenoCa
3	132666706	132666707	3	140094215	140094216	+	+	h2hINV	cna58	major	sim60	Eso-AdenoCa
3	165037743	165037744	3	174661557	174661558	-	+	DUP	cna59	major	sim60	Eso-AdenoCa
3	165037743	165037744	3	174661557	174661558	+	-	DEL	cna59	minor	sim60	Eso-AdenoCa
3	174661558	174661559	3	175019533	175019534	+	-	DEL	cna60	minor	sim60	Eso-AdenoCa
3	175019534	178079407	5	155390907	155592203	+	+	TRA	cna61,cna100	major,minor	sim60	Eso-AdenoCa
3	178326406	178326407	3	178336413	178336414	+	+	h2hINV	cna61	minor	sim60	Eso-AdenoCa
3	179204097	179204098	3	185353321	185353322	-	+	DUP	cna62	major	sim60	Eso-AdenoCa
3	185353322	185353323	3	185544575	185544576	+	-	DEL	cna63	minor	sim60	Eso-AdenoCa
3	185544576	185544577	3	189484566	189484567	-	+	DUP	cna64	major	sim60	Eso-AdenoCa
3	189484567	189484568	3	196781212	196781213	-	+	DUP	cna65	major	sim60	Eso-AdenoCa
3	189484567	189484568	3	196781212	196781213	+	-	DEL	cna65	minor	sim60	Eso-AdenoCa
3	196781213	196781214	3	197709120	197709121	-	+	DUP	cna66	major	sim60	Eso-AdenoCa
3	196781213	196781214	3	197709120	197709121	-	+	DUP	cna66	minor	sim60	Eso-AdenoCa
4	1	2	4	53727035	53727036	+	-	DEL	cna68	minor	sim60	Eso-AdenoCa
4	1	37755495	12	12594694	32963472	+	-	TRA	cna189,cna68	major,minor	sim60	Eso-AdenoCa
4	6271776	6271777	4	9099547	9099548	+	+	h2hINV	cna68	major	sim60	Eso-AdenoCa
4	7280276	7280277	4	10981972	10981973	+	+	h2hINV	cna68	major	sim60	Eso-AdenoCa
4	15187513	53727035	16	1	12736790	-	+	TRA	cna247,cna68	minor,minor	sim60	Eso-AdenoCa
4	53727036	53727037	4	58678657	58678658	-	+	DUP	cna69	major	sim60	Eso-AdenoCa
4	58678658	58678659	4	73436098	73436099	-	+	DUP	cna70	major	sim60	Eso-AdenoCa
4	58678658	58678659	4	73436098	73436099	-	+	DUP	cna70	minor	sim60	Eso-AdenoCa
4	73436099	73436100	4	74939666	74939667	-	+	DUP	cna71	major	sim60	Eso-AdenoCa
4	74939667	74939668	4	85707420	85707421	-	+	DUP	cna72	major	sim60	Eso-AdenoCa
4	85707421	85707422	4	85890429	85890430	+	-	DEL	cna73	minor	sim60	Eso-AdenoCa
4	85890430	85890431	4	96770572	96770573	-	+	DUP	cna74	major	sim60	Eso-AdenoCa
4	85890430	85890431	4	96770572	96770573	+	-	DEL	cna74	minor	sim60	Eso-AdenoCa
4	85890430	90371477	5	178362348	180216158	+	+	TRA	cna74,cna104	minor,minor	sim60	Eso-AdenoCa
4	91903876	91903877	4	93107441	93107442	+	+	h2hINV	cna74	major	sim60	Eso-AdenoCa
4	96046976	96770572	22	46457584	51304566	-	-	TRA	cna74,cna277	minor,major	sim60	Eso-AdenoCa
4	100030891	100030892	4	100291801	100291802	+	-	DEL	cna76	major	sim60	Eso-AdenoCa
4	100030891	100030892	4	100291801	100291802	+	-	DEL	cna76	minor	sim60	Eso-AdenoCa
4	100291802	100291803	4	100483701	100483702	+	-	DEL	cna77	minor	sim60	Eso-AdenoCa
4	100483702	100483703	4	154009452	154009453	-	+	DUP	cna78	major	sim60	Eso-AdenoCa
4	141201076	141201077	4	141280360	141280361	+	+	h2hINV	cna78	major	sim60	Eso-AdenoCa
4	154009453	154009454	4	154222012	154222013	-	+	DUP	cna79	major	sim60	Eso-AdenoCa
4	154009453	154009454	4	154222012	154222013	-	+	DUP	cna79	minor	sim60	Eso-AdenoCa
4	154222013	154222014	4	158906490	158906491	-	+	DUP	cna80	major	sim60	Eso-AdenoCa
4	154222013	154222014	4	158906490	158906491	+	-	DEL	cna80	minor	sim60	Eso-AdenoCa
4	158906491	158906492	4	187091218	187091219	-	+	DUP	cna81	major	sim60	Eso-AdenoCa
4	158906491	158906492	4	187091218	187091219	-	+	DUP	cna81	minor	sim60	Eso-AdenoCa
4	160085123	187091218	17	20698336	81195210	-	-	TRA	cna253,cna81	minor,major	sim60	Eso-AdenoCa
4	187091219	187091220	4	189431816	189431817	-	+	DUP	cna82	major	sim60	Eso-AdenoCa
4	189431817	189431818	4	191144687	191144688	-	+	DUP	cna83	major	sim60	Eso-AdenoCa
4	189431817	189431818	4	191144687	191144688	-	+	DUP	cna83	minor	sim60	Eso-AdenoCa
4	191144688	191144689	4	191154276	191154277	-	+	DUP	cna84	major	sim60	Eso-AdenoCa
5	1	2	5	3905601	3905602	-	+	DUP	cna85	major	sim60	Eso-AdenoCa
5	3905602	3905603	5	39109632	39109633	-	+	DUP	cna86	major	sim60	Eso-AdenoCa
5	39109633	39109634	5	39597591	39597592	-	+	DUP	cna87	major	sim60	Eso-AdenoCa
5	39109633	39109634	5	39597591	39597592	-	+	DUP	cna87	minor	sim60	Eso-AdenoCa
5	39597592	39597593	5	51458263	51458264	-	+	DUP	cna88	major	sim60	Eso-AdenoCa
5	39597592	50876301	9	120908286	133590373	+	-	TRA	cna88,cna154	minor,major	sim60	Eso-AdenoCa
5	51458264	51458265	5	51479875	51479876	-	+	DUP	cna89	major	sim60	Eso-AdenoCa
5	51458264	51458265	5	51479875	51479876	-	+	DUP	cna89	minor	sim60	Eso-AdenoCa
5	51479876	51479877	5	53575360	53575361	-	+	DUP	cna90	major	sim60	Eso-AdenoCa
5	53575361	53575362	5	53897365	53897366	-	+	DUP	cna91	major	sim60	Eso-AdenoCa
5	53897366	53897367	5	54029059	54029060	-	+	DUP	cna92	major	sim60	Eso-AdenoCa
5	53897366	53897367	5	54029059	54029060	-	+	DUP	cna92	minor	sim60	Eso-AdenoCa
5	54029060	54029061	5	70353886	70353887	-	+	DUP	cna93	major	sim60	Eso-AdenoCa
5	70353887	70353888	5	70478297	70478298	-	+	DUP	cna94	major	sim60	Eso-AdenoCa
5	70353887	70353888	5	70478297	70478298	-	+	DUP	cna94	minor	sim60	Eso-AdenoCa
5	70478298	70478299	5	80101799	80101800	-	+	DUP	cna95	major	sim60	Eso-AdenoCa
5	70478298	70478299	5	80101799	80101800	-	+	DUP	cna95	minor	sim60	Eso-AdenoCa
5	80101800	80101801	5	93806641	93806642	-	+	DUP	cna96	major	sim60	Eso-AdenoCa
5	80101800	80101801	5	93806641	93806642	-	+	DUP	cna96	minor	sim60	Eso-AdenoCa
5	90039100	90039101	5	122149366	122149367	-	-	t2tINV	cna97	minor	sim60	Eso-AdenoCa
5	93806642	93806643	5	148410075	148410076	-	+	DUP	cna97	major	sim60	Eso-AdenoCa
5	148410076	148410077	5	148854283	148854284	-	+	DUP	cna98	major	sim60	Eso-AdenoCa
5	148410076	148410077	5	148854283	148854284	-	+	DUP	cna98	minor	sim60	Eso-AdenoCa
5	155390907	155390908	5	163950026	163950027	-	+	DUP	cna100	major	sim60	Eso-AdenoCa
5	155390907	155390908	5	163950026	163950027	+	-	DEL	cna100	minor	sim60	Eso-AdenoCa
5	157226500	157226501	5	157236510	157236511	+	+	h2hINV	cna100	major	sim60	Eso-AdenoCa
5	163950027	163950028	5	164323418	164323419	-	+	DUP	cna101	major	sim60	Eso-AdenoCa
5	163950027	163950028	5	164323418	164323419	-	+	DUP	cna101	minor	sim60	Eso-AdenoCa
5	164070400	164070401	5	173848246	173848247	+	+	h2hINV	cna101	minor	sim60	Eso-AdenoCa
5	164323419	164323420	5	177499401	177499402	+	-	DEL	cna102	minor	sim60	Eso-AdenoCa
5	177499402	177499403	5	178362347	178362348	-	+	DUP	cna103	major	sim60	Eso-AdenoCa
5	177499402	177499403	5	178362347	178362348	+	-	DEL	cna103	minor	sim60	Eso-AdenoCa
5	178362348	178362349	5	180915260	180915261	-	+	DUP	cna104	major	sim60	Eso-AdenoCa
5	178362348	178362349	5	180915260	180915261	-	+	DUP	cna104	minor	sim60	Eso-AdenoCa
6	1	2	6	12466262	12466263	-	+	DUP	cna105	major	sim60	Eso-AdenoCa
6	10672940	10672941	6	29510522	29510523	-	-	t2tINV	cna115	major	sim60	Eso-AdenoCa
6	12466263	12466264	6	13647752	13647753	+	-	DEL	cna106	major	sim60	Eso-AdenoCa
6	12466263	12466264	6	13647752	13647753	+	-	DEL	cna106	minor	sim60	Eso-AdenoCa
6	13647753	13647754	6	14101263	14101264	-	+	DUP	cna107	major	sim60	Eso-AdenoCa
6	14101264	14101265	6	14121058	14121059	-	+	DUP	cna108	major	sim60	Eso-AdenoCa
6	14101264	14101265	6	14121058	14121059	+	-	DEL	cna108	minor	sim60	Eso-AdenoCa
6	14121059	14121060	6	14275717	14275718	+	-	DEL	cna109	minor	sim60	Eso-AdenoCa
6	14275718	14275719	6	14783783	14783784	-	+	DUP	cna110	major	sim60	Eso-AdenoCa
6	14783784	14783785	6	18264805	18264806	-	+	DUP	cna111	major	sim60	Eso-AdenoCa
6	14783784	14783785	6	18264805	18264806	-	+	DUP	cna111	minor	sim60	Eso-AdenoCa
6	18264806	18264807	6	19830751	19830752	-	+	DUP	cna112	major	sim60	Eso-AdenoCa
6	19830752	19830753	6	19952139	19952140	-	+	DUP	cna113	major	sim60	Eso-AdenoCa
6	19830752	19830753	6	19952139	19952140	+	-	DEL	cna113	minor	sim60	Eso-AdenoCa
6	19952140	19952141	6	20219090	20219091	-	+	DUP	cna114	major	sim60	Eso-AdenoCa
6	19952140	19952141	6	20219090	20219091	-	+	DUP	cna114	minor	sim60	Eso-AdenoCa
6	20219091	20219092	6	41281560	41281561	-	+	DUP	cna115	major	sim60	Eso-AdenoCa
6	20219091	20219092	6	41281560	41281561	-	+	DUP	cna115	minor	sim60	Eso-AdenoCa
6	20219091	27417441	18	36929884	41529776	+	-	TRA	cna115,cna258	major,minor	sim60	Eso-AdenoCa
6	23211240	23211241	6	23221240	23221241	+	+	h2hINV	cna115	minor	sim60	Eso-AdenoCa
6	41281561	41281562	6	42307977	42307978	-	+	DUP	cna116	major	sim60	Eso-AdenoCa
6	41281561	41281562	6	42307977	42307978	-	+	DUP	cna116	minor	sim60	Eso-AdenoCa
6	42307978	42307979	6	42369267	42369268	+	-	DEL	cna117	minor	sim60	Eso-AdenoCa
6	42369268	42369269	6	47480374	47480375	-	+	DUP	cna118	major	sim60	Eso-AdenoCa
6	42369268	42369269	6	47480374	47480375	-	+	DUP	cna118	minor	sim60	Eso-AdenoCa
6	47480375	47480376	6	52128819	52128820	-	+	DUP	cna119	major	sim60	Eso-AdenoCa
6	48884840	48884841	6	49514236	49514237	+	+	h2hINV	cna119	minor	sim60	Eso-AdenoCa
6	52128820	52128821	6	125615911	125615912	-	+	DUP	cna120	major	sim60	Eso-AdenoCa
6	52128820	52128821	6	125615911	125615912	+	-	DEL	cna120	minor	sim60	Eso-AdenoCa
6	52128820	57647593	20	33145095	63025520	+	-	TRA	cna271,cna120	major,minor	sim60	Eso-AdenoCa
6	66106640	66106641	6	66116644	66116645	-	-	t2tINV	cna120	major	sim60	Eso-AdenoCa
6	84119340	84119341	6	84129346	84129347	-	-	t2tINV	cna120	major	sim60	Eso-AdenoCa
6	88043840	88043841	6	117638990	117638991	-	-	t2tINV	cna120	major	sim60	Eso-AdenoCa
6	113831540	113831541	6	127442934	127442935	-	-	t2tINV	cna122	minor	sim60	Eso-AdenoCa
6	119586115	125615911	X	21561814	37104980	-	-	TRA	cna284,cna120	minor,major	sim60	Eso-AdenoCa
6	125615912	125615913	6	125684824	125684825	-	+	DUP	cna121	major	sim60	Eso-AdenoCa
6	125684825	125684826	6	129374095	129374096	-	+	DUP	cna122	major	sim60	Eso-AdenoCa
6	129374096	129374097	6	133885034	133885035	-	+	DUP	cna123	major	sim60	Eso-AdenoCa
6	129374096	129374097	6	133885034	133885035	+	-	DEL	cna123	minor	sim60	Eso-AdenoCa
6	137915691	137915692	6	138710945	138710946	-	+	DUP	cna125	major	sim60	Eso-AdenoCa
6	138710946	138710947	6	138755934	138755935	+	-	DEL	cna126	major	sim60	Eso-AdenoCa
6	138710946	138710947	6	138755934	138755935	+	-	DEL	cna126	minor	sim60	Eso-AdenoCa
6	138755935	138755936	6	146220429	146220430	+	-	DEL	cna127	minor	sim60	Eso-AdenoCa
6	146220430	146220431	6	146296296	146296297	-	+	DUP	cna128	major	sim60	Eso-AdenoCa
6	146220430	146220431	6	146296296	146296297	-	+	DUP	cna128	minor	sim60	Eso-AdenoCa
6	148547686	148547687	6	148628940	148628941	-	+	DUP	cna130	major	sim60	Eso-AdenoCa
6	148547686	148547687	6	148628940	148628941	-	+	DUP	cna130	minor	sim60	Eso-AdenoCa
6	148628941	148628942	6	148681885	148681886	-	+	DUP	cna131	major	sim60	Eso-AdenoCa
6	148681886	148681887	6	150372131	150372132	-	+	DUP	cna132	major	sim60	Eso-AdenoCa
6	148681886	148681887	6	150372131	150372132	-	+	DUP	cna132	minor	sim60	Eso-AdenoCa
6	150372132	150372133	6	161455733	161455734	-	+	DUP	cna133	major	sim60	Eso-AdenoCa
6	150372132	150372133	6	161455733	161455734	+	-	DEL	cna133	minor	sim60	Eso-AdenoCa
6	150372132	151146841	18	36364455	41529776	+	-	TRA	cna133,cna258	major,minor	sim60	Eso-AdenoCa
6	161455734	161455735	6	171115067	171115068	-	+	DUP	cna134	major	sim60	Eso-AdenoCa
7	1	2	7	16976420	16976421	-	+	DUP	cna135	major	sim60	Eso-AdenoCa
7	1	2	7	16976420	16976421	-	+	DUP	cna135	minor	sim60	Eso-AdenoCa
7	1	5214756	18	20129626	24310305	+	-	TRA	cna254,cna135	major,minor	sim60	Eso-AdenoCa
7	12057873	12057874	7	12120893	12120894	+	+	h2hINV	cna135	major	sim60	Eso-AdenoCa
7	12914673	12914674	7	23693958	23693959	-	-	t2tINV	cna137	major	sim60	Eso-AdenoCa
7	16976421	16976422	7	17089322	17089323	-	+	DUP	cna136	major	sim60	Eso-AdenoCa
7	17089323	17089324	7	100674567	100674568	-	+	DUP	cna137	major	sim60	Eso-AdenoCa
7	89809873	89809874	7	89819879	89819880	-	-	t2tINV	cna137	major	sim60	Eso-AdenoCa
7	100674568	100674569	7	134007538	134007539	-	+	DUP	cna138	major	sim60	Eso-AdenoCa
7	100674568	100674569	7	134007538	134007539	-	+	DUP	cna138	minor	sim60	Eso-AdenoCa
7	103702817	134007538	11	103101310	105827132	-	-	TRA	cna180,cna138	major,minor	sim60	Eso-AdenoCa
7	105636373	134007538	10	68138041	76628134	-	-	TRA	cna138,cna166	minor,minor	sim60	Eso-AdenoCa
7	112302473	112302474	7	158439334	158439335	-	-	t2tINV	cna144	minor	sim60	Eso-AdenoCa
7	112924573	112924574	7	112934581	112934582	-	-	t2tINV	cna138	minor	sim60	Eso-AdenoCa
7	134007539	134007540	7	154143313	154143314	-	+	DUP	cna139	major	sim60	Eso-AdenoCa
7	136486873	136486874	7	136686798	136686799	-	-	t2tINV	cna139	minor	sim60	Eso-AdenoCa
7	138660573	154143313	10	18717567	19442262	-	+	TRA	cna139,cna160	major,major	sim60	Eso-AdenoCa
7	154143314	154143315	7	154866768	154866769	-	+	DUP	cna140	major	sim60	Eso-AdenoCa
7	154143314	154143315	7	154866768	154866769	-	+	DUP	cna140	minor	sim60	Eso-AdenoCa
7	154866769	154866770	7	155628839	155628840	-	+	DUP	cna141	major	sim60	Eso-AdenoCa
7	154866769	154866770	7	155628839	155628840	-	+	DUP	cna141	minor	sim60	Eso-AdenoCa
7	155628840	155628841	7	156147884	156147885	-	+	DUP	cna142	major	sim60	Eso-AdenoCa
7	155628840	155628841	7	156147884	156147885	+	-	DEL	cna142	minor	sim60	Eso-AdenoCa
7	156147885	156147886	7	156223084	156223085	+	-	DEL	cna143	minor	sim60	Eso-AdenoCa
7	156223085	156223086	7	159114501	159114502	-	+	DUP	cna144	major	sim60	Eso-AdenoCa
7	159114502	159114503	7	159138663	159138664	+	-	DEL	cna145	minor	sim60	Eso-AdenoCa
8	1	2	8	36127597	36127598	-	+	DUP	cna146	major	sim60	Eso-AdenoCa
8	1	2	8	36127597	36127598	-	+	DUP	cna146	minor	sim60	Eso-AdenoCa
8	14378140	36127597	14	31516694	32012622	-	+	TRA	cna226,cna146	major,minor	sim60	Eso-AdenoCa
8	32365110	32365111	8	35311948	35311949	+	+	h2hINV	cna146	minor	sim60	Eso-AdenoCa
8	36127598	36127599	8	73474771	73474772	+	-	DEL	cna147	minor	sim60	Eso-AdenoCa
8	36127598	72120711	15	80861681	90191442	+	-	TRA	cna147,cna237	major,minor	sim60	Eso-AdenoCa
8	43266010	43266011	8	43480086	43480087	-	-	t2tINV	cna147	major	sim60	Eso-AdenoCa
8	73474772	73474773	8	75768056	75768057	-	+	DUP	cna148	major	sim60	Eso-AdenoCa
8	75768057	75768058	8	75836460	75836461	-	+	DUP	cna149	major	sim60	Eso-AdenoCa
8	75768057	75768058	8	75836460	75836461	+	-	DEL	cna149	minor	sim60	Eso-AdenoCa
8	75836461	75836462	8	81400940	81400941	-	+	DUP	cna150	major	sim60	Eso-AdenoCa
8	75974610	81400940	X	393352	3681202	-	-	TRA	cna150,cna278	major,major	sim60	Eso-AdenoCa
8	81400941	81400942	8	140033020	140033021	-	+	DUP	cna151	major	sim60	Eso-AdenoCa
8	81400941	81400942	8	140033020	140033021	-	+	DUP	cna151	minor	sim60	Eso-AdenoCa
8	83467093	140033020	21	33956875	48047999	-	-	TRA	cna272,cna151	major,minor	sim60	Eso-AdenoCa
8	94361210	94361211	8	96970987	96970988	-	-	t2tINV	cna151	major	sim60	Eso-AdenoCa
8	134289110	140033020	12	95973699	113886012	-	-	TRA	cna151,cna194	major,major	sim60	Eso-AdenoCa
8	140033021	140033022	8	140915028	140915029	-	+	DUP	cna152	major	sim60	Eso-AdenoCa
9	88100388	88100389	9	121623419	121623420	-	-	t2tINV	cna154	minor	sim60	Eso-AdenoCa
9	101971488	101971489	9	102993562	102993563	+	+	h2hINV	cna154	minor	sim60	Eso-AdenoCa
9	114008688	114008689	9	114304618	114304619	-	-	t2tINV	cna154	minor	sim60	Eso-AdenoCa
9	133590374	133590375	9	133807848	133807849	+	-	DEL	cna155	major	sim60	Eso-AdenoCa
9	133590374	133590375	9	133807848	133807849	+	-	DEL	cna155	minor	sim60	Eso-AdenoCa
9	133807849	133807850	9	137072117	137072118	-	+	DUP	cna156	major	sim60	Eso-AdenoCa
9	137072118	137072119	9	141213431	141213432	-	+	DUP	cna157	major	sim60	Eso-AdenoCa
9	137072118	137072119	9	141213431	141213432	+	-	DEL	cna157	minor	sim60	Eso-AdenoCa
10	1	2	10	3854245	3854246	-	+	DUP	cna158	major	sim60	Eso-AdenoCa
10	3854246	3854247	10	18717566	18717567	-	+	DUP	cna159	major	sim60	Eso-AdenoCa
10	18717567	18717568	10	21312797	21312798	-	+	DUP	cna160	major	sim60	Eso-AdenoCa
10	18717567	18717568	10	21312797	21312798	-	+	DUP	cna160	minor	sim60	Eso-AdenoCa
10	21312798	21312799	10	31529807	31529808	-	+	DUP	cna161	major	sim60	Eso-AdenoCa
10	31529808	31529809	10	31561638	31561639	+	-	DEL	cna162	minor	sim60	Eso-AdenoCa
10	31561639	31561640	10	38516354	38516355	-	+	DUP	cna163	major	sim60	Eso-AdenoCa
10	31561639	31561640	10	38516354	38516355	+	-	DEL	cna163	minor	sim60	Eso-AdenoCa
10	38516355	38516356	10	45747612	45747613	+	-	DEL	cna164	minor	sim60	Eso-AdenoCa
10	45747613	45747614	10	46936988	46936989	-	+	DUP	cna165	major	sim60	Eso-AdenoCa
10	46936989	46936990	10	76628134	76628135	-	+	DUP	cna166	major	sim60	Eso-AdenoCa
10	46936989	46936990	10	76628134	76628135	-	+	DUP	cna166	minor	sim60	Eso-AdenoCa
10	73503557	73503558	10	73513559	73513560	+	+	h2hINV	cna166	major	sim60	Eso-AdenoCa
10	76628135	76628136	10	135534747	135534748	+	-	DEL	cna167	minor	sim60	Eso-AdenoCa
10	76984357	76984358	10	76994363	76994364	+	+	h2hINV	cna167	major	sim60	Eso-AdenoCa
10	101616457	101616458	10	122079105	122079106	+	+	h2hINV	cna167	major	sim60	Eso-AdenoCa
11	1	2	11	23390781	23390782	+	-	DEL	cna168	minor	sim60	Eso-AdenoCa
11	1	16420911	22	37457263	38691027	+	-	TRA	cna168,cna276	major,major	sim60	Eso-AdenoCa
11	23390782	23390783	11	23595794	23595795	-	+	DUP	cna169	major	sim60	Eso-AdenoCa
11	23390782	23390783	11	23595794	23595795	-	+	DUP	cna169	minor	sim60	Eso-AdenoCa
11	23595795	23595796	11	29131979	29131980	-	+	DUP	cna170	major	sim60	Eso-AdenoCa
11	29131980	29131981	11	29154364	29154365	-	+	DUP	cna171	major	sim60	Eso-AdenoCa
11	29154365	29154366	11	29976307	29976308	-	+	DUP	cna172	major	sim60	Eso-AdenoCa
11	29154365	29516335	21	26849175	48047999	+	-	TRA	cna272,cna172	minor,major	sim60	Eso-AdenoCa
11	29976308	29976309	11	30672440	30672441	-	+	DUP	cna173	major	sim60	Eso-AdenoCa
11	29976308	29976309	11	30672440	30672441	+	-	DEL	cna173	minor	sim60	Eso-AdenoCa
11	30672441	30672442	11	36783259	36783260	+	-	DEL	cna174	minor	sim60	Eso-AdenoCa
11	32389010	32389011	11	32714197	32714198	+	+	h2hINV	cna174	major	sim60	Eso-AdenoCa
11	36783260	36783261	11	79651215	79651216	-	+	DUP	cna175	major	sim60	Eso-AdenoCa
11	36783260	36783261	11	79651215	79651216	+	-	DEL	cna175	minor	sim60	Eso-AdenoCa
11	45129310	45129311	11	68027558	68027559	+	+	h2hINV	cna175	major	sim60	Eso-AdenoCa
11	76186710	76186711	11	76196724	76196725	-	-	t2tINV	cna175	major	sim60	Eso-AdenoCa
11	78544310	78544311	11	78564439	78564440	-	-	t2tINV	cna175	major	sim60	Eso-AdenoCa
11	79651216	79651217	11	89905247	89905248	+	-	DEL	cna176	minor	sim60	Eso-AdenoCa
11	89905248	89905249	11	90550652	90550653	-	+	DUP	cna177	major	sim60	Eso-AdenoCa
11	90550653	90550654	11	98389662	98389663	+	-	DEL	cna178	minor	sim60	Eso-AdenoCa
11	98389663	98389664	11	98839698	98839699	-	+	DUP	cna179	major	sim60	Eso-AdenoCa
11	98389663	98389664	11	98839698	98839699	-	+	DUP	cna179	minor	sim60	Eso-AdenoCa
11	98839699	98839700	11	105827132	105827133	-	+	DUP	cna180	major	sim60	Eso-AdenoCa
11	105827133	105827134	11	111418639	111418640	+	-	DEL	cna181	minor	sim60	Eso-AdenoCa
11	111418640	111418641	11	132565837	132565838	-	+	DUP	cna182	major	sim60	Eso-AdenoCa
11	111418640	119293811	22	42761508	51304566	+	-	TRA	cna182,cna277	minor,minor	sim60	Eso-AdenoCa
11	115437710	115437711	11	120344850	120344851	-	-	t2tINV	cna182	minor	sim60	Eso-AdenoCa
11	120167810	120167811	11	120177815	120177816	-	-	t2tINV	cna182	major	sim60	Eso-AdenoCa
11	127809910	127809911	11	128219773	128219774	+	+	h2hINV	cna182	minor	sim60	Eso-AdenoCa
11	132565838	132565839	11	132659558	132659559	-	+	DUP	cna183	major	sim60	Eso-AdenoCa
11	132659559	132659560	11	135006516	135006517	-	+	DUP	cna184	major	sim60	Eso-AdenoCa
11	132659559	132659560	11	135006516	135006517	+	-	DEL	cna184	minor	sim60	Eso-AdenoCa
12	1	2	12	8793946	8793947	-	+	DUP	cna185	major	sim60	Eso-AdenoCa
12	1	2	12	8793946	8793947	-	+	DUP	cna185	minor	sim60	Eso-AdenoCa
12	8793947	8793948	12	8981143	8981144	+	-	DEL	cna186	minor	sim60	Eso-AdenoCa
12	9091398	9091399	12	9958300	9958301	-	+	DUP	cna188	major	sim60	Eso-AdenoCa
12	9091398	9091399	12	9958300	9958301	+	-	DEL	cna188	minor	sim60	Eso-AdenoCa
12	9958301	9958302	12	32963472	32963473	-	+	DUP	cna189	major	sim60	Eso-AdenoCa
12	32963473	32963474	12	34473394	34473395	-	+	DUP	cna190	major	sim60	Eso-AdenoCa
12	32963473	32963474	12	34473394	34473395	+	-	DEL	cna190	minor	sim60	Eso-AdenoCa
12	34473395	34473396	12	78275242	78275243	-	+	DUP	cna191	major	sim60	Eso-AdenoCa
12	68670394	78275242	X	53533376	58920202	-	+	TRA	cna191,cna288	minor,major	sim60	Eso-AdenoCa
12	77860887	78275242	19	8288378	22425685	-	-	TRA	cna265,cna191	major,minor	sim60	Eso-AdenoCa
12	78275243	78275244	12	78690962	78690963	-	+	DUP	cna192	major	sim60	Eso-AdenoCa
12	78690963	78690964	12	78978211	78978212	-	+	DUP	cna193	major	sim60	Eso-AdenoCa
12	78690963	78690964	12	78978211	78978212	+	-	DEL	cna193	minor	sim60	Eso-AdenoCa
12	78978212	78978213	12	113886012	113886013	-	+	DUP	cna194	major	sim60	Eso-AdenoCa
12	113886013	113886014	12	113896405	113896406	-	+	DUP	cna195	major	sim60	Eso-AdenoCa
12	113886013	113886014	12	113896405	113896406	+	-	DEL	cna195	minor	sim60	Eso-AdenoCa
12	113939588	113939589	12	123471094	123471095	-	+	DUP	cna197	major	sim60	Eso-AdenoCa
12	113939588	113939589	12	123471094	123471095	+	-	DEL	cna197	minor	sim60	Eso-AdenoCa
12	123471095	123471096	12	124351933	124351934	-	+	DUP	cna198	major	sim60	Eso-AdenoCa
12	123471095	123471096	12	124351933	124351934	+	-	DEL	cna198	minor	sim60	Eso-AdenoCa
12	124351934	124351935	12	129963127	129963128	-	+	DUP	cna199	major	sim60	Eso-AdenoCa
12	124351934	124351935	12	129963127	129963128	-	+	DUP	cna199	minor	sim60	Eso-AdenoCa
12	129963128	129963129	12	129973523	129973524	-	+	DUP	cna200	major	sim60	Eso-AdenoCa
12	129963128	129963129	12	129973523	129973524	-	+	DUP	cna200	minor	sim60	Eso-AdenoCa
12	129973524	129973525	12	133851895	133851896	-	+	DUP	cna201	major	sim60	Eso-AdenoCa
13	1	2	13	1567926	1567927	-	+	DUP	cna202	major	sim60	Eso-AdenoCa
13	1	2	13	1567926	1567927	+	-	DEL	cna202	minor	sim60	Eso-AdenoCa
13	1567927	1567928	13	2988779	2988780	-	+	DUP	cna203	major	sim60	Eso-AdenoCa
13	2988780	2988781	13	3602072	3602073	-	+	DUP	cna204	major	sim60	Eso-AdenoCa
13	2988780	2988781	13	3602072	3602073	+	-	DEL	cna204	minor	sim60	Eso-AdenoCa
13	3602073	3602074	13	5174586	5174587	+	-	DEL	cna205	minor	sim60	Eso-AdenoCa
13	5174587	5174588	13	6461151	6461152	-	+	DUP	cna206	major	sim60	Eso-AdenoCa
13	6461152	6461153	13	6702891	6702892	+	-	DEL	cna207	minor	sim60	Eso-AdenoCa
13	6702892	6702893	13	6746158	6746159	-	+	DUP	cna208	major	sim60	Eso-AdenoCa
13	6746159	6746160	13	41278776	41278777	+	-	DEL	cna209	minor	sim60	Eso-AdenoCa
13	41278777	41278778	13	41346099	41346100	+	-	DEL	cna210	major	sim60	Eso-AdenoCa
13	41278777	41278778	13	41346099	41346100	+	-	DEL	cna210	minor	sim60	Eso-AdenoCa
13	41346100	41346101	13	46183045	46183046	-	+	DUP	cna211	major	sim60	Eso-AdenoCa
13	46183046	46183047	13	46254797	46254798	-	+	DUP	cna212	major	sim60	Eso-AdenoCa
13	46254798	46254799	13	53508680	53508681	-	+	DUP	cna213	major	sim60	Eso-AdenoCa
13	46254798	46254799	13	53508680	53508681	+	-	DEL	cna213	minor	sim60	Eso-AdenoCa
13	53508681	53508682	13	55451843	55451844	-	+	DUP	cna214	major	sim60	Eso-AdenoCa
13	53508681	53508682	13	55451843	55451844	-	+	DUP	cna214	minor	sim60	Eso-AdenoCa
13	55451844	55451845	13	72293541	72293542	-	+	DUP	cna215	major	sim60	Eso-AdenoCa
13	72293542	72293543	13	79315473	79315474	+	-	DEL	cna216	major	sim60	Eso-AdenoCa
13	72293542	72293543	13	79315473	79315474	+	-	DEL	cna216	minor	sim60	Eso-AdenoCa
13	79315474	79315475	13	79571780	79571781	-	+	DUP	cna217	major	sim60	Eso-AdenoCa
13	79315474	79315475	13	79571780	79571781	-	+	DUP	cna217	minor	sim60	Eso-AdenoCa
13	79571781	79571782	13	95738537	95738538	+	-	DEL	cna218	minor	sim60	Eso-AdenoCa
13	95738538	95738539	13	96190976	96190977	-	+	DUP	cna219	major	sim60	Eso-AdenoCa
13	95738538	95738539	13	96190976	96190977	+	-	DEL	cna219	minor	sim60	Eso-AdenoCa
13	96190977	96190978	13	97137629	97137630	+	-	DEL	cna220	minor	sim60	Eso-AdenoCa
13	97137630	97137631	13	97147395	97147396	-	+	DUP	cna221	major	sim60	Eso-AdenoCa
13	97137630	97137631	13	97147395	97147396	+	-	DEL	cna221	minor	sim60	Eso-AdenoCa
13	97147396	97147397	13	115014191	115014192	-	+	DUP	cna222	major	sim60	Eso-AdenoCa
13	97147396	97147397	13	115014191	115014192	+	-	DEL	cna222	minor	sim60	Eso-AdenoCa
13	115014192	115014193	13	115169878	115169879	-	+	DUP	cna223	major	sim60	Eso-AdenoCa
13	115014192	115014193	13	115169878	115169879	-	+	DUP	cna223	minor	sim60	Eso-AdenoCa
14	1	2	14	16677843	16677844	-	+	DUP	cna224	major	sim60	Eso-AdenoCa
14	16677844	16677845	14	31516693	31516694	-	+	DUP	cna225	major	sim60	Eso-AdenoCa
14	16677844	16677845	14	31516693	31516694	+	-	DEL	cna225	minor	sim60	Eso-AdenoCa
14	31516694	31516695	14	32170646	32170647	+	-	DEL	cna226	minor	sim60	Eso-AdenoCa
14	32170647	32170648	14	52695305	52695306	-	+	DUP	cna227	major	sim60	Eso-AdenoCa
14	32170647	32170648	14	52695305	52695306	-	+	DUP	cna227	minor	sim60	Eso-AdenoCa
14	52695306	52695307	14	107349540	107349541	-	+	DUP	cna228	major	sim60	Eso-AdenoCa
14	52695306	52695307	14	107349540	107349541	+	-	DEL	cna228	minor	sim60	Eso-AdenoCa
14	106888321	106888322	14	106898324	106898325	+	+	h2hINV	cna228	major	sim60	Eso-AdenoCa
15	1	2	15	36382447	36382448	-	+	DUP	cna229	major	sim60	Eso-AdenoCa
15	1	2	15	36382447	36382448	-	+	DUP	cna229	minor	sim60	Eso-AdenoCa
15	31904781	31904782	15	31914792	31914793	-	-	t2tINV	cna229	minor	sim60	Eso-AdenoCa
15	36382448	36382449	15	40026349	40026350	-	+	DUP	cna230	major	sim60	Eso-AdenoCa
15	36382448	36382449	15	40026349	40026350	+	-	DEL	cna230	minor	sim60	Eso-AdenoCa
15	40026350	40026351	15	40175754	40175755	-	+	DUP	cna231	major	sim60	Eso-AdenoCa
15	40026350	40026351	15	40175754	40175755	-	+	DUP	cna231	minor	sim60	Eso-AdenoCa
15	40175755	40175756	15	40185745	40185746	-	+	DUP	cna232	major	sim60	Eso-AdenoCa
15	40734913	40734914	15	43214234	43214235	-	+	DUP	cna234	major	sim60	Eso-AdenoCa
15	43214235	43214236	15	45585000	45585001	-	+	DUP	cna235	major	sim60	Eso-AdenoCa
15	43214235	43214236	15	45585000	45585001	-	+	DUP	cna235	minor	sim60	Eso-AdenoCa
15	45585001	45585002	15	45716920	45716921	-	+	DUP	cna236	major	sim60	Eso-AdenoCa
15	45585001	45585002	15	45716920	45716921	+	-	DEL	cna236	minor	sim60	Eso-AdenoCa
15	45716921	45716922	15	90191442	90191443	-	+	DUP	cna237	major	sim60	Eso-AdenoCa
15	90191443	90191444	15	90501786	90501787	-	+	DUP	cna238	major	sim60	Eso-AdenoCa
15	90191443	90191444	15	90501786	90501787	-	+	DUP	cna238	minor	sim60	Eso-AdenoCa
15	90501787	90501788	15	92274161	92274162	-	+	DUP	cna239	major	sim60	Eso-AdenoCa
15	92274162	92274163	15	97006443	97006444	-	+	DUP	cna240	major	sim60	Eso-AdenoCa
15	92274162	92274163	15	97006443	97006444	-	+	DUP	cna240	minor	sim60	Eso-AdenoCa
15	96181981	96181982	15	96270796	96270797	+	+	h2hINV	cna240	major	sim60	Eso-AdenoCa
15	97006444	97006445	15	100122474	100122475	-	+	DUP	cna241	major	sim60	Eso-AdenoCa
15	100122475	100122476	15	100322637	100322638	+	-	DEL	cna242	minor	sim60	Eso-AdenoCa
15	100322638	100322639	15	100383413	100383414	-	+	DUP	cna243	major	sim60	Eso-AdenoCa
15	100322638	100322639	15	100383413	100383414	+	-	DEL	cna243	minor	sim60	Eso-AdenoCa
15	100383414	100383415	15	100472275	100472276	-	+	DUP	cna244	major	sim60	Eso-AdenoCa
15	100383414	100383415	15	100472275	100472276	-	+	DUP	cna244	minor	sim60	Eso-AdenoCa
15	100472276	100472277	15	100988832	100988833	+	-	DEL	cna245	major	sim60	Eso-AdenoCa
15	100472276	100472277	15	100988832	100988833	+	-	DEL	cna245	minor	sim60	Eso-AdenoCa
15	100988833	100988834	15	102531392	102531393	-	+	DUP	cna246	major	sim60	Eso-AdenoCa
16	1	2	16	35383484	35383485	-	+	DUP	cna247	major	sim60	Eso-AdenoCa
16	1	2	16	35383484	35383485	-	+	DUP	cna247	minor	sim60	Eso-AdenoCa
16	11502489	11502490	16	16416520	16416521	-	-	t2tINV	cna247	major	sim60	Eso-AdenoCa
16	35383485	35383486	16	41900568	41900569	+	-	DEL	cna248	minor	sim60	Eso-AdenoCa
16	41900569	41900570	16	42989511	42989512	-	+	DUP	cna249	major	sim60	Eso-AdenoCa
16	41900569	41900570	16	42989511	42989512	-	+	DUP	cna249	minor	sim60	Eso-AdenoCa
16	42989512	42989513	16	49814148	49814149	-	+	DUP	cna250	major	sim60	Eso-AdenoCa
16	42989512	42989513	16	49814148	49814149	+	-	DEL	cna250	minor	sim60	Eso-AdenoCa
16	49814149	49814150	16	52442414	52442415	-	+	DUP	cna251	major	sim60	Eso-AdenoCa
16	52442415	52442416	16	90354753	90354754	-	+	DUP	cna252	major	sim60	Eso-AdenoCa
16	52442415	52442416	16	90354753	90354754	-	+	DUP	cna252	minor	sim60	Eso-AdenoCa
17	1	2	17	81195210	81195211	-	+	DUP	cna253	major	sim60	Eso-AdenoCa
18	1	2	18	24310305	24310306	+	-	DEL	cna254	minor	sim60	Eso-AdenoCa
18	24310306	24310307	18	25210023	25210024	-	+	DUP	cna255	major	sim60	Eso-AdenoCa
18	24310306	24310307	18	25210023	25210024	+	-	DEL	cna255	minor	sim60	Eso-AdenoCa
18	25210024	25210025	18	30816727	30816728	-	+	DUP	cna256	major	sim60	Eso-AdenoCa
18	25210024	25210025	18	30816727	30816728	+	-	DEL	cna256	minor	sim60	Eso-AdenoCa
18	30816728	30816729	18	31291675	31291676	-	+	DUP	cna257	major	sim60	Eso-AdenoCa
18	30816728	30816729	18	31291675	31291676	+	-	DEL	cna257	minor	sim60	Eso-AdenoCa
18	31291676	31291677	18	41529776	41529777	+	-	DEL	cna258	minor	sim60	Eso-AdenoCa
18	41529777	41529778	18	41654610	41654611	-	+	DUP	cna259	major	sim60	Eso-AdenoCa
18	41654611	41654612	18	42230406	42230407	-	+	DUP	cna260	major	sim60	Eso-AdenoCa
18	42230407	42230408	18	65774502	65774503	+	-	DEL	cna261	minor	sim60	Eso-AdenoCa
18	47383226	47383227	18	48978809	48978810	-	-	t2tINV	cna261	major	sim60	Eso-AdenoCa
18	65774503	65774504	18	68481212	68481213	-	+	DUP	cna262	major	sim60	Eso-AdenoCa
18	68481213	68481214	18	68930640	68930641	+	-	DEL	cna263	major	sim60	Eso-AdenoCa
18	68481213	68481214	18	68930640	68930641	+	-	DEL	cna263	minor	sim60	Eso-AdenoCa
18	68930641	68930642	18	78077248	78077249	-	+	DUP	cna264	major	sim60	Eso-AdenoCa
19	1	2	19	22425685	22425686	-	+	DUP	cna265	major	sim60	Eso-AdenoCa
19	1	2	19	22425685	22425686	-	+	DUP	cna265	minor	sim60	Eso-AdenoCa
19	5612078	5612079	19	5622085	5622086	-	-	t2tINV	cna265	minor	sim60	Eso-AdenoCa
19	11792078	11792079	19	11822311	11822312	-	-	t2tINV	cna265	minor	sim60	Eso-AdenoCa
19	19990278	19990279	19	20192923	20192924	-	-	t2tINV	cna265	major	sim60	Eso-AdenoCa
19	22425686	22425687	19	32458193	32458194	-	+	DUP	cna266	major	sim60	Eso-AdenoCa
19	22425686	22425687	19	32458193	32458194	-	+	DUP	cna266	minor	sim60	Eso-AdenoCa
19	24632978	24632979	19	44037885	44037886	+	+	h2hINV	cna266	minor	sim60	Eso-AdenoCa
19	32458194	32458195	19	32716659	32716660	-	+	DUP	cna267	major	sim60	Eso-AdenoCa
19	32716660	32716661	19	54771196	54771197	-	+	DUP	cna268	major	sim60	Eso-AdenoCa
19	32716660	32716661	19	54771196	54771197	+	-	DEL	cna268	minor	sim60	Eso-AdenoCa
19	32716660	39284679	X	121463368	139839303	+	-	TRA	cna268,cna296	minor,major	sim60	Eso-AdenoCa
19	38851678	38851679	19	38871709	38871710	+	+	h2hINV	cna268	major	sim60	Eso-AdenoCa
19	55680365	55680366	19	59128983	59128984	-	+	DUP	cna270	major	sim60	Eso-AdenoCa
20	1	2	20	63025520	63025521	+	-	DEL	cna271	minor	sim60	Eso-AdenoCa
20	46364595	46364596	20	54082916	54082917	+	+	h2hINV	cna271	major	sim60	Eso-AdenoCa
21	1	2	21	48047999	48048000	+	-	DEL	cna272	minor	sim60	Eso-AdenoCa
21	48048000	48048001	21	48129895	48129896	-	+	DUP	cna273	major	sim60	Eso-AdenoCa
21	48048000	48048001	21	48129895	48129896	-	+	DUP	cna273	minor	sim60	Eso-AdenoCa
22	1	2	22	554423	554424	-	+	DUP	cna274	major	sim60	Eso-AdenoCa
22	554424	554425	22	1029595	1029596	+	-	DEL	cna275	minor	sim60	Eso-AdenoCa
22	1029596	1029597	22	38691027	38691028	-	+	DUP	cna276	major	sim60	Eso-AdenoCa
22	38691028	38691029	22	51304566	51304567	-	+	DUP	cna277	major	sim60	Eso-AdenoCa
X	1	2	X	3681202	3681203	-	+	DUP	cna278	major	sim60	Eso-AdenoCa
X	1	2	X	3681202	3681203	+	-	DEL	cna278	minor	sim60	Eso-AdenoCa
X	3681203	3681204	X	3690683	3690684	+	-	DEL	cna279	major	sim60	Eso-AdenoCa
X	3681203	3681204	X	3690683	3690684	+	-	DEL	cna279	minor	sim60	Eso-AdenoCa
X	3690684	3690685	X	3746534	3746535	+	-	DEL	cna280	minor	sim60	Eso-AdenoCa
X	3746535	3746536	X	8962051	8962052	-	+	DUP	cna281	major	sim60	Eso-AdenoCa
X	3746535	3746536	X	8962051	8962052	+	-	DEL	cna281	minor	sim60	Eso-AdenoCa
X	8962052	8962053	X	9214292	9214293	+	-	DEL	cna282	minor	sim60	Eso-AdenoCa
X	9214293	9214294	X	9791662	9791663	-	+	DUP	cna283	major	sim60	Eso-AdenoCa
X	9791663	9791664	X	37104980	37104981	-	+	DUP	cna284	major	sim60	Eso-AdenoCa
X	9791663	9791664	X	37104980	37104981	-	+	DUP	cna284	minor	sim60	Eso-AdenoCa
X	37104981	37104982	X	52716387	52716388	-	+	DUP	cna285	major	sim60	Eso-AdenoCa
X	37104981	37104982	X	52716387	52716388	-	+	DUP	cna285	minor	sim60	Eso-AdenoCa
X	52716388	52716389	X	53492360	53492361	-	+	DUP	cna286	major	sim60	Eso-AdenoCa
X	53492361	53492362	X	53533375	53533376	-	+	DUP	cna287	major	sim60	Eso-AdenoCa
X	53533376	53533377	X	64086119	64086120	-	+	DUP	cna288	major	sim60	Eso-AdenoCa
X	64086120	64086121	X	64128830	64128831	-	+	DUP	cna289	major	sim60	Eso-AdenoCa
X	64086120	64086121	X	64128830	64128831	-	+	DUP	cna289	minor	sim60	Eso-AdenoCa
X	64128831	64128832	X	64176652	64176653	-	+	DUP	cna290	major	sim60	Eso-AdenoCa
X	64176653	64176654	X	111585822	111585823	-	+	DUP	cna291	major	sim60	Eso-AdenoCa
X	64176653	64176654	X	111585822	111585823	-	+	DUP	cna291	minor	sim60	Eso-AdenoCa
X	66849314	66849315	X	131810718	131810719	-	-	t2tINV	cna296	major	sim60	Eso-AdenoCa
X	111585823	111585824	X	111604871	111604872	-	+	DUP	cna292	major	sim60	Eso-AdenoCa
X	111585823	111585824	X	111604871	111604872	+	-	DEL	cna292	minor	sim60	Eso-AdenoCa
X	111604872	111604873	X	112077047	112077048	-	+	DUP	cna293	major	sim60	Eso-AdenoCa
X	111604872	111604873	X	112077047	112077048	-	+	DUP	cna293	minor	sim60	Eso-AdenoCa
X	112077048	112077049	X	112290677	112290678	+	-	DEL	cna294	minor	sim60	Eso-AdenoCa
X	112290678	112290679	X	112905474	112905475	-	+	DUP	cna295	major	sim60	Eso-AdenoCa
X	112290678	112290679	X	112905474	112905475	+	-	DEL	cna295	minor	sim60	Eso-AdenoCa
X	112905475	112905476	X	139839303	139839304	+	-	DEL	cna296	minor	sim60	Eso-AdenoCa
X	139839304	139839305	X	140040755	140040756	-	+	DUP	cna297	major	sim60	Eso-AdenoCa
X	140040756	140040757	X	140107283	140107284	-	+	DUP	cna298	major	sim60	Eso-AdenoCa
X	142527876	142527877	X	143795992	143795993	-	+	DUP	cna300	major	sim60	Eso-AdenoCa
X	142527876	142527877	X	143795992	143795993	+	-	DEL	cna300	minor	sim60	Eso-AdenoCa
X	143795993	143795994	X	143851761	143851762	-	+	DUP	cna301	major	sim60	Eso-AdenoCa
X	143795993	143795994	X	143851761	143851762	-	+	DUP	cna301	minor	sim60	Eso-AdenoCa
X	143851762	143851763	X	145287065	145287066	+	-	DEL	cna302	minor	sim60	Eso-AdenoCa
X	145287066	145287067	X	152067370	152067371	-	+	DUP	cna303	major	sim60	Eso-AdenoCa
X	152067371	152067372	X	155270560	155270561	-	+	DUP	cna304	major	sim60	Eso-AdenoCa
X	152067371	152067372	X	155270560	155270561	-	+	DUP	cna304	minor	sim60	Eso-AdenoCa
