chrom	start	end	major_cn	minor_cn	donor_id	study	id
1	1	4632524	2	1	sim96	Eso-AdenoCa	cna0
1	4632525	4890582	2	2	sim96	Eso-AdenoCa	cna1
1	4890583	5051483	1	0	sim96	Eso-AdenoCa	cna2
1	5051484	8407177	2	2	sim96	Eso-AdenoCa	cna3
1	8407178	27378115	2	1	sim96	Eso-AdenoCa	cna4
1	27378116	31766795	2	2	sim96	Eso-AdenoCa	cna5
1	31766796	31841869	3	1	sim96	Eso-AdenoCa	cna6
1	31841870	32803679	2	1	sim96	Eso-AdenoCa	cna7
1	32803680	145766933	1	0	sim96	Eso-AdenoCa	cna8
1	145766934	152492525	2	1	sim96	Eso-AdenoCa	cna9
1	152492526	156852736	1	0	sim96	Eso-AdenoCa	cna10
1	156852737	156863303	4	3	sim96	Eso-AdenoCa	cna11
1	156863304	157242080	1	0	sim96	Eso-AdenoCa	cna12
1	157242081	168789776	0	0	sim96	Eso-AdenoCa	cna13
1	168789777	177798085	2	2	sim96	Eso-AdenoCa	cna14
1	177798086	178691797	3	1	sim96	Eso-AdenoCa	cna15
1	178691798	186893281	3	2	sim96	Eso-AdenoCa	cna16
1	186893282	187424969	2	1	sim96	Eso-AdenoCa	cna17
1	187424970	204955671	2	2	sim96	Eso-AdenoCa	cna18
1	204955672	205126950	4	0	sim96	Eso-AdenoCa	cna19
1	205126951	205171734	3	1	sim96	Eso-AdenoCa	cna20
1	205171735	209322909	2	1	sim96	Eso-AdenoCa	cna21
1	209322910	221771153	2	0	sim96	Eso-AdenoCa	cna22
1	221771154	234302736	2	1	sim96	Eso-AdenoCa	cna23
1	234302737	234392066	1	0	sim96	Eso-AdenoCa	cna24
1	234392067	234766947	4	1	sim96	Eso-AdenoCa	cna25
1	234766948	236314618	1	0	sim96	Eso-AdenoCa	cna26
1	236314619	241816409	4	1	sim96	Eso-AdenoCa	cna27
1	241816410	249250621	2	2	sim96	Eso-AdenoCa	cna28
2	1	22760775	2	1	sim96	Eso-AdenoCa	cna29
2	22760776	23208604	3	0	sim96	Eso-AdenoCa	cna30
2	23208605	35639081	5	2	sim96	Eso-AdenoCa	cna31
2	35639082	36223681	3	1	sim96	Eso-AdenoCa	cna32
2	36223682	36657615	2	0	sim96	Eso-AdenoCa	cna33
2	36657616	41369181	1	0	sim96	Eso-AdenoCa	cna34
2	41369182	41489603	3	0	sim96	Eso-AdenoCa	cna35
2	41489604	41578779	1	0	sim96	Eso-AdenoCa	cna36
2	41578780	41748371	2	1	sim96	Eso-AdenoCa	cna37
2	41748372	41808927	4	3	sim96	Eso-AdenoCa	cna38
2	41808928	65740622	2	0	sim96	Eso-AdenoCa	cna39
2	65740623	68328838	1	0	sim96	Eso-AdenoCa	cna40
2	68328839	92174599	2	2	sim96	Eso-AdenoCa	cna41
2	92174600	92185510	4	2	sim96	Eso-AdenoCa	cna42
2	92185511	92227264	1	0	sim96	Eso-AdenoCa	cna43
2	92227265	98723768	4	2	sim96	Eso-AdenoCa	cna44
2	98723769	98993233	2	1	sim96	Eso-AdenoCa	cna45
2	98993234	99074989	1	0	sim96	Eso-AdenoCa	cna46
2	99074990	135398098	2	0	sim96	Eso-AdenoCa	cna47
2	135398099	140604652	2	2	sim96	Eso-AdenoCa	cna48
2	140604653	140729941	2	1	sim96	Eso-AdenoCa	cna49
2	140729942	140983373	2	0	sim96	Eso-AdenoCa	cna50
2	140983374	158327088	4	1	sim96	Eso-AdenoCa	cna51
2	158327089	160617028	1	0	sim96	Eso-AdenoCa	cna52
2	160617029	160773457	3	0	sim96	Eso-AdenoCa	cna53
2	160773458	189007271	3	2	sim96	Eso-AdenoCa	cna54
2	189007272	189144442	1	0	sim96	Eso-AdenoCa	cna55
2	189144443	189166035	4	0	sim96	Eso-AdenoCa	cna56
2	189166036	193569107	1	0	sim96	Eso-AdenoCa	cna57
2	193569108	193590840	2	1	sim96	Eso-AdenoCa	cna58
2	193590841	221790499	2	2	sim96	Eso-AdenoCa	cna59
2	221790500	240081785	2	0	sim96	Eso-AdenoCa	cna60
2	240081786	243151035	2	1	sim96	Eso-AdenoCa	cna61
2	243151036	243199373	1	0	sim96	Eso-AdenoCa	cna62
3	1	4132906	2	1	sim96	Eso-AdenoCa	cna63
3	4132907	4308329	0	0	sim96	Eso-AdenoCa	cna64
3	4308330	5037324	1	0	sim96	Eso-AdenoCa	cna65
3	5037325	50554301	4	1	sim96	Eso-AdenoCa	cna66
3	50554302	50602159	2	1	sim96	Eso-AdenoCa	cna67
3	50602160	52337116	5	1	sim96	Eso-AdenoCa	cna68
3	52337117	53776151	2	2	sim96	Eso-AdenoCa	cna69
3	53776152	88050358	2	1	sim96	Eso-AdenoCa	cna70
3	88050359	121856984	1	0	sim96	Eso-AdenoCa	cna71
3	121856985	122115676	2	1	sim96	Eso-AdenoCa	cna72
3	122115677	196084063	1	0	sim96	Eso-AdenoCa	cna73
3	196084064	197530347	2	0	sim96	Eso-AdenoCa	cna74
3	197530348	197999683	2	1	sim96	Eso-AdenoCa	cna75
3	197999684	198022430	1	0	sim96	Eso-AdenoCa	cna76
4	1	53159523	1	0	sim96	Eso-AdenoCa	cna77
4	53159524	66754033	2	1	sim96	Eso-AdenoCa	cna78
4	66754034	68656655	5	2	sim96	Eso-AdenoCa	cna79
4	68656656	73182948	4	2	sim96	Eso-AdenoCa	cna80
4	73182949	73248424	4	0	sim96	Eso-AdenoCa	cna81
4	73248425	73274717	2	2	sim96	Eso-AdenoCa	cna82
4	73274718	92404564	2	0	sim96	Eso-AdenoCa	cna83
4	92404565	132976096	2	1	sim96	Eso-AdenoCa	cna84
4	132976097	140749865	2	0	sim96	Eso-AdenoCa	cna85
4	140749866	142666996	4	1	sim96	Eso-AdenoCa	cna86
4	142666997	148725796	2	0	sim96	Eso-AdenoCa	cna87
4	148725797	191154276	4	1	sim96	Eso-AdenoCa	cna88
5	1	13497156	2	1	sim96	Eso-AdenoCa	cna89
5	13497157	128810683	2	0	sim96	Eso-AdenoCa	cna90
5	128810684	173296475	2	1	sim96	Eso-AdenoCa	cna91
5	173296476	178387598	3	3	sim96	Eso-AdenoCa	cna92
5	178387599	180915260	2	1	sim96	Eso-AdenoCa	cna93
6	1	29866646	2	1	sim96	Eso-AdenoCa	cna94
6	29866647	31075713	4	1	sim96	Eso-AdenoCa	cna95
6	31075714	99739304	2	0	sim96	Eso-AdenoCa	cna96
6	99739305	104711684	4	0	sim96	Eso-AdenoCa	cna97
6	104711685	104772537	2	2	sim96	Eso-AdenoCa	cna98
6	104772538	107220777	0	0	sim96	Eso-AdenoCa	cna99
6	107220778	171115067	1	0	sim96	Eso-AdenoCa	cna100
7	1	10253882	2	2	sim96	Eso-AdenoCa	cna101
7	10253883	107200579	1	0	sim96	Eso-AdenoCa	cna102
7	107200580	114980771	2	1	sim96	Eso-AdenoCa	cna103
7	114980772	115108779	3	0	sim96	Eso-AdenoCa	cna104
7	115108780	122155783	2	0	sim96	Eso-AdenoCa	cna105
7	122155784	122176543	2	1	sim96	Eso-AdenoCa	cna106
7	122176544	122236296	2	0	sim96	Eso-AdenoCa	cna107
7	122236297	122292985	1	0	sim96	Eso-AdenoCa	cna108
7	122292986	135136555	3	1	sim96	Eso-AdenoCa	cna109
7	135136556	135392850	2	0	sim96	Eso-AdenoCa	cna110
7	135392851	157953808	3	1	sim96	Eso-AdenoCa	cna111
7	157953809	159138663	2	1	sim96	Eso-AdenoCa	cna112
8	1	28487925	2	2	sim96	Eso-AdenoCa	cna113
8	28487926	28730337	3	2	sim96	Eso-AdenoCa	cna114
8	28730338	29229070	2	1	sim96	Eso-AdenoCa	cna115
8	29229071	29420113	1	0	sim96	Eso-AdenoCa	cna116
8	29420114	29593274	0	0	sim96	Eso-AdenoCa	cna117
8	29593275	29755506	4	2	sim96	Eso-AdenoCa	cna118
8	29755507	146364022	2	0	sim96	Eso-AdenoCa	cna119
9	1	12033102	2	0	sim96	Eso-AdenoCa	cna120
9	12033103	13508253	3	1	sim96	Eso-AdenoCa	cna121
9	13508254	13880693	3	2	sim96	Eso-AdenoCa	cna122
9	13880694	14018323	5	2	sim96	Eso-AdenoCa	cna123
9	14018324	20920134	2	1	sim96	Eso-AdenoCa	cna124
9	20920135	109407394	3	1	sim96	Eso-AdenoCa	cna125
9	109407395	117821402	1	0	sim96	Eso-AdenoCa	cna126
9	117821403	141213431	3	1	sim96	Eso-AdenoCa	cna127
10	1	13592845	1	0	sim96	Eso-AdenoCa	cna128
10	13592846	24947512	2	0	sim96	Eso-AdenoCa	cna129
10	24947513	25546580	4	1	sim96	Eso-AdenoCa	cna130
10	25546581	89041565	1	0	sim96	Eso-AdenoCa	cna131
10	89041566	119074338	2	1	sim96	Eso-AdenoCa	cna132
10	119074339	119096538	2	0	sim96	Eso-AdenoCa	cna133
10	119096539	119107475	1	0	sim96	Eso-AdenoCa	cna134
10	119107476	126073772	4	1	sim96	Eso-AdenoCa	cna135
10	126073773	126170983	0	0	sim96	Eso-AdenoCa	cna136
10	126170984	126715061	4	1	sim96	Eso-AdenoCa	cna137
10	126715062	126773223	3	2	sim96	Eso-AdenoCa	cna138
10	126773224	126940389	2	0	sim96	Eso-AdenoCa	cna139
10	126940390	128720616	2	1	sim96	Eso-AdenoCa	cna140
10	128720617	135534747	1	0	sim96	Eso-AdenoCa	cna141
11	1	8123144	2	2	sim96	Eso-AdenoCa	cna142
11	8123145	135006516	1	0	sim96	Eso-AdenoCa	cna143
12	1	41871919	2	1	sim96	Eso-AdenoCa	cna144
12	41871920	41882933	2	0	sim96	Eso-AdenoCa	cna145
12	41882934	41893733	1	0	sim96	Eso-AdenoCa	cna146
12	41893734	42095389	5	1	sim96	Eso-AdenoCa	cna147
12	42095390	42364651	2	1	sim96	Eso-AdenoCa	cna148
12	42364652	123634909	2	0	sim96	Eso-AdenoCa	cna149
12	123634910	132188241	1	0	sim96	Eso-AdenoCa	cna150
12	132188242	133402075	3	1	sim96	Eso-AdenoCa	cna151
12	133402076	133851895	4	2	sim96	Eso-AdenoCa	cna152
13	1	24931104	2	1	sim96	Eso-AdenoCa	cna153
13	24931105	42541684	2	2	sim96	Eso-AdenoCa	cna154
13	42541685	77343050	2	1	sim96	Eso-AdenoCa	cna155
13	77343051	77748864	2	2	sim96	Eso-AdenoCa	cna156
13	77748865	78028644	3	1	sim96	Eso-AdenoCa	cna157
13	78028645	84012051	2	0	sim96	Eso-AdenoCa	cna158
13	84012052	111391274	2	1	sim96	Eso-AdenoCa	cna159
13	111391275	115169878	1	0	sim96	Eso-AdenoCa	cna160
14	1	74308292	3	0	sim96	Eso-AdenoCa	cna161
14	74308293	97993083	2	2	sim96	Eso-AdenoCa	cna162
14	97993084	98637257	2	1	sim96	Eso-AdenoCa	cna163
14	98637258	98701673	2	0	sim96	Eso-AdenoCa	cna164
14	98701674	107349540	2	1	sim96	Eso-AdenoCa	cna165
15	1	101450091	2	2	sim96	Eso-AdenoCa	cna166
15	101450092	102192205	2	1	sim96	Eso-AdenoCa	cna167
15	102192206	102531392	3	1	sim96	Eso-AdenoCa	cna168
16	1	90354753	3	1	sim96	Eso-AdenoCa	cna169
17	1	14788241	3	1	sim96	Eso-AdenoCa	cna170
17	14788242	80649828	2	0	sim96	Eso-AdenoCa	cna171
17	80649829	81195210	3	1	sim96	Eso-AdenoCa	cna172
18	1	22369305	2	2	sim96	Eso-AdenoCa	cna173
18	22369306	22707075	0	0	sim96	Eso-AdenoCa	cna174
18	22707076	22717736	2	1	sim96	Eso-AdenoCa	cna175
18	22717737	22728404	4	3	sim96	Eso-AdenoCa	cna176
18	22728405	30091163	4	0	sim96	Eso-AdenoCa	cna177
18	30091164	30395431	3	1	sim96	Eso-AdenoCa	cna178
18	30395432	30406102	4	2	sim96	Eso-AdenoCa	cna179
18	30406103	36260308	3	1	sim96	Eso-AdenoCa	cna180
18	36260309	45170287	0	0	sim96	Eso-AdenoCa	cna181
18	45170288	53334098	1	0	sim96	Eso-AdenoCa	cna182
18	53334099	78003810	3	3	sim96	Eso-AdenoCa	cna183
18	78003811	78014474	4	3	sim96	Eso-AdenoCa	cna184
18	78014475	78077248	4	2	sim96	Eso-AdenoCa	cna185
19	1	56634839	2	1	sim96	Eso-AdenoCa	cna186
19	56634840	58161070	2	2	sim96	Eso-AdenoCa	cna187
19	58161071	58211650	4	2	sim96	Eso-AdenoCa	cna188
19	58211651	58681867	2	0	sim96	Eso-AdenoCa	cna189
19	58681868	59128983	4	1	sim96	Eso-AdenoCa	cna190
20	1	63025520	2	1	sim96	Eso-AdenoCa	cna191
21	1	16017752	2	1	sim96	Eso-AdenoCa	cna192
21	16017753	48129895	2	0	sim96	Eso-AdenoCa	cna193
22	1	11164369	2	2	sim96	Eso-AdenoCa	cna194
22	11164370	19339603	3	1	sim96	Eso-AdenoCa	cna195
22	19339604	29916213	2	0	sim96	Eso-AdenoCa	cna196
22	29916214	50080098	2	1	sim96	Eso-AdenoCa	cna197
22	50080099	51304566	3	1	sim96	Eso-AdenoCa	cna198
X	1	68752942	2	1	sim96	Eso-AdenoCa	cna199
X	68752943	69342444	1	0	sim96	Eso-AdenoCa	cna200
X	69342445	71442943	2	1	sim96	Eso-AdenoCa	cna201
X	71442944	101368255	1	0	sim96	Eso-AdenoCa	cna202
X	101368256	101946469	2	0	sim96	Eso-AdenoCa	cna203
X	101946470	102264286	2	1	sim96	Eso-AdenoCa	cna204
X	102264287	102281690	3	1	sim96	Eso-AdenoCa	cna205
X	102281691	102748936	2	1	sim96	Eso-AdenoCa	cna206
X	102748937	133109491	3	0	sim96	Eso-AdenoCa	cna207
X	133109492	133362225	1	0	sim96	Eso-AdenoCa	cna208
X	133362226	155270560	7	1	sim96	Eso-AdenoCa	cna209
Y	1	5613584	2	2	sim96	Eso-AdenoCa	cna210
Y	5613585	6094600	3	1	sim96	Eso-AdenoCa	cna211
Y	6094601	14914210	2	1	sim96	Eso-AdenoCa	cna212
Y	14914211	15348003	3	1	sim96	Eso-AdenoCa	cna213
Y	15348004	15376779	0	0	sim96	Eso-AdenoCa	cna214
Y	15376780	15524942	2	1	sim96	Eso-AdenoCa	cna215
Y	15524943	47347299	2	0	sim96	Eso-AdenoCa	cna216
Y	47347300	47449253	2	1	sim96	Eso-AdenoCa	cna217
Y	47449254	47481866	4	2	sim96	Eso-AdenoCa	cna218
Y	47481867	47552049	3	2	sim96	Eso-AdenoCa	cna219
Y	47552050	59043444	2	1	sim96	Eso-AdenoCa	cna220
Y	59043445	59101725	2	0	sim96	Eso-AdenoCa	cna221
Y	59101726	59373566	2	1	sim96	Eso-AdenoCa	cna222
