chrom	start	end	major_cn	minor_cn	donor_id	study	id
1	1	1414113	1	0	sim79	Eso-AdenoCa	cna0
1	1414114	21287349	2	1	sim79	Eso-AdenoCa	cna1
1	21287350	21337633	0	0	sim79	Eso-AdenoCa	cna2
1	21337634	27113806	2	1	sim79	Eso-AdenoCa	cna3
1	27113807	34787721	4	2	sim79	Eso-AdenoCa	cna4
1	34787722	58382913	1	0	sim79	Eso-AdenoCa	cna5
1	58382914	58627700	2	1	sim79	Eso-AdenoCa	cna6
1	58627701	60028287	1	0	sim79	Eso-AdenoCa	cna7
1	60028288	62722099	3	1	sim79	Eso-AdenoCa	cna8
1	62722100	64813447	2	1	sim79	Eso-AdenoCa	cna9
1	64813448	64857084	2	0	sim79	Eso-AdenoCa	cna10
1	64857085	64866792	1	0	sim79	Eso-AdenoCa	cna11
1	64866793	68726123	2	0	sim79	Eso-AdenoCa	cna12
1	68726124	69960394	2	1	sim79	Eso-AdenoCa	cna13
1	69960395	70784702	3	3	sim79	Eso-AdenoCa	cna14
1	70784703	162666953	1	1	sim79	Eso-AdenoCa	cna15
1	162666954	163286512	4	1	sim79	Eso-AdenoCa	cna16
1	163286513	163550926	2	2	sim79	Eso-AdenoCa	cna17
1	163550927	163727615	2	0	sim79	Eso-AdenoCa	cna18
1	163727616	217873357	3	2	sim79	Eso-AdenoCa	cna19
1	217873358	218880510	2	1	sim79	Eso-AdenoCa	cna20
1	218880511	244503771	4	0	sim79	Eso-AdenoCa	cna21
1	244503772	244866160	5	2	sim79	Eso-AdenoCa	cna22
1	244866161	248325774	1	1	sim79	Eso-AdenoCa	cna23
1	248325775	248637338	1	0	sim79	Eso-AdenoCa	cna24
1	248637339	248667666	3	2	sim79	Eso-AdenoCa	cna25
1	248667667	248934342	2	1	sim79	Eso-AdenoCa	cna26
1	248934343	249250621	1	1	sim79	Eso-AdenoCa	cna27
2	1	16506136	3	3	sim79	Eso-AdenoCa	cna28
2	16506137	30045454	2	1	sim79	Eso-AdenoCa	cna29
2	30045455	30823305	1	0	sim79	Eso-AdenoCa	cna30
2	30823306	35895779	1	1	sim79	Eso-AdenoCa	cna31
2	35895780	36614854	5	1	sim79	Eso-AdenoCa	cna32
2	36614855	51740284	2	0	sim79	Eso-AdenoCa	cna33
2	51740285	52062716	4	1	sim79	Eso-AdenoCa	cna34
2	52062717	52917999	7	1	sim79	Eso-AdenoCa	cna35
2	52918000	52999996	1	0	sim79	Eso-AdenoCa	cna36
2	52999997	90282570	2	0	sim79	Eso-AdenoCa	cna37
2	90282571	95243714	1	0	sim79	Eso-AdenoCa	cna38
2	95243715	137979665	2	1	sim79	Eso-AdenoCa	cna39
2	137979666	138037536	5	1	sim79	Eso-AdenoCa	cna40
2	138037537	159970162	3	0	sim79	Eso-AdenoCa	cna41
2	159970163	160188807	2	2	sim79	Eso-AdenoCa	cna42
2	160188808	160212102	2	1	sim79	Eso-AdenoCa	cna43
2	160212103	162118131	4	1	sim79	Eso-AdenoCa	cna44
2	162118132	243009120	1	1	sim79	Eso-AdenoCa	cna45
2	243009121	243030464	4	2	sim79	Eso-AdenoCa	cna46
2	243030465	243199373	4	1	sim79	Eso-AdenoCa	cna47
3	1	50260575	1	0	sim79	Eso-AdenoCa	cna48
3	50260576	169745428	2	1	sim79	Eso-AdenoCa	cna49
3	169745429	172378424	3	1	sim79	Eso-AdenoCa	cna50
3	172378425	172391179	4	3	sim79	Eso-AdenoCa	cna51
3	172391180	181537998	2	1	sim79	Eso-AdenoCa	cna52
3	181537999	185658985	2	0	sim79	Eso-AdenoCa	cna53
3	185658986	185916706	3	1	sim79	Eso-AdenoCa	cna54
3	185916707	185929460	3	0	sim79	Eso-AdenoCa	cna55
3	185929461	186880207	2	1	sim79	Eso-AdenoCa	cna56
3	186880208	196988709	2	0	sim79	Eso-AdenoCa	cna57
3	196988710	197503652	2	2	sim79	Eso-AdenoCa	cna58
3	197503653	198022430	1	0	sim79	Eso-AdenoCa	cna59
4	1	11111357	3	0	sim79	Eso-AdenoCa	cna60
4	11111358	11338536	1	0	sim79	Eso-AdenoCa	cna61
4	11338537	11414427	3	1	sim79	Eso-AdenoCa	cna62
4	11414428	18995702	1	1	sim79	Eso-AdenoCa	cna63
4	18995703	19153323	2	1	sim79	Eso-AdenoCa	cna64
4	19153324	19321696	3	1	sim79	Eso-AdenoCa	cna65
4	19321697	19375714	2	0	sim79	Eso-AdenoCa	cna66
4	19375715	20378448	2	1	sim79	Eso-AdenoCa	cna67
4	20378449	20478437	2	0	sim79	Eso-AdenoCa	cna68
4	20478438	22336579	1	1	sim79	Eso-AdenoCa	cna69
4	22336580	35356480	2	1	sim79	Eso-AdenoCa	cna70
4	35356481	58404380	1	1	sim79	Eso-AdenoCa	cna71
4	58404381	59695399	3	2	sim79	Eso-AdenoCa	cna72
4	59695400	191154276	1	1	sim79	Eso-AdenoCa	cna73
5	1	29816862	1	0	sim79	Eso-AdenoCa	cna74
5	29816863	48075669	2	1	sim79	Eso-AdenoCa	cna75
5	48075670	48108552	3	2	sim79	Eso-AdenoCa	cna76
5	48108553	76578839	2	1	sim79	Eso-AdenoCa	cna77
5	76578840	77234820	1	0	sim79	Eso-AdenoCa	cna78
5	77234821	78251790	3	2	sim79	Eso-AdenoCa	cna79
5	78251791	78377032	4	0	sim79	Eso-AdenoCa	cna80
5	78377033	78904533	3	3	sim79	Eso-AdenoCa	cna81
5	78904534	154323649	4	2	sim79	Eso-AdenoCa	cna82
5	154323650	154953131	2	2	sim79	Eso-AdenoCa	cna83
5	154953132	155254009	1	0	sim79	Eso-AdenoCa	cna84
5	155254010	155442921	2	1	sim79	Eso-AdenoCa	cna85
5	155442922	155512864	2	2	sim79	Eso-AdenoCa	cna86
5	155512865	180647019	2	1	sim79	Eso-AdenoCa	cna87
5	180647020	180915260	4	0	sim79	Eso-AdenoCa	cna88
6	1	107975776	1	1	sim79	Eso-AdenoCa	cna89
6	107975777	115449738	2	1	sim79	Eso-AdenoCa	cna90
6	115449739	115553737	4	2	sim79	Eso-AdenoCa	cna91
6	115553738	117156706	3	1	sim79	Eso-AdenoCa	cna92
6	117156707	135356392	2	0	sim79	Eso-AdenoCa	cna93
6	135356393	135612123	1	0	sim79	Eso-AdenoCa	cna94
6	135612124	168620548	2	1	sim79	Eso-AdenoCa	cna95
6	168620549	171115067	1	0	sim79	Eso-AdenoCa	cna96
7	1	9040826	3	2	sim79	Eso-AdenoCa	cna97
7	9040827	14627890	2	1	sim79	Eso-AdenoCa	cna98
7	14627891	14689010	5	1	sim79	Eso-AdenoCa	cna99
7	14689011	45821508	2	2	sim79	Eso-AdenoCa	cna100
7	45821509	151887429	2	0	sim79	Eso-AdenoCa	cna101
7	151887430	152862078	4	2	sim79	Eso-AdenoCa	cna102
7	152862079	157684331	1	0	sim79	Eso-AdenoCa	cna103
7	157684332	157745873	2	1	sim79	Eso-AdenoCa	cna104
7	157745874	159138663	3	2	sim79	Eso-AdenoCa	cna105
8	1	25940275	2	0	sim79	Eso-AdenoCa	cna106
8	25940276	25983490	3	1	sim79	Eso-AdenoCa	cna107
8	25983491	26030447	1	0	sim79	Eso-AdenoCa	cna108
8	26030448	26597290	3	2	sim79	Eso-AdenoCa	cna109
8	26597291	26768988	2	1	sim79	Eso-AdenoCa	cna110
8	26768989	103870238	4	2	sim79	Eso-AdenoCa	cna111
8	103870239	103914956	2	1	sim79	Eso-AdenoCa	cna112
8	103914957	106618765	1	0	sim79	Eso-AdenoCa	cna113
8	106618766	111386193	3	1	sim79	Eso-AdenoCa	cna114
8	111386194	113132549	5	1	sim79	Eso-AdenoCa	cna115
8	113132550	121135411	3	0	sim79	Eso-AdenoCa	cna116
8	121135412	121741135	2	1	sim79	Eso-AdenoCa	cna117
8	121741136	132732278	2	0	sim79	Eso-AdenoCa	cna118
8	132732279	136683458	3	1	sim79	Eso-AdenoCa	cna119
8	136683459	145799210	2	1	sim79	Eso-AdenoCa	cna120
8	145799211	146364022	0	0	sim79	Eso-AdenoCa	cna121
9	1	8261910	3	3	sim79	Eso-AdenoCa	cna122
9	8261911	11209554	1	0	sim79	Eso-AdenoCa	cna123
9	11209555	137553652	1	1	sim79	Eso-AdenoCa	cna124
9	137553653	137964380	3	1	sim79	Eso-AdenoCa	cna125
9	137964381	138734447	1	0	sim79	Eso-AdenoCa	cna126
9	138734448	141213431	4	2	sim79	Eso-AdenoCa	cna127
10	1	58629928	2	1	sim79	Eso-AdenoCa	cna128
10	58629929	61977303	3	2	sim79	Eso-AdenoCa	cna129
10	61977304	65950268	2	0	sim79	Eso-AdenoCa	cna130
10	65950269	66287417	5	1	sim79	Eso-AdenoCa	cna131
10	66287418	66410204	3	0	sim79	Eso-AdenoCa	cna132
10	66410205	82077290	1	0	sim79	Eso-AdenoCa	cna133
10	82077291	90876466	2	0	sim79	Eso-AdenoCa	cna134
10	90876467	90995993	3	2	sim79	Eso-AdenoCa	cna135
10	90995994	91684580	1	0	sim79	Eso-AdenoCa	cna136
10	91684581	112973641	2	1	sim79	Eso-AdenoCa	cna137
10	112973642	116723101	3	2	sim79	Eso-AdenoCa	cna138
10	116723102	121156132	4	1	sim79	Eso-AdenoCa	cna139
10	121156133	121353202	2	1	sim79	Eso-AdenoCa	cna140
10	121353203	135509384	2	0	sim79	Eso-AdenoCa	cna141
10	135509385	135534747	4	2	sim79	Eso-AdenoCa	cna142
11	1	49227298	2	1	sim79	Eso-AdenoCa	cna143
11	49227299	50709592	2	0	sim79	Eso-AdenoCa	cna144
11	50709593	102429388	2	1	sim79	Eso-AdenoCa	cna145
11	102429389	102453140	3	2	sim79	Eso-AdenoCa	cna146
11	102453141	116409718	1	1	sim79	Eso-AdenoCa	cna147
11	116409719	135006516	2	1	sim79	Eso-AdenoCa	cna148
12	1	4641789	1	0	sim79	Eso-AdenoCa	cna149
12	4641790	4651654	4	1	sim79	Eso-AdenoCa	cna150
12	4651655	50553129	1	0	sim79	Eso-AdenoCa	cna151
12	50553130	54057639	2	0	sim79	Eso-AdenoCa	cna152
12	54057640	68008168	3	1	sim79	Eso-AdenoCa	cna153
12	68008169	75520821	2	1	sim79	Eso-AdenoCa	cna154
12	75520822	87363221	1	0	sim79	Eso-AdenoCa	cna155
12	87363222	89988025	2	1	sim79	Eso-AdenoCa	cna156
12	89988026	102934015	1	1	sim79	Eso-AdenoCa	cna157
12	102934016	103088666	3	2	sim79	Eso-AdenoCa	cna158
12	103088667	103107556	0	0	sim79	Eso-AdenoCa	cna159
12	103107557	103127563	1	0	sim79	Eso-AdenoCa	cna160
12	103127564	107757624	1	1	sim79	Eso-AdenoCa	cna161
12	107757625	107777444	4	0	sim79	Eso-AdenoCa	cna162
12	107777445	107787317	2	1	sim79	Eso-AdenoCa	cna163
12	107787318	111150873	2	0	sim79	Eso-AdenoCa	cna164
12	111150874	112531685	1	0	sim79	Eso-AdenoCa	cna165
12	112531686	116155314	3	3	sim79	Eso-AdenoCa	cna166
12	116155315	116921695	1	0	sim79	Eso-AdenoCa	cna167
12	116921696	119048085	2	2	sim79	Eso-AdenoCa	cna168
12	119048086	119944520	1	0	sim79	Eso-AdenoCa	cna169
12	119944521	127731955	2	1	sim79	Eso-AdenoCa	cna170
12	127731956	128877882	3	2	sim79	Eso-AdenoCa	cna171
12	128877883	129129439	4	1	sim79	Eso-AdenoCa	cna172
12	129129440	129206504	2	0	sim79	Eso-AdenoCa	cna173
12	129206505	133851895	2	1	sim79	Eso-AdenoCa	cna174
13	1	364700	2	0	sim79	Eso-AdenoCa	cna175
13	364701	28673302	1	3	sim79	Eso-AdenoCa	cna176
13	28673303	53300067	2	2	sim79	Eso-AdenoCa	cna177
13	53300068	54474851	2	0	sim79	Eso-AdenoCa	cna178
13	54474852	98878394	2	1	sim79	Eso-AdenoCa	cna179
13	98878395	99179869	1	0	sim79	Eso-AdenoCa	cna180
13	99179870	115169878	3	0	sim79	Eso-AdenoCa	cna181
14	1	107349540	1	0	sim79	Eso-AdenoCa	cna182
15	1	18095500	2	0	sim79	Eso-AdenoCa	cna183
15	18095501	18263097	1	0	sim79	Eso-AdenoCa	cna184
15	18263098	34527195	2	1	sim79	Eso-AdenoCa	cna185
15	34527196	35133986	6	2	sim79	Eso-AdenoCa	cna186
15	35133987	38843547	3	1	sim79	Eso-AdenoCa	cna187
15	38843548	42744938	1	1	sim79	Eso-AdenoCa	cna188
15	42744939	55483710	2	0	sim79	Eso-AdenoCa	cna189
15	55483711	56245434	4	1	sim79	Eso-AdenoCa	cna190
15	56245435	56640269	4	0	sim79	Eso-AdenoCa	cna191
15	56640270	56651221	1	0	sim79	Eso-AdenoCa	cna192
15	56651222	56948930	2	1	sim79	Eso-AdenoCa	cna193
15	56948931	57196744	2	2	sim79	Eso-AdenoCa	cna194
15	57196745	57224674	4	3	sim79	Eso-AdenoCa	cna195
15	57224675	57405919	0	0	sim79	Eso-AdenoCa	cna196
15	57405920	61159307	1	0	sim79	Eso-AdenoCa	cna197
15	61159308	61968830	1	1	sim79	Eso-AdenoCa	cna198
15	61968831	102531392	2	0	sim79	Eso-AdenoCa	cna199
16	1	77705422	1	1	sim79	Eso-AdenoCa	cna200
16	77705423	77751891	1	0	sim79	Eso-AdenoCa	cna201
16	77751892	89402981	2	1	sim79	Eso-AdenoCa	cna202
16	89402982	90354753	3	2	sim79	Eso-AdenoCa	cna203
17	1	49945282	1	0	sim79	Eso-AdenoCa	cna204
17	49945283	56866029	4	2	sim79	Eso-AdenoCa	cna205
17	56866030	68738544	2	0	sim79	Eso-AdenoCa	cna206
17	68738545	81195210	1	0	sim79	Eso-AdenoCa	cna207
18	1	78077248	1	1	sim79	Eso-AdenoCa	cna208
19	1	59128983	1	1	sim79	Eso-AdenoCa	cna209
20	1	8732092	1	1	sim79	Eso-AdenoCa	cna210
20	8732093	10095331	4	2	sim79	Eso-AdenoCa	cna211
20	10095332	10679466	6	1	sim79	Eso-AdenoCa	cna212
20	10679467	10909738	1	0	sim79	Eso-AdenoCa	cna213
20	10909739	11129286	2	1	sim79	Eso-AdenoCa	cna214
20	11129287	12332307	2	0	sim79	Eso-AdenoCa	cna215
20	12332308	47776181	1	0	sim79	Eso-AdenoCa	cna216
20	47776182	47788186	4	3	sim79	Eso-AdenoCa	cna217
20	47788187	52368709	2	0	sim79	Eso-AdenoCa	cna218
20	52368710	53588129	6	1	sim79	Eso-AdenoCa	cna219
20	53588130	53741013	0	0	sim79	Eso-AdenoCa	cna220
20	53741014	59567999	2	0	sim79	Eso-AdenoCa	cna221
20	59568000	63025520	2	1	sim79	Eso-AdenoCa	cna222
21	1	48129895	1	1	sim79	Eso-AdenoCa	cna223
22	1	51304566	1	1	sim79	Eso-AdenoCa	cna224
X	1	28877870	2	1	sim79	Eso-AdenoCa	cna225
X	28877871	28959728	5	2	sim79	Eso-AdenoCa	cna226
X	28959729	32564562	2	1	sim79	Eso-AdenoCa	cna227
X	32564563	32698748	0	0	sim79	Eso-AdenoCa	cna228
X	32698749	32775319	2	2	sim79	Eso-AdenoCa	cna229
X	32775320	45153456	3	1	sim79	Eso-AdenoCa	cna230
X	45153457	45202361	1	1	sim79	Eso-AdenoCa	cna231
X	45202362	45232767	1	0	sim79	Eso-AdenoCa	cna232
X	45232768	49233134	2	2	sim79	Eso-AdenoCa	cna233
X	49233135	49292334	3	2	sim79	Eso-AdenoCa	cna234
X	49292335	49312566	2	1	sim79	Eso-AdenoCa	cna235
X	49312567	90161266	1	0	sim79	Eso-AdenoCa	cna236
X	90161267	90318412	4	1	sim79	Eso-AdenoCa	cna237
X	90318413	152382839	2	2	sim79	Eso-AdenoCa	cna238
X	152382840	152603560	4	1	sim79	Eso-AdenoCa	cna239
X	152603561	155225122	2	1	sim79	Eso-AdenoCa	cna240
X	155225123	155270560	4	3	sim79	Eso-AdenoCa	cna241
Y	1	482565	3	1	sim79	Eso-AdenoCa	cna242
Y	482566	5378016	2	1	sim79	Eso-AdenoCa	cna243
Y	5378017	5777088	4	0	sim79	Eso-AdenoCa	cna244
Y	5777089	21637544	2	1	sim79	Eso-AdenoCa	cna245
Y	21637545	22225088	4	1	sim79	Eso-AdenoCa	cna246
Y	22225089	27999978	2	0	sim79	Eso-AdenoCa	cna247
Y	27999979	28036510	4	2	sim79	Eso-AdenoCa	cna248
Y	28036511	28046199	2	1	sim79	Eso-AdenoCa	cna249
Y	28046200	37169855	3	2	sim79	Eso-AdenoCa	cna250
Y	37169856	37219114	4	2	sim79	Eso-AdenoCa	cna251
Y	37219115	37332713	2	1	sim79	Eso-AdenoCa	cna252
Y	37332714	55998241	2	2	sim79	Eso-AdenoCa	cna253
Y	55998242	59373566	3	0	sim79	Eso-AdenoCa	cna254
