chrom1	start1	end1	chrom2	start2	end2	strand1	strand2	svclass	id	allele	donor_id	tumor
1	1	2	1	952732	952733	-	+	DUP	cna0	major	sim72	Eso-AdenoCa
1	1	2	1	952732	952733	+	-	DEL	cna0	minor	sim72	Eso-AdenoCa
1	952733	952734	1	1103440	1103441	-	+	DUP	cna1	major	sim72	Eso-AdenoCa
1	1103441	1103442	1	1717993	1717994	-	+	DUP	cna2	major	sim72	Eso-AdenoCa
1	1103441	1103442	1	1717993	1717994	-	+	DUP	cna2	minor	sim72	Eso-AdenoCa
1	1717994	1717995	1	1727638	1727639	+	-	DEL	cna3	minor	sim72	Eso-AdenoCa
1	1727639	1727640	1	2802024	2802025	-	+	DUP	cna4	major	sim72	Eso-AdenoCa
1	2802025	2802026	1	3077483	3077484	-	+	DUP	cna5	major	sim72	Eso-AdenoCa
1	2802025	2802026	1	3077483	3077484	-	+	DUP	cna5	minor	sim72	Eso-AdenoCa
1	3077484	3077485	1	78193804	78193805	-	+	DUP	cna6	major	sim72	Eso-AdenoCa
1	3077484	3077485	1	78193804	78193805	-	+	DUP	cna6	minor	sim72	Eso-AdenoCa
1	3077484	5400118	19	18658078	30821185	+	-	TRA	cna191,cna6	minor,major	sim72	Eso-AdenoCa
1	78193805	78193806	1	78420082	78420083	-	+	DUP	cna7	major	sim72	Eso-AdenoCa
1	78193805	78193806	1	78420082	78420083	+	-	DEL	cna7	minor	sim72	Eso-AdenoCa
1	78420083	78420084	1	78889470	78889471	-	+	DUP	cna8	major	sim72	Eso-AdenoCa
1	78420083	78420084	1	78889470	78889471	-	+	DUP	cna8	minor	sim72	Eso-AdenoCa
1	78889471	78889472	1	80530828	80530829	-	+	DUP	cna9	major	sim72	Eso-AdenoCa
1	78889471	78889472	1	80530828	80530829	-	+	DUP	cna9	minor	sim72	Eso-AdenoCa
1	80530829	80530830	1	87591834	87591835	+	-	DEL	cna10	minor	sim72	Eso-AdenoCa
1	87591835	87591836	1	95945466	95945467	-	+	DUP	cna11	major	sim72	Eso-AdenoCa
1	87591835	87591836	1	95945466	95945467	+	-	DEL	cna11	minor	sim72	Eso-AdenoCa
1	95945467	95945468	1	97085080	97085081	-	+	DUP	cna12	major	sim72	Eso-AdenoCa
1	97085081	97085082	1	98664481	98664482	+	-	DEL	cna13	minor	sim72	Eso-AdenoCa
1	98664482	98664483	1	106963935	106963936	-	+	DUP	cna14	major	sim72	Eso-AdenoCa
1	98664482	98664483	1	106963935	106963936	-	+	DUP	cna14	minor	sim72	Eso-AdenoCa
1	106963936	106963937	1	108210962	108210963	-	+	DUP	cna15	major	sim72	Eso-AdenoCa
1	108210963	108210964	1	110508650	110508651	-	+	DUP	cna16	major	sim72	Eso-AdenoCa
1	108210963	108210964	1	110508650	110508651	-	+	DUP	cna16	minor	sim72	Eso-AdenoCa
1	110508651	110508652	1	110635117	110635118	+	-	DEL	cna17	minor	sim72	Eso-AdenoCa
1	110635118	110635119	1	110673929	110673930	-	+	DUP	cna18	major	sim72	Eso-AdenoCa
1	110673930	110673931	1	112045299	112045300	-	+	DUP	cna19	major	sim72	Eso-AdenoCa
1	112045300	112045301	1	114522462	114522463	-	+	DUP	cna20	major	sim72	Eso-AdenoCa
1	112045300	112045301	1	114522462	114522463	-	+	DUP	cna20	minor	sim72	Eso-AdenoCa
1	114522463	114522464	1	119224832	119224833	-	+	DUP	cna21	major	sim72	Eso-AdenoCa
1	119224833	119224834	1	119373345	119373346	+	-	DEL	cna22	minor	sim72	Eso-AdenoCa
1	119373346	119373347	1	119407582	119407583	-	+	DUP	cna23	major	sim72	Eso-AdenoCa
1	119407583	119407584	1	121110765	121110766	-	+	DUP	cna24	major	sim72	Eso-AdenoCa
1	121110766	121110767	1	164594810	164594811	-	+	DUP	cna25	major	sim72	Eso-AdenoCa
1	121110766	121110767	1	164594810	164594811	-	+	DUP	cna25	minor	sim72	Eso-AdenoCa
1	136487548	164594810	14	17289199	39579622	-	+	TRA	cna160,cna25	minor,major	sim72	Eso-AdenoCa
1	160204400	164594810	9	35336242	38970195	-	-	TRA	cna25,cna111	major,minor	sim72	Eso-AdenoCa
1	164594811	164594812	1	165039479	165039480	-	+	DUP	cna26	major	sim72	Eso-AdenoCa
1	164594811	164594812	1	165039479	165039480	+	-	DEL	cna26	minor	sim72	Eso-AdenoCa
1	165039480	165039481	1	167640391	167640392	-	+	DUP	cna27	major	sim72	Eso-AdenoCa
1	165039480	165039481	1	167640391	167640392	+	-	DEL	cna27	minor	sim72	Eso-AdenoCa
1	167640392	167640393	1	167786842	167786843	-	+	DUP	cna28	major	sim72	Eso-AdenoCa
1	167786843	167786844	1	189283201	189283202	-	+	DUP	cna29	major	sim72	Eso-AdenoCa
1	189283202	189283203	1	217860163	217860164	+	-	DEL	cna30	minor	sim72	Eso-AdenoCa
1	217860164	217860165	1	218765993	218765994	-	+	DUP	cna31	major	sim72	Eso-AdenoCa
1	217860164	217860165	1	218765993	218765994	+	-	DEL	cna31	minor	sim72	Eso-AdenoCa
1	218765994	218765995	1	218904858	218904859	+	-	DEL	cna32	minor	sim72	Eso-AdenoCa
1	218904859	218904860	1	249158111	249158112	-	+	DUP	cna33	major	sim72	Eso-AdenoCa
1	218904859	218904860	1	249158111	249158112	+	-	DEL	cna33	minor	sim72	Eso-AdenoCa
1	219066700	219066701	1	219147988	219147989	-	-	t2tINV	cna33	major	sim72	Eso-AdenoCa
1	249158112	249158113	1	249209026	249209027	-	+	DUP	cna34	major	sim72	Eso-AdenoCa
1	249209027	249209028	1	249250621	249250622	-	+	DUP	cna35	major	sim72	Eso-AdenoCa
1	249209027	249209028	1	249250621	249250622	+	-	DEL	cna35	minor	sim72	Eso-AdenoCa
2	1	2	2	39321613	39321614	-	+	DUP	cna36	major	sim72	Eso-AdenoCa
2	1	2	2	39321613	39321614	+	-	DEL	cna36	minor	sim72	Eso-AdenoCa
2	1	28051880	6	1	367067	+	+	TRA	cna36,cna85	major,major	sim72	Eso-AdenoCa
2	1	23853480	11	13329009	18330735	+	-	TRA	cna36,cna119	major,major	sim72	Eso-AdenoCa
2	16024279	16024280	2	18279300	18279301	+	+	h2hINV	cna36	major	sim72	Eso-AdenoCa
2	32871379	32871380	2	34731240	34731241	+	+	h2hINV	cna36	major	sim72	Eso-AdenoCa
2	34159279	39321613	5	11378352	41047830	-	-	TRA	cna36,cna74	major,major	sim72	Eso-AdenoCa
2	39321614	39321615	2	241936350	241936351	-	+	DUP	cna37	major	sim72	Eso-AdenoCa
2	165086479	241936350	3	116112895	121485006	-	-	TRA	cna37,cna42	minor,major	sim72	Eso-AdenoCa
2	189521379	241936350	16	1	89747126	-	+	TRA	cna37,cna176	major,minor	sim72	Eso-AdenoCa
2	241936351	241936352	2	242734135	242734136	-	+	DUP	cna38	major	sim72	Eso-AdenoCa
2	241936351	241936352	2	242734135	242734136	-	+	DUP	cna38	minor	sim72	Eso-AdenoCa
2	242734136	242734137	2	243199373	243199374	-	+	DUP	cna39	major	sim72	Eso-AdenoCa
2	242734136	242734137	2	243199373	243199374	-	+	DUP	cna39	minor	sim72	Eso-AdenoCa
3	1	2	3	57621634	57621635	+	-	DEL	cna40	minor	sim72	Eso-AdenoCa
3	1	49899536	7	58450473	71578996	+	-	TRA	cna93,cna40	major,major	sim72	Eso-AdenoCa
3	57621635	57621636	3	64998862	64998863	-	+	DUP	cna41	major	sim72	Eso-AdenoCa
3	64998863	64998864	3	121485006	121485007	+	-	DEL	cna42	minor	sim72	Eso-AdenoCa
3	72672506	121485006	10	1	114011254	-	+	TRA	cna42,cna118	major,major	sim72	Eso-AdenoCa
3	121485007	121485008	3	125166389	125166390	-	+	DUP	cna43	major	sim72	Eso-AdenoCa
3	121485007	121485008	3	125166389	125166390	+	-	DEL	cna43	minor	sim72	Eso-AdenoCa
3	125166390	125166391	3	125557353	125557354	-	+	DUP	cna44	major	sim72	Eso-AdenoCa
3	125166390	125166391	3	125557353	125557354	+	-	DEL	cna44	minor	sim72	Eso-AdenoCa
3	125557354	125557355	3	130196992	130196993	-	+	DUP	cna45	major	sim72	Eso-AdenoCa
3	130196993	130196994	3	130266361	130266362	+	-	DEL	cna46	major	sim72	Eso-AdenoCa
3	130196993	130196994	3	130266361	130266362	+	-	DEL	cna46	minor	sim72	Eso-AdenoCa
3	130266362	130266363	3	130396174	130396175	+	-	DEL	cna47	minor	sim72	Eso-AdenoCa
3	130396175	130396176	3	131591462	131591463	-	+	DUP	cna48	major	sim72	Eso-AdenoCa
3	131591463	131591464	3	142444915	142444916	-	+	DUP	cna49	major	sim72	Eso-AdenoCa
3	131591463	131591464	3	142444915	142444916	+	-	DEL	cna49	minor	sim72	Eso-AdenoCa
3	142444916	142444917	3	142517330	142517331	-	+	DUP	cna50	major	sim72	Eso-AdenoCa
3	142444916	142444917	3	142517330	142517331	+	-	DEL	cna50	minor	sim72	Eso-AdenoCa
3	142517331	142517332	3	142593401	142593402	+	-	DEL	cna51	minor	sim72	Eso-AdenoCa
3	142593402	142593403	3	147795143	147795144	-	+	DUP	cna52	major	sim72	Eso-AdenoCa
3	142593402	142593403	3	147795143	147795144	-	+	DUP	cna52	minor	sim72	Eso-AdenoCa
3	147795144	147795145	3	147804824	147804825	-	+	DUP	cna53	major	sim72	Eso-AdenoCa
3	147804825	147804826	3	168488324	168488325	-	+	DUP	cna54	major	sim72	Eso-AdenoCa
3	147804825	147804826	3	168488324	168488325	+	-	DEL	cna54	minor	sim72	Eso-AdenoCa
3	168488325	168488326	3	174452858	174452859	+	-	DEL	cna55	minor	sim72	Eso-AdenoCa
3	174452859	174452860	3	174470714	174470715	-	+	DUP	cna56	major	sim72	Eso-AdenoCa
3	174452859	174452860	3	174470714	174470715	-	+	DUP	cna56	minor	sim72	Eso-AdenoCa
3	174470715	174470716	3	174781211	174781212	-	+	DUP	cna57	major	sim72	Eso-AdenoCa
3	174781212	174781213	3	190800295	190800296	-	+	DUP	cna58	major	sim72	Eso-AdenoCa
3	174781212	177077707	12	79867538	86114423	+	+	TRA	cna58,cna148	minor,minor	sim72	Eso-AdenoCa
3	190800296	190800297	3	191576659	191576660	-	+	DUP	cna59	major	sim72	Eso-AdenoCa
3	190800296	190800297	3	191576659	191576660	+	-	DEL	cna59	minor	sim72	Eso-AdenoCa
3	191576660	191576661	3	191586325	191586326	+	-	DEL	cna60	minor	sim72	Eso-AdenoCa
3	191586326	191586327	3	191605628	191605629	-	+	DUP	cna61	major	sim72	Eso-AdenoCa
3	191586326	191586327	3	191605628	191605629	-	+	DUP	cna61	minor	sim72	Eso-AdenoCa
3	191605629	191605630	3	191650066	191650067	-	+	DUP	cna62	major	sim72	Eso-AdenoCa
3	191650067	191650068	3	198022430	198022431	+	-	DEL	cna63	minor	sim72	Eso-AdenoCa
4	1	2	4	14420576	14420577	+	-	DEL	cna64	minor	sim72	Eso-AdenoCa
4	2530776	14420576	11	101319266	113868779	-	-	TRA	cna64,cna134	major,minor	sim72	Eso-AdenoCa
4	14420577	14420578	4	18119184	18119185	+	-	DEL	cna65	major	sim72	Eso-AdenoCa
4	14420577	14420578	4	18119184	18119185	+	-	DEL	cna65	minor	sim72	Eso-AdenoCa
4	18119185	18119186	4	18176463	18176464	-	+	DUP	cna66	major	sim72	Eso-AdenoCa
4	18119185	18119186	4	18176463	18176464	-	+	DUP	cna66	minor	sim72	Eso-AdenoCa
4	18176464	18176465	4	24145791	24145792	-	+	DUP	cna67	major	sim72	Eso-AdenoCa
4	24145792	24145793	4	24212194	24212195	-	+	DUP	cna68	major	sim72	Eso-AdenoCa
4	24212195	24212196	4	24224651	24224652	-	+	DUP	cna69	major	sim72	Eso-AdenoCa
4	24212195	24212196	4	24224651	24224652	+	-	DEL	cna69	minor	sim72	Eso-AdenoCa
4	24224652	24224653	4	24281941	24281942	-	+	DUP	cna70	major	sim72	Eso-AdenoCa
4	24224652	24224653	4	24281941	24281942	-	+	DUP	cna70	minor	sim72	Eso-AdenoCa
4	24281942	24281943	4	191154276	191154277	-	+	DUP	cna71	major	sim72	Eso-AdenoCa
4	24281942	24281943	4	191154276	191154277	+	-	DEL	cna71	minor	sim72	Eso-AdenoCa
4	71739776	191154276	13	1	66949604	-	+	TRA	cna71,cna155	major,minor	sim72	Eso-AdenoCa
4	90031195	191154276	9	16859888	18663826	-	-	TRA	cna109,cna71	major,minor	sim72	Eso-AdenoCa
4	122238076	122238077	4	129134668	129134669	+	+	h2hINV	cna71	major	sim72	Eso-AdenoCa
4	159837076	159837077	4	159847079	159847080	+	+	h2hINV	cna71	major	sim72	Eso-AdenoCa
5	1	2	5	2150644	2150645	-	+	DUP	cna72	major	sim72	Eso-AdenoCa
5	1	2	5	2150644	2150645	-	+	DUP	cna72	minor	sim72	Eso-AdenoCa
5	2150645	2150646	5	6845517	6845518	-	+	DUP	cna73	major	sim72	Eso-AdenoCa
5	6845518	6845519	5	41047830	41047831	+	-	DEL	cna74	minor	sim72	Eso-AdenoCa
5	7611900	7611901	5	14064237	14064238	+	+	h2hINV	cna74	major	sim72	Eso-AdenoCa
5	41047831	41047832	5	52170244	52170245	-	+	DUP	cna75	major	sim72	Eso-AdenoCa
5	41047831	41047832	5	52170244	52170245	+	-	DEL	cna75	minor	sim72	Eso-AdenoCa
5	52170245	52170246	5	94116325	94116326	-	+	DUP	cna76	major	sim72	Eso-AdenoCa
5	94116326	94116327	5	94272608	94272609	-	+	DUP	cna77	major	sim72	Eso-AdenoCa
5	94116326	94116327	5	94272608	94272609	-	+	DUP	cna77	minor	sim72	Eso-AdenoCa
5	94272609	94272610	5	122120935	122120936	-	+	DUP	cna78	major	sim72	Eso-AdenoCa
5	94272609	94272610	5	122120935	122120936	+	-	DEL	cna78	minor	sim72	Eso-AdenoCa
5	122120936	122120937	5	123530976	123530977	-	+	DUP	cna79	major	sim72	Eso-AdenoCa
5	123530977	123530978	5	166424975	166424976	-	+	DUP	cna80	major	sim72	Eso-AdenoCa
5	123530977	135076047	20	15088695	34144148	+	-	TRA	cna205,cna80	minor,minor	sim72	Eso-AdenoCa
5	166424976	166424977	5	168254276	168254277	+	-	DEL	cna81	minor	sim72	Eso-AdenoCa
5	168254277	168254278	5	179488528	179488529	-	+	DUP	cna82	major	sim72	Eso-AdenoCa
5	179488529	179488530	5	179782847	179782848	-	+	DUP	cna83	minor	sim72	Eso-AdenoCa
5	179488529	179488530	5	179782847	179782848	+	-	DEL	cna83	major	sim72	Eso-AdenoCa
5	179782848	179782849	5	180915260	180915261	-	+	DUP	cna84	major	sim72	Eso-AdenoCa
6	1	2	6	1358374	1358375	-	+	DUP	cna85	major	sim72	Eso-AdenoCa
6	1	2	6	1358374	1358375	+	-	DEL	cna85	minor	sim72	Eso-AdenoCa
6	1358375	1358376	6	80836269	80836270	-	+	DUP	cna86	major	sim72	Eso-AdenoCa
6	1358375	1358376	6	80836269	80836270	-	+	DUP	cna86	minor	sim72	Eso-AdenoCa
6	43733213	80836269	18	22926874	37482527	-	+	TRA	cna179,cna86	major,minor	sim72	Eso-AdenoCa
6	54269640	80836269	12	5331491	34612799	-	-	TRA	cna86,cna142	major,major	sim72	Eso-AdenoCa
6	64538140	64538141	6	64548140	64548141	+	+	h2hINV	cna86	major	sim72	Eso-AdenoCa
6	80836270	80836271	6	105467033	105467034	-	+	DUP	cna87	major	sim72	Eso-AdenoCa
6	80836270	83440040	17	79645136	81195210	+	-	TRA	cna177,cna87	major,minor	sim72	Eso-AdenoCa
6	100393740	100393741	6	100403746	100403747	-	-	t2tINV	cna87	major	sim72	Eso-AdenoCa
6	105467034	105467035	6	105517332	105517333	-	+	DUP	cna88	major	sim72	Eso-AdenoCa
6	105467034	105467035	6	105517332	105517333	-	+	DUP	cna88	minor	sim72	Eso-AdenoCa
6	105517333	105517334	6	110437037	110437038	-	+	DUP	cna89	major	sim72	Eso-AdenoCa
6	105517333	105517334	6	110437037	110437038	+	-	DEL	cna89	minor	sim72	Eso-AdenoCa
6	110437038	110437039	6	112436833	112436834	-	+	DUP	cna90	major	sim72	Eso-AdenoCa
6	110437038	110437039	6	112436833	112436834	+	-	DEL	cna90	minor	sim72	Eso-AdenoCa
6	112436834	112436835	6	171104986	171104987	-	+	DUP	cna91	major	sim72	Eso-AdenoCa
6	112436834	112436835	6	171104986	171104987	-	+	DUP	cna91	minor	sim72	Eso-AdenoCa
6	112436834	162801841	19	1	16466189	+	+	TRA	cna91,cna191	minor,major	sim72	Eso-AdenoCa
6	171104987	171104988	6	171115067	171115068	-	+	DUP	cna92	major	sim72	Eso-AdenoCa
7	1	2	7	71578996	71578997	-	+	DUP	cna93	major	sim72	Eso-AdenoCa
7	1	2	7	71578996	71578997	-	+	DUP	cna93	minor	sim72	Eso-AdenoCa
7	1	17750374	8	90903779	113516697	+	-	TRA	cna93,cna105	major,minor	sim72	Eso-AdenoCa
7	52207473	71578996	14	42805653	59350614	-	+	TRA	cna93,cna162	minor,minor	sim72	Eso-AdenoCa
7	71578997	71578998	7	71672734	71672735	-	+	DUP	cna94	major	sim72	Eso-AdenoCa
7	71578997	71578998	7	71672734	71672735	+	-	DEL	cna94	minor	sim72	Eso-AdenoCa
7	71672735	71672736	7	71726355	71726356	-	+	DUP	cna95	major	sim72	Eso-AdenoCa
7	71726356	71726357	7	120284460	120284461	-	+	DUP	cna96	major	sim72	Eso-AdenoCa
7	71726356	71726357	7	120284460	120284461	+	-	DEL	cna96	minor	sim72	Eso-AdenoCa
7	71726356	102319074	15	26709119	27873191	+	+	TRA	cna96,cna171	major,major	sim72	Eso-AdenoCa
7	120284461	120284462	7	135466167	135466168	-	+	DUP	cna97	major	sim72	Eso-AdenoCa
7	135466168	135466169	7	135524807	135524808	-	+	DUP	cna98	major	sim72	Eso-AdenoCa
7	135466168	135466169	7	135524807	135524808	-	+	DUP	cna98	minor	sim72	Eso-AdenoCa
7	135524808	135524809	7	136398925	136398926	-	+	DUP	cna99	major	sim72	Eso-AdenoCa
7	135524808	135524809	7	136398925	136398926	-	+	DUP	cna99	minor	sim72	Eso-AdenoCa
7	136398926	136398927	7	155318943	155318944	+	-	DEL	cna100	minor	sim72	Eso-AdenoCa
7	155318944	155318945	7	159138663	159138664	-	+	DUP	cna101	major	sim72	Eso-AdenoCa
7	155318944	155318945	7	159138663	159138664	-	+	DUP	cna101	minor	sim72	Eso-AdenoCa
7	155318944	157429574	11	21382627	36946823	+	+	TRA	cna101,cna122	major,major	sim72	Eso-AdenoCa
8	1	2	8	30161548	30161549	-	+	DUP	cna102	major	sim72	Eso-AdenoCa
8	1	2	8	30161548	30161549	+	-	DEL	cna102	minor	sim72	Eso-AdenoCa
8	14065349	30161548	16	1	10208690	-	+	TRA	cna176,cna102	major,major	sim72	Eso-AdenoCa
8	30161549	30161550	8	30182129	30182130	-	+	DUP	cna103	major	sim72	Eso-AdenoCa
8	30182130	30182131	8	30279345	30279346	-	+	DUP	cna104	major	sim72	Eso-AdenoCa
8	30182130	30182131	8	30279345	30279346	+	-	DEL	cna104	minor	sim72	Eso-AdenoCa
8	30279346	30279347	8	113516697	113516698	-	+	DUP	cna105	major	sim72	Eso-AdenoCa
8	30279346	41495711	15	5928108	9822704	+	-	TRA	cna105,cna168	major,minor	sim72	Eso-AdenoCa
8	31529710	31529711	8	34816905	34816906	+	+	h2hINV	cna105	major	sim72	Eso-AdenoCa
8	41389510	41389511	8	42032780	42032781	-	-	t2tINV	cna105	minor	sim72	Eso-AdenoCa
8	113516698	113516699	8	113586133	113586134	-	+	DUP	cna106	major	sim72	Eso-AdenoCa
8	113516698	113516699	8	113586133	113586134	+	-	DEL	cna106	minor	sim72	Eso-AdenoCa
8	113586134	113586135	8	115269305	115269306	-	+	DUP	cna107	major	sim72	Eso-AdenoCa
8	115269306	115269307	8	146364022	146364023	-	+	DUP	cna108	major	sim72	Eso-AdenoCa
8	115269306	131307611	12	1	22398775	+	+	TRA	cna108,cna142	major,major	sim72	Eso-AdenoCa
9	1	2	9	18663826	18663827	-	+	DUP	cna109	major	sim72	Eso-AdenoCa
9	18663827	18663828	9	31109216	31109217	-	+	DUP	cna110	major	sim72	Eso-AdenoCa
9	18663827	18663828	9	31109216	31109217	+	-	DEL	cna110	minor	sim72	Eso-AdenoCa
9	31109217	31109218	9	38970195	38970196	-	+	DUP	cna111	major	sim72	Eso-AdenoCa
9	31109217	31109218	9	38970195	38970196	+	-	DEL	cna111	minor	sim72	Eso-AdenoCa
9	38970196	38970197	9	39212322	39212323	+	-	DEL	cna112	minor	sim72	Eso-AdenoCa
9	39212323	39212324	9	39265614	39265615	-	+	DUP	cna113	major	sim72	Eso-AdenoCa
9	39212323	39212324	9	39265614	39265615	-	+	DUP	cna113	minor	sim72	Eso-AdenoCa
9	39265615	39265616	9	45718293	45718294	+	-	DEL	cna114	major	sim72	Eso-AdenoCa
9	39265615	39265616	9	45718293	45718294	+	-	DEL	cna114	minor	sim72	Eso-AdenoCa
9	45718294	45718295	9	80332380	80332381	-	+	DUP	cna115	major	sim72	Eso-AdenoCa
9	45718294	45718295	9	80332380	80332381	+	-	DEL	cna115	minor	sim72	Eso-AdenoCa
9	80332381	80332382	9	99905278	99905279	-	+	DUP	cna116	major	sim72	Eso-AdenoCa
9	99905279	99905280	9	141213431	141213432	-	+	DUP	cna117	major	sim72	Eso-AdenoCa
9	99905279	99905280	9	141213431	141213432	+	-	DEL	cna117	minor	sim72	Eso-AdenoCa
10	1	2	10	135534747	135534748	-	+	DUP	cna118	major	sim72	Eso-AdenoCa
10	1	2	10	135534747	135534748	-	+	DUP	cna118	minor	sim72	Eso-AdenoCa
10	78973957	78973958	10	79004402	79004403	-	-	t2tINV	cna118	minor	sim72	Eso-AdenoCa
11	1	2	11	18330735	18330736	-	+	DUP	cna119	major	sim72	Eso-AdenoCa
11	1	2	11	18330735	18330736	-	+	DUP	cna119	minor	sim72	Eso-AdenoCa
11	18330736	18330737	11	18823356	18823357	-	+	DUP	cna120	major	sim72	Eso-AdenoCa
11	18330736	18330737	11	18823356	18823357	+	-	DEL	cna120	minor	sim72	Eso-AdenoCa
11	18823357	18823358	11	21382626	21382627	-	+	DUP	cna121	major	sim72	Eso-AdenoCa
11	21382627	21382628	11	46493431	46493432	-	+	DUP	cna122	major	sim72	Eso-AdenoCa
11	46493432	46493433	11	46704363	46704364	-	+	DUP	cna123	major	sim72	Eso-AdenoCa
11	46493432	46493433	11	46704363	46704364	+	-	DEL	cna123	minor	sim72	Eso-AdenoCa
11	46704364	46704365	11	46741875	46741876	-	+	DUP	cna124	major	sim72	Eso-AdenoCa
11	46741876	46741877	11	46788419	46788420	-	+	DUP	cna125	major	sim72	Eso-AdenoCa
11	46741876	46741877	11	46788419	46788420	-	+	DUP	cna125	minor	sim72	Eso-AdenoCa
11	46788420	46788421	11	49544954	49544955	+	-	DEL	cna126	minor	sim72	Eso-AdenoCa
11	49544955	49544956	11	49987378	49987379	-	+	DUP	cna127	major	sim72	Eso-AdenoCa
11	49544955	49544956	11	49987378	49987379	+	-	DEL	cna127	minor	sim72	Eso-AdenoCa
11	49987379	49987380	11	51183335	51183336	-	+	DUP	cna128	major	sim72	Eso-AdenoCa
11	51183336	51183337	11	51259771	51259772	-	+	DUP	cna129	major	sim72	Eso-AdenoCa
11	51183336	51183337	11	51259771	51259772	-	+	DUP	cna129	minor	sim72	Eso-AdenoCa
11	51259772	51259773	11	79895304	79895305	-	+	DUP	cna130	major	sim72	Eso-AdenoCa
11	65322710	65322711	11	65549038	65549039	+	+	h2hINV	cna130	minor	sim72	Eso-AdenoCa
11	78661010	78661011	11	101093674	101093675	-	-	t2tINV	cna134	major	sim72	Eso-AdenoCa
11	79895305	79895306	11	88465308	88465309	-	+	DUP	cna131	major	sim72	Eso-AdenoCa
11	79895305	79895306	11	88465308	88465309	+	-	DEL	cna131	minor	sim72	Eso-AdenoCa
11	81629410	88465308	14	69402212	74549601	-	+	TRA	cna131,cna163	minor,major	sim72	Eso-AdenoCa
11	88465309	88465310	11	88612253	88612254	-	+	DUP	cna132	major	sim72	Eso-AdenoCa
11	88465309	88465310	11	88612253	88612254	-	+	DUP	cna132	minor	sim72	Eso-AdenoCa
11	88612254	88612255	11	89497714	89497715	+	-	DEL	cna133	minor	sim72	Eso-AdenoCa
11	89497715	89497716	11	113868779	113868780	-	+	DUP	cna134	major	sim72	Eso-AdenoCa
11	89497715	89497716	11	113868779	113868780	+	-	DEL	cna134	minor	sim72	Eso-AdenoCa
11	113868780	113868781	11	116122661	116122662	-	+	DUP	cna135	major	sim72	Eso-AdenoCa
11	116122662	116122663	11	116206033	116206034	-	+	DUP	cna136	major	sim72	Eso-AdenoCa
11	116122662	116122663	11	116206033	116206034	-	+	DUP	cna136	minor	sim72	Eso-AdenoCa
11	116206034	116206035	11	133423369	133423370	-	+	DUP	cna137	major	sim72	Eso-AdenoCa
11	133423370	133423371	11	133593534	133593535	-	+	DUP	cna138	major	sim72	Eso-AdenoCa
11	133423370	133423371	11	133593534	133593535	-	+	DUP	cna138	minor	sim72	Eso-AdenoCa
11	133593535	133593536	11	133603683	133603684	-	+	DUP	cna139	major	sim72	Eso-AdenoCa
11	133593535	133593536	11	133603683	133603684	+	-	DEL	cna139	minor	sim72	Eso-AdenoCa
11	133603684	133603685	11	133841747	133841748	+	-	DEL	cna140	minor	sim72	Eso-AdenoCa
11	133841748	133841749	11	135006516	135006517	-	+	DUP	cna141	minor	sim72	Eso-AdenoCa
11	133841748	133841749	11	135006516	135006517	+	-	DEL	cna141	major	sim72	Eso-AdenoCa
12	1	2	12	34612799	34612800	-	+	DUP	cna142	major	sim72	Eso-AdenoCa
12	1	2	12	34612799	34612800	+	-	DEL	cna142	minor	sim72	Eso-AdenoCa
12	10680094	10680095	12	13077484	13077485	-	-	t2tINV	cna142	major	sim72	Eso-AdenoCa
12	20532894	20532895	12	20579487	20579488	-	-	t2tINV	cna142	major	sim72	Eso-AdenoCa
12	34612800	34612801	12	35338256	35338257	-	+	DUP	cna143	major	sim72	Eso-AdenoCa
12	35338257	35338258	12	43001570	43001571	-	+	DUP	cna144	major	sim72	Eso-AdenoCa
12	35338257	35338258	12	43001570	43001571	-	+	DUP	cna144	minor	sim72	Eso-AdenoCa
12	43001571	43001572	12	43806358	43806359	+	-	DEL	cna145	major	sim72	Eso-AdenoCa
12	43001571	43001572	12	43806358	43806359	+	-	DEL	cna145	minor	sim72	Eso-AdenoCa
12	43806359	43806360	12	50584807	50584808	-	+	DUP	cna146	major	sim72	Eso-AdenoCa
12	50584808	50584809	12	79867537	79867538	-	+	DUP	cna147	major	sim72	Eso-AdenoCa
12	79867538	79867539	12	124709690	124709691	-	+	DUP	cna148	major	sim72	Eso-AdenoCa
12	124709691	124709692	12	124738476	124738477	-	+	DUP	cna149	major	sim72	Eso-AdenoCa
12	124709691	124709692	12	124738476	124738477	+	-	DEL	cna149	minor	sim72	Eso-AdenoCa
12	124738477	124738478	12	126112006	126112007	-	+	DUP	cna150	major	sim72	Eso-AdenoCa
12	124738477	124738478	12	126112006	126112007	-	+	DUP	cna150	minor	sim72	Eso-AdenoCa
12	126112007	126112008	12	128489098	128489099	-	+	DUP	cna151	major	sim72	Eso-AdenoCa
12	128489099	128489100	12	128804973	128804974	+	-	DEL	cna152	minor	sim72	Eso-AdenoCa
12	128804974	128804975	12	133679356	133679357	-	+	DUP	cna153	major	sim72	Eso-AdenoCa
12	133679357	133679358	12	133851895	133851896	-	+	DUP	cna154	major	sim72	Eso-AdenoCa
13	1	2	13	115169878	115169879	+	-	DEL	cna155	minor	sim72	Eso-AdenoCa
13	103365099	103365100	13	103375109	103375110	-	-	t2tINV	cna155	major	sim72	Eso-AdenoCa
14	1	2	14	15548277	15548278	+	-	DEL	cna156	minor	sim72	Eso-AdenoCa
14	15548278	15548279	14	15570169	15570170	-	+	DUP	cna157	major	sim72	Eso-AdenoCa
14	15548278	15548279	14	15570169	15570170	-	+	DUP	cna157	minor	sim72	Eso-AdenoCa
14	15570170	15570171	14	17278262	17278263	+	-	DEL	cna158	minor	sim72	Eso-AdenoCa
14	17278263	17278264	14	17289198	17289199	-	+	DUP	cna159	major	sim72	Eso-AdenoCa
14	17289199	17289200	14	42756694	42756695	-	+	DUP	cna160	major	sim72	Eso-AdenoCa
14	17289199	17289200	14	42756694	42756695	-	+	DUP	cna160	minor	sim72	Eso-AdenoCa
14	17289199	36261622	18	59605420	70193400	+	-	TRA	cna160,cna185	minor,minor	sim72	Eso-AdenoCa
14	40488721	42756694	19	1	5949899	-	+	TRA	cna160,cna191	minor,major	sim72	Eso-AdenoCa
14	42756695	42756696	14	42805652	42805653	-	+	DUP	cna161	major	sim72	Eso-AdenoCa
14	42756695	42756696	14	42805652	42805653	-	+	DUP	cna161	minor	sim72	Eso-AdenoCa
14	42805653	42805654	14	69402211	69402212	+	-	DEL	cna162	minor	sim72	Eso-AdenoCa
14	69402212	69402213	14	81525562	81525563	-	+	DUP	cna163	major	sim72	Eso-AdenoCa
14	69402212	69402213	14	81525562	81525563	+	-	DEL	cna163	minor	sim72	Eso-AdenoCa
14	81525563	81525564	14	81648421	81648422	-	+	DUP	cna164	major	sim72	Eso-AdenoCa
14	81525563	81525564	14	81648421	81648422	-	+	DUP	cna164	minor	sim72	Eso-AdenoCa
14	81648422	81648423	14	98189329	98189330	+	-	DEL	cna165	minor	sim72	Eso-AdenoCa
14	98189330	98189331	14	104852091	104852092	-	+	DUP	cna166	major	sim72	Eso-AdenoCa
14	104852092	104852093	14	107349540	107349541	-	+	DUP	cna167	major	sim72	Eso-AdenoCa
14	104852092	104852093	14	107349540	107349541	-	+	DUP	cna167	minor	sim72	Eso-AdenoCa
15	1	2	15	9822704	9822705	-	+	DUP	cna168	major	sim72	Eso-AdenoCa
15	9822705	9822706	15	25169495	25169496	-	+	DUP	cna169	major	sim72	Eso-AdenoCa
15	25169496	25169497	15	26709118	26709119	-	+	DUP	cna170	major	sim72	Eso-AdenoCa
15	25169496	25169497	15	26709118	26709119	+	-	DEL	cna170	minor	sim72	Eso-AdenoCa
15	26709119	26709120	15	91448065	91448066	+	-	DEL	cna171	minor	sim72	Eso-AdenoCa
15	91448066	91448067	15	95056911	95056912	-	+	DUP	cna172	major	sim72	Eso-AdenoCa
15	91448066	91448067	15	95056911	95056912	+	-	DEL	cna172	minor	sim72	Eso-AdenoCa
15	94935981	95056911	21	13243554	24008866	-	-	TRA	cna172,cna214	minor,major	sim72	Eso-AdenoCa
15	95056912	95056913	15	95100203	95100204	-	+	DUP	cna173	major	sim72	Eso-AdenoCa
15	95056912	95056913	15	95100203	95100204	+	-	DEL	cna173	minor	sim72	Eso-AdenoCa
15	95100204	95100205	15	102465934	102465935	-	+	DUP	cna174	major	sim72	Eso-AdenoCa
15	95100204	95100205	15	102465934	102465935	+	-	DEL	cna174	minor	sim72	Eso-AdenoCa
15	102465935	102465936	15	102531392	102531393	-	+	DUP	cna175	major	sim72	Eso-AdenoCa
16	1	2	16	90354753	90354754	-	+	DUP	cna176	major	sim72	Eso-AdenoCa
16	1	2	16	90354753	90354754	-	+	DUP	cna176	minor	sim72	Eso-AdenoCa
16	72258689	72258690	16	78192109	78192110	-	-	t2tINV	cna176	major	sim72	Eso-AdenoCa
16	73098789	73098790	16	79479294	79479295	-	-	t2tINV	cna176	minor	sim72	Eso-AdenoCa
17	1	2	17	81195210	81195211	-	+	DUP	cna177	major	sim72	Eso-AdenoCa
17	1	2	17	81195210	81195211	-	+	DUP	cna177	minor	sim72	Eso-AdenoCa
17	54214836	54214837	17	54224842	54224843	+	+	h2hINV	cna177	minor	sim72	Eso-AdenoCa
18	1	2	18	22926873	22926874	-	+	DUP	cna178	major	sim72	Eso-AdenoCa
18	1	2	18	22926873	22926874	-	+	DUP	cna178	minor	sim72	Eso-AdenoCa
18	22926874	22926875	18	38618593	38618594	-	+	DUP	cna179	major	sim72	Eso-AdenoCa
18	38618594	38618595	18	50572063	50572064	-	+	DUP	cna180	major	sim72	Eso-AdenoCa
18	38618594	38618595	18	50572063	50572064	+	-	DEL	cna180	minor	sim72	Eso-AdenoCa
18	50572064	50572065	18	52867331	52867332	-	+	DUP	cna181	major	sim72	Eso-AdenoCa
18	50572064	50572065	18	52867331	52867332	-	+	DUP	cna181	minor	sim72	Eso-AdenoCa
18	52867332	52867333	18	57529886	57529887	-	+	DUP	cna182	major	sim72	Eso-AdenoCa
18	57529887	57529888	18	57815373	57815374	-	+	DUP	cna183	major	sim72	Eso-AdenoCa
18	57815374	57815375	18	57993417	57993418	-	+	DUP	cna184	major	sim72	Eso-AdenoCa
18	57815374	57815375	18	57993417	57993418	-	+	DUP	cna184	minor	sim72	Eso-AdenoCa
18	57993418	57993419	18	70193400	70193401	-	+	DUP	cna185	major	sim72	Eso-AdenoCa
18	57993418	57993419	18	70193400	70193401	+	-	DEL	cna185	minor	sim72	Eso-AdenoCa
18	70193401	70193402	18	70202981	70202982	+	-	DEL	cna186	major	sim72	Eso-AdenoCa
18	70193401	70193402	18	70202981	70202982	+	-	DEL	cna186	minor	sim72	Eso-AdenoCa
18	70202982	70202983	18	70305609	70305610	-	+	DUP	cna187	major	sim72	Eso-AdenoCa
18	70202982	70202983	18	70305609	70305610	+	-	DEL	cna187	minor	sim72	Eso-AdenoCa
18	70305610	70305611	18	75666759	75666760	-	+	DUP	cna188	major	sim72	Eso-AdenoCa
18	70305610	70305611	18	75666759	75666760	+	-	DEL	cna188	minor	sim72	Eso-AdenoCa
18	75666760	75666761	18	77561554	77561555	-	+	DUP	cna189	major	sim72	Eso-AdenoCa
18	75666760	75666761	18	77561554	77561555	+	-	DEL	cna189	minor	sim72	Eso-AdenoCa
18	77561555	77561556	18	78077248	78077249	+	-	DEL	cna190	minor	sim72	Eso-AdenoCa
19	1	2	19	30821185	30821186	-	+	DUP	cna191	major	sim72	Eso-AdenoCa
19	1	2	19	30821185	30821186	+	-	DEL	cna191	minor	sim72	Eso-AdenoCa
19	30821186	30821187	19	30869999	30870000	-	+	DUP	cna192	major	sim72	Eso-AdenoCa
19	30821186	30821187	19	30869999	30870000	-	+	DUP	cna192	minor	sim72	Eso-AdenoCa
19	30870000	30870001	19	35410046	35410047	-	+	DUP	cna193	major	sim72	Eso-AdenoCa
19	30870000	30870001	19	35410046	35410047	-	+	DUP	cna193	minor	sim72	Eso-AdenoCa
19	35410047	35410048	19	38182023	38182024	-	+	DUP	cna194	major	sim72	Eso-AdenoCa
19	35410047	35410048	19	38182023	38182024	+	-	DEL	cna194	minor	sim72	Eso-AdenoCa
19	38182024	38182025	19	44826776	44826777	-	+	DUP	cna195	major	sim72	Eso-AdenoCa
19	44826777	44826778	19	47150528	47150529	-	+	DUP	cna196	major	sim72	Eso-AdenoCa
19	47150529	47150530	19	47518052	47518053	+	-	DEL	cna197	minor	sim72	Eso-AdenoCa
19	47518053	47518054	19	48617999	48618000	-	+	DUP	cna198	major	sim72	Eso-AdenoCa
19	47595478	47595479	19	47743046	47743047	+	+	h2hINV	cna198	minor	sim72	Eso-AdenoCa
19	48618000	48618001	19	52364659	52364660	-	+	DUP	cna199	major	sim72	Eso-AdenoCa
19	52364660	52364661	19	59128983	59128984	+	-	DEL	cna200	minor	sim72	Eso-AdenoCa
20	1	2	20	12447716	12447717	-	+	DUP	cna201	major	sim72	Eso-AdenoCa
20	12447717	12447718	20	14070554	14070555	-	+	DUP	cna202	major	sim72	Eso-AdenoCa
20	12447717	12447718	20	14070554	14070555	-	+	DUP	cna202	minor	sim72	Eso-AdenoCa
20	14070555	14070556	20	14081169	14081170	-	+	DUP	cna203	major	sim72	Eso-AdenoCa
20	14081170	14081171	20	14091798	14091799	-	+	DUP	cna204	major	sim72	Eso-AdenoCa
20	14081170	14081171	20	14091798	14091799	-	+	DUP	cna204	minor	sim72	Eso-AdenoCa
20	14091799	14091800	20	34144148	34144149	+	-	DEL	cna205	minor	sim72	Eso-AdenoCa
20	34144149	34144150	20	34165367	34165368	-	+	DUP	cna206	major	sim72	Eso-AdenoCa
20	34144149	34144150	20	34165367	34165368	-	+	DUP	cna206	minor	sim72	Eso-AdenoCa
20	34165368	34165369	20	47917859	47917860	-	+	DUP	cna207	major	sim72	Eso-AdenoCa
20	34165368	34165369	20	47917859	47917860	-	+	DUP	cna207	minor	sim72	Eso-AdenoCa
20	47917860	47917861	20	48699864	48699865	-	+	DUP	cna208	major	sim72	Eso-AdenoCa
20	47917860	47917861	20	48699864	48699865	-	+	DUP	cna208	minor	sim72	Eso-AdenoCa
20	48699865	48699866	20	61217942	61217943	-	+	DUP	cna209	major	sim72	Eso-AdenoCa
20	52412595	52412596	20	53138522	53138523	+	+	h2hINV	cna209	major	sim72	Eso-AdenoCa
20	61217943	61217944	20	61384605	61384606	-	+	DUP	cna210	major	sim72	Eso-AdenoCa
20	61384606	61384607	20	62373781	62373782	-	+	DUP	cna211	major	sim72	Eso-AdenoCa
20	62373782	62373783	20	62990370	62990371	+	-	DEL	cna212	minor	sim72	Eso-AdenoCa
20	62990371	62990372	20	63025520	63025521	-	+	DUP	cna213	major	sim72	Eso-AdenoCa
21	1	2	21	24008866	24008867	-	+	DUP	cna214	major	sim72	Eso-AdenoCa
21	16851175	16851176	21	17321821	17321822	+	+	h2hINV	cna214	minor	sim72	Eso-AdenoCa
21	24008867	24008868	21	24061706	24061707	+	-	DEL	cna215	minor	sim72	Eso-AdenoCa
21	24061707	24061708	21	27261019	27261020	-	+	DUP	cna216	major	sim72	Eso-AdenoCa
21	24061707	24061708	21	27261019	27261020	+	-	DEL	cna216	minor	sim72	Eso-AdenoCa
21	27261020	27261021	21	48129895	48129896	-	+	DUP	cna217	major	sim72	Eso-AdenoCa
22	1	2	22	51304566	51304567	-	+	DUP	cna218	major	sim72	Eso-AdenoCa
X	1	2	X	23410151	23410152	-	+	DUP	cna219	major	sim72	Eso-AdenoCa
X	23410152	23410153	X	27506551	27506552	+	-	DEL	cna220	minor	sim72	Eso-AdenoCa
X	27506552	27506553	X	27559474	27559475	-	+	DUP	cna221	major	sim72	Eso-AdenoCa
X	27559475	27559476	X	27628863	27628864	-	+	DUP	cna222	major	sim72	Eso-AdenoCa
X	27628864	27628865	X	27775631	27775632	+	-	DEL	cna223	minor	sim72	Eso-AdenoCa
X	27775632	27775633	X	27925042	27925043	-	+	DUP	cna224	major	sim72	Eso-AdenoCa
X	27925043	27925044	X	36691378	36691379	-	+	DUP	cna225	major	sim72	Eso-AdenoCa
X	27925043	27925044	X	36691378	36691379	+	-	DEL	cna225	minor	sim72	Eso-AdenoCa
X	36691379	36691380	X	61914725	61914726	-	+	DUP	cna226	major	sim72	Eso-AdenoCa
X	36691379	36691380	X	61914725	61914726	+	-	DEL	cna226	minor	sim72	Eso-AdenoCa
X	61914726	61914727	X	61996893	61996894	+	-	DEL	cna227	minor	sim72	Eso-AdenoCa
X	61996894	61996895	X	63328745	63328746	-	+	DUP	cna228	major	sim72	Eso-AdenoCa
X	63328746	63328747	X	63389088	63389089	-	+	DUP	cna229	major	sim72	Eso-AdenoCa
X	63328746	63328747	X	63389088	63389089	+	-	DEL	cna229	minor	sim72	Eso-AdenoCa
X	63389089	63389090	X	65683996	65683997	-	+	DUP	cna230	major	sim72	Eso-AdenoCa
X	65683997	65683998	X	65830671	65830672	-	+	DUP	cna231	major	sim72	Eso-AdenoCa
X	65683997	65683998	X	65830671	65830672	+	-	DEL	cna231	minor	sim72	Eso-AdenoCa
X	65830672	65830673	X	77270861	77270862	-	+	DUP	cna232	major	sim72	Eso-AdenoCa
X	77270862	77270863	X	86608495	86608496	-	+	DUP	cna233	major	sim72	Eso-AdenoCa
X	77270862	77270863	X	86608495	86608496	+	-	DEL	cna233	minor	sim72	Eso-AdenoCa
X	86608496	86608497	X	92288626	92288627	-	+	DUP	cna234	major	sim72	Eso-AdenoCa
X	92288627	92288628	X	155270560	155270561	+	-	DEL	cna235	minor	sim72	Eso-AdenoCa
Y	1	2	Y	1609119	1609120	-	+	DUP	cna236	major	sim72	Eso-AdenoCa
Y	1609120	1609121	Y	1610710	1610711	+	-	DEL	cna237	minor	sim72	Eso-AdenoCa
Y	1610711	1610712	Y	1900969	1900970	-	+	DUP	cna238	major	sim72	Eso-AdenoCa
Y	1900970	1900971	Y	1988206	1988207	-	+	DUP	cna239	major	sim72	Eso-AdenoCa
Y	1988207	1988208	Y	2094768	2094769	-	+	DUP	cna240	major	sim72	Eso-AdenoCa
Y	2094769	2094770	Y	2269092	2269093	-	+	DUP	cna241	major	sim72	Eso-AdenoCa
Y	2094769	2094770	Y	2269092	2269093	-	+	DUP	cna241	minor	sim72	Eso-AdenoCa
Y	2269093	2269094	Y	6424855	6424856	-	+	DUP	cna242	major	sim72	Eso-AdenoCa
Y	6424856	6424857	Y	6770539	6770540	-	+	DUP	cna243	major	sim72	Eso-AdenoCa
Y	6424856	6424857	Y	6770539	6770540	-	+	DUP	cna243	minor	sim72	Eso-AdenoCa
Y	6770540	6770541	Y	10425282	10425283	+	-	DEL	cna244	minor	sim72	Eso-AdenoCa
Y	10425283	10425284	Y	15614464	15614465	-	+	DUP	cna245	major	sim72	Eso-AdenoCa
Y	10425283	10425284	Y	15614464	15614465	+	-	DEL	cna245	minor	sim72	Eso-AdenoCa
Y	15614465	15614466	Y	15616050	15616051	-	+	DUP	cna246	major	sim72	Eso-AdenoCa
Y	15616051	15616052	Y	16068928	16068929	-	+	DUP	cna247	major	sim72	Eso-AdenoCa
Y	15616051	15616052	Y	16068928	16068929	+	-	DEL	cna247	minor	sim72	Eso-AdenoCa
Y	16068929	16068930	Y	16266174	16266175	-	+	DUP	cna248	major	sim72	Eso-AdenoCa
Y	16068929	16068930	Y	16266174	16266175	-	+	DUP	cna248	minor	sim72	Eso-AdenoCa
Y	16266175	16266176	Y	16279457	16279458	+	-	DEL	cna249	minor	sim72	Eso-AdenoCa
Y	16279458	16279459	Y	24869411	24869412	-	+	DUP	cna250	major	sim72	Eso-AdenoCa
Y	24869412	24869413	Y	47122490	47122491	-	+	DUP	cna251	major	sim72	Eso-AdenoCa
Y	24869412	24869413	Y	47122490	47122491	+	-	DEL	cna251	minor	sim72	Eso-AdenoCa
Y	47122491	47122492	Y	48637760	48637761	+	-	DEL	cna252	minor	sim72	Eso-AdenoCa
Y	48637761	48637762	Y	50712996	50712997	-	+	DUP	cna253	major	sim72	Eso-AdenoCa
Y	48637761	48637762	Y	50712996	50712997	+	-	DEL	cna253	minor	sim72	Eso-AdenoCa
Y	50712997	50712998	Y	50795155	50795156	+	-	DEL	cna254	major	sim72	Eso-AdenoCa
Y	50712997	50712998	Y	50795155	50795156	+	-	DEL	cna254	minor	sim72	Eso-AdenoCa
Y	50795156	50795157	Y	55629479	55629480	-	+	DUP	cna255	major	sim72	Eso-AdenoCa
Y	50795156	50795157	Y	55629479	55629480	+	-	DEL	cna255	minor	sim72	Eso-AdenoCa
Y	55629480	55629481	Y	56516978	56516979	-	+	DUP	cna256	major	sim72	Eso-AdenoCa
Y	56516979	56516980	Y	56874752	56874753	-	+	DUP	cna257	major	sim72	Eso-AdenoCa
Y	56516979	56516980	Y	56874752	56874753	+	-	DEL	cna257	minor	sim72	Eso-AdenoCa
Y	56874753	56874754	Y	57174457	57174458	-	+	DUP	cna258	major	sim72	Eso-AdenoCa
Y	57174458	57174459	Y	57218558	57218559	-	+	DUP	cna259	major	sim72	Eso-AdenoCa
Y	57174458	57174459	Y	57218558	57218559	+	-	DEL	cna259	minor	sim72	Eso-AdenoCa
Y	57218559	57218560	Y	59373566	59373567	-	+	DUP	cna260	major	sim72	Eso-AdenoCa
