chrom1	start1	end1	chrom2	start2	end2	strand1	strand2	svclass	id	allele	donor_id	tumor
1	1	2	1	18598378	18598379	-	+	DUP	cna0	major	sim57	Eso-AdenoCa
1	1	2	1	18598378	18598379	+	-	DEL	cna0	minor	sim57	Eso-AdenoCa
1	49344500	49344501	1	49354508	49354509	-	-	t2tINV	cna1	major	sim57	Eso-AdenoCa
1	54473978	93711464	4	6057511	7080077	-	+	TRA	cna31,cna1	major,major	sim57	Eso-AdenoCa
1	71017482	93711464	13	97770999	109695812	-	-	TRA	cna106,cna1	minor,minor	sim57	Eso-AdenoCa
1	93711465	93711466	1	93991963	93991964	+	-	DEL	cna2	minor	sim57	Eso-AdenoCa
1	93991964	93991965	1	117967573	117967574	-	+	DUP	cna3	major	sim57	Eso-AdenoCa
1	102853800	117967573	5	16860736	37275390	-	-	TRA	cna3,cna41	minor,major	sim57	Eso-AdenoCa
1	108231200	108231201	1	108313270	108313271	-	-	t2tINV	cna3	minor	sim57	Eso-AdenoCa
1	147362881	147362882	1	147637497	147637498	+	-	DEL	cna5	minor	sim57	Eso-AdenoCa
1	192191173	192191174	1	206319996	206319997	-	+	DUP	cna7	major	sim57	Eso-AdenoCa
1	206319997	206319998	1	209790385	209790386	+	-	DEL	cna8	minor	sim57	Eso-AdenoCa
1	209790386	209790387	1	211803728	211803729	-	+	DUP	cna9	major	sim57	Eso-AdenoCa
1	209790386	209790387	1	211803728	211803729	-	+	DUP	cna9	minor	sim57	Eso-AdenoCa
1	211803729	211803730	1	211869829	211869830	+	-	DEL	cna10	major	sim57	Eso-AdenoCa
1	211803729	211803730	1	211869829	211869830	+	-	DEL	cna10	minor	sim57	Eso-AdenoCa
1	211869830	211869831	1	248657044	248657045	-	+	DUP	cna11	major	sim57	Eso-AdenoCa
1	211869830	211869831	1	248657044	248657045	+	-	DEL	cna11	minor	sim57	Eso-AdenoCa
1	211869830	221245600	16	1	12767090	+	+	TRA	cna117,cna11	minor,minor	sim57	Eso-AdenoCa
1	243991576	248657044	16	70602487	71670390	-	+	TRA	cna120,cna11	minor,major	sim57	Eso-AdenoCa
1	249006457	249006458	1	249250621	249250622	-	+	DUP	cna13	major	sim57	Eso-AdenoCa
1	249006457	249006458	1	249250621	249250622	+	-	DEL	cna13	minor	sim57	Eso-AdenoCa
2	1	102005016	X	65393558	67108015	+	+	TRA	cna140,cna14	major,major	sim57	Eso-AdenoCa
2	107932379	143565766	5	142228974	154588555	-	+	TRA	cna14,cna49	minor,major	sim57	Eso-AdenoCa
2	143565767	143565768	2	243199373	243199374	-	+	DUP	cna15	major	sim57	Eso-AdenoCa
2	143565767	143565768	2	243199373	243199374	+	-	DEL	cna15	minor	sim57	Eso-AdenoCa
2	143565767	175871665	9	135802488	141213431	+	-	TRA	cna86,cna15	major,major	sim57	Eso-AdenoCa
2	183843079	243199373	17	4590419	20246462	-	+	TRA	cna15,cna125	minor,minor	sim57	Eso-AdenoCa
2	208517079	243199373	18	1	5939944	-	+	TRA	cna15,cna126	major,major	sim57	Eso-AdenoCa
2	236785379	236785380	2	236795385	236795386	-	-	t2tINV	cna15	major	sim57	Eso-AdenoCa
3	7459790	7459791	3	7474408	7474409	-	+	DUP	cna17	major	sim57	Eso-AdenoCa
3	7459790	7459791	3	7474408	7474409	+	-	DEL	cna17	minor	sim57	Eso-AdenoCa
3	7474409	7474410	3	9152072	9152073	-	+	DUP	cna18	major	sim57	Eso-AdenoCa
3	7474409	7474410	3	9152072	9152073	-	+	DUP	cna18	minor	sim57	Eso-AdenoCa
3	9152073	9152074	3	9466395	9466396	-	+	DUP	cna19	major	sim57	Eso-AdenoCa
3	9152073	9152074	3	9466395	9466396	-	+	DUP	cna19	minor	sim57	Eso-AdenoCa
3	9466396	9466397	3	32271023	32271024	+	-	DEL	cna20	minor	sim57	Eso-AdenoCa
3	32271024	32271025	3	40305302	40305303	-	+	DUP	cna21	major	sim57	Eso-AdenoCa
3	32271024	32271025	3	40305302	40305303	+	-	DEL	cna21	minor	sim57	Eso-AdenoCa
3	37543006	40305302	8	80696821	99491644	-	-	TRA	cna21,cna71	minor,minor	sim57	Eso-AdenoCa
3	40305303	40305304	3	55141889	55141890	-	+	DUP	cna22	major	sim57	Eso-AdenoCa
3	44893466	55141889	X	65393558	69404915	-	+	TRA	cna140,cna22	major,minor	sim57	Eso-AdenoCa
3	49095906	49095907	3	49105915	49105916	-	-	t2tINV	cna22	minor	sim57	Eso-AdenoCa
3	108631306	114938309	10	1361043	87556465	-	-	TRA	cna23,cna87	major,minor	sim57	Eso-AdenoCa
3	114938310	114938311	3	118986700	118986701	-	+	DUP	cna24	major	sim57	Eso-AdenoCa
3	118986701	118986702	3	119170636	119170637	-	+	DUP	cna25	major	sim57	Eso-AdenoCa
3	118986701	118986702	3	119170636	119170637	+	-	DEL	cna25	minor	sim57	Eso-AdenoCa
3	119170637	119170638	3	127470696	127470697	+	-	DEL	cna26	minor	sim57	Eso-AdenoCa
3	127470697	127470698	3	127919535	127919536	-	+	DUP	cna27	major	sim57	Eso-AdenoCa
3	130835960	130835961	3	198022430	198022431	-	+	DUP	cna29	major	sim57	Eso-AdenoCa
3	130835960	130835961	3	198022430	198022431	-	+	DUP	cna29	minor	sim57	Eso-AdenoCa
3	132787506	198022430	6	150970638	171115067	-	-	TRA	cna29,cna57	major,major	sim57	Eso-AdenoCa
3	167523006	167523007	3	167964411	167964412	-	-	t2tINV	cna29	minor	sim57	Eso-AdenoCa
3	168577606	168577607	3	171543006	171543007	-	-	t2tINV	cna29	minor	sim57	Eso-AdenoCa
4	1	2	4	6057510	6057511	-	+	DUP	cna30	major	sim57	Eso-AdenoCa
4	2916376	2916377	4	25187426	25187427	+	+	h2hINV	cna30	major	sim57	Eso-AdenoCa
4	17567676	17567677	4	23706661	23706662	-	-	t2tINV	cna31	minor	sim57	Eso-AdenoCa
4	46283476	46283477	4	46313658	46313659	-	-	t2tINV	cna31	minor	sim57	Eso-AdenoCa
4	53176605	53176606	4	53597208	53597209	+	-	DEL	cna32	minor	sim57	Eso-AdenoCa
4	53597209	53597210	4	79797533	79797534	-	+	DUP	cna33	major	sim57	Eso-AdenoCa
4	53597209	53597210	4	79797533	79797534	+	-	DEL	cna33	minor	sim57	Eso-AdenoCa
4	57471476	57471477	4	57856519	57856520	+	+	h2hINV	cna33	major	sim57	Eso-AdenoCa
4	79797534	79797535	4	185627170	185627171	-	+	DUP	cna34	major	sim57	Eso-AdenoCa
4	79797534	79797535	4	185627170	185627171	-	+	DUP	cna34	minor	sim57	Eso-AdenoCa
4	99174476	99174477	4	99462848	99462849	-	-	t2tINV	cna34	minor	sim57	Eso-AdenoCa
4	129301576	129301577	4	129311579	129311580	+	+	h2hINV	cna34	minor	sim57	Eso-AdenoCa
4	185627171	185627172	4	188624822	188624823	-	+	DUP	cna35	major	sim57	Eso-AdenoCa
4	185627171	185627172	4	188624822	188624823	+	-	DEL	cna35	minor	sim57	Eso-AdenoCa
4	188624823	188624824	4	191154276	191154277	-	+	DUP	cna36	major	sim57	Eso-AdenoCa
4	188624823	188624824	4	191154276	191154277	-	+	DUP	cna36	minor	sim57	Eso-AdenoCa
5	910392	910393	5	5232587	5232588	-	+	DUP	cna38	major	sim57	Eso-AdenoCa
5	910392	910393	5	5232587	5232588	+	-	DEL	cna38	minor	sim57	Eso-AdenoCa
5	5408427	5408428	5	5523883	5523884	+	-	DEL	cna40	major	sim57	Eso-AdenoCa
5	5408427	5408428	5	5523883	5523884	+	-	DEL	cna40	minor	sim57	Eso-AdenoCa
5	5523884	5523885	5	37275390	37275391	-	+	DUP	cna41	major	sim57	Eso-AdenoCa
5	5523884	5523885	5	37275390	37275391	+	-	DEL	cna41	minor	sim57	Eso-AdenoCa
5	20674900	20674901	5	20730322	20730323	-	-	t2tINV	cna41	major	sim57	Eso-AdenoCa
5	31467500	31467501	5	31498421	31498422	-	-	t2tINV	cna41	major	sim57	Eso-AdenoCa
5	37275391	37275392	5	71403175	71403176	+	-	DEL	cna42	minor	sim57	Eso-AdenoCa
5	44594300	44594301	5	125994965	125994966	-	-	t2tINV	cna46	major	sim57	Eso-AdenoCa
5	71143940	71403175	18	33337226	78077248	-	-	TRA	cna126,cna42	minor,major	sim57	Eso-AdenoCa
5	71403176	71403177	5	71462108	71462109	-	+	DUP	cna43	major	sim57	Eso-AdenoCa
5	71403176	71403177	5	71462108	71462109	+	-	DEL	cna43	minor	sim57	Eso-AdenoCa
5	89888203	89888204	5	112321594	112321595	-	+	DUP	cna45	major	sim57	Eso-AdenoCa
5	89888203	89888204	5	112321594	112321595	+	-	DEL	cna45	minor	sim57	Eso-AdenoCa
5	119717200	140300273	X	12174314	65303419	-	-	TRA	cna137,cna46	minor,minor	sim57	Eso-AdenoCa
5	140095600	140095601	5	140463959	140463960	+	+	h2hINV	cna46	major	sim57	Eso-AdenoCa
5	140300274	140300275	5	142130198	142130199	-	+	DUP	cna47	major	sim57	Eso-AdenoCa
5	142228974	142228975	5	155170091	155170092	-	+	DUP	cna49	major	sim57	Eso-AdenoCa
5	155170092	155170093	5	155411500	155411501	-	+	DUP	cna50	major	sim57	Eso-AdenoCa
5	155170092	155170093	5	155411500	155411501	-	+	DUP	cna50	minor	sim57	Eso-AdenoCa
5	155411501	155411502	5	155472063	155472064	-	+	DUP	cna51	major	sim57	Eso-AdenoCa
5	155411501	155411502	5	155472063	155472064	+	-	DEL	cna51	minor	sim57	Eso-AdenoCa
5	155485628	155485629	5	155547484	155547485	-	+	DUP	cna53	major	sim57	Eso-AdenoCa
5	155547485	155547486	5	155737263	155737264	-	+	DUP	cna54	major	sim57	Eso-AdenoCa
5	155547485	155547486	5	155737263	155737264	+	-	DEL	cna54	minor	sim57	Eso-AdenoCa
5	155737264	155737265	5	155765223	155765224	+	-	DEL	cna55	minor	sim57	Eso-AdenoCa
6	39165840	39165841	6	39196132	39196133	-	-	t2tINV	cna57	major	sim57	Eso-AdenoCa
6	39449640	39449641	6	53032067	53032068	-	-	t2tINV	cna57	minor	sim57	Eso-AdenoCa
6	118749440	118749441	6	118759546	118759547	-	-	t2tINV	cna57	minor	sim57	Eso-AdenoCa
6	127676940	171115067	19	40392226	59128983	-	-	TRA	cna57,cna129	major,major	sim57	Eso-AdenoCa
7	16546673	63748745	13	56664021	60692968	-	+	TRA	cna58,cna102	major,major	sim57	Eso-AdenoCa
7	36138173	63748745	8	1	6096475	-	+	TRA	cna58,cna66	minor,minor	sim57	Eso-AdenoCa
7	63748746	63748747	7	63798068	63798069	-	+	DUP	cna59	major	sim57	Eso-AdenoCa
7	63748746	63748747	7	63798068	63798069	-	+	DUP	cna59	minor	sim57	Eso-AdenoCa
7	72727259	72727260	7	75167199	75167200	-	+	DUP	cna61	major	sim57	Eso-AdenoCa
7	75167200	75167201	7	76379620	76379621	-	+	DUP	cna62	major	sim57	Eso-AdenoCa
7	142192112	142192113	7	142933988	142933989	-	+	DUP	cna64	major	sim57	Eso-AdenoCa
7	142933989	142933990	7	159138663	159138664	-	+	DUP	cna65	major	sim57	Eso-AdenoCa
7	142933989	142933990	7	159138663	159138664	+	-	DEL	cna65	minor	sim57	Eso-AdenoCa
7	142933989	153457674	11	77091242	85087693	+	+	TRA	cna65,cna92	minor,major	sim57	Eso-AdenoCa
7	147162873	159138663	X	1	6328411	-	+	TRA	cna65,cna137	major,major	sim57	Eso-AdenoCa
8	12421310	12421311	8	12431314	12431315	+	+	h2hINV	cna66	major	sim57	Eso-AdenoCa
8	26175710	26175711	8	27332847	27332848	-	-	t2tINV	cna66	major	sim57	Eso-AdenoCa
8	28942110	28942111	8	29715269	29715270	+	+	h2hINV	cna66	minor	sim57	Eso-AdenoCa
8	33088603	33088604	8	33157543	33157544	-	+	DUP	cna67	major	sim57	Eso-AdenoCa
8	33157544	33157545	8	45775394	45775395	+	-	DEL	cna68	minor	sim57	Eso-AdenoCa
8	45775395	45775396	8	48588394	48588395	-	+	DUP	cna69	major	sim57	Eso-AdenoCa
8	61199510	61199511	8	98050784	98050785	+	+	h2hINV	cna70	minor	sim57	Eso-AdenoCa
8	80226752	80226753	8	99491644	99491645	-	+	DUP	cna71	major	sim57	Eso-AdenoCa
8	80226752	80226753	8	99491644	99491645	-	+	DUP	cna71	minor	sim57	Eso-AdenoCa
8	99491645	99491646	8	114445054	114445055	-	+	DUP	cna72	major	sim57	Eso-AdenoCa
8	101816210	101816211	8	108122306	108122307	+	+	h2hINV	cna72	minor	sim57	Eso-AdenoCa
8	113943310	114445054	11	123314344	135006516	-	-	TRA	cna72,cna92	minor,major	sim57	Eso-AdenoCa
8	141452810	146364022	16	52325277	70553236	-	-	TRA	cna73,cna118	minor,major	sim57	Eso-AdenoCa
9	1	34773789	17	4590419	53724544	+	+	TRA	cna74,cna125	major,minor	sim57	Eso-AdenoCa
9	1	29665989	19	23469744	27196803	+	+	TRA	cna74,cna129	minor,major	sim57	Eso-AdenoCa
9	22058888	22058889	9	22974658	22974659	+	+	h2hINV	cna74	minor	sim57	Eso-AdenoCa
9	67477112	67477113	9	69270966	69270967	-	+	DUP	cna75	major	sim57	Eso-AdenoCa
9	69270967	69270968	9	69320120	69320121	+	-	DEL	cna76	minor	sim57	Eso-AdenoCa
9	79351012	79351013	9	89502049	89502050	+	-	DEL	cna78	minor	sim57	Eso-AdenoCa
9	89502050	89502051	9	89803655	89803656	-	+	DUP	cna79	major	sim57	Eso-AdenoCa
9	89502050	89502051	9	89803655	89803656	-	+	DUP	cna79	minor	sim57	Eso-AdenoCa
9	95844217	95844218	9	95865782	95865783	-	+	DUP	cna81	major	sim57	Eso-AdenoCa
9	95865783	95865784	9	101773685	101773686	-	+	DUP	cna82	major	sim57	Eso-AdenoCa
9	101773686	101773687	9	115020222	115020223	-	+	DUP	cna83	major	sim57	Eso-AdenoCa
9	101773686	101773687	9	115020222	115020223	+	-	DEL	cna83	minor	sim57	Eso-AdenoCa
9	115020223	115020224	9	115031044	115031045	-	+	DUP	cna84	major	sim57	Eso-AdenoCa
9	115020223	115020224	9	115031044	115031045	-	+	DUP	cna84	minor	sim57	Eso-AdenoCa
9	115031045	115031046	9	132732375	132732376	-	+	DUP	cna85	major	sim57	Eso-AdenoCa
9	115031045	115031046	9	132732375	132732376	-	+	DUP	cna85	minor	sim57	Eso-AdenoCa
9	124872288	132732375	13	112661285	115169878	-	-	TRA	cna85,cna108	minor,minor	sim57	Eso-AdenoCa
10	1	2	10	87556465	87556466	-	+	DUP	cna87	major	sim57	Eso-AdenoCa
10	1	2	10	87556465	87556466	-	+	DUP	cna87	minor	sim57	Eso-AdenoCa
11	1	16742911	21	1	43531789	+	+	TRA	cna89,cna133	minor,minor	sim57	Eso-AdenoCa
11	940710	940711	11	950754	950755	-	-	t2tINV	cna89	minor	sim57	Eso-AdenoCa
11	26847110	76812433	12	129252798	133851895	-	-	TRA	cna89,cna93	major,major	sim57	Eso-AdenoCa
11	76812434	76812435	11	77029801	77029802	+	-	DEL	cna90	minor	sim57	Eso-AdenoCa
11	77029802	77029803	11	77091241	77091242	-	+	DUP	cna91	major	sim57	Eso-AdenoCa
11	101262110	101262111	11	101592857	101592858	-	-	t2tINV	cna92	minor	sim57	Eso-AdenoCa
11	118812110	118812111	11	118822122	118822123	-	-	t2tINV	cna92	major	sim57	Eso-AdenoCa
11	123084310	123084311	11	123474323	123474324	-	-	t2tINV	cna92	minor	sim57	Eso-AdenoCa
12	8941694	8941695	12	23086877	23086878	+	+	h2hINV	cna93	minor	sim57	Eso-AdenoCa
12	44112494	44112495	12	96942412	96942413	+	+	h2hINV	cna93	minor	sim57	Eso-AdenoCa
13	9872317	9872318	13	10058871	10058872	+	-	DEL	cna95	minor	sim57	Eso-AdenoCa
13	10058872	10058873	13	10422448	10422449	-	+	DUP	cna96	major	sim57	Eso-AdenoCa
13	10058872	10058873	13	10422448	10422449	+	-	DEL	cna96	minor	sim57	Eso-AdenoCa
13	10422449	10422450	13	14458973	14458974	-	+	DUP	cna97	major	sim57	Eso-AdenoCa
13	10422449	10422450	13	14458973	14458974	-	+	DUP	cna97	minor	sim57	Eso-AdenoCa
13	14458974	14458975	13	17615736	17615737	-	+	DUP	cna98	major	sim57	Eso-AdenoCa
13	14458974	14458975	13	17615736	17615737	+	-	DEL	cna98	minor	sim57	Eso-AdenoCa
13	31547932	31547933	13	47553523	47553524	-	+	DUP	cna100	major	sim57	Eso-AdenoCa
13	31547932	31547933	13	47553523	47553524	+	-	DEL	cna100	minor	sim57	Eso-AdenoCa
13	47553524	47553525	13	56664020	56664021	+	-	DEL	cna101	major	sim57	Eso-AdenoCa
13	47553524	47553525	13	56664020	56664021	+	-	DEL	cna101	minor	sim57	Eso-AdenoCa
13	56664021	56664022	13	68162641	68162642	-	+	DUP	cna102	major	sim57	Eso-AdenoCa
13	56664021	56664022	13	68162641	68162642	-	+	DUP	cna102	minor	sim57	Eso-AdenoCa
13	68162642	68162643	13	85160338	85160339	-	+	DUP	cna103	major	sim57	Eso-AdenoCa
13	68162642	68162643	13	85160338	85160339	-	+	DUP	cna103	minor	sim57	Eso-AdenoCa
13	82698199	82698200	13	93634905	93634906	+	+	h2hINV	cna103	major	sim57	Eso-AdenoCa
13	85160339	85160340	13	91596971	91596972	+	-	DEL	cna104	minor	sim57	Eso-AdenoCa
13	91596972	91596973	13	95034909	95034910	-	+	DUP	cna105	major	sim57	Eso-AdenoCa
13	91596972	91596973	13	95034909	95034910	-	+	DUP	cna105	minor	sim57	Eso-AdenoCa
13	109695813	109695814	13	112524868	112524869	+	-	DEL	cna107	major	sim57	Eso-AdenoCa
13	109695813	109695814	13	112524868	112524869	+	-	DEL	cna107	minor	sim57	Eso-AdenoCa
14	1	2	14	107349540	107349541	-	+	DUP	cna109	major	sim57	Eso-AdenoCa
14	83693721	107349540	21	23977675	48129895	-	-	TRA	cna109,cna133	minor,minor	sim57	Eso-AdenoCa
14	100499321	107349540	18	1	21481457	-	+	TRA	cna109,cna126	minor,minor	sim57	Eso-AdenoCa
15	50878493	50878494	15	99782207	99782208	-	+	DUP	cna111	major	sim57	Eso-AdenoCa
15	50878493	50878494	15	99782207	99782208	+	-	DEL	cna111	minor	sim57	Eso-AdenoCa
15	97381581	97381582	15	100240334	100240335	-	-	t2tINV	cna112	minor	sim57	Eso-AdenoCa
15	99782208	99782209	15	101743967	101743968	-	+	DUP	cna112	major	sim57	Eso-AdenoCa
15	101815208	101815209	15	101956171	101956172	-	+	DUP	cna114	major	sim57	Eso-AdenoCa
15	101815208	101815209	15	101956171	101956172	+	-	DEL	cna114	minor	sim57	Eso-AdenoCa
15	101956172	101956173	15	102516114	102516115	-	+	DUP	cna115	major	sim57	Eso-AdenoCa
15	102516115	102516116	15	102531392	102531393	-	+	DUP	cna116	major	sim57	Eso-AdenoCa
15	102516115	102516116	15	102531392	102531393	+	-	DEL	cna116	minor	sim57	Eso-AdenoCa
16	1	2	16	37256774	37256775	-	+	DUP	cna117	major	sim57	Eso-AdenoCa
16	37256775	37256776	16	70553236	70553237	+	-	DEL	cna118	minor	sim57	Eso-AdenoCa
16	70553237	70553238	16	70602486	70602487	-	+	DUP	cna119	major	sim57	Eso-AdenoCa
16	78559925	78559926	16	84166027	84166028	-	+	DUP	cna121	major	sim57	Eso-AdenoCa
16	84166028	84166029	16	88033269	88033270	-	+	DUP	cna122	major	sim57	Eso-AdenoCa
16	88033270	88033271	16	90354753	90354754	+	-	DEL	cna123	minor	sim57	Eso-AdenoCa
17	1	2	17	4590418	4590419	-	+	DUP	cna124	major	sim57	Eso-AdenoCa
17	1	2	17	4590418	4590419	+	-	DEL	cna124	minor	sim57	Eso-AdenoCa
17	7176736	7176737	17	24698711	24698712	-	-	t2tINV	cna125	minor	sim57	Eso-AdenoCa
18	33443726	33443727	18	35387642	35387643	+	+	h2hINV	cna126	major	sim57	Eso-AdenoCa
18	43214926	43214927	18	44482103	44482104	-	-	t2tINV	cna126	minor	sim57	Eso-AdenoCa
18	60921626	60921627	18	67210114	67210115	+	+	h2hINV	cna126	major	sim57	Eso-AdenoCa
19	16365440	16365441	19	23469743	23469744	-	+	DUP	cna128	major	sim57	Eso-AdenoCa
19	16365440	16365441	19	23469743	23469744	-	+	DUP	cna128	minor	sim57	Eso-AdenoCa
19	16666078	16666079	19	16909754	16909755	+	+	h2hINV	cna128	major	sim57	Eso-AdenoCa
19	23469744	23469745	19	59128983	59128984	-	+	DUP	cna129	major	sim57	Eso-AdenoCa
19	23469744	23469745	19	59128983	59128984	+	-	DEL	cna129	minor	sim57	Eso-AdenoCa
19	43506378	43506379	19	43526444	43526445	+	+	h2hINV	cna129	major	sim57	Eso-AdenoCa
20	8143620	8143621	20	12523628	12523629	-	+	DUP	cna131	major	sim57	Eso-AdenoCa
20	8143620	8143621	20	12523628	12523629	-	+	DUP	cna131	minor	sim57	Eso-AdenoCa
21	16831075	16831076	21	16841085	16841086	-	-	t2tINV	cna133	major	sim57	Eso-AdenoCa
21	42212975	42212976	21	42222978	42222979	+	+	h2hINV	cna133	minor	sim57	Eso-AdenoCa
22	4218524	4218525	22	4614891	4614892	+	-	DEL	cna135	minor	sim57	Eso-AdenoCa
X	4618614	4618615	X	6945058	6945059	+	+	h2hINV	cna137	major	sim57	Eso-AdenoCa
X	65303420	65303421	X	65350542	65350543	-	+	DUP	cna138	major	sim57	Eso-AdenoCa
X	65393558	65393559	X	155270560	155270561	-	+	DUP	cna140	major	sim57	Eso-AdenoCa
