chrom	start	end	major_cn	minor_cn	donor_id	study	id
1	1	58144	0	0	sim44	Eso-AdenoCa	cna0
1	58145	233381	2	1	sim44	Eso-AdenoCa	cna1
1	233382	134934176	1	1	sim44	Eso-AdenoCa	cna2
1	134934177	135830274	4	0	sim44	Eso-AdenoCa	cna3
1	135830275	153478755	2	0	sim44	Eso-AdenoCa	cna4
1	153478756	240056656	2	2	sim44	Eso-AdenoCa	cna5
1	240056657	249250621	2	0	sim44	Eso-AdenoCa	cna6
2	1	126580126	1	0	sim44	Eso-AdenoCa	cna7
2	126580127	128839018	2	2	sim44	Eso-AdenoCa	cna8
2	128839019	130119387	3	0	sim44	Eso-AdenoCa	cna9
2	130119388	137229469	1	0	sim44	Eso-AdenoCa	cna10
2	137229470	137516906	2	1	sim44	Eso-AdenoCa	cna11
2	137516907	137531567	4	3	sim44	Eso-AdenoCa	cna12
2	137531568	138188714	2	1	sim44	Eso-AdenoCa	cna13
2	138188715	243199373	3	2	sim44	Eso-AdenoCa	cna14
3	1	505664	2	1	sim44	Eso-AdenoCa	cna15
3	505665	527793	2	3	sim44	Eso-AdenoCa	cna16
3	527794	69355148	1	0	sim44	Eso-AdenoCa	cna17
3	69355149	70865812	4	2	sim44	Eso-AdenoCa	cna18
3	70865813	118170028	4	0	sim44	Eso-AdenoCa	cna19
3	118170029	118774835	2	1	sim44	Eso-AdenoCa	cna20
3	118774836	197479422	1	1	sim44	Eso-AdenoCa	cna21
3	197479423	198022430	1	0	sim44	Eso-AdenoCa	cna22
4	1	30417287	1	0	sim44	Eso-AdenoCa	cna23
4	30417288	42759451	2	0	sim44	Eso-AdenoCa	cna24
4	42759452	58355564	1	0	sim44	Eso-AdenoCa	cna25
4	58355565	60026765	2	1	sim44	Eso-AdenoCa	cna26
4	60026766	67197221	3	0	sim44	Eso-AdenoCa	cna27
4	67197222	67366322	0	2	sim44	Eso-AdenoCa	cna28
4	67366323	68069431	4	1	sim44	Eso-AdenoCa	cna29
4	68069432	165071363	3	0	sim44	Eso-AdenoCa	cna30
4	165071364	165863634	1	0	sim44	Eso-AdenoCa	cna31
4	165863635	184082016	4	1	sim44	Eso-AdenoCa	cna32
4	184082017	191064102	1	1	sim44	Eso-AdenoCa	cna33
4	191064103	191154276	3	2	sim44	Eso-AdenoCa	cna34
5	1	57641662	3	0	sim44	Eso-AdenoCa	cna35
5	57641663	166923757	2	1	sim44	Eso-AdenoCa	cna36
5	166923758	180915260	1	1	sim44	Eso-AdenoCa	cna37
6	1	14689283	3	2	sim44	Eso-AdenoCa	cna38
6	14689284	15371711	0	0	sim44	Eso-AdenoCa	cna39
6	15371712	16721785	2	1	sim44	Eso-AdenoCa	cna40
6	16721786	16923368	0	0	sim44	Eso-AdenoCa	cna41
6	16923369	21343698	2	0	sim44	Eso-AdenoCa	cna42
6	21343699	23020913	3	1	sim44	Eso-AdenoCa	cna43
6	23020914	44521273	2	1	sim44	Eso-AdenoCa	cna44
6	44521274	45270867	1	0	sim44	Eso-AdenoCa	cna45
6	45270868	170533622	2	2	sim44	Eso-AdenoCa	cna46
6	170533623	171115067	2	1	sim44	Eso-AdenoCa	cna47
7	1	45242156	2	0	sim44	Eso-AdenoCa	cna48
7	45242157	47020263	1	1	sim44	Eso-AdenoCa	cna49
7	47020264	48759783	2	2	sim44	Eso-AdenoCa	cna50
7	48759784	49810708	2	1	sim44	Eso-AdenoCa	cna51
7	49810709	116604734	3	1	sim44	Eso-AdenoCa	cna52
7	116604735	117001529	2	2	sim44	Eso-AdenoCa	cna53
7	117001530	157924603	1	0	sim44	Eso-AdenoCa	cna54
7	157924604	158447213	2	1	sim44	Eso-AdenoCa	cna55
7	158447214	158479757	0	0	sim44	Eso-AdenoCa	cna56
7	158479758	158573307	4	2	sim44	Eso-AdenoCa	cna57
7	158573308	159138663	2	1	sim44	Eso-AdenoCa	cna58
8	1	146364022	2	1	sim44	Eso-AdenoCa	cna59
9	1	6674997	4	2	sim44	Eso-AdenoCa	cna60
9	6674998	15061508	2	0	sim44	Eso-AdenoCa	cna61
9	15061509	15154198	2	2	sim44	Eso-AdenoCa	cna62
9	15154199	25743801	2	1	sim44	Eso-AdenoCa	cna63
9	25743802	40764543	1	0	sim44	Eso-AdenoCa	cna64
9	40764544	102768434	3	3	sim44	Eso-AdenoCa	cna65
9	102768435	129734015	2	1	sim44	Eso-AdenoCa	cna66
9	129734016	129758970	1	3	sim44	Eso-AdenoCa	cna67
9	129758971	130695806	2	2	sim44	Eso-AdenoCa	cna68
9	130695807	130811408	4	1	sim44	Eso-AdenoCa	cna69
9	130811409	141213431	1	0	sim44	Eso-AdenoCa	cna70
10	1	135534747	2	0	sim44	Eso-AdenoCa	cna71
11	1	75853031	2	2	sim44	Eso-AdenoCa	cna72
11	75853032	75928698	2	0	sim44	Eso-AdenoCa	cna73
11	75928699	79067721	1	0	sim44	Eso-AdenoCa	cna74
11	79067722	83378104	2	0	sim44	Eso-AdenoCa	cna75
11	83378105	90839619	1	0	sim44	Eso-AdenoCa	cna76
11	90839620	92658759	2	1	sim44	Eso-AdenoCa	cna77
11	92658760	105036000	3	0	sim44	Eso-AdenoCa	cna78
11	105036001	106288038	1	0	sim44	Eso-AdenoCa	cna79
11	106288039	129633182	4	2	sim44	Eso-AdenoCa	cna80
11	129633183	129674152	4	0	sim44	Eso-AdenoCa	cna81
11	129674153	129715097	2	0	sim44	Eso-AdenoCa	cna82
11	129715098	130172057	4	2	sim44	Eso-AdenoCa	cna83
11	130172058	133753629	0	0	sim44	Eso-AdenoCa	cna84
11	133753630	134965145	4	2	sim44	Eso-AdenoCa	cna85
11	134965146	135006516	2	1	sim44	Eso-AdenoCa	cna86
12	1	15318061	2	1	sim44	Eso-AdenoCa	cna87
12	15318062	19263777	1	0	sim44	Eso-AdenoCa	cna88
12	19263778	19484669	1	1	sim44	Eso-AdenoCa	cna89
12	19484670	19543207	1	0	sim44	Eso-AdenoCa	cna90
12	19543208	68513680	2	0	sim44	Eso-AdenoCa	cna91
12	68513681	68757362	4	1	sim44	Eso-AdenoCa	cna92
12	68757363	105853226	2	2	sim44	Eso-AdenoCa	cna93
12	105853227	133851895	1	0	sim44	Eso-AdenoCa	cna94
13	1	22472338	2	0	sim44	Eso-AdenoCa	cna95
13	22472339	40389600	3	0	sim44	Eso-AdenoCa	cna96
13	40389601	94113964	2	1	sim44	Eso-AdenoCa	cna97
13	94113965	95008912	2	2	sim44	Eso-AdenoCa	cna98
13	95008913	114293570	2	0	sim44	Eso-AdenoCa	cna99
13	114293571	114317779	3	1	sim44	Eso-AdenoCa	cna100
13	114317780	114474002	0	0	sim44	Eso-AdenoCa	cna101
13	114474003	115169878	2	0	sim44	Eso-AdenoCa	cna102
14	1	34652421	3	1	sim44	Eso-AdenoCa	cna103
14	34652422	107349540	2	2	sim44	Eso-AdenoCa	cna104
15	1	25941560	1	1	sim44	Eso-AdenoCa	cna105
15	25941561	26448583	3	0	sim44	Eso-AdenoCa	cna106
15	26448584	94291951	1	0	sim44	Eso-AdenoCa	cna107
15	94291952	94314766	4	2	sim44	Eso-AdenoCa	cna108
15	94314767	94567830	5	2	sim44	Eso-AdenoCa	cna109
15	94567831	94819786	2	1	sim44	Eso-AdenoCa	cna110
15	94819787	95016899	6	2	sim44	Eso-AdenoCa	cna111
15	95016900	96306734	1	0	sim44	Eso-AdenoCa	cna112
15	96306735	96513971	2	1	sim44	Eso-AdenoCa	cna113
15	96513972	102531392	3	1	sim44	Eso-AdenoCa	cna114
16	1	62172101	1	0	sim44	Eso-AdenoCa	cna115
16	62172102	90354753	3	0	sim44	Eso-AdenoCa	cna116
17	1	81195210	1	1	sim44	Eso-AdenoCa	cna117
18	1	1106157	1	1	sim44	Eso-AdenoCa	cna118
18	1106158	1706478	2	0	sim44	Eso-AdenoCa	cna119
18	1706479	2133421	3	2	sim44	Eso-AdenoCa	cna120
18	2133422	57307448	1	0	sim44	Eso-AdenoCa	cna121
18	57307449	57363389	2	0	sim44	Eso-AdenoCa	cna122
18	57363390	77158473	3	1	sim44	Eso-AdenoCa	cna123
18	77158474	77444172	3	0	sim44	Eso-AdenoCa	cna124
18	77444173	78077248	1	0	sim44	Eso-AdenoCa	cna125
19	1	38429300	2	1	sim44	Eso-AdenoCa	cna126
19	38429301	54748664	1	0	sim44	Eso-AdenoCa	cna127
19	54748665	54811791	3	1	sim44	Eso-AdenoCa	cna128
19	54811792	54871409	0	0	sim44	Eso-AdenoCa	cna129
19	54871410	56663149	1	0	sim44	Eso-AdenoCa	cna130
19	56663150	59128983	1	1	sim44	Eso-AdenoCa	cna131
20	1	22069830	4	2	sim44	Eso-AdenoCa	cna132
20	22069831	59834198	2	1	sim44	Eso-AdenoCa	cna133
20	59834199	63025520	4	1	sim44	Eso-AdenoCa	cna134
21	1	48129895	2	2	sim44	Eso-AdenoCa	cna135
22	1	51304566	2	2	sim44	Eso-AdenoCa	cna136
X	1	69760203	2	2	sim44	Eso-AdenoCa	cna137
X	69760204	69796699	2	1	sim44	Eso-AdenoCa	cna138
X	69796700	69897382	2	0	sim44	Eso-AdenoCa	cna139
X	69897383	69934066	4	2	sim44	Eso-AdenoCa	cna140
X	69934067	70189667	2	0	sim44	Eso-AdenoCa	cna141
X	70189668	75393801	3	1	sim44	Eso-AdenoCa	cna142
X	75393802	115377282	2	0	sim44	Eso-AdenoCa	cna143
X	115377283	115663969	2	1	sim44	Eso-AdenoCa	cna144
X	115663970	115847845	4	1	sim44	Eso-AdenoCa	cna145
X	115847846	124898095	2	1	sim44	Eso-AdenoCa	cna146
X	124898096	126615263	3	1	sim44	Eso-AdenoCa	cna147
X	126615264	126664315	4	3	sim44	Eso-AdenoCa	cna148
X	126664316	127106652	4	1	sim44	Eso-AdenoCa	cna149
X	127106653	145918841	2	0	sim44	Eso-AdenoCa	cna150
X	145918842	155270560	1	0	sim44	Eso-AdenoCa	cna151
