chrom1	start1	end1	chrom2	start2	end2	strand1	strand2	svclass	id	allele	donor_id	tumor
1	7828100	7828101	1	7838108	7838109	+	+	h2hINV	cna0	minor	sim37	Eso-AdenoCa
1	8590600	79969788	3	180686577	186267521	-	-	TRA	cna0,cna30	minor,major	sim37	Eso-AdenoCa
1	79969789	79969790	1	80236619	80236620	-	+	DUP	cna1	major	sim37	Eso-AdenoCa
1	80389884	80389885	1	80924234	80924235	-	+	DUP	cna3	major	sim37	Eso-AdenoCa
1	80924235	80924236	1	93905010	93905011	-	+	DUP	cna4	major	sim37	Eso-AdenoCa
1	96211253	96211254	1	104099140	104099141	-	+	DUP	cna6	major	sim37	Eso-AdenoCa
1	96211253	96211254	1	104099140	104099141	+	-	DEL	cna6	minor	sim37	Eso-AdenoCa
1	104099141	104099142	1	113284041	113284042	-	+	DUP	cna7	major	sim37	Eso-AdenoCa
1	118659900	223135233	5	62803591	131368731	-	+	TRA	cna8,cna40	major,major	sim37	Eso-AdenoCa
1	154171700	154171701	1	158693215	158693216	+	+	h2hINV	cna8	major	sim37	Eso-AdenoCa
1	155514000	155514001	1	166309544	166309545	-	-	t2tINV	cna8	minor	sim37	Eso-AdenoCa
1	217570000	217570001	1	217580002	217580003	+	+	h2hINV	cna8	minor	sim37	Eso-AdenoCa
1	223135234	223135235	1	223480709	223480710	-	+	DUP	cna9	major	sim37	Eso-AdenoCa
1	223480710	223480711	1	223859743	223859744	+	-	DEL	cna10	minor	sim37	Eso-AdenoCa
1	223859744	223859745	1	224037300	224037301	-	+	DUP	cna11	major	sim37	Eso-AdenoCa
1	223859744	223859745	1	224037300	224037301	+	-	DEL	cna11	minor	sim37	Eso-AdenoCa
1	249067569	249067570	1	249250621	249250622	+	-	DEL	cna13	major	sim37	Eso-AdenoCa
1	249067569	249067570	1	249250621	249250622	+	-	DEL	cna13	minor	sim37	Eso-AdenoCa
2	1	2	2	3892391	3892392	+	-	DEL	cna14	major	sim37	Eso-AdenoCa
2	1	2	2	3892391	3892392	+	-	DEL	cna14	minor	sim37	Eso-AdenoCa
2	3892392	3892393	2	122935130	122935131	-	+	DUP	cna15	major	sim37	Eso-AdenoCa
2	71368779	71368780	2	72551695	72551696	-	-	t2tINV	cna15	minor	sim37	Eso-AdenoCa
2	122935131	122935132	2	123027895	123027896	+	-	DEL	cna16	minor	sim37	Eso-AdenoCa
2	123027896	123027897	2	140721062	140721063	-	+	DUP	cna17	major	sim37	Eso-AdenoCa
2	133551979	133551980	2	133561983	133561984	+	+	h2hINV	cna17	minor	sim37	Eso-AdenoCa
2	140721063	140721064	2	154337973	154337974	-	+	DUP	cna18	major	sim37	Eso-AdenoCa
2	140721063	140721064	2	154337973	154337974	+	-	DEL	cna18	minor	sim37	Eso-AdenoCa
2	154337974	154337975	2	157793796	157793797	-	+	DUP	cna19	major	sim37	Eso-AdenoCa
2	157793797	157793798	2	165446988	165446989	-	+	DUP	cna20	major	sim37	Eso-AdenoCa
2	165446989	207696629	11	15995337	32957711	+	+	TRA	cna71,cna21	major,minor	sim37	Eso-AdenoCa
2	171966879	171966880	2	171976885	171976886	+	+	h2hINV	cna21	minor	sim37	Eso-AdenoCa
2	213901359	213901360	2	226885428	226885429	-	+	DUP	cna22	major	sim37	Eso-AdenoCa
2	213901359	213901360	2	226885428	226885429	-	+	DUP	cna22	minor	sim37	Eso-AdenoCa
2	226885429	226885430	2	231319865	231319866	-	+	DUP	cna23	major	sim37	Eso-AdenoCa
2	226885429	226885430	2	231319865	231319866	+	-	DEL	cna23	minor	sim37	Eso-AdenoCa
2	231319866	231319867	2	238667948	238667949	-	+	DUP	cna24	major	sim37	Eso-AdenoCa
2	238667949	238667950	2	239021207	239021208	+	-	DEL	cna25	minor	sim37	Eso-AdenoCa
2	239021208	239021209	2	239057951	239057952	-	+	DUP	cna26	major	sim37	Eso-AdenoCa
3	40481906	48022953	17	67161644	81195210	-	-	TRA	cna28,cna92	major,minor	sim37	Eso-AdenoCa
3	48022954	48022955	3	49895626	49895627	-	+	DUP	cna29	major	sim37	Eso-AdenoCa
3	48022954	48022955	3	49895626	49895627	+	-	DEL	cna29	minor	sim37	Eso-AdenoCa
3	130205206	130205207	3	158992574	158992575	-	-	t2tINV	cna30	major	sim37	Eso-AdenoCa
3	186267522	186267523	3	193840872	193840873	-	+	DUP	cna31	major	sim37	Eso-AdenoCa
3	186267522	186267523	3	193840872	193840873	-	+	DUP	cna31	minor	sim37	Eso-AdenoCa
4	36267876	121090627	14	49295202	51825776	-	-	TRA	cna33,cna78	minor,major	sim37	Eso-AdenoCa
4	68277276	68277277	4	68297349	68297350	+	+	h2hINV	cna33	major	sim37	Eso-AdenoCa
4	74429492	121090627	18	56117026	78077248	-	-	TRA	cna93,cna33	minor,minor	sim37	Eso-AdenoCa
4	121090628	121090629	4	135584895	135584896	-	+	DUP	cna34	major	sim37	Eso-AdenoCa
4	121090628	121090629	4	135584895	135584896	-	+	DUP	cna34	minor	sim37	Eso-AdenoCa
4	122096976	135584895	6	136477451	149073920	-	-	TRA	cna34,cna42	minor,major	sim37	Eso-AdenoCa
4	135584896	135584897	4	154485140	154485141	-	+	DUP	cna35	major	sim37	Eso-AdenoCa
4	166111176	166111177	4	184427308	184427309	+	+	h2hINV	cna36	major	sim37	Eso-AdenoCa
4	189748954	189748955	4	191154276	191154277	+	-	DEL	cna37	minor	sim37	Eso-AdenoCa
5	53084500	53084501	5	100846060	100846061	+	+	h2hINV	cna38	major	sim37	Eso-AdenoCa
5	57963251	57963252	5	62803590	62803591	-	+	DUP	cna39	major	sim37	Eso-AdenoCa
5	57963251	57963252	5	62803590	62803591	+	-	DEL	cna39	minor	sim37	Eso-AdenoCa
5	58322000	58322001	5	73011677	73011678	+	+	h2hINV	cna39	major	sim37	Eso-AdenoCa
5	96697800	96697801	5	96707801	96707802	+	+	h2hINV	cna40	major	sim37	Eso-AdenoCa
5	106681300	106681301	5	109344504	109344505	-	-	t2tINV	cna40	minor	sim37	Eso-AdenoCa
5	180846159	180846160	5	180915260	180915261	-	+	DUP	cna41	major	sim37	Eso-AdenoCa
6	29695440	29695441	6	36615098	36615099	+	+	h2hINV	cna42	minor	sim37	Eso-AdenoCa
6	44020240	149073920	16	1	5753498	-	+	TRA	cna42,cna87	major,major	sim37	Eso-AdenoCa
6	85625740	85625741	6	117226628	117226629	+	+	h2hINV	cna42	minor	sim37	Eso-AdenoCa
6	149073921	149073922	6	169367166	169367167	-	+	DUP	cna43	major	sim37	Eso-AdenoCa
6	161949840	169367166	11	78223686	135006516	-	-	TRA	cna43,cna71	major,minor	sim37	Eso-AdenoCa
6	169367167	169367168	6	171115067	171115068	-	+	DUP	cna44	major	sim37	Eso-AdenoCa
6	169367167	169367168	6	171115067	171115068	+	-	DEL	cna44	minor	sim37	Eso-AdenoCa
7	1	2	7	56721417	56721418	-	+	DUP	cna45	major	sim37	Eso-AdenoCa
7	1	2	7	56721417	56721418	+	-	DEL	cna45	minor	sim37	Eso-AdenoCa
7	1	24741874	17	1	64171043	+	+	TRA	cna45,cna92	minor,minor	sim37	Eso-AdenoCa
7	90859310	90859311	7	102475738	102475739	-	+	DUP	cna47	major	sim37	Eso-AdenoCa
7	90859310	90859311	7	102475738	102475739	+	-	DEL	cna47	minor	sim37	Eso-AdenoCa
7	102475739	102475740	7	118633005	118633006	-	+	DUP	cna48	major	sim37	Eso-AdenoCa
7	102475739	102475740	7	118633005	118633006	+	-	DEL	cna48	minor	sim37	Eso-AdenoCa
7	118654140	118654141	7	133065514	133065515	-	+	DUP	cna50	major	sim37	Eso-AdenoCa
7	118654140	118654141	7	133065514	133065515	+	-	DEL	cna50	minor	sim37	Eso-AdenoCa
7	133065515	133065516	7	159138663	159138664	-	+	DUP	cna51	major	sim37	Eso-AdenoCa
7	138716073	138716074	7	141569672	141569673	+	+	h2hINV	cna51	major	sim37	Eso-AdenoCa
8	1	2	8	708365	708366	-	+	DUP	cna52	major	sim37	Eso-AdenoCa
8	1	2	8	708365	708366	+	-	DEL	cna52	minor	sim37	Eso-AdenoCa
8	11086310	11086311	8	11096366	11096367	-	-	t2tINV	cna53	major	sim37	Eso-AdenoCa
8	77198810	77198811	8	80044011	80044012	+	+	h2hINV	cna53	major	sim37	Eso-AdenoCa
8	101555510	101555511	8	104479877	104479878	+	+	h2hINV	cna53	major	sim37	Eso-AdenoCa
8	146115586	146115587	8	146364022	146364023	+	-	DEL	cna54	minor	sim37	Eso-AdenoCa
9	1	2	9	75319102	75319103	+	-	DEL	cna55	minor	sim37	Eso-AdenoCa
9	1	15124389	12	9604915	24006575	+	-	TRA	cna55,cna72	major,major	sim37	Eso-AdenoCa
9	89312461	89312462	9	119729427	119729428	-	+	DUP	cna57	major	sim37	Eso-AdenoCa
9	92954588	119729427	12	25391982	126507538	-	+	TRA	cna57,cna75	minor,minor	sim37	Eso-AdenoCa
9	119729428	119729429	9	121977360	121977361	-	+	DUP	cna58	major	sim37	Eso-AdenoCa
9	119729428	119729429	9	121977360	121977361	+	-	DEL	cna58	minor	sim37	Eso-AdenoCa
9	121977361	121977362	9	122374656	122374657	+	-	DEL	cna59	minor	sim37	Eso-AdenoCa
9	122374657	122374658	9	122710027	122710028	-	+	DUP	cna60	major	sim37	Eso-AdenoCa
9	122710028	122710029	9	122837487	122837488	-	+	DUP	cna61	major	sim37	Eso-AdenoCa
9	122710028	122710029	9	122837487	122837488	+	-	DEL	cna61	minor	sim37	Eso-AdenoCa
9	122837488	122837489	9	129083062	129083063	-	+	DUP	cna62	major	sim37	Eso-AdenoCa
9	137102238	137102239	9	141213431	141213432	-	+	DUP	cna64	major	sim37	Eso-AdenoCa
10	62645057	62645058	10	62655066	62655067	+	+	h2hINV	cna65	minor	sim37	Eso-AdenoCa
10	77965757	77965758	10	77986010	77986011	+	+	h2hINV	cna65	minor	sim37	Eso-AdenoCa
10	86907057	86907058	10	92287170	92287171	+	+	h2hINV	cna65	minor	sim37	Eso-AdenoCa
10	121834262	121834263	10	121914081	121914082	-	+	DUP	cna66	major	sim37	Eso-AdenoCa
10	121834262	121834263	10	121914081	121914082	-	+	DUP	cna66	minor	sim37	Eso-AdenoCa
10	121914082	121914083	10	122032086	122032087	+	-	DEL	cna67	minor	sim37	Eso-AdenoCa
10	122032087	122032088	10	122046283	122046284	-	+	DUP	cna68	major	sim37	Eso-AdenoCa
10	122032087	122032088	10	122046283	122046284	-	+	DUP	cna68	minor	sim37	Eso-AdenoCa
10	122046284	122046285	10	135534747	135534748	-	+	DUP	cna69	major	sim37	Eso-AdenoCa
10	122046284	122046285	10	135534747	135534748	+	-	DEL	cna69	minor	sim37	Eso-AdenoCa
11	15995337	15995338	11	135006516	135006517	-	+	DUP	cna71	major	sim37	Eso-AdenoCa
12	24006576	24006577	12	24021427	24021428	-	+	DUP	cna73	major	sim37	Eso-AdenoCa
12	25391982	25391983	12	133851895	133851896	+	-	DEL	cna75	minor	sim37	Eso-AdenoCa
12	67801094	67801095	12	108870653	108870654	+	+	h2hINV	cna75	major	sim37	Eso-AdenoCa
12	93641894	93641895	12	93671989	93671990	+	+	h2hINV	cna75	major	sim37	Eso-AdenoCa
12	116927394	116927395	12	120688204	120688205	+	+	h2hINV	cna75	major	sim37	Eso-AdenoCa
13	1	2	13	114886584	114886585	-	+	DUP	cna76	major	sim37	Eso-AdenoCa
13	1	2	13	114886584	114886585	+	-	DEL	cna76	minor	sim37	Eso-AdenoCa
13	48910899	48910900	13	51067069	51067070	+	+	h2hINV	cna76	major	sim37	Eso-AdenoCa
13	114886585	114886586	13	115169878	115169879	-	+	DUP	cna77	major	sim37	Eso-AdenoCa
13	114886585	114886586	13	115169878	115169879	+	-	DEL	cna77	minor	sim37	Eso-AdenoCa
14	1	2	14	51825776	51825777	-	+	DUP	cna78	major	sim37	Eso-AdenoCa
14	1	2	14	51825776	51825777	+	-	DEL	cna78	minor	sim37	Eso-AdenoCa
14	52016176	52016177	14	57132896	57132897	+	-	DEL	cna80	minor	sim37	Eso-AdenoCa
14	57132897	57132898	14	62557131	62557132	-	+	DUP	cna81	major	sim37	Eso-AdenoCa
14	57132897	57132898	14	62557131	62557132	-	+	DUP	cna81	minor	sim37	Eso-AdenoCa
14	62557132	62557133	14	107349540	107349541	-	+	DUP	cna82	major	sim37	Eso-AdenoCa
14	62557132	62557133	14	107349540	107349541	-	+	DUP	cna82	minor	sim37	Eso-AdenoCa
15	1	2	15	357369	357370	-	+	DUP	cna83	major	sim37	Eso-AdenoCa
15	12961250	12961251	15	13424250	13424251	-	+	DUP	cna85	major	sim37	Eso-AdenoCa
15	48119781	48119782	15	48129786	48129787	-	-	t2tINV	cna86	major	sim37	Eso-AdenoCa
15	59555081	59555082	15	63033541	63033542	+	+	h2hINV	cna86	major	sim37	Eso-AdenoCa
16	66956154	66956155	16	75346065	75346066	-	+	DUP	cna88	major	sim37	Eso-AdenoCa
16	90239448	90239449	16	90287464	90287465	+	-	DEL	cna90	minor	sim37	Eso-AdenoCa
16	90287465	90287466	16	90354753	90354754	-	+	DUP	cna91	major	sim37	Eso-AdenoCa
16	90287465	90287466	16	90354753	90354754	-	+	DUP	cna91	minor	sim37	Eso-AdenoCa
17	1	2	17	81195210	81195211	-	+	DUP	cna92	major	sim37	Eso-AdenoCa
17	20941136	20941137	17	23079740	23079741	+	+	h2hINV	cna92	major	sim37	Eso-AdenoCa
18	1	2	18	78077248	78077249	-	+	DUP	cna93	major	sim37	Eso-AdenoCa
18	1	4743627	20	1	19832176	+	+	TRA	cna93,cna95	minor,minor	sim37	Eso-AdenoCa
18	78050426	78050427	18	78060430	78060431	+	+	h2hINV	cna93	major	sim37	Eso-AdenoCa
19	8046578	8046579	19	20686426	20686427	+	+	h2hINV	cna94	major	sim37	Eso-AdenoCa
19	19409178	19409179	19	19419186	19419187	-	-	t2tINV	cna94	minor	sim37	Eso-AdenoCa
20	1799095	1799096	20	1809109	1809110	-	-	t2tINV	cna95	minor	sim37	Eso-AdenoCa
20	14321995	14321996	20	14332004	14332005	+	+	h2hINV	cna95	minor	sim37	Eso-AdenoCa
20	22080395	22080396	20	22090399	22090400	+	+	h2hINV	cna95	major	sim37	Eso-AdenoCa
20	54093982	54093983	20	63025520	63025521	-	+	DUP	cna96	major	sim37	Eso-AdenoCa
22	51273331	51273332	22	51304566	51304567	+	-	DEL	cna99	minor	sim37	Eso-AdenoCa
X	371658	371659	X	1784332	1784333	-	+	DUP	cna101	major	sim37	Eso-AdenoCa
X	1784333	1784334	X	13109121	13109122	-	+	DUP	cna102	major	sim37	Eso-AdenoCa
X	1784333	1784334	X	13109121	13109122	-	+	DUP	cna102	minor	sim37	Eso-AdenoCa
X	13109122	13109123	X	18917636	18917637	-	+	DUP	cna103	major	sim37	Eso-AdenoCa
X	19027293	19027294	X	29044962	29044963	-	+	DUP	cna105	major	sim37	Eso-AdenoCa
X	29044963	29044964	X	29075778	29075779	-	+	DUP	cna106	major	sim37	Eso-AdenoCa
X	29044963	29044964	X	29075778	29075779	-	+	DUP	cna106	minor	sim37	Eso-AdenoCa
X	29075779	29075780	X	32241764	32241765	+	-	DEL	cna107	minor	sim37	Eso-AdenoCa
X	32241765	32241766	X	35605596	35605597	-	+	DUP	cna108	major	sim37	Eso-AdenoCa
X	32241765	32241766	X	35605596	35605597	+	-	DEL	cna108	minor	sim37	Eso-AdenoCa
X	35605597	35605598	X	102373768	102373769	-	+	DUP	cna109	major	sim37	Eso-AdenoCa
X	35605597	35605598	X	102373768	102373769	-	+	DUP	cna109	minor	sim37	Eso-AdenoCa
X	83202214	83202215	X	88502178	88502179	+	+	h2hINV	cna109	minor	sim37	Eso-AdenoCa
X	119726805	119726806	X	155248299	155248300	-	+	DUP	cna111	minor	sim37	Eso-AdenoCa
X	155248300	155248301	X	155270560	155270561	-	+	DUP	cna112	major	sim37	Eso-AdenoCa
X	155248300	155248301	X	155270560	155270561	+	-	DEL	cna112	minor	sim37	Eso-AdenoCa
