chrom1	start1	end1	chrom2	start2	end2	strand1	strand2	svclass	id	allele	donor_id	tumor
1	1	2	1	87458	87459	+	-	DEL	cna0	minor	sim45	Eso-AdenoCa
1	87459	87460	1	96818	96819	-	+	DUP	cna1	major	sim45	Eso-AdenoCa
1	87459	87460	1	96818	96819	-	+	DUP	cna1	minor	sim45	Eso-AdenoCa
1	96819	96820	1	1241392	1241393	-	+	DUP	cna2	major	sim45	Eso-AdenoCa
1	1241393	1241394	1	10238975	10238976	-	+	DUP	cna3	major	sim45	Eso-AdenoCa
1	10238976	10238977	1	10873311	10873312	-	+	DUP	cna4	major	sim45	Eso-AdenoCa
1	13026209	13026210	1	28583161	28583162	-	+	DUP	cna6	major	sim45	Eso-AdenoCa
1	13026209	16325201	3	197806702	197817307	+	+	TRA	cna6,cna96	major,minor	sim45	Eso-AdenoCa
1	16638700	28583161	5	73388066	86141777	-	+	TRA	cna6,cna128	minor,major	sim45	Eso-AdenoCa
1	25567779	28583161	10	55843057	58587278	-	-	TRA	cna241,cna6	minor,minor	sim45	Eso-AdenoCa
1	27958300	27958301	1	27968373	27968374	-	-	t2tINV	cna6	minor	sim45	Eso-AdenoCa
1	28583162	28583163	1	30563997	30563998	-	+	DUP	cna7	major	sim45	Eso-AdenoCa
1	28583162	28583163	1	30563997	30563998	-	+	DUP	cna7	minor	sim45	Eso-AdenoCa
1	30563998	30563999	1	60347373	60347374	-	+	DUP	cna8	major	sim45	Eso-AdenoCa
1	30563998	43834701	2	38184913	44724404	+	+	TRA	cna8,cna43	major,minor	sim45	Eso-AdenoCa
1	37967600	37967601	1	61903999	61904000	-	-	t2tINV	cna15	major	sim45	Eso-AdenoCa
1	40907800	60347373	3	136640248	146543483	-	+	TRA	cna8,cna90	major,minor	sim45	Eso-AdenoCa
1	60347374	60347375	1	60426968	60426969	+	-	DEL	cna9	minor	sim45	Eso-AdenoCa
1	60426969	60426970	1	61041054	61041055	-	+	DUP	cna10	major	sim45	Eso-AdenoCa
1	61041055	61041056	1	61347841	61347842	-	+	DUP	cna11	major	sim45	Eso-AdenoCa
1	61347842	61347843	1	61503486	61503487	-	+	DUP	cna12	major	sim45	Eso-AdenoCa
1	61503487	61503488	1	61606455	61606456	-	+	DUP	cna13	major	sim45	Eso-AdenoCa
1	61503487	61503488	1	61606455	61606456	+	-	DEL	cna13	minor	sim45	Eso-AdenoCa
1	61606456	61606457	1	61759105	61759106	-	+	DUP	cna14	major	sim45	Eso-AdenoCa
1	61606456	61606457	1	61759105	61759106	+	-	DEL	cna14	minor	sim45	Eso-AdenoCa
1	61759106	61759107	1	61906814	61906815	-	+	DUP	cna15	major	sim45	Eso-AdenoCa
1	61906815	61906816	1	62051291	62051292	+	-	DEL	cna16	minor	sim45	Eso-AdenoCa
1	62051292	62051293	1	64627932	64627933	-	+	DUP	cna17	major	sim45	Eso-AdenoCa
1	62051292	62051293	1	64627932	64627933	+	-	DEL	cna17	minor	sim45	Eso-AdenoCa
1	64627933	64627934	1	64974064	64974065	-	+	DUP	cna18	major	sim45	Eso-AdenoCa
1	64974065	64974066	1	65013104	65013105	-	+	DUP	cna19	major	sim45	Eso-AdenoCa
1	65013105	65013106	1	67411721	67411722	-	+	DUP	cna20	major	sim45	Eso-AdenoCa
1	72064911	72064912	1	116290604	116290605	-	+	DUP	cna22	major	sim45	Eso-AdenoCa
1	72064911	72064912	1	116290604	116290605	-	+	DUP	cna22	minor	sim45	Eso-AdenoCa
1	74114800	74114801	1	74144923	74144924	+	+	h2hINV	cna22	major	sim45	Eso-AdenoCa
1	116290605	116290606	1	118462739	118462740	-	+	DUP	cna23	major	sim45	Eso-AdenoCa
1	116290605	116290606	1	118462739	118462740	-	+	DUP	cna23	minor	sim45	Eso-AdenoCa
1	118462740	118462741	1	119343247	119343248	-	+	DUP	cna24	major	sim45	Eso-AdenoCa
1	119343248	119343249	1	120893477	120893478	+	-	DEL	cna25	minor	sim45	Eso-AdenoCa
1	119343248	119973218	X	112207514	126024742	+	-	TRA	cna437,cna25	major,minor	sim45	Eso-AdenoCa
1	120893478	120893479	1	120965184	120965185	-	+	DUP	cna26	major	sim45	Eso-AdenoCa
1	120893478	120893479	1	120965184	120965185	-	+	DUP	cna26	minor	sim45	Eso-AdenoCa
1	120965185	120965186	1	148833179	148833180	-	+	DUP	cna27	major	sim45	Eso-AdenoCa
1	120965185	120965186	1	148833179	148833180	+	-	DEL	cna27	minor	sim45	Eso-AdenoCa
1	146936300	146936301	1	146946303	146946304	+	+	h2hINV	cna27	major	sim45	Eso-AdenoCa
1	148833180	148833181	1	150697108	150697109	-	+	DUP	cna28	major	sim45	Eso-AdenoCa
1	150697109	150697110	1	151150056	151150057	-	+	DUP	cna29	major	sim45	Eso-AdenoCa
1	150697109	150697110	1	151150056	151150057	+	-	DEL	cna29	minor	sim45	Eso-AdenoCa
1	151150057	151150058	1	151399997	151399998	-	+	DUP	cna30	major	sim45	Eso-AdenoCa
1	151150057	151150058	1	151399997	151399998	-	+	DUP	cna30	minor	sim45	Eso-AdenoCa
1	151399998	151399999	1	151546771	151546772	-	+	DUP	cna31	major	sim45	Eso-AdenoCa
1	151399998	151399999	1	151546771	151546772	+	-	DEL	cna31	minor	sim45	Eso-AdenoCa
1	151546772	151546773	1	151599267	151599268	-	+	DUP	cna32	major	sim45	Eso-AdenoCa
1	175347700	175347701	1	176919011	176919012	+	+	h2hINV	cna33	minor	sim45	Eso-AdenoCa
1	187116806	210102621	19	46002830	49362979	-	+	TRA	cna409,cna33	major,major	sim45	Eso-AdenoCa
1	192325462	210102621	15	81885678	82567082	-	+	TRA	cna328,cna33	major,major	sim45	Eso-AdenoCa
1	210102622	210102623	1	210353425	210353426	+	-	DEL	cna34	minor	sim45	Eso-AdenoCa
1	210353426	210353427	1	244635956	244635957	-	+	DUP	cna35	major	sim45	Eso-AdenoCa
1	210353426	239383988	17	1	13284237	+	+	TRA	cna366,cna35	minor,major	sim45	Eso-AdenoCa
1	210353426	234739726	21	23164175	48129895	+	-	TRA	cna421,cna35	minor,minor	sim45	Eso-AdenoCa
1	212360200	212360201	1	212417008	212417009	-	-	t2tINV	cna35	major	sim45	Eso-AdenoCa
1	222780100	222780101	1	223065833	223065834	-	-	t2tINV	cna35	minor	sim45	Eso-AdenoCa
1	244635957	244635958	1	246237612	246237613	+	-	DEL	cna36	minor	sim45	Eso-AdenoCa
1	246237613	246237614	1	247644330	247644331	-	+	DUP	cna37	major	sim45	Eso-AdenoCa
1	247644331	247644332	1	249241253	249241254	-	+	DUP	cna38	major	sim45	Eso-AdenoCa
1	247644331	247644332	1	249241253	249241254	+	-	DEL	cna38	minor	sim45	Eso-AdenoCa
1	249241254	249241255	1	249250621	249250622	-	+	DUP	cna39	major	sim45	Eso-AdenoCa
1	249241254	249241255	1	249250621	249250622	+	-	DEL	cna39	minor	sim45	Eso-AdenoCa
2	24066760	24066761	2	36712467	36712468	-	+	DUP	cna41	major	sim45	Eso-AdenoCa
2	36712468	36712469	2	38184912	38184913	-	+	DUP	cna42	major	sim45	Eso-AdenoCa
2	38184913	38184914	2	76879217	76879218	+	-	DEL	cna43	minor	sim45	Eso-AdenoCa
2	64154276	76879217	17	69327493	71526337	-	+	TRA	cna376,cna43	major,major	sim45	Eso-AdenoCa
2	76676479	76676480	2	111202914	111202915	+	+	h2hINV	cna43	major	sim45	Eso-AdenoCa
2	76879218	76879219	2	89247302	89247303	-	+	DUP	cna44	major	sim45	Eso-AdenoCa
2	76879218	78565880	9	81725225	104866191	+	+	TRA	cna44,cna234	minor,minor	sim45	Eso-AdenoCa
2	83764079	83764080	2	83774082	83774083	+	+	h2hINV	cna44	minor	sim45	Eso-AdenoCa
2	89247303	89247304	2	90015600	90015601	-	+	DUP	cna45	major	sim45	Eso-AdenoCa
2	89247303	89247304	2	90015600	90015601	+	-	DEL	cna45	minor	sim45	Eso-AdenoCa
2	90015601	90015602	2	90295710	90295711	+	-	DEL	cna46	minor	sim45	Eso-AdenoCa
2	90295711	90295712	2	91051768	91051769	-	+	DUP	cna47	major	sim45	Eso-AdenoCa
2	116569300	116569301	2	125020953	125020954	-	+	DUP	cna49	major	sim45	Eso-AdenoCa
2	116569300	116569301	2	125020953	125020954	+	-	DEL	cna49	minor	sim45	Eso-AdenoCa
2	116754479	125020953	11	82680424	92515289	-	-	TRA	cna49,cna245	major,minor	sim45	Eso-AdenoCa
2	125020954	125020955	2	125147632	125147633	-	+	DUP	cna50	major	sim45	Eso-AdenoCa
2	125020954	125020955	2	125147632	125147633	+	-	DEL	cna50	minor	sim45	Eso-AdenoCa
2	125147633	125147634	2	127712132	127712133	-	+	DUP	cna51	major	sim45	Eso-AdenoCa
2	125147633	125147634	2	127712132	127712133	-	+	DUP	cna51	minor	sim45	Eso-AdenoCa
2	127712133	127712134	2	129653703	129653704	-	+	DUP	cna52	major	sim45	Eso-AdenoCa
2	127712133	127712134	2	129653703	129653704	-	+	DUP	cna52	minor	sim45	Eso-AdenoCa
2	129653704	129653705	2	129894160	129894161	-	+	DUP	cna53	major	sim45	Eso-AdenoCa
2	129894161	129894162	2	129990491	129990492	-	+	DUP	cna54	major	sim45	Eso-AdenoCa
2	129894161	129894162	2	129990491	129990492	-	+	DUP	cna54	minor	sim45	Eso-AdenoCa
2	129990492	129990493	2	176524471	176524472	-	+	DUP	cna55	major	sim45	Eso-AdenoCa
2	146670379	146670380	2	153467361	153467362	-	-	t2tINV	cna55	major	sim45	Eso-AdenoCa
2	149779779	176524471	6	55133098	77650326	-	-	TRA	cna55,cna150	minor,major	sim45	Eso-AdenoCa
2	158467779	176524471	16	253889	3039503	-	+	TRA	cna55,cna346	minor,major	sim45	Eso-AdenoCa
2	173907279	173907280	2	225888640	225888641	+	+	h2hINV	cna55	major	sim45	Eso-AdenoCa
2	176524472	176524473	2	176582163	176582164	-	+	DUP	cna56	major	sim45	Eso-AdenoCa
2	176524472	176524473	2	176582163	176582164	+	-	DEL	cna56	minor	sim45	Eso-AdenoCa
2	176582164	176582165	2	179817218	179817219	+	-	DEL	cna57	minor	sim45	Eso-AdenoCa
2	180143567	180143568	2	191492816	191492817	-	+	DUP	cna59	major	sim45	Eso-AdenoCa
2	180143567	180143568	2	191492816	191492817	-	+	DUP	cna59	minor	sim45	Eso-AdenoCa
2	191492817	191492818	2	197252302	197252303	-	+	DUP	cna60	major	sim45	Eso-AdenoCa
2	191492817	191492818	2	197252302	197252303	-	+	DUP	cna60	minor	sim45	Eso-AdenoCa
2	197252303	197252304	2	197268618	197268619	+	-	DEL	cna61	major	sim45	Eso-AdenoCa
2	197252303	197252304	2	197268618	197268619	+	-	DEL	cna61	minor	sim45	Eso-AdenoCa
2	197268619	197268620	2	197451910	197451911	-	+	DUP	cna62	major	sim45	Eso-AdenoCa
2	197268619	197268620	2	197451910	197451911	+	-	DEL	cna62	minor	sim45	Eso-AdenoCa
2	197451911	197451912	2	215203569	215203570	-	+	DUP	cna63	major	sim45	Eso-AdenoCa
2	197451911	197451912	2	215203569	215203570	+	-	DEL	cna63	minor	sim45	Eso-AdenoCa
2	215203570	215203571	2	220541737	220541738	-	+	DUP	cna64	major	sim45	Eso-AdenoCa
2	220541738	220541739	2	222004388	222004389	-	+	DUP	cna65	major	sim45	Eso-AdenoCa
2	220541738	220541739	2	222004388	222004389	+	-	DEL	cna65	minor	sim45	Eso-AdenoCa
2	222004389	222004390	2	222060108	222060109	-	+	DUP	cna66	major	sim45	Eso-AdenoCa
2	222493088	222493089	2	222509428	222509429	-	+	DUP	cna68	minor	sim45	Eso-AdenoCa
2	222509429	222509430	2	222886171	222886172	-	+	DUP	cna69	major	sim45	Eso-AdenoCa
2	222886172	222886173	2	230305396	230305397	-	+	DUP	cna70	major	sim45	Eso-AdenoCa
2	230305397	230305398	2	230423419	230423420	-	+	DUP	cna71	major	sim45	Eso-AdenoCa
2	230305397	230305398	2	230423419	230423420	-	+	DUP	cna71	minor	sim45	Eso-AdenoCa
2	230423420	230423421	2	234878723	234878724	-	+	DUP	cna72	major	sim45	Eso-AdenoCa
2	230423420	230423421	2	234878723	234878724	-	+	DUP	cna72	minor	sim45	Eso-AdenoCa
2	234878724	234878725	2	242030868	242030869	-	+	DUP	cna73	major	sim45	Eso-AdenoCa
2	234878724	235343080	4	180868570	184480939	+	+	TRA	cna73,cna122	major,minor	sim45	Eso-AdenoCa
2	242030869	242030870	2	243199373	243199374	+	-	DEL	cna74	major	sim45	Eso-AdenoCa
2	242030869	242030870	2	243199373	243199374	+	-	DEL	cna74	minor	sim45	Eso-AdenoCa
3	1	2	3	6442648	6442649	-	+	DUP	cna75	major	sim45	Eso-AdenoCa
3	1	2	3	6442648	6442649	+	-	DEL	cna75	minor	sim45	Eso-AdenoCa
3	1	2128307	11	1	2115346	+	+	TRA	cna75,cna244	major,major	sim45	Eso-AdenoCa
3	1419406	1419407	3	1592629	1592630	-	-	t2tINV	cna75	major	sim45	Eso-AdenoCa
3	6442649	6442650	3	6451819	6451820	-	+	DUP	cna76	major	sim45	Eso-AdenoCa
3	6451820	6451821	3	7845599	7845600	-	+	DUP	cna77	major	sim45	Eso-AdenoCa
3	7845600	7845601	3	9255669	9255670	-	+	DUP	cna78	major	sim45	Eso-AdenoCa
3	7845600	7845601	3	9255669	9255670	-	+	DUP	cna78	minor	sim45	Eso-AdenoCa
3	9255670	9255671	3	9264853	9264854	-	+	DUP	cna79	major	sim45	Eso-AdenoCa
3	9264854	9264855	3	9448320	9448321	+	-	DEL	cna80	minor	sim45	Eso-AdenoCa
3	26376808	26376809	3	32507523	32507524	-	+	DUP	cna82	major	sim45	Eso-AdenoCa
3	32507524	32507525	3	33115280	33115281	-	+	DUP	cna83	major	sim45	Eso-AdenoCa
3	32507524	32507525	3	33115280	33115281	+	-	DEL	cna83	minor	sim45	Eso-AdenoCa
3	33115281	33115282	3	44419923	44419924	-	+	DUP	cna84	major	sim45	Eso-AdenoCa
3	33115281	33115282	3	44419923	44419924	-	+	DUP	cna84	minor	sim45	Eso-AdenoCa
3	44419924	44419925	3	48847159	48847160	-	+	DUP	cna85	major	sim45	Eso-AdenoCa
3	48847160	48847161	3	123885252	123885253	-	+	DUP	cna86	major	sim45	Eso-AdenoCa
3	48847160	48847161	3	123885252	123885253	-	+	DUP	cna86	minor	sim45	Eso-AdenoCa
3	63344006	63344007	3	73586839	73586840	-	-	t2tINV	cna86	major	sim45	Eso-AdenoCa
3	65078306	65078307	3	67465836	67465837	+	+	h2hINV	cna86	major	sim45	Eso-AdenoCa
3	65317406	123885252	10	57351657	58587278	-	-	TRA	cna86,cna241	major,minor	sim45	Eso-AdenoCa
3	71017206	71017207	3	71460398	71460399	-	-	t2tINV	cna86	major	sim45	Eso-AdenoCa
3	76868806	76868807	3	86031650	86031651	+	+	h2hINV	cna86	major	sim45	Eso-AdenoCa
3	81898506	81898507	3	81918498	81918499	+	+	h2hINV	cna86	minor	sim45	Eso-AdenoCa
3	84125106	84125107	3	113664530	113664531	-	-	t2tINV	cna86	minor	sim45	Eso-AdenoCa
3	115243206	115243207	3	115697968	115697969	-	-	t2tINV	cna86	major	sim45	Eso-AdenoCa
3	123885253	123885254	3	130972720	130972721	-	+	DUP	cna87	major	sim45	Eso-AdenoCa
3	123885253	123885254	3	130972720	130972721	+	-	DEL	cna87	minor	sim45	Eso-AdenoCa
3	130972721	130972722	3	131802066	131802067	-	+	DUP	cna88	major	sim45	Eso-AdenoCa
3	131802067	131802068	3	136640247	136640248	-	+	DUP	cna89	major	sim45	Eso-AdenoCa
3	131802067	131802068	3	136640247	136640248	-	+	DUP	cna89	minor	sim45	Eso-AdenoCa
3	139753406	139753407	3	141677112	141677113	+	+	h2hINV	cna90	minor	sim45	Eso-AdenoCa
3	148324054	148324055	3	156989685	156989686	-	+	DUP	cna91	major	sim45	Eso-AdenoCa
3	148324054	148324055	3	156989685	156989686	-	+	DUP	cna91	minor	sim45	Eso-AdenoCa
3	148324054	152691630	9	82419388	141213431	+	-	TRA	cna234,cna91	major,minor	sim45	Eso-AdenoCa
3	156989686	156989687	3	157016028	157016029	+	-	DEL	cna92	minor	sim45	Eso-AdenoCa
3	157016029	157016030	3	195339359	195339360	+	-	DEL	cna93	major	sim45	Eso-AdenoCa
3	157016029	157016030	3	195339359	195339360	+	-	DEL	cna93	minor	sim45	Eso-AdenoCa
3	195339360	195339361	3	195348545	195348546	-	+	DUP	cna94	major	sim45	Eso-AdenoCa
3	195348546	195348547	3	197806701	197806702	-	+	DUP	cna95	major	sim45	Eso-AdenoCa
3	197806702	197806703	3	197957915	197957916	-	+	DUP	cna96	major	sim45	Eso-AdenoCa
3	197806702	197806703	3	197957915	197957916	-	+	DUP	cna96	minor	sim45	Eso-AdenoCa
3	197957916	197957917	3	198022430	198022431	-	+	DUP	cna97	major	sim45	Eso-AdenoCa
4	24470176	24470177	4	30970357	30970358	+	+	h2hINV	cna98	minor	sim45	Eso-AdenoCa
4	42255150	42255151	4	43293957	43293958	+	-	DEL	cna99	minor	sim45	Eso-AdenoCa
4	48626919	48626920	4	49951517	49951518	+	-	DEL	cna101	minor	sim45	Eso-AdenoCa
4	49951518	49951519	4	85627680	85627681	-	+	DUP	cna102	major	sim45	Eso-AdenoCa
4	72870510	85627680	19	1	3960979	-	+	TRA	cna390,cna102	minor,minor	sim45	Eso-AdenoCa
4	77587776	77587777	4	77641590	77641591	+	+	h2hINV	cna102	major	sim45	Eso-AdenoCa
4	85627681	85627682	4	85634449	85634450	-	+	DUP	cna103	major	sim45	Eso-AdenoCa
4	85634450	85634451	4	97019051	97019052	-	+	DUP	cna104	major	sim45	Eso-AdenoCa
4	102372869	102372870	4	105669213	105669214	-	+	DUP	cna106	major	sim45	Eso-AdenoCa
4	105669214	105669215	4	123941713	123941714	-	+	DUP	cna107	major	sim45	Eso-AdenoCa
4	123941714	123941715	4	124154011	124154012	-	+	DUP	cna108	major	sim45	Eso-AdenoCa
4	123941714	123941715	4	124154011	124154012	+	-	DEL	cna108	minor	sim45	Eso-AdenoCa
4	124154012	124154013	4	125385701	125385702	+	-	DEL	cna109	major	sim45	Eso-AdenoCa
4	124154012	124154013	4	125385701	125385702	+	-	DEL	cna109	minor	sim45	Eso-AdenoCa
4	125433377	125433378	4	126773685	126773686	-	+	DUP	cna111	major	sim45	Eso-AdenoCa
4	125433377	125433378	4	126773685	126773686	+	-	DEL	cna111	minor	sim45	Eso-AdenoCa
4	126773686	126773687	4	162617534	162617535	-	+	DUP	cna112	major	sim45	Eso-AdenoCa
4	140716504	162617534	17	7679636	20106041	-	-	TRA	cna366,cna112	minor,major	sim45	Eso-AdenoCa
4	162617535	162617536	4	163663523	163663524	-	+	DUP	cna113	major	sim45	Eso-AdenoCa
4	163663524	163663525	4	164075629	164075630	-	+	DUP	cna114	major	sim45	Eso-AdenoCa
4	164075630	164075631	4	164089456	164089457	-	+	DUP	cna115	major	sim45	Eso-AdenoCa
4	164075630	164075631	4	164089456	164089457	+	-	DEL	cna115	minor	sim45	Eso-AdenoCa
4	164089457	164089458	4	165660266	165660267	-	+	DUP	cna116	major	sim45	Eso-AdenoCa
4	164089457	164089458	4	165660266	165660267	-	+	DUP	cna116	minor	sim45	Eso-AdenoCa
4	165660267	165660268	4	165674500	165674501	+	-	DEL	cna117	minor	sim45	Eso-AdenoCa
4	165674501	165674502	4	174588901	174588902	-	+	DUP	cna118	major	sim45	Eso-AdenoCa
4	174588902	174588903	4	174818239	174818240	-	+	DUP	cna119	major	sim45	Eso-AdenoCa
4	174588902	174588903	4	174818239	174818240	+	-	DEL	cna119	minor	sim45	Eso-AdenoCa
4	174818240	174818241	4	178140545	178140546	-	+	DUP	cna120	major	sim45	Eso-AdenoCa
4	178140546	178140547	4	180868569	180868570	-	+	DUP	cna121	major	sim45	Eso-AdenoCa
4	178140546	178140547	4	180868569	180868570	+	-	DEL	cna121	minor	sim45	Eso-AdenoCa
4	180868570	180868571	4	191020363	191020364	-	+	DUP	cna122	major	sim45	Eso-AdenoCa
4	180868570	180868571	4	191020363	191020364	-	+	DUP	cna122	minor	sim45	Eso-AdenoCa
4	191020364	191020365	4	191154276	191154277	-	+	DUP	cna123	major	sim45	Eso-AdenoCa
5	1	2	5	65601438	65601439	-	+	DUP	cna124	major	sim45	Eso-AdenoCa
5	1	2	5	65601438	65601439	+	-	DEL	cna124	minor	sim45	Eso-AdenoCa
5	30620949	65601438	16	24146789	26230485	-	-	TRA	cna346,cna124	major,major	sim45	Eso-AdenoCa
5	42352900	42352901	5	52801275	52801276	+	+	h2hINV	cna124	major	sim45	Eso-AdenoCa
5	58556600	65601438	8	133175700	146364022	-	-	TRA	cna124,cna211	major,major	sim45	Eso-AdenoCa
5	65601439	65601440	5	72780435	72780436	-	+	DUP	cna125	major	sim45	Eso-AdenoCa
5	72780436	72780437	5	73112546	73112547	-	+	DUP	cna126	major	sim45	Eso-AdenoCa
5	72780436	72780437	5	73112546	73112547	+	-	DEL	cna126	minor	sim45	Eso-AdenoCa
5	73112547	73112548	5	73388065	73388066	+	-	DEL	cna127	minor	sim45	Eso-AdenoCa
5	73388066	73388067	5	115592214	115592215	-	+	DUP	cna128	major	sim45	Eso-AdenoCa
5	73388066	73388067	5	115592214	115592215	+	-	DEL	cna128	minor	sim45	Eso-AdenoCa
5	96733853	115592214	10	1	14894158	-	+	TRA	cna235,cna128	major,major	sim45	Eso-AdenoCa
5	115592215	115592216	5	115881332	115881333	-	+	DUP	cna129	major	sim45	Eso-AdenoCa
5	115592215	115592216	5	115881332	115881333	+	-	DEL	cna129	minor	sim45	Eso-AdenoCa
5	115881333	115881334	5	115935561	115935562	-	+	DUP	cna130	major	sim45	Eso-AdenoCa
5	115881333	115881334	5	115935561	115935562	-	+	DUP	cna130	minor	sim45	Eso-AdenoCa
5	115935562	115935563	5	116276126	116276127	-	+	DUP	cna131	major	sim45	Eso-AdenoCa
5	116276127	116276128	5	116574929	116574930	+	-	DEL	cna132	minor	sim45	Eso-AdenoCa
5	116574930	116574931	5	116768087	116768088	-	+	DUP	cna133	major	sim45	Eso-AdenoCa
5	116768088	116768089	5	118404520	118404521	-	+	DUP	cna134	major	sim45	Eso-AdenoCa
5	118404521	118404522	5	118652912	118652913	-	+	DUP	cna135	major	sim45	Eso-AdenoCa
5	118404521	118404522	5	118652912	118652913	+	-	DEL	cna135	minor	sim45	Eso-AdenoCa
5	118652913	118652914	5	119724627	119724628	-	+	DUP	cna136	major	sim45	Eso-AdenoCa
5	119724628	119724629	5	121272700	121272701	+	-	DEL	cna137	minor	sim45	Eso-AdenoCa
5	121272701	121272702	5	133893314	133893315	-	+	DUP	cna138	major	sim45	Eso-AdenoCa
5	121272701	121272702	5	133893314	133893315	+	-	DEL	cna138	minor	sim45	Eso-AdenoCa
5	133893315	133893316	5	133972822	133972823	+	-	DEL	cna139	minor	sim45	Eso-AdenoCa
5	133972823	133972824	5	167397102	167397103	-	+	DUP	cna140	major	sim45	Eso-AdenoCa
5	133972823	133972824	5	167397102	167397103	-	+	DUP	cna140	minor	sim45	Eso-AdenoCa
5	146094700	167397102	14	1	27254925	-	+	TRA	cna140,cna292	major,major	sim45	Eso-AdenoCa
5	147855700	167397102	16	52869123	80526111	-	-	TRA	cna140,cna353	major,major	sim45	Eso-AdenoCa
5	167985545	167985546	5	170031111	170031112	+	-	DEL	cna142	major	sim45	Eso-AdenoCa
5	167985545	167985546	5	170031111	170031112	+	-	DEL	cna142	minor	sim45	Eso-AdenoCa
5	170031112	170031113	5	170820183	170820184	-	+	DUP	cna143	major	sim45	Eso-AdenoCa
5	170031112	170031113	5	170820183	170820184	+	-	DEL	cna143	minor	sim45	Eso-AdenoCa
5	170820184	170820185	5	172035657	172035658	-	+	DUP	cna144	major	sim45	Eso-AdenoCa
5	170820184	170820185	5	172035657	172035658	-	+	DUP	cna144	minor	sim45	Eso-AdenoCa
5	172035658	172035659	5	178210314	178210315	-	+	DUP	cna145	major	sim45	Eso-AdenoCa
5	172035658	172035659	5	178210314	178210315	-	+	DUP	cna145	minor	sim45	Eso-AdenoCa
5	178210315	178210316	5	179905136	179905137	-	+	DUP	cna146	major	sim45	Eso-AdenoCa
5	178210315	178210316	5	179905136	179905137	-	+	DUP	cna146	minor	sim45	Eso-AdenoCa
5	179905137	179905138	5	180915260	180915261	+	-	DEL	cna147	minor	sim45	Eso-AdenoCa
6	1	2	6	368433	368434	-	+	DUP	cna148	major	sim45	Eso-AdenoCa
6	1	2	6	368433	368434	-	+	DUP	cna148	minor	sim45	Eso-AdenoCa
6	368434	368435	6	706162	706163	-	+	DUP	cna149	major	sim45	Eso-AdenoCa
6	706163	706164	6	77650326	77650327	-	+	DUP	cna150	major	sim45	Eso-AdenoCa
6	706163	706164	6	77650326	77650327	-	+	DUP	cna150	minor	sim45	Eso-AdenoCa
6	706163	18166739	15	85280410	89525982	+	+	TRA	cna331,cna150	major,minor	sim45	Eso-AdenoCa
6	34022040	34022041	6	34032048	34032049	-	-	t2tINV	cna150	major	sim45	Eso-AdenoCa
6	34380640	34380641	6	34390703	34390704	-	-	t2tINV	cna150	major	sim45	Eso-AdenoCa
6	62535840	62535841	6	62545843	62545844	+	+	h2hINV	cna150	minor	sim45	Eso-AdenoCa
6	77397940	77650326	7	1	10110494	-	+	TRA	cna150,cna168	major,minor	sim45	Eso-AdenoCa
6	77650327	77650328	6	79615270	79615271	-	+	DUP	cna151	major	sim45	Eso-AdenoCa
6	77650327	77650328	6	79615270	79615271	-	+	DUP	cna151	minor	sim45	Eso-AdenoCa
6	79615271	79615272	6	79811924	79811925	-	+	DUP	cna152	major	sim45	Eso-AdenoCa
6	79811925	79811926	6	79999880	79999881	-	+	DUP	cna153	major	sim45	Eso-AdenoCa
6	79999881	79999882	6	95156406	95156407	-	+	DUP	cna154	major	sim45	Eso-AdenoCa
6	79999881	79999882	6	95156406	95156407	-	+	DUP	cna154	minor	sim45	Eso-AdenoCa
6	95156407	95156408	6	96113865	96113866	-	+	DUP	cna155	major	sim45	Eso-AdenoCa
6	96113866	96113867	6	99880008	99880009	-	+	DUP	cna156	major	sim45	Eso-AdenoCa
6	99880009	99880010	6	105660524	105660525	-	+	DUP	cna157	major	sim45	Eso-AdenoCa
6	99880009	99880010	6	105660524	105660525	+	-	DEL	cna157	minor	sim45	Eso-AdenoCa
6	105660525	105660526	6	105763543	105763544	-	+	DUP	cna158	major	sim45	Eso-AdenoCa
6	105660525	105660526	6	105763543	105763544	+	-	DEL	cna158	minor	sim45	Eso-AdenoCa
6	105763544	105763545	6	117239927	117239928	-	+	DUP	cna159	major	sim45	Eso-AdenoCa
6	111629140	111629141	6	111639157	111639158	-	-	t2tINV	cna159	major	sim45	Eso-AdenoCa
6	117239928	117239929	6	117892259	117892260	-	+	DUP	cna160	major	sim45	Eso-AdenoCa
6	117239928	117239929	6	117892259	117892260	-	+	DUP	cna160	minor	sim45	Eso-AdenoCa
6	117892260	117892261	6	117954714	117954715	+	-	DEL	cna161	minor	sim45	Eso-AdenoCa
6	117954715	117954716	6	152795542	152795543	-	+	DUP	cna162	major	sim45	Eso-AdenoCa
6	118452740	152795542	14	91610532	95693442	-	+	TRA	cna162,cna303	major,minor	sim45	Eso-AdenoCa
6	152795543	152795544	6	153012898	153012899	-	+	DUP	cna163	major	sim45	Eso-AdenoCa
6	153012899	153012900	6	153020617	153020618	-	+	DUP	cna164	major	sim45	Eso-AdenoCa
6	153012899	153012900	6	153020617	153020618	-	+	DUP	cna164	minor	sim45	Eso-AdenoCa
6	153020618	153020619	6	165954559	165954560	-	+	DUP	cna165	major	sim45	Eso-AdenoCa
6	165954560	165954561	6	167087989	167087990	+	-	DEL	cna166	minor	sim45	Eso-AdenoCa
6	167087990	167087991	6	171115067	171115068	-	+	DUP	cna167	major	sim45	Eso-AdenoCa
7	45366873	45366874	7	48403976	48403977	+	+	h2hINV	cna168	major	sim45	Eso-AdenoCa
7	65105073	65105074	7	65115075	65115076	-	-	t2tINV	cna168	major	sim45	Eso-AdenoCa
7	72803651	72803652	7	72845334	72845335	+	-	DEL	cna169	minor	sim45	Eso-AdenoCa
7	72845335	72845336	7	77055967	77055968	-	+	DUP	cna170	major	sim45	Eso-AdenoCa
7	72845335	72845336	7	77055967	77055968	+	-	DEL	cna170	minor	sim45	Eso-AdenoCa
7	72937873	72937874	7	72968075	72968076	-	-	t2tINV	cna170	major	sim45	Eso-AdenoCa
7	77055968	77055969	7	80595952	80595953	+	-	DEL	cna171	minor	sim45	Eso-AdenoCa
7	77055968	78540262	13	40145899	56670866	+	-	TRA	cna269,cna171	major,minor	sim45	Eso-AdenoCa
7	80595953	80595954	7	82473260	82473261	+	-	DEL	cna172	major	sim45	Eso-AdenoCa
7	80595953	80595954	7	82473260	82473261	+	-	DEL	cna172	minor	sim45	Eso-AdenoCa
7	82473261	82473262	7	83966616	83966617	-	+	DUP	cna173	major	sim45	Eso-AdenoCa
7	83966617	83966618	7	101082556	101082557	-	+	DUP	cna174	major	sim45	Eso-AdenoCa
7	83966617	83966618	7	101082556	101082557	+	-	DEL	cna174	minor	sim45	Eso-AdenoCa
7	98530973	98530974	7	111990545	111990546	-	-	t2tINV	cna179	major	sim45	Eso-AdenoCa
7	101082557	101082558	7	101251088	101251089	-	+	DUP	cna175	major	sim45	Eso-AdenoCa
7	101082557	101082558	7	101251088	101251089	-	+	DUP	cna175	minor	sim45	Eso-AdenoCa
7	101251089	101251090	7	101278291	101278292	+	-	DEL	cna176	minor	sim45	Eso-AdenoCa
7	101289157	101289158	7	107406272	107406273	-	+	DUP	cna178	major	sim45	Eso-AdenoCa
7	101289157	101289158	7	107406272	107406273	-	+	DUP	cna178	minor	sim45	Eso-AdenoCa
7	101613373	107406272	8	98327966	116696763	-	-	TRA	cna178,cna208	minor,minor	sim45	Eso-AdenoCa
7	107406273	107406274	7	117127922	117127923	+	-	DEL	cna179	minor	sim45	Eso-AdenoCa
7	117127923	117127924	7	120196644	120196645	-	+	DUP	cna180	major	sim45	Eso-AdenoCa
7	117127923	117127924	7	120196644	120196645	+	-	DEL	cna180	minor	sim45	Eso-AdenoCa
7	120196645	120196646	7	130312794	130312795	-	+	DUP	cna181	major	sim45	Eso-AdenoCa
7	120196645	128936774	12	117913351	126240718	+	-	TRA	cna181,cna263	major,minor	sim45	Eso-AdenoCa
7	130312795	130312796	7	130319394	130319395	-	+	DUP	cna182	major	sim45	Eso-AdenoCa
7	130319395	130319396	7	130520949	130520950	-	+	DUP	cna183	major	sim45	Eso-AdenoCa
7	130319395	130319396	7	130520949	130520950	+	-	DEL	cna183	minor	sim45	Eso-AdenoCa
7	130520950	130520951	7	146928814	146928815	-	+	DUP	cna184	major	sim45	Eso-AdenoCa
7	130520950	130520951	7	146928814	146928815	-	+	DUP	cna184	minor	sim45	Eso-AdenoCa
7	130520950	146352874	12	53800566	92485301	+	-	TRA	cna184,cna258	minor,minor	sim45	Eso-AdenoCa
7	146928815	146928816	7	147137551	147137552	-	+	DUP	cna185	major	sim45	Eso-AdenoCa
7	147137552	147137553	7	147247304	147247305	+	-	DEL	cna186	minor	sim45	Eso-AdenoCa
7	147247305	147247306	7	147321879	147321880	-	+	DUP	cna187	major	sim45	Eso-AdenoCa
8	1	2	8	24023120	24023121	-	+	DUP	cna189	major	sim45	Eso-AdenoCa
8	1	2	8	24023120	24023121	+	-	DEL	cna189	minor	sim45	Eso-AdenoCa
8	24023121	24023122	8	24887369	24887370	-	+	DUP	cna190	major	sim45	Eso-AdenoCa
8	24023121	24023122	8	24887369	24887370	-	+	DUP	cna190	minor	sim45	Eso-AdenoCa
8	24887370	24887371	8	24946152	24946153	-	+	DUP	cna191	major	sim45	Eso-AdenoCa
8	24946153	24946154	8	25090820	25090821	+	-	DEL	cna192	minor	sim45	Eso-AdenoCa
8	25090821	25090822	8	25134263	25134264	-	+	DUP	cna193	major	sim45	Eso-AdenoCa
8	25134264	25134265	8	25520451	25520452	+	-	DEL	cna194	minor	sim45	Eso-AdenoCa
8	25520452	25520453	8	25921306	25921307	-	+	DUP	cna195	major	sim45	Eso-AdenoCa
8	25520452	25520453	8	25921306	25921307	+	-	DEL	cna195	minor	sim45	Eso-AdenoCa
8	25921307	25921308	8	26232200	26232201	+	-	DEL	cna196	major	sim45	Eso-AdenoCa
8	25921307	25921308	8	26232200	26232201	+	-	DEL	cna196	minor	sim45	Eso-AdenoCa
8	26232201	26232202	8	26956220	26956221	-	+	DUP	cna197	major	sim45	Eso-AdenoCa
8	26232201	26232202	8	26956220	26956221	-	+	DUP	cna197	minor	sim45	Eso-AdenoCa
8	26956221	26956222	8	27074715	27074716	-	+	DUP	cna198	major	sim45	Eso-AdenoCa
8	26956221	26956222	8	27074715	27074716	+	-	DEL	cna198	minor	sim45	Eso-AdenoCa
8	27074716	27074717	8	30825004	30825005	-	+	DUP	cna199	major	sim45	Eso-AdenoCa
8	30825005	30825006	8	33994046	33994047	+	-	DEL	cna200	minor	sim45	Eso-AdenoCa
8	33994047	33994048	8	43645732	43645733	-	+	DUP	cna201	major	sim45	Eso-AdenoCa
8	37151010	37151011	8	42366128	42366129	+	+	h2hINV	cna201	major	sim45	Eso-AdenoCa
8	43645733	43645734	8	45140651	45140652	-	+	DUP	cna202	major	sim45	Eso-AdenoCa
8	45140652	45140653	8	45247536	45247537	-	+	DUP	cna203	major	sim45	Eso-AdenoCa
8	45247537	60338311	14	75494328	91610531	+	-	TRA	cna204,cna302	major,minor	sim45	Eso-AdenoCa
8	67451274	67451275	8	67607735	67607736	-	+	DUP	cna205	major	sim45	Eso-AdenoCa
8	67451274	67451275	8	67607735	67607736	+	-	DEL	cna205	minor	sim45	Eso-AdenoCa
8	67607736	67607737	8	67813328	67813329	+	-	DEL	cna206	minor	sim45	Eso-AdenoCa
8	67813329	67813330	8	67942646	67942647	-	+	DUP	cna207	major	sim45	Eso-AdenoCa
8	67813329	67813330	8	67942646	67942647	-	+	DUP	cna207	minor	sim45	Eso-AdenoCa
8	103273210	103273211	8	135587281	135587282	-	-	t2tINV	cna211	major	sim45	Eso-AdenoCa
8	104733210	104733211	8	138564166	138564167	+	+	h2hINV	cna208	minor	sim45	Eso-AdenoCa
8	116696764	116696765	8	119837168	119837169	-	+	DUP	cna209	major	sim45	Eso-AdenoCa
8	116696764	116696765	8	119837168	119837169	+	-	DEL	cna209	minor	sim45	Eso-AdenoCa
8	116696764	118711468	16	46679586	78952190	+	+	TRA	cna353,cna209	minor,major	sim45	Eso-AdenoCa
8	119837169	119837170	8	120514868	120514869	-	+	DUP	cna210	major	sim45	Eso-AdenoCa
8	119837169	119837170	8	120514868	120514869	+	-	DEL	cna210	minor	sim45	Eso-AdenoCa
8	120514869	120514870	8	146364022	146364023	-	+	DUP	cna211	major	sim45	Eso-AdenoCa
8	120514869	120514870	8	146364022	146364023	+	-	DEL	cna211	minor	sim45	Eso-AdenoCa
8	142449010	142449011	8	143500104	143500105	+	+	h2hINV	cna211	major	sim45	Eso-AdenoCa
9	1	2	9	8901558	8901559	-	+	DUP	cna212	major	sim45	Eso-AdenoCa
9	590388	590389	9	9392012	9392013	+	+	h2hINV	cna212	minor	sim45	Eso-AdenoCa
9	5240588	5240589	9	5250590	5250591	+	+	h2hINV	cna212	minor	sim45	Eso-AdenoCa
9	8901559	8901560	9	9137487	9137488	+	-	DEL	cna213	major	sim45	Eso-AdenoCa
9	8901559	8901560	9	9137487	9137488	+	-	DEL	cna213	minor	sim45	Eso-AdenoCa
9	9137488	9137489	9	9325789	9325790	-	+	DUP	cna214	major	sim45	Eso-AdenoCa
9	9137488	9137489	9	9325789	9325790	+	-	DEL	cna214	minor	sim45	Eso-AdenoCa
9	9325790	9325791	9	9942907	9942908	-	+	DUP	cna215	major	sim45	Eso-AdenoCa
9	9942908	9942909	9	11158279	11158280	-	+	DUP	cna216	major	sim45	Eso-AdenoCa
9	11158280	11158281	9	16179282	16179283	-	+	DUP	cna217	major	sim45	Eso-AdenoCa
9	13982588	16179282	12	52870090	92485301	-	-	TRA	cna217,cna258	major,major	sim45	Eso-AdenoCa
9	16179283	16179284	9	16442240	16442241	-	+	DUP	cna218	major	sim45	Eso-AdenoCa
9	16442241	16442242	9	16601115	16601116	-	+	DUP	cna219	major	sim45	Eso-AdenoCa
9	17765069	17765070	9	18688284	18688285	-	+	DUP	cna221	major	sim45	Eso-AdenoCa
9	18688285	18688286	9	66708345	66708346	-	+	DUP	cna222	major	sim45	Eso-AdenoCa
9	24993588	24993589	9	25003593	25003594	+	+	h2hINV	cna222	major	sim45	Eso-AdenoCa
9	27947888	66708345	16	253889	21335542	-	+	TRA	cna222,cna346	minor,minor	sim45	Eso-AdenoCa
9	33891588	33891589	9	34123122	34123123	-	-	t2tINV	cna222	major	sim45	Eso-AdenoCa
9	37314688	66708345	15	17777018	18605672	-	-	TRA	cna222,cna306	minor,major	sim45	Eso-AdenoCa
9	66708346	66708347	9	66724169	66724170	+	-	DEL	cna223	minor	sim45	Eso-AdenoCa
9	66724170	66724171	9	71653400	71653401	-	+	DUP	cna224	major	sim45	Eso-AdenoCa
9	71653401	71653402	9	72197556	72197557	-	+	DUP	cna225	major	sim45	Eso-AdenoCa
9	72197557	72197558	9	79468243	79468244	-	+	DUP	cna226	major	sim45	Eso-AdenoCa
9	72197557	72197558	9	79468243	79468244	+	-	DEL	cna226	minor	sim45	Eso-AdenoCa
9	79468244	79468245	9	79509098	79509099	+	-	DEL	cna227	minor	sim45	Eso-AdenoCa
9	79509099	79509100	9	79525000	79525001	-	+	DUP	cna228	major	sim45	Eso-AdenoCa
9	79509099	79509100	9	79525000	79525001	-	+	DUP	cna228	minor	sim45	Eso-AdenoCa
9	79525001	79525002	9	79575750	79575751	-	+	DUP	cna229	major	sim45	Eso-AdenoCa
9	79525001	79525002	9	79575750	79575751	+	-	DEL	cna229	minor	sim45	Eso-AdenoCa
9	79575751	79575752	9	79888990	79888991	-	+	DUP	cna230	major	sim45	Eso-AdenoCa
9	79888991	79888992	9	80548366	80548367	+	-	DEL	cna231	minor	sim45	Eso-AdenoCa
9	80548367	80548368	9	81717264	81717265	-	+	DUP	cna232	major	sim45	Eso-AdenoCa
9	80548367	80548368	9	81717264	81717265	-	+	DUP	cna232	minor	sim45	Eso-AdenoCa
9	81717265	81717266	9	81725224	81725225	-	+	DUP	cna233	major	sim45	Eso-AdenoCa
9	81725225	81725226	9	141213431	141213432	-	+	DUP	cna234	major	sim45	Eso-AdenoCa
9	81725225	81725226	9	141213431	141213432	-	+	DUP	cna234	minor	sim45	Eso-AdenoCa
9	98308888	98308889	9	98538177	98538178	+	+	h2hINV	cna234	major	sim45	Eso-AdenoCa
9	108041788	108041789	9	108051788	108051789	+	+	h2hINV	cna234	minor	sim45	Eso-AdenoCa
10	36557466	36557467	10	36646995	36646996	-	+	DUP	cna236	major	sim45	Eso-AdenoCa
10	36557466	36557467	10	36646995	36646996	-	+	DUP	cna236	minor	sim45	Eso-AdenoCa
10	36646996	36646997	10	36751759	36751760	-	+	DUP	cna237	major	sim45	Eso-AdenoCa
10	36646996	36646997	10	36751759	36751760	+	-	DEL	cna237	minor	sim45	Eso-AdenoCa
10	36751760	36751761	10	36792344	36792345	+	-	DEL	cna238	minor	sim45	Eso-AdenoCa
10	36792345	36792346	10	41344693	41344694	-	+	DUP	cna239	major	sim45	Eso-AdenoCa
10	41344694	41344695	10	46708744	46708745	-	+	DUP	cna240	major	sim45	Eso-AdenoCa
10	46708745	46708746	10	58587278	58587279	-	+	DUP	cna241	major	sim45	Eso-AdenoCa
10	46708745	46708746	10	58587278	58587279	+	-	DEL	cna241	minor	sim45	Eso-AdenoCa
10	47830957	47830958	10	94781596	94781597	+	+	h2hINV	cna241	major	sim45	Eso-AdenoCa
10	56390257	56390258	10	56410373	56410374	-	-	t2tINV	cna241	major	sim45	Eso-AdenoCa
10	58587279	58587280	10	68167608	68167609	+	-	DEL	cna242	minor	sim45	Eso-AdenoCa
10	88944057	88944058	10	90111272	90111273	+	+	h2hINV	cna243	major	sim45	Eso-AdenoCa
11	9033510	9033511	11	9512007	9512008	+	+	h2hINV	cna244	major	sim45	Eso-AdenoCa
11	24067510	24067511	11	24587681	24587682	+	+	h2hINV	cna244	minor	sim45	Eso-AdenoCa
11	40292510	40292511	11	46232523	46232524	-	-	t2tINV	cna244	major	sim45	Eso-AdenoCa
11	47754460	47754461	11	92515289	92515290	-	+	DUP	cna245	major	sim45	Eso-AdenoCa
11	47754460	47754461	11	92515289	92515290	+	-	DEL	cna245	minor	sim45	Eso-AdenoCa
11	56867310	56867311	11	56888354	56888355	-	-	t2tINV	cna245	major	sim45	Eso-AdenoCa
11	64968110	64968111	11	98704904	98704905	-	-	t2tINV	cna246	major	sim45	Eso-AdenoCa
11	74097610	74097611	11	74107615	74107616	+	+	h2hINV	cna245	major	sim45	Eso-AdenoCa
11	92515290	92515291	11	102863691	102863692	-	+	DUP	cna246	major	sim45	Eso-AdenoCa
11	92515290	92515291	11	102863691	102863692	-	+	DUP	cna246	minor	sim45	Eso-AdenoCa
11	92515290	97921311	X	43846799	58177712	+	+	TRA	cna246,cna437	major,minor	sim45	Eso-AdenoCa
11	99698510	99698511	11	99708511	99708512	+	+	h2hINV	cna246	major	sim45	Eso-AdenoCa
11	102863692	102863693	11	103579801	103579802	-	+	DUP	cna247	major	sim45	Eso-AdenoCa
11	102863692	102863693	11	103579801	103579802	+	-	DEL	cna247	minor	sim45	Eso-AdenoCa
11	103579802	103579803	11	104071978	104071979	-	+	DUP	cna248	major	sim45	Eso-AdenoCa
11	103579802	103579803	11	104071978	104071979	-	+	DUP	cna248	minor	sim45	Eso-AdenoCa
11	104071979	104071980	11	104879317	104879318	-	+	DUP	cna249	major	sim45	Eso-AdenoCa
11	105031937	105031938	11	106327967	106327968	-	+	DUP	cna251	major	sim45	Eso-AdenoCa
11	106327968	106327969	11	130855712	130855713	-	+	DUP	cna252	major	sim45	Eso-AdenoCa
11	106327968	106327969	11	130855712	130855713	-	+	DUP	cna252	minor	sim45	Eso-AdenoCa
11	130855713	130855714	11	131300184	131300185	-	+	DUP	cna253	major	sim45	Eso-AdenoCa
11	130855713	130855714	11	131300184	131300185	-	+	DUP	cna253	minor	sim45	Eso-AdenoCa
11	131300185	131300186	11	132983066	132983067	-	+	DUP	cna254	major	sim45	Eso-AdenoCa
11	131300185	131300186	11	132983066	132983067	+	-	DEL	cna254	minor	sim45	Eso-AdenoCa
11	132983067	132983068	11	133683286	133683287	+	-	DEL	cna255	major	sim45	Eso-AdenoCa
11	132983067	132983068	11	133683286	133683287	+	-	DEL	cna255	minor	sim45	Eso-AdenoCa
11	133683287	133683288	11	135006516	135006517	+	-	DEL	cna256	minor	sim45	Eso-AdenoCa
12	17824194	24966394	X	103562210	126024742	-	-	TRA	cna257,cna437	major,minor	sim45	Eso-AdenoCa
12	20254294	20254295	12	29174779	29174780	+	+	h2hINV	cna257	major	sim45	Eso-AdenoCa
12	24966395	24966396	12	92485301	92485302	-	+	DUP	cna258	major	sim45	Eso-AdenoCa
12	24966395	24966396	12	92485301	92485302	-	+	DUP	cna258	minor	sim45	Eso-AdenoCa
12	31928694	31928695	12	50801572	50801573	-	-	t2tINV	cna258	minor	sim45	Eso-AdenoCa
12	41568894	41568895	12	43649485	43649486	+	+	h2hINV	cna258	minor	sim45	Eso-AdenoCa
12	71577394	71577395	12	129220520	129220521	-	-	t2tINV	cna266	major	sim45	Eso-AdenoCa
12	89593894	89593895	12	96422258	96422259	-	-	t2tINV	cna261	major	sim45	Eso-AdenoCa
12	92485302	92485303	12	92881767	92881768	-	+	DUP	cna259	major	sim45	Eso-AdenoCa
12	92485302	92485303	12	92881767	92881768	+	-	DEL	cna259	minor	sim45	Eso-AdenoCa
12	92881768	92881769	12	93556695	93556696	-	+	DUP	cna260	major	sim45	Eso-AdenoCa
12	92881768	92881769	12	93556695	93556696	-	+	DUP	cna260	minor	sim45	Eso-AdenoCa
12	93556696	93556697	12	97514429	97514430	+	-	DEL	cna261	minor	sim45	Eso-AdenoCa
12	97514430	97514431	12	97659346	97659347	-	+	DUP	cna262	major	sim45	Eso-AdenoCa
12	97514430	97514431	12	97659346	97659347	+	-	DEL	cna262	minor	sim45	Eso-AdenoCa
12	97659347	97659348	12	126240718	126240719	-	+	DUP	cna263	major	sim45	Eso-AdenoCa
12	97659347	97659348	12	126240718	126240719	-	+	DUP	cna263	minor	sim45	Eso-AdenoCa
12	97659347	103284795	18	1	33693769	+	+	TRA	cna263,cna381	minor,minor	sim45	Eso-AdenoCa
12	126240719	126240720	12	126390953	126390954	-	+	DUP	cna264	major	sim45	Eso-AdenoCa
12	126390954	126390955	12	126758613	126758614	+	-	DEL	cna265	major	sim45	Eso-AdenoCa
12	126390954	126390955	12	126758613	126758614	+	-	DEL	cna265	minor	sim45	Eso-AdenoCa
12	126758614	126758615	12	133726081	133726082	-	+	DUP	cna266	major	sim45	Eso-AdenoCa
12	126758614	126758615	12	133726081	133726082	+	-	DEL	cna266	minor	sim45	Eso-AdenoCa
12	133726082	133726083	12	133851895	133851896	-	+	DUP	cna267	major	sim45	Eso-AdenoCa
13	24448299	36646843	22	39995896	49977942	-	-	TRA	cna268,cna422	major,major	sim45	Eso-AdenoCa
13	36646844	36646845	13	56670866	56670867	-	+	DUP	cna269	major	sim45	Eso-AdenoCa
13	36646844	36646845	13	56670866	56670867	+	-	DEL	cna269	minor	sim45	Eso-AdenoCa
13	36646844	53137400	X	43846799	53234123	+	+	TRA	cna269,cna437	minor,minor	sim45	Eso-AdenoCa
13	55095899	55095900	13	103118621	103118622	-	-	t2tINV	cna283	minor	sim45	Eso-AdenoCa
13	56670867	56670868	13	56802015	56802016	-	+	DUP	cna270	major	sim45	Eso-AdenoCa
13	56670867	56670868	13	56802015	56802016	-	+	DUP	cna270	minor	sim45	Eso-AdenoCa
13	56802016	56802017	13	56929630	56929631	-	+	DUP	cna271	major	sim45	Eso-AdenoCa
13	56802016	56802017	13	56929630	56929631	+	-	DEL	cna271	minor	sim45	Eso-AdenoCa
13	56929631	56929632	13	56939316	56939317	-	+	DUP	cna272	major	sim45	Eso-AdenoCa
13	56939317	56939318	13	57795717	57795718	-	+	DUP	cna273	major	sim45	Eso-AdenoCa
13	56939317	56939318	13	57795717	57795718	+	-	DEL	cna273	minor	sim45	Eso-AdenoCa
13	57795718	57795719	13	57907277	57907278	-	+	DUP	cna274	major	sim45	Eso-AdenoCa
13	57795718	57795719	13	57907277	57907278	+	-	DEL	cna274	minor	sim45	Eso-AdenoCa
13	57907278	57907279	13	58177371	58177372	+	-	DEL	cna275	minor	sim45	Eso-AdenoCa
13	58177372	58177373	13	62769979	62769980	-	+	DUP	cna276	major	sim45	Eso-AdenoCa
13	62769980	62769981	13	64045326	64045327	-	+	DUP	cna277	major	sim45	Eso-AdenoCa
13	64045327	64045328	13	64346576	64346577	-	+	DUP	cna278	major	sim45	Eso-AdenoCa
13	64045327	64045328	13	64346576	64346577	-	+	DUP	cna278	minor	sim45	Eso-AdenoCa
13	64346577	64346578	13	66577794	66577795	+	-	DEL	cna279	minor	sim45	Eso-AdenoCa
13	67978232	67978233	13	68042652	68042653	+	-	DEL	cna281	minor	sim45	Eso-AdenoCa
13	68042653	68042654	13	78388134	78388135	-	+	DUP	cna282	major	sim45	Eso-AdenoCa
13	71327399	71327400	13	71337408	71337409	+	+	h2hINV	cna282	minor	sim45	Eso-AdenoCa
13	78388135	78388136	13	111262037	111262038	-	+	DUP	cna283	major	sim45	Eso-AdenoCa
13	78388135	78388136	13	111262037	111262038	-	+	DUP	cna283	minor	sim45	Eso-AdenoCa
13	83167599	83167600	13	86300099	86300100	+	+	h2hINV	cna283	major	sim45	Eso-AdenoCa
13	101978699	101978700	13	101988705	101988706	-	-	t2tINV	cna283	minor	sim45	Eso-AdenoCa
13	111262038	111262039	13	112238037	112238038	+	-	DEL	cna284	minor	sim45	Eso-AdenoCa
13	112238038	112238039	13	112407131	112407132	-	+	DUP	cna285	major	sim45	Eso-AdenoCa
13	112407132	112407133	13	112658679	112658680	+	-	DEL	cna286	minor	sim45	Eso-AdenoCa
13	112658680	112658681	13	112845171	112845172	+	-	DEL	cna287	major	sim45	Eso-AdenoCa
13	112658680	112658681	13	112845171	112845172	+	-	DEL	cna287	minor	sim45	Eso-AdenoCa
13	112845172	112845173	13	113097967	113097968	-	+	DUP	cna288	major	sim45	Eso-AdenoCa
13	113097968	113097969	13	114945428	114945429	-	+	DUP	cna289	major	sim45	Eso-AdenoCa
13	113097968	113097969	13	114945428	114945429	-	+	DUP	cna289	minor	sim45	Eso-AdenoCa
13	114945429	114945430	13	114999235	114999236	-	+	DUP	cna290	major	sim45	Eso-AdenoCa
13	114945429	114945430	13	114999235	114999236	+	-	DEL	cna290	minor	sim45	Eso-AdenoCa
13	114999236	114999237	13	115169878	115169879	-	+	DUP	cna291	major	sim45	Eso-AdenoCa
13	114999236	114999237	13	115169878	115169879	+	-	DEL	cna291	minor	sim45	Eso-AdenoCa
14	1	2	14	32648918	32648919	-	+	DUP	cna292	major	sim45	Eso-AdenoCa
14	1	2	14	32648918	32648919	-	+	DUP	cna292	minor	sim45	Eso-AdenoCa
14	22985621	22985622	14	23155817	23155818	-	-	t2tINV	cna292	major	sim45	Eso-AdenoCa
14	32648919	32648920	14	39315114	39315115	-	+	DUP	cna293	major	sim45	Eso-AdenoCa
14	32648919	32648920	14	39315114	39315115	+	-	DEL	cna293	minor	sim45	Eso-AdenoCa
14	39315115	39315116	14	39750136	39750137	-	+	DUP	cna294	major	sim45	Eso-AdenoCa
14	39750137	39750138	14	48911807	48911808	-	+	DUP	cna295	major	sim45	Eso-AdenoCa
14	39975321	48911807	21	1	1467886	-	+	TRA	cna295,cna421	minor,major	sim45	Eso-AdenoCa
14	48911808	48911809	14	48959785	48959786	-	+	DUP	cna296	major	sim45	Eso-AdenoCa
14	48959786	48959787	14	65688353	65688354	-	+	DUP	cna297	major	sim45	Eso-AdenoCa
14	48959786	48959787	14	65688353	65688354	+	-	DEL	cna297	minor	sim45	Eso-AdenoCa
14	65688354	65688355	14	67254591	67254592	-	+	DUP	cna298	major	sim45	Eso-AdenoCa
14	67254592	67254593	14	67414541	67414542	-	+	DUP	cna299	major	sim45	Eso-AdenoCa
14	67414542	67414543	14	67456019	67456020	-	+	DUP	cna300	major	sim45	Eso-AdenoCa
14	67414542	67414543	14	67456019	67456020	+	-	DEL	cna300	minor	sim45	Eso-AdenoCa
14	67456020	67456021	14	71076825	71076826	-	+	DUP	cna301	major	sim45	Eso-AdenoCa
14	71076826	71076827	14	91610531	91610532	-	+	DUP	cna302	major	sim45	Eso-AdenoCa
14	71076826	71076827	14	91610531	91610532	+	-	DEL	cna302	minor	sim45	Eso-AdenoCa
14	91610532	91610533	14	107271022	107271023	-	+	DUP	cna303	major	sim45	Eso-AdenoCa
14	98928173	107271022	19	31432321	40517379	-	+	TRA	cna408,cna303	minor,minor	sim45	Eso-AdenoCa
14	107271023	107271024	14	107349540	107349541	-	+	DUP	cna304	major	sim45	Eso-AdenoCa
15	15241620	15241621	15	18605672	18605673	-	+	DUP	cna306	major	sim45	Eso-AdenoCa
15	15241620	15241621	15	18605672	18605673	+	-	DEL	cna306	minor	sim45	Eso-AdenoCa
15	18605673	18605674	15	21568084	21568085	-	+	DUP	cna307	major	sim45	Eso-AdenoCa
15	21568085	21568086	15	21922885	21922886	-	+	DUP	cna308	major	sim45	Eso-AdenoCa
15	21568085	21568086	15	21922885	21922886	-	+	DUP	cna308	minor	sim45	Eso-AdenoCa
15	21922886	21922887	15	23582755	23582756	-	+	DUP	cna309	major	sim45	Eso-AdenoCa
15	21922886	21922887	15	23582755	23582756	+	-	DEL	cna309	minor	sim45	Eso-AdenoCa
15	23582756	23582757	15	27541175	27541176	-	+	DUP	cna310	major	sim45	Eso-AdenoCa
15	27541176	27541177	15	27569502	27569503	-	+	DUP	cna311	major	sim45	Eso-AdenoCa
15	27541176	27541177	15	27569502	27569503	-	+	DUP	cna311	minor	sim45	Eso-AdenoCa
15	27569503	27569504	15	28010494	28010495	-	+	DUP	cna312	major	sim45	Eso-AdenoCa
15	28010495	28010496	15	28017056	28017057	-	+	DUP	cna313	major	sim45	Eso-AdenoCa
15	28010495	28010496	15	28017056	28017057	+	-	DEL	cna313	minor	sim45	Eso-AdenoCa
15	28017057	28017058	15	28276364	28276365	+	-	DEL	cna314	minor	sim45	Eso-AdenoCa
15	28276365	28276366	15	28395391	28395392	-	+	DUP	cna315	major	sim45	Eso-AdenoCa
15	28276365	28276366	15	28395391	28395392	+	-	DEL	cna315	minor	sim45	Eso-AdenoCa
15	28395392	28395393	15	38907939	38907940	-	+	DUP	cna316	major	sim45	Eso-AdenoCa
15	31107381	31107382	15	37603901	37603902	+	+	h2hINV	cna316	minor	sim45	Eso-AdenoCa
15	38907940	38907941	15	43090110	43090111	+	-	DEL	cna317	minor	sim45	Eso-AdenoCa
15	43090111	43090112	15	50659137	50659138	-	+	DUP	cna318	major	sim45	Eso-AdenoCa
15	43350181	50659137	20	3768445	53195250	-	+	TRA	cna318,cna420	major,major	sim45	Eso-AdenoCa
15	50659138	50659139	15	50789630	50789631	-	+	DUP	cna319	major	sim45	Eso-AdenoCa
15	50789631	50789632	15	50796210	50796211	+	-	DEL	cna320	minor	sim45	Eso-AdenoCa
15	50796211	50796212	15	50808739	50808740	+	-	DEL	cna321	major	sim45	Eso-AdenoCa
15	50796211	50796212	15	50808739	50808740	+	-	DEL	cna321	minor	sim45	Eso-AdenoCa
15	50808740	50808741	15	51414816	51414817	-	+	DUP	cna322	major	sim45	Eso-AdenoCa
15	50808740	50808741	15	51414816	51414817	-	+	DUP	cna322	minor	sim45	Eso-AdenoCa
15	51414817	51414818	15	56919209	56919210	-	+	DUP	cna323	major	sim45	Eso-AdenoCa
15	51414817	51414818	15	56919209	56919210	+	-	DEL	cna323	minor	sim45	Eso-AdenoCa
15	56919210	56919211	15	73917945	73917946	-	+	DUP	cna324	major	sim45	Eso-AdenoCa
15	73917946	73917947	15	80144570	80144571	-	+	DUP	cna325	major	sim45	Eso-AdenoCa
15	80144571	80144572	15	80245352	80245353	-	+	DUP	cna326	major	sim45	Eso-AdenoCa
15	80144571	80144572	15	80245352	80245353	-	+	DUP	cna326	minor	sim45	Eso-AdenoCa
15	80245353	80245354	15	81885677	81885678	-	+	DUP	cna327	major	sim45	Eso-AdenoCa
15	80245353	80245354	15	81885677	81885678	+	-	DEL	cna327	minor	sim45	Eso-AdenoCa
15	81885678	81885679	15	84987634	84987635	-	+	DUP	cna328	major	sim45	Eso-AdenoCa
15	84987635	84987636	15	85240466	85240467	-	+	DUP	cna329	major	sim45	Eso-AdenoCa
15	84987635	84987636	15	85240466	85240467	-	+	DUP	cna329	minor	sim45	Eso-AdenoCa
15	85240467	85240468	15	85280409	85280410	-	+	DUP	cna330	major	sim45	Eso-AdenoCa
15	85280410	85280411	15	90732086	90732087	+	-	DEL	cna331	minor	sim45	Eso-AdenoCa
15	90732087	90732088	15	91778819	91778820	-	+	DUP	cna332	major	sim45	Eso-AdenoCa
15	91778820	91778821	15	91852015	91852016	+	-	DEL	cna333	major	sim45	Eso-AdenoCa
15	91778820	91778821	15	91852015	91852016	+	-	DEL	cna333	minor	sim45	Eso-AdenoCa
15	91852016	91852017	15	91903859	91903860	-	+	DUP	cna334	major	sim45	Eso-AdenoCa
15	91852016	91852017	15	91903859	91903860	+	-	DEL	cna334	minor	sim45	Eso-AdenoCa
15	91903860	91903861	15	92652515	92652516	-	+	DUP	cna335	major	sim45	Eso-AdenoCa
15	91903860	91903861	15	92652515	92652516	-	+	DUP	cna335	minor	sim45	Eso-AdenoCa
15	92652516	92652517	15	92702902	92702903	-	+	DUP	cna336	major	sim45	Eso-AdenoCa
15	92652516	92652517	15	92702902	92702903	+	-	DEL	cna336	minor	sim45	Eso-AdenoCa
15	92702903	92702904	15	92840395	92840396	+	-	DEL	cna337	minor	sim45	Eso-AdenoCa
15	92840396	92840397	15	95309978	95309979	-	+	DUP	cna338	major	sim45	Eso-AdenoCa
15	92840396	92840397	15	95309978	95309979	-	+	DUP	cna338	minor	sim45	Eso-AdenoCa
15	95309979	95309980	15	96868220	96868221	+	-	DEL	cna339	minor	sim45	Eso-AdenoCa
15	96868221	96868222	15	99859144	99859145	-	+	DUP	cna340	major	sim45	Eso-AdenoCa
15	96868221	96868222	15	99859144	99859145	+	-	DEL	cna340	minor	sim45	Eso-AdenoCa
15	99512081	99512082	15	99522087	99522088	-	-	t2tINV	cna340	major	sim45	Eso-AdenoCa
15	99859145	99859146	15	101558176	101558177	-	+	DUP	cna341	major	sim45	Eso-AdenoCa
15	101558177	101558178	15	102336456	102336457	-	+	DUP	cna342	major	sim45	Eso-AdenoCa
15	101558177	101558178	15	102336456	102336457	-	+	DUP	cna342	minor	sim45	Eso-AdenoCa
15	102336457	102336458	15	102531392	102531393	-	+	DUP	cna343	major	sim45	Eso-AdenoCa
15	102336457	102336458	15	102531392	102531393	+	-	DEL	cna343	minor	sim45	Eso-AdenoCa
16	1	2	16	6937	6938	-	+	DUP	cna344	major	sim45	Eso-AdenoCa
16	1	2	16	6937	6938	-	+	DUP	cna344	minor	sim45	Eso-AdenoCa
16	6938	6939	16	253888	253889	+	-	DEL	cna345	major	sim45	Eso-AdenoCa
16	6938	6939	16	253888	253889	+	-	DEL	cna345	minor	sim45	Eso-AdenoCa
16	253889	253890	16	26230485	26230486	-	+	DUP	cna346	major	sim45	Eso-AdenoCa
16	15264089	15264090	16	32482272	32482273	+	+	h2hINV	cna346	minor	sim45	Eso-AdenoCa
16	22778689	22778690	16	25131406	25131407	-	-	t2tINV	cna346	minor	sim45	Eso-AdenoCa
16	26230486	26230487	16	26285027	26285028	+	-	DEL	cna347	major	sim45	Eso-AdenoCa
16	26230486	26230487	16	26285027	26285028	+	-	DEL	cna347	minor	sim45	Eso-AdenoCa
16	26285028	26285029	16	31224074	31224075	-	+	DUP	cna348	major	sim45	Eso-AdenoCa
16	31224075	31224076	16	40937211	40937212	-	+	DUP	cna349	major	sim45	Eso-AdenoCa
16	31224075	31224076	16	40937211	40937212	+	-	DEL	cna349	minor	sim45	Eso-AdenoCa
16	40937212	40937213	16	42148771	42148772	-	+	DUP	cna350	major	sim45	Eso-AdenoCa
16	40937212	40937213	16	42148771	42148772	-	+	DUP	cna350	minor	sim45	Eso-AdenoCa
16	42148772	42148773	16	46482150	46482151	-	+	DUP	cna351	major	sim45	Eso-AdenoCa
16	42148772	42148773	16	46482150	46482151	+	-	DEL	cna351	minor	sim45	Eso-AdenoCa
16	46679586	46679587	16	80526111	80526112	-	+	DUP	cna353	major	sim45	Eso-AdenoCa
16	46679586	46679587	16	80526111	80526112	-	+	DUP	cna353	minor	sim45	Eso-AdenoCa
16	80526112	80526113	16	80691813	80691814	+	-	DEL	cna354	minor	sim45	Eso-AdenoCa
16	80691814	80691815	16	80767979	80767980	-	+	DUP	cna355	major	sim45	Eso-AdenoCa
16	80691814	80691815	16	80767979	80767980	+	-	DEL	cna355	minor	sim45	Eso-AdenoCa
16	80767980	80767981	16	84182638	84182639	-	+	DUP	cna356	major	sim45	Eso-AdenoCa
16	81539689	81539690	16	81560081	81560082	+	+	h2hINV	cna356	major	sim45	Eso-AdenoCa
16	84182639	84182640	16	84189195	84189196	-	+	DUP	cna357	major	sim45	Eso-AdenoCa
16	84189196	84189197	16	86216730	86216731	-	+	DUP	cna358	major	sim45	Eso-AdenoCa
16	84189196	84189197	16	86216730	86216731	+	-	DEL	cna358	minor	sim45	Eso-AdenoCa
16	86216731	86216732	16	86347219	86347220	-	+	DUP	cna359	major	sim45	Eso-AdenoCa
16	86347220	86347221	16	86376303	86376304	+	-	DEL	cna360	minor	sim45	Eso-AdenoCa
16	86376304	86376305	16	88896598	88896599	-	+	DUP	cna361	major	sim45	Eso-AdenoCa
16	86376304	86376305	16	88896598	88896599	+	-	DEL	cna361	minor	sim45	Eso-AdenoCa
16	88896599	88896600	16	89743851	89743852	-	+	DUP	cna362	major	sim45	Eso-AdenoCa
16	89743852	89743853	16	89827387	89827388	-	+	DUP	cna363	major	sim45	Eso-AdenoCa
16	89743852	89743853	16	89827387	89827388	-	+	DUP	cna363	minor	sim45	Eso-AdenoCa
16	89827388	89827389	16	90253191	90253192	-	+	DUP	cna364	major	sim45	Eso-AdenoCa
16	89827388	89827389	16	90253191	90253192	+	-	DEL	cna364	minor	sim45	Eso-AdenoCa
16	90253192	90253193	16	90354753	90354754	+	-	DEL	cna365	minor	sim45	Eso-AdenoCa
17	1	2	17	20106041	20106042	-	+	DUP	cna366	major	sim45	Eso-AdenoCa
17	1	2	17	20106041	20106042	+	-	DEL	cna366	minor	sim45	Eso-AdenoCa
17	19817936	19817937	17	19827938	19827939	+	+	h2hINV	cna366	major	sim45	Eso-AdenoCa
17	20106042	20106043	17	21267658	21267659	-	+	DUP	cna367	major	sim45	Eso-AdenoCa
17	20106042	20106043	17	21267658	21267659	+	-	DEL	cna367	minor	sim45	Eso-AdenoCa
17	21267659	21267660	17	37195661	37195662	-	+	DUP	cna368	major	sim45	Eso-AdenoCa
17	21267659	21267660	17	37195661	37195662	-	+	DUP	cna368	minor	sim45	Eso-AdenoCa
17	39262836	39262837	17	39428227	39428228	-	-	t2tINV	cna369	major	sim45	Eso-AdenoCa
17	63561736	63561737	17	75836483	75836484	-	-	t2tINV	cna379	major	sim45	Eso-AdenoCa
17	65333567	65333568	17	65348122	65348123	+	-	DEL	cna370	minor	sim45	Eso-AdenoCa
17	65348123	65348124	17	66849039	66849040	-	+	DUP	cna371	major	sim45	Eso-AdenoCa
17	65348123	65348124	17	66849039	66849040	-	+	DUP	cna371	minor	sim45	Eso-AdenoCa
17	66849040	66849041	17	67853659	67853660	-	+	DUP	cna372	major	sim45	Eso-AdenoCa
17	67853660	67853661	17	67868113	67868114	+	-	DEL	cna373	minor	sim45	Eso-AdenoCa
17	67868114	67868115	17	67908755	67908756	-	+	DUP	cna374	major	sim45	Eso-AdenoCa
17	67908756	67908757	17	69327492	69327493	-	+	DUP	cna375	major	sim45	Eso-AdenoCa
17	69327493	69327494	17	72633066	72633067	-	+	DUP	cna376	major	sim45	Eso-AdenoCa
17	72633067	72633068	17	74590275	74590276	-	+	DUP	cna377	major	sim45	Eso-AdenoCa
17	74590276	74590277	17	74726337	74726338	+	-	DEL	cna378	minor	sim45	Eso-AdenoCa
17	74726338	74726339	17	81151866	81151867	-	+	DUP	cna379	major	sim45	Eso-AdenoCa
17	74726338	74726339	17	81151866	81151867	-	+	DUP	cna379	minor	sim45	Eso-AdenoCa
17	81151867	81151868	17	81195210	81195211	-	+	DUP	cna380	major	sim45	Eso-AdenoCa
18	1	2	18	42130931	42130932	-	+	DUP	cna381	major	sim45	Eso-AdenoCa
18	1	2	18	42130931	42130932	+	-	DEL	cna381	minor	sim45	Eso-AdenoCa
18	41229326	42130931	Y	13287725	33208142	-	-	TRA	cna381,cna443	major,major	sim45	Eso-AdenoCa
18	42130932	42130933	18	42608883	42608884	-	+	DUP	cna382	major	sim45	Eso-AdenoCa
18	42608884	42608885	18	42615584	42615585	-	+	DUP	cna383	major	sim45	Eso-AdenoCa
18	42608884	42608885	18	42615584	42615585	+	-	DEL	cna383	minor	sim45	Eso-AdenoCa
18	42615585	42615586	18	42957574	42957575	-	+	DUP	cna384	major	sim45	Eso-AdenoCa
18	42957575	42957576	18	53008372	53008373	-	+	DUP	cna385	major	sim45	Eso-AdenoCa
18	42957575	42957576	18	53008372	53008373	+	-	DEL	cna385	minor	sim45	Eso-AdenoCa
18	49040226	49040227	18	49050232	49050233	-	-	t2tINV	cna385	major	sim45	Eso-AdenoCa
18	53008373	53008374	18	53140083	53140084	-	+	DUP	cna386	major	sim45	Eso-AdenoCa
18	53140084	53140085	18	77925245	77925246	-	+	DUP	cna387	major	sim45	Eso-AdenoCa
18	77925246	77925247	18	77961922	77961923	-	+	DUP	cna388	major	sim45	Eso-AdenoCa
18	77961923	77961924	18	78077248	78077249	-	+	DUP	cna389	major	sim45	Eso-AdenoCa
19	1	2	19	3983424	3983425	-	+	DUP	cna390	major	sim45	Eso-AdenoCa
19	3983425	3983426	19	5476745	5476746	-	+	DUP	cna391	major	sim45	Eso-AdenoCa
19	3983425	3983426	19	5476745	5476746	-	+	DUP	cna391	minor	sim45	Eso-AdenoCa
19	5476746	5476747	19	11297108	11297109	-	+	DUP	cna392	major	sim45	Eso-AdenoCa
19	5476746	5476747	19	11297108	11297109	+	-	DEL	cna392	minor	sim45	Eso-AdenoCa
19	6053678	6053679	19	6155543	6155544	+	+	h2hINV	cna392	major	sim45	Eso-AdenoCa
19	11297109	11297110	19	11373816	11373817	-	+	DUP	cna393	major	sim45	Eso-AdenoCa
19	11373817	11373818	19	12158690	12158691	-	+	DUP	cna394	major	sim45	Eso-AdenoCa
19	12158691	12158692	19	12858628	12858629	-	+	DUP	cna395	major	sim45	Eso-AdenoCa
19	12158691	12158692	19	12858628	12858629	+	-	DEL	cna395	minor	sim45	Eso-AdenoCa
19	12858629	12858630	19	13156266	13156267	-	+	DUP	cna396	major	sim45	Eso-AdenoCa
19	13156267	13156268	19	13265293	13265294	-	+	DUP	cna397	major	sim45	Eso-AdenoCa
19	13265294	13265295	19	13284567	13284568	-	+	DUP	cna398	major	sim45	Eso-AdenoCa
19	13265294	13265295	19	13284567	13284568	-	+	DUP	cna398	minor	sim45	Eso-AdenoCa
19	13284568	13284569	19	13410691	13410692	-	+	DUP	cna399	major	sim45	Eso-AdenoCa
19	13284568	13284569	19	13410691	13410692	+	-	DEL	cna399	minor	sim45	Eso-AdenoCa
19	13410692	13410693	19	13500382	13500383	-	+	DUP	cna400	major	sim45	Eso-AdenoCa
19	13410692	13410693	19	13500382	13500383	-	+	DUP	cna400	minor	sim45	Eso-AdenoCa
19	13500383	13500384	19	13888583	13888584	-	+	DUP	cna401	major	sim45	Eso-AdenoCa
19	13500383	13500384	19	13888583	13888584	+	-	DEL	cna401	minor	sim45	Eso-AdenoCa
19	13888584	13888585	19	14918555	14918556	-	+	DUP	cna402	major	sim45	Eso-AdenoCa
19	13888584	13888585	19	14918555	14918556	-	+	DUP	cna402	minor	sim45	Eso-AdenoCa
19	14918556	14918557	19	18275534	18275535	-	+	DUP	cna403	major	sim45	Eso-AdenoCa
19	17928378	17928379	19	30674228	30674229	-	-	t2tINV	cna407	major	sim45	Eso-AdenoCa
19	18408535	18408536	19	25236170	25236171	-	+	DUP	cna405	major	sim45	Eso-AdenoCa
19	19875478	19875479	19	19885481	19885482	+	+	h2hINV	cna405	minor	sim45	Eso-AdenoCa
19	20361178	20361179	19	21564216	21564217	-	-	t2tINV	cna405	major	sim45	Eso-AdenoCa
19	25236171	25236172	19	25332961	25332962	+	-	DEL	cna406	minor	sim45	Eso-AdenoCa
19	25332962	25332963	19	31432320	31432321	-	+	DUP	cna407	major	sim45	Eso-AdenoCa
19	25332962	25332963	19	31432320	31432321	+	-	DEL	cna407	minor	sim45	Eso-AdenoCa
19	29634678	29634679	19	30774337	30774338	-	-	t2tINV	cna407	major	sim45	Eso-AdenoCa
19	38611178	38611179	19	38621188	38621189	-	-	t2tINV	cna408	major	sim45	Eso-AdenoCa
19	46002830	46002831	19	49397049	49397050	-	+	DUP	cna409	major	sim45	Eso-AdenoCa
19	46002830	46002831	19	49397049	49397050	+	-	DEL	cna409	minor	sim45	Eso-AdenoCa
19	46858778	46858779	19	48832614	48832615	+	+	h2hINV	cna409	major	sim45	Eso-AdenoCa
19	49397050	49397051	19	49616831	49616832	-	+	DUP	cna410	major	sim45	Eso-AdenoCa
19	49616832	49616833	19	53418149	53418150	-	+	DUP	cna411	minor	sim45	Eso-AdenoCa
19	53418150	53418151	19	54801659	54801660	-	+	DUP	cna412	major	sim45	Eso-AdenoCa
19	53418150	53418151	19	54801659	54801660	+	-	DEL	cna412	minor	sim45	Eso-AdenoCa
19	54989253	54989254	19	56473508	56473509	-	+	DUP	cna414	major	sim45	Eso-AdenoCa
19	54989253	54989254	19	56473508	56473509	-	+	DUP	cna414	minor	sim45	Eso-AdenoCa
19	56473509	56473510	19	57582118	57582119	+	-	DEL	cna415	minor	sim45	Eso-AdenoCa
19	57582119	57582120	19	58871081	58871082	-	+	DUP	cna416	major	sim45	Eso-AdenoCa
19	58871082	58871083	19	59083014	59083015	+	-	DEL	cna417	major	sim45	Eso-AdenoCa
19	58871082	58871083	19	59083014	59083015	+	-	DEL	cna417	minor	sim45	Eso-AdenoCa
19	59083015	59083016	19	59128983	59128984	-	+	DUP	cna418	major	sim45	Eso-AdenoCa
20	1	2	20	3768444	3768445	-	+	DUP	cna419	major	sim45	Eso-AdenoCa
20	1	2	20	3768444	3768445	+	-	DEL	cna419	minor	sim45	Eso-AdenoCa
20	3768445	3768446	20	63025520	63025521	-	+	DUP	cna420	major	sim45	Eso-AdenoCa
20	3768445	3768446	20	63025520	63025521	-	+	DUP	cna420	minor	sim45	Eso-AdenoCa
20	9069295	9069296	20	20927461	20927462	+	+	h2hINV	cna420	major	sim45	Eso-AdenoCa
21	1	2	21	48129895	48129896	+	-	DEL	cna421	minor	sim45	Eso-AdenoCa
22	1	2	22	49977942	49977943	-	+	DUP	cna422	major	sim45	Eso-AdenoCa
22	49977943	49977944	22	51304566	51304567	-	+	DUP	cna423	major	sim45	Eso-AdenoCa
22	49977943	49977944	22	51304566	51304567	+	-	DEL	cna423	minor	sim45	Eso-AdenoCa
X	3792575	3792576	X	4117645	4117646	+	-	DEL	cna425	minor	sim45	Eso-AdenoCa
X	4117646	4117647	X	7909819	7909820	-	+	DUP	cna426	major	sim45	Eso-AdenoCa
X	7909820	7909821	X	8907650	8907651	-	+	DUP	cna427	major	sim45	Eso-AdenoCa
X	7909820	7909821	X	8907650	8907651	-	+	DUP	cna427	minor	sim45	Eso-AdenoCa
X	8907651	8907652	X	9663704	9663705	-	+	DUP	cna428	major	sim45	Eso-AdenoCa
X	8907651	8907652	X	9663704	9663705	+	-	DEL	cna428	minor	sim45	Eso-AdenoCa
X	9663705	9663706	X	19496479	19496480	-	+	DUP	cna429	major	sim45	Eso-AdenoCa
X	19496480	19496481	X	21784559	21784560	-	+	DUP	cna430	major	sim45	Eso-AdenoCa
X	21784560	21784561	X	23087725	23087726	-	+	DUP	cna431	major	sim45	Eso-AdenoCa
X	23087726	23087727	X	23602973	23602974	-	+	DUP	cna432	major	sim45	Eso-AdenoCa
X	23087726	23087727	X	23602973	23602974	-	+	DUP	cna432	minor	sim45	Eso-AdenoCa
X	23602974	23602975	X	35332998	35332999	-	+	DUP	cna433	major	sim45	Eso-AdenoCa
X	35332999	35333000	X	36217666	36217667	-	+	DUP	cna434	major	sim45	Eso-AdenoCa
X	35332999	35333000	X	36217666	36217667	+	-	DEL	cna434	minor	sim45	Eso-AdenoCa
X	36217667	36217668	X	36972088	36972089	-	+	DUP	cna435	major	sim45	Eso-AdenoCa
X	36972089	36972090	X	43846798	43846799	-	+	DUP	cna436	major	sim45	Eso-AdenoCa
X	36972089	36972090	X	43846798	43846799	+	-	DEL	cna436	minor	sim45	Eso-AdenoCa
X	113775014	113775015	X	113785031	113785032	-	-	t2tINV	cna437	major	sim45	Eso-AdenoCa
X	125758214	125758215	X	125768220	125768221	-	-	t2tINV	cna437	minor	sim45	Eso-AdenoCa
X	126024743	126024744	X	154133262	154133263	-	+	DUP	cna438	major	sim45	Eso-AdenoCa
X	126024743	126024744	X	154133262	154133263	+	-	DEL	cna438	minor	sim45	Eso-AdenoCa
X	154133263	154133264	X	154472579	154472580	-	+	DUP	cna439	major	sim45	Eso-AdenoCa
X	154133263	154133264	X	154472579	154472580	+	-	DEL	cna439	minor	sim45	Eso-AdenoCa
X	154472580	154472581	X	154624723	154624724	-	+	DUP	cna440	major	sim45	Eso-AdenoCa
X	154624724	154624725	X	155013769	155013770	-	+	DUP	cna441	major	sim45	Eso-AdenoCa
X	154624724	154624725	X	155013769	155013770	+	-	DEL	cna441	minor	sim45	Eso-AdenoCa
X	155013770	155013771	X	155270560	155270561	-	+	DUP	cna442	major	sim45	Eso-AdenoCa
X	155013770	155013771	X	155270560	155270561	-	+	DUP	cna442	minor	sim45	Eso-AdenoCa
Y	1	2	Y	33208142	33208143	-	+	DUP	cna443	major	sim45	Eso-AdenoCa
Y	1	2	Y	33208142	33208143	-	+	DUP	cna443	minor	sim45	Eso-AdenoCa
Y	33208143	33208144	Y	38740757	38740758	-	+	DUP	cna444	major	sim45	Eso-AdenoCa
Y	38740758	38740759	Y	38753512	38753513	-	+	DUP	cna445	major	sim45	Eso-AdenoCa
Y	38740758	38740759	Y	38753512	38753513	+	-	DEL	cna445	minor	sim45	Eso-AdenoCa
Y	38753513	38753514	Y	38970947	38970948	-	+	DUP	cna446	major	sim45	Eso-AdenoCa
Y	38970948	38970949	Y	39664176	39664177	+	-	DEL	cna447	minor	sim45	Eso-AdenoCa
Y	39664177	39664178	Y	56190206	56190207	-	+	DUP	cna448	major	sim45	Eso-AdenoCa
Y	39664177	39664178	Y	56190206	56190207	-	+	DUP	cna448	minor	sim45	Eso-AdenoCa
Y	56190207	56190208	Y	57495284	57495285	-	+	DUP	cna449	major	sim45	Eso-AdenoCa
Y	56190207	56190208	Y	57495284	57495285	+	-	DEL	cna449	minor	sim45	Eso-AdenoCa
Y	57495285	57495286	Y	58935136	58935137	+	-	DEL	cna450	major	sim45	Eso-AdenoCa
Y	57495285	57495286	Y	58935136	58935137	+	-	DEL	cna450	minor	sim45	Eso-AdenoCa
Y	58935137	58935138	Y	58941660	58941661	-	+	DUP	cna451	major	sim45	Eso-AdenoCa
Y	58941661	58941662	Y	59373566	59373567	-	+	DUP	cna452	major	sim45	Eso-AdenoCa
Y	58941661	58941662	Y	59373566	59373567	+	-	DEL	cna452	minor	sim45	Eso-AdenoCa
