chrom	start	end	major_cn	minor_cn	donor_id	study	id
1	1	30094604	2	1	sim66	Eso-AdenoCa	cna0
1	30094605	30247476	1	0	sim66	Eso-AdenoCa	cna1
1	30247477	30291319	2	1	sim66	Eso-AdenoCa	cna2
1	30291320	108787553	1	1	sim66	Eso-AdenoCa	cna3
1	108787554	108900362	5	2	sim66	Eso-AdenoCa	cna4
1	108900363	112417236	3	1	sim66	Eso-AdenoCa	cna5
1	112417237	249250621	1	0	sim66	Eso-AdenoCa	cna6
2	1	6751529	2	0	sim66	Eso-AdenoCa	cna7
2	6751530	6812322	1	1	sim66	Eso-AdenoCa	cna8
2	6812323	85080134	2	1	sim66	Eso-AdenoCa	cna9
2	85080135	205757873	4	1	sim66	Eso-AdenoCa	cna10
2	205757874	205773525	1	0	sim66	Eso-AdenoCa	cna11
2	205773526	205789190	2	1	sim66	Eso-AdenoCa	cna12
2	205789191	219745123	2	2	sim66	Eso-AdenoCa	cna13
2	219745124	243199373	1	0	sim66	Eso-AdenoCa	cna14
3	1	118997357	3	2	sim66	Eso-AdenoCa	cna15
3	118997358	119023035	2	0	sim66	Eso-AdenoCa	cna16
3	119023036	198022430	1	1	sim66	Eso-AdenoCa	cna17
4	1	42133605	1	1	sim66	Eso-AdenoCa	cna18
4	42133606	158784366	1	0	sim66	Eso-AdenoCa	cna19
4	158784367	158853132	5	2	sim66	Eso-AdenoCa	cna20
4	158853133	190963366	1	1	sim66	Eso-AdenoCa	cna21
4	190963367	191154276	0	0	sim66	Eso-AdenoCa	cna22
5	1	71077981	2	1	sim66	Eso-AdenoCa	cna23
5	71077982	78388468	1	1	sim66	Eso-AdenoCa	cna24
5	78388469	78513224	2	2	sim66	Eso-AdenoCa	cna25
5	78513225	156532653	1	1	sim66	Eso-AdenoCa	cna26
5	156532654	180915260	2	2	sim66	Eso-AdenoCa	cna27
6	1	168682113	1	1	sim66	Eso-AdenoCa	cna28
6	168682114	171115067	2	1	sim66	Eso-AdenoCa	cna29
7	1	145274950	2	0	sim66	Eso-AdenoCa	cna30
7	145274951	159138663	1	0	sim66	Eso-AdenoCa	cna31
8	1	117008045	3	2	sim66	Eso-AdenoCa	cna32
8	117008046	117045885	1	1	sim66	Eso-AdenoCa	cna33
8	117045886	146364022	2	1	sim66	Eso-AdenoCa	cna34
9	1	1484492	2	0	sim66	Eso-AdenoCa	cna35
9	1484493	39161053	1	1	sim66	Eso-AdenoCa	cna36
9	39161054	42421801	1	0	sim66	Eso-AdenoCa	cna37
9	42421802	141213431	3	1	sim66	Eso-AdenoCa	cna38
10	1	135534747	2	1	sim66	Eso-AdenoCa	cna39
11	1	72512816	2	1	sim66	Eso-AdenoCa	cna40
11	72512817	89333862	3	1	sim66	Eso-AdenoCa	cna41
11	89333863	101837279	2	1	sim66	Eso-AdenoCa	cna42
11	101837280	102396271	3	2	sim66	Eso-AdenoCa	cna43
11	102396272	131144412	4	0	sim66	Eso-AdenoCa	cna44
11	131144413	135006516	2	1	sim66	Eso-AdenoCa	cna45
12	1	133851895	2	0	sim66	Eso-AdenoCa	cna46
13	1	115169878	2	0	sim66	Eso-AdenoCa	cna47
14	1	107349540	1	0	sim66	Eso-AdenoCa	cna48
15	1	102531392	1	0	sim66	Eso-AdenoCa	cna49
16	1	40697755	1	1	sim66	Eso-AdenoCa	cna50
16	40697756	40726415	4	1	sim66	Eso-AdenoCa	cna51
16	40726416	85663104	3	2	sim66	Eso-AdenoCa	cna52
16	85663105	90354753	2	0	sim66	Eso-AdenoCa	cna53
17	1	81195210	2	0	sim66	Eso-AdenoCa	cna54
18	1	57438020	2	1	sim66	Eso-AdenoCa	cna55
18	57438021	57448775	1	1	sim66	Eso-AdenoCa	cna56
18	57448776	70143575	2	0	sim66	Eso-AdenoCa	cna57
18	70143576	71180171	1	1	sim66	Eso-AdenoCa	cna58
18	71180172	78077248	2	2	sim66	Eso-AdenoCa	cna59
19	1	59128983	2	0	sim66	Eso-AdenoCa	cna60
20	1	62723886	2	0	sim66	Eso-AdenoCa	cna61
20	62723887	63025520	1	0	sim66	Eso-AdenoCa	cna62
21	1	48129895	2	1	sim66	Eso-AdenoCa	cna63
22	1	46907922	2	1	sim66	Eso-AdenoCa	cna64
22	46907923	51304566	2	0	sim66	Eso-AdenoCa	cna65
X	1	154421584	2	2	sim66	Eso-AdenoCa	cna66
X	154421585	155270560	1	1	sim66	Eso-AdenoCa	cna67
Y	1	57726027	2	1	sim66	Eso-AdenoCa	cna68
Y	57726028	58688380	1	1	sim66	Eso-AdenoCa	cna69
Y	58688381	58998507	2	0	sim66	Eso-AdenoCa	cna70
Y	58998508	59373566	2	1	sim66	Eso-AdenoCa	cna71
