chrom	start	end	major_cn	minor_cn	donor_id	study	id
1	1	110685394	1	1	sim36	Eso-AdenoCa	cna0
1	110685395	123625665	2	1	sim36	Eso-AdenoCa	cna1
1	123625666	196640102	1	1	sim36	Eso-AdenoCa	cna2
1	196640103	196652069	2	1	sim36	Eso-AdenoCa	cna3
1	196652070	197318419	1	1	sim36	Eso-AdenoCa	cna4
1	197318420	241804100	2	2	sim36	Eso-AdenoCa	cna5
1	241804101	241816152	1	1	sim36	Eso-AdenoCa	cna6
1	241816153	249250621	2	0	sim36	Eso-AdenoCa	cna7
2	1	5688923	1	1	sim36	Eso-AdenoCa	cna8
2	5688924	25230304	3	1	sim36	Eso-AdenoCa	cna9
2	25230305	35128300	2	1	sim36	Eso-AdenoCa	cna10
2	35128301	243199373	1	1	sim36	Eso-AdenoCa	cna11
3	1	182173268	4	1	sim36	Eso-AdenoCa	cna12
3	182173269	198022430	2	1	sim36	Eso-AdenoCa	cna13
4	1	58152045	1	1	sim36	Eso-AdenoCa	cna14
4	58152046	58162449	1	0	sim36	Eso-AdenoCa	cna15
4	58162450	58181378	2	1	sim36	Eso-AdenoCa	cna16
4	58181379	63923917	1	1	sim36	Eso-AdenoCa	cna17
4	63923918	63944198	1	0	sim36	Eso-AdenoCa	cna18
4	63944199	105729497	1	1	sim36	Eso-AdenoCa	cna19
4	105729498	106247109	3	1	sim36	Eso-AdenoCa	cna20
4	106247110	106257521	2	0	sim36	Eso-AdenoCa	cna21
4	106257522	191154276	1	1	sim36	Eso-AdenoCa	cna22
5	1	63618376	1	1	sim36	Eso-AdenoCa	cna23
5	63618377	63905953	2	1	sim36	Eso-AdenoCa	cna24
5	63905954	64205622	3	2	sim36	Eso-AdenoCa	cna25
5	64205623	64226318	4	0	sim36	Eso-AdenoCa	cna26
5	64226319	81619091	1	1	sim36	Eso-AdenoCa	cna27
5	81619092	81790477	2	0	sim36	Eso-AdenoCa	cna28
5	81790478	136262980	1	1	sim36	Eso-AdenoCa	cna29
5	136262981	145721231	2	1	sim36	Eso-AdenoCa	cna30
5	145721232	152353414	1	1	sim36	Eso-AdenoCa	cna31
5	152353415	180915260	1	0	sim36	Eso-AdenoCa	cna32
6	1	171115067	2	0	sim36	Eso-AdenoCa	cna33
7	1	2450020	1	1	sim36	Eso-AdenoCa	cna34
7	2450021	2793953	3	2	sim36	Eso-AdenoCa	cna35
7	2793954	3034979	4	1	sim36	Eso-AdenoCa	cna36
7	3034980	70676422	3	0	sim36	Eso-AdenoCa	cna37
7	70676423	150823372	2	0	sim36	Eso-AdenoCa	cna38
7	150823373	159138663	1	1	sim36	Eso-AdenoCa	cna39
8	1	143938487	1	1	sim36	Eso-AdenoCa	cna40
8	143938488	146150970	2	0	sim36	Eso-AdenoCa	cna41
8	146150971	146364022	2	1	sim36	Eso-AdenoCa	cna42
9	1	41783758	1	1	sim36	Eso-AdenoCa	cna43
9	41783759	68534984	2	1	sim36	Eso-AdenoCa	cna44
9	68534985	141213431	1	1	sim36	Eso-AdenoCa	cna45
10	1	101692424	1	1	sim36	Eso-AdenoCa	cna46
10	101692425	102937272	1	0	sim36	Eso-AdenoCa	cna47
10	102937273	103149111	1	1	sim36	Eso-AdenoCa	cna48
10	103149112	125698365	2	1	sim36	Eso-AdenoCa	cna49
10	125698366	129449376	2	0	sim36	Eso-AdenoCa	cna50
10	129449377	135534747	2	1	sim36	Eso-AdenoCa	cna51
11	1	10407665	2	2	sim36	Eso-AdenoCa	cna52
11	10407666	74501003	1	1	sim36	Eso-AdenoCa	cna53
11	74501004	74809252	5	0	sim36	Eso-AdenoCa	cna54
11	74809253	75045607	4	0	sim36	Eso-AdenoCa	cna55
11	75045608	82715953	1	1	sim36	Eso-AdenoCa	cna56
11	82715954	85222378	2	0	sim36	Eso-AdenoCa	cna57
11	85222379	85341728	1	1	sim36	Eso-AdenoCa	cna58
11	85341729	85354581	1	0	sim36	Eso-AdenoCa	cna59
11	85354582	85605013	1	1	sim36	Eso-AdenoCa	cna60
11	85605014	85662900	1	0	sim36	Eso-AdenoCa	cna61
11	85662901	133119651	1	1	sim36	Eso-AdenoCa	cna62
11	133119652	135006516	2	0	sim36	Eso-AdenoCa	cna63
12	1	1752596	1	1	sim36	Eso-AdenoCa	cna64
12	1752597	2324754	2	1	sim36	Eso-AdenoCa	cna65
12	2324755	12958870	1	0	sim36	Eso-AdenoCa	cna66
12	12958871	59112585	1	1	sim36	Eso-AdenoCa	cna67
12	59112586	128243136	3	1	sim36	Eso-AdenoCa	cna68
12	128243137	128437734	3	2	sim36	Eso-AdenoCa	cna69
12	128437735	133851895	3	1	sim36	Eso-AdenoCa	cna70
13	1	115169878	2	1	sim36	Eso-AdenoCa	cna71
14	1	107349540	1	1	sim36	Eso-AdenoCa	cna72
15	1	1431148	1	1	sim36	Eso-AdenoCa	cna73
15	1431149	27629261	2	2	sim36	Eso-AdenoCa	cna74
15	27629262	102531392	1	1	sim36	Eso-AdenoCa	cna75
16	1	90354753	1	1	sim36	Eso-AdenoCa	cna76
17	1	81195210	1	1	sim36	Eso-AdenoCa	cna77
18	1	56847396	1	1	sim36	Eso-AdenoCa	cna78
18	56847397	56869092	1	0	sim36	Eso-AdenoCa	cna79
18	56869093	62788852	2	1	sim36	Eso-AdenoCa	cna80
18	62788853	63114417	3	1	sim36	Eso-AdenoCa	cna81
18	63114418	63893942	1	0	sim36	Eso-AdenoCa	cna82
18	63893943	78077248	1	1	sim36	Eso-AdenoCa	cna83
19	1	14470026	2	2	sim36	Eso-AdenoCa	cna84
19	14470027	59128983	1	1	sim36	Eso-AdenoCa	cna85
20	1	157841	4	1	sim36	Eso-AdenoCa	cna86
20	157842	535131	1	0	sim36	Eso-AdenoCa	cna87
20	535132	10863253	2	1	sim36	Eso-AdenoCa	cna88
20	10863254	10873617	2	0	sim36	Eso-AdenoCa	cna89
20	10873618	62568030	1	1	sim36	Eso-AdenoCa	cna90
20	62568031	62588710	2	3	sim36	Eso-AdenoCa	cna91
20	62588711	62796506	1	0	sim36	Eso-AdenoCa	cna92
20	62796507	63025520	3	0	sim36	Eso-AdenoCa	cna93
21	1	48129895	1	1	sim36	Eso-AdenoCa	cna94
22	1	51304566	1	0	sim36	Eso-AdenoCa	cna95
X	1	103410327	1	1	sim36	Eso-AdenoCa	cna96
X	103410328	103643813	2	2	sim36	Eso-AdenoCa	cna97
X	103643814	145851184	1	1	sim36	Eso-AdenoCa	cna98
X	145851185	155270560	2	2	sim36	Eso-AdenoCa	cna99
Y	1	42676607	1	1	sim36	Eso-AdenoCa	cna100
Y	42676608	59373566	4	0	sim36	Eso-AdenoCa	cna101
