chrom1	start1	end1	chrom2	start2	end2	strand1	strand2	svclass	id	allele	donor_id	tumor
1	1	2	1	624586	624587	-	+	DUP	cna0	major	sim18	Eso-AdenoCa
1	1	2	1	624586	624587	-	+	DUP	cna0	minor	sim18	Eso-AdenoCa
1	624587	624588	1	23316930	23316931	+	-	DEL	cna1	minor	sim18	Eso-AdenoCa
1	5351800	5351801	1	5361804	5361805	+	+	h2hINV	cna1	major	sim18	Eso-AdenoCa
1	20993800	23316930	3	149694281	186113459	-	-	TRA	cna1,cna85	minor,major	sim18	Eso-AdenoCa
1	23316931	23316932	1	24186806	24186807	-	+	DUP	cna2	major	sim18	Eso-AdenoCa
1	23853000	23853001	1	23863008	23863009	-	-	t2tINV	cna2	major	sim18	Eso-AdenoCa
1	24186807	24186808	1	24198151	24198152	-	+	DUP	cna3	major	sim18	Eso-AdenoCa
1	24186807	24186808	1	24198151	24198152	-	+	DUP	cna3	minor	sim18	Eso-AdenoCa
1	24198152	24198153	1	24425616	24425617	-	+	DUP	cna4	major	sim18	Eso-AdenoCa
1	24425617	24425618	1	35496092	35496093	+	-	DEL	cna5	minor	sim18	Eso-AdenoCa
1	35496093	35496094	1	37770918	37770919	-	+	DUP	cna6	major	sim18	Eso-AdenoCa
1	37770919	37770920	1	37808626	37808627	-	+	DUP	cna7	major	sim18	Eso-AdenoCa
1	37808627	37808628	1	48394957	48394958	-	+	DUP	cna8	major	sim18	Eso-AdenoCa
1	48394958	48394959	1	48699941	48699942	-	+	DUP	cna9	major	sim18	Eso-AdenoCa
1	48699942	48699943	1	54605831	54605832	-	+	DUP	cna10	major	sim18	Eso-AdenoCa
1	48699942	48699943	1	54605831	54605832	+	-	DEL	cna10	minor	sim18	Eso-AdenoCa
1	54605832	54605833	1	54781810	54781811	-	+	DUP	cna11	major	sim18	Eso-AdenoCa
1	54605832	54605833	1	54781810	54781811	+	-	DEL	cna11	minor	sim18	Eso-AdenoCa
1	54781811	54781812	1	88477561	88477562	+	-	DEL	cna12	minor	sim18	Eso-AdenoCa
1	88477562	88477563	1	88664395	88664396	-	+	DUP	cna13	major	sim18	Eso-AdenoCa
1	88477562	88477563	1	88664395	88664396	+	-	DEL	cna13	minor	sim18	Eso-AdenoCa
1	88664396	88664397	1	88675745	88675746	-	+	DUP	cna14	major	sim18	Eso-AdenoCa
1	88664396	88664397	1	88675745	88675746	-	+	DUP	cna14	minor	sim18	Eso-AdenoCa
1	88675746	88675747	1	88851421	88851422	+	-	DEL	cna15	minor	sim18	Eso-AdenoCa
1	88851422	88851423	1	104684263	104684264	-	+	DUP	cna16	major	sim18	Eso-AdenoCa
1	90149917	104684263	7	49743865	68172774	-	+	TRA	cna114,cna16	minor,major	sim18	Eso-AdenoCa
1	104684264	108566918	11	104028099	108829511	+	+	TRA	cna150,cna17	minor,major	sim18	Eso-AdenoCa
1	110506369	110506370	1	117607217	117607218	-	+	DUP	cna18	major	sim18	Eso-AdenoCa
1	117607218	117607219	1	118717343	118717344	-	+	DUP	cna19	major	sim18	Eso-AdenoCa
1	117607218	117607219	1	118717343	118717344	+	-	DEL	cna19	minor	sim18	Eso-AdenoCa
1	118717344	118717345	1	118783171	118783172	-	+	DUP	cna20	major	sim18	Eso-AdenoCa
1	118717344	118717345	1	118783171	118783172	+	-	DEL	cna20	minor	sim18	Eso-AdenoCa
1	118783172	118783173	1	159196631	159196632	-	+	DUP	cna21	major	sim18	Eso-AdenoCa
1	159196632	159196633	1	180455546	180455547	-	+	DUP	cna22	major	sim18	Eso-AdenoCa
1	174600300	174600301	1	197643156	197643157	-	-	t2tINV	cna24	major	sim18	Eso-AdenoCa
1	180455547	180455548	1	180790160	180790161	-	+	DUP	cna23	major	sim18	Eso-AdenoCa
1	180455547	180455548	1	180790160	180790161	-	+	DUP	cna23	minor	sim18	Eso-AdenoCa
1	180790161	180790162	1	207885028	207885029	+	-	DEL	cna24	minor	sim18	Eso-AdenoCa
1	202290800	207885028	4	116323801	142616585	-	+	TRA	cna24,cna96	major,minor	sim18	Eso-AdenoCa
1	207885029	207885030	1	218887027	218887028	-	+	DUP	cna25	major	sim18	Eso-AdenoCa
1	207885029	207885030	1	218887027	218887028	-	+	DUP	cna25	minor	sim18	Eso-AdenoCa
1	207885029	216880801	4	177157711	189623791	+	-	TRA	cna25,cna96	minor,minor	sim18	Eso-AdenoCa
1	218887028	218887029	1	218948943	218948944	+	-	DEL	cna26	minor	sim18	Eso-AdenoCa
1	218948944	218948945	1	220940257	220940258	-	+	DUP	cna27	major	sim18	Eso-AdenoCa
1	218948944	218948945	1	220940257	220940258	-	+	DUP	cna27	minor	sim18	Eso-AdenoCa
1	220940258	220940259	1	221438774	221438775	-	+	DUP	cna28	major	sim18	Eso-AdenoCa
1	220940258	220940259	1	221438774	221438775	-	+	DUP	cna28	minor	sim18	Eso-AdenoCa
1	221438775	221438776	1	231011919	231011920	-	+	DUP	cna29	major	sim18	Eso-AdenoCa
1	221438775	221438776	1	231011919	231011920	+	-	DEL	cna29	minor	sim18	Eso-AdenoCa
1	231011920	231011921	1	231582110	231582111	-	+	DUP	cna30	major	sim18	Eso-AdenoCa
1	231582111	231582112	1	249250621	249250622	+	-	DEL	cna31	minor	sim18	Eso-AdenoCa
1	238023400	249250621	6	1	6589852	-	+	TRA	cna31,cna104	major,major	sim18	Eso-AdenoCa
2	1	2	2	42062568	42062569	-	+	DUP	cna32	major	sim18	Eso-AdenoCa
2	1	2	2	42062568	42062569	+	-	DEL	cna32	minor	sim18	Eso-AdenoCa
2	1	16377852	11	31547839	51047811	+	+	TRA	cna145,cna32	minor,minor	sim18	Eso-AdenoCa
2	11524779	42062568	7	49743865	55884639	-	+	TRA	cna32,cna114	minor,major	sim18	Eso-AdenoCa
2	42062569	42062570	2	73339885	73339886	-	+	DUP	cna33	major	sim18	Eso-AdenoCa
2	71737079	71737080	2	98043063	98043064	+	+	h2hINV	cna33	minor	sim18	Eso-AdenoCa
2	73339886	73339887	2	75328025	75328026	-	+	DUP	cna34	major	sim18	Eso-AdenoCa
2	73339886	73339887	2	75328025	75328026	-	+	DUP	cna34	minor	sim18	Eso-AdenoCa
2	75328026	75328027	2	75862924	75862925	-	+	DUP	cna35	major	sim18	Eso-AdenoCa
2	75328026	75328027	2	75862924	75862925	+	-	DEL	cna35	minor	sim18	Eso-AdenoCa
2	75862925	75862926	2	78056138	78056139	+	-	DEL	cna36	minor	sim18	Eso-AdenoCa
2	78056139	78056140	2	78097120	78097121	-	+	DUP	cna37	major	sim18	Eso-AdenoCa
2	78056139	78056140	2	78097120	78097121	-	+	DUP	cna37	minor	sim18	Eso-AdenoCa
2	78097121	78097122	2	78277963	78277964	-	+	DUP	cna38	major	sim18	Eso-AdenoCa
2	78277964	78277965	2	78935526	78935527	-	+	DUP	cna39	major	sim18	Eso-AdenoCa
2	78277964	78277965	2	78935526	78935527	+	-	DEL	cna39	minor	sim18	Eso-AdenoCa
2	78935527	78935528	2	96863899	96863900	+	-	DEL	cna40	major	sim18	Eso-AdenoCa
2	78935527	78935528	2	96863899	96863900	+	-	DEL	cna40	minor	sim18	Eso-AdenoCa
2	96863900	96863901	2	126228199	126228200	-	+	DUP	cna41	major	sim18	Eso-AdenoCa
2	96863900	96863901	2	126228199	126228200	+	-	DEL	cna41	minor	sim18	Eso-AdenoCa
2	126228200	126228201	2	127161479	127161480	-	+	DUP	cna42	major	sim18	Eso-AdenoCa
2	127161480	127161481	2	127672763	127672764	-	+	DUP	cna43	major	sim18	Eso-AdenoCa
2	127161480	127161481	2	127672763	127672764	+	-	DEL	cna43	minor	sim18	Eso-AdenoCa
2	127959112	127959113	2	128043804	128043805	-	+	DUP	cna45	major	sim18	Eso-AdenoCa
2	128043805	128043806	2	128054104	128054105	-	+	DUP	cna46	major	sim18	Eso-AdenoCa
2	128043805	128043806	2	128054104	128054105	-	+	DUP	cna46	minor	sim18	Eso-AdenoCa
2	128054105	128054106	2	128101134	128101135	+	-	DEL	cna47	minor	sim18	Eso-AdenoCa
2	128101135	128101136	2	174932168	174932169	-	+	DUP	cna48	major	sim18	Eso-AdenoCa
2	152557115	174932168	11	108212110	125992191	-	-	TRA	cna150,cna48	minor,minor	sim18	Eso-AdenoCa
2	156281279	156281280	2	186504371	186504372	+	+	h2hINV	cna48	major	sim18	Eso-AdenoCa
2	171885079	171885080	2	172532351	172532352	-	-	t2tINV	cna48	major	sim18	Eso-AdenoCa
2	174932169	174932170	2	184231772	184231773	-	+	DUP	cna49	major	sim18	Eso-AdenoCa
2	174932169	174932170	2	184231772	184231773	-	+	DUP	cna49	minor	sim18	Eso-AdenoCa
2	184231773	184231774	2	186456966	186456967	-	+	DUP	cna50	major	sim18	Eso-AdenoCa
2	186456967	186456968	2	186910870	186910871	-	+	DUP	cna51	major	sim18	Eso-AdenoCa
2	186456967	186456968	2	186910870	186910871	-	+	DUP	cna51	minor	sim18	Eso-AdenoCa
2	186910871	186910872	2	187193953	187193954	-	+	DUP	cna52	major	sim18	Eso-AdenoCa
2	186910871	186910872	2	187193953	187193954	-	+	DUP	cna52	minor	sim18	Eso-AdenoCa
2	187193954	187193955	2	202296623	202296624	-	+	DUP	cna53	major	sim18	Eso-AdenoCa
2	191125679	191125680	2	191196166	191196167	-	-	t2tINV	cna53	minor	sim18	Eso-AdenoCa
2	192640979	192640980	2	194729325	194729326	+	+	h2hINV	cna53	minor	sim18	Eso-AdenoCa
2	202296624	202296625	2	231090321	231090322	-	+	DUP	cna54	major	sim18	Eso-AdenoCa
2	202296624	202296625	2	231090321	231090322	+	-	DEL	cna54	minor	sim18	Eso-AdenoCa
2	203512979	203512980	2	214054738	214054739	-	-	t2tINV	cna54	major	sim18	Eso-AdenoCa
2	231090322	231090323	2	231981864	231981865	-	+	DUP	cna55	major	sim18	Eso-AdenoCa
2	231981865	231981866	2	232259363	232259364	+	-	DEL	cna56	minor	sim18	Eso-AdenoCa
2	232259364	232259365	2	232433210	232433211	-	+	DUP	cna57	major	sim18	Eso-AdenoCa
2	232433211	232433212	2	232760915	232760916	+	-	DEL	cna58	minor	sim18	Eso-AdenoCa
2	232760916	232760917	2	237701951	237701952	-	+	DUP	cna59	major	sim18	Eso-AdenoCa
2	232760916	232760917	2	237701951	237701952	-	+	DUP	cna59	minor	sim18	Eso-AdenoCa
2	237701952	237701953	2	238073519	238073520	-	+	DUP	cna60	major	sim18	Eso-AdenoCa
2	238073520	238073521	2	239875610	239875611	+	-	DEL	cna61	minor	sim18	Eso-AdenoCa
2	239875611	239875612	2	243199373	243199374	-	+	DUP	cna62	major	sim18	Eso-AdenoCa
3	1	2	3	10012795	10012796	+	-	DEL	cna63	major	sim18	Eso-AdenoCa
3	1	2	3	10012795	10012796	+	-	DEL	cna63	minor	sim18	Eso-AdenoCa
3	10012796	10012797	3	36997260	36997261	-	+	DUP	cna64	major	sim18	Eso-AdenoCa
3	10012796	10012797	3	36997260	36997261	+	-	DEL	cna64	minor	sim18	Eso-AdenoCa
3	10012796	31782507	15	25037153	67938305	+	-	TRA	cna64,cna175	major,minor	sim18	Eso-AdenoCa
3	10012796	34693459	19	1	17465879	+	+	TRA	cna206,cna64	major,major	sim18	Eso-AdenoCa
3	19101506	19101507	3	19222615	19222616	-	-	t2tINV	cna64	major	sim18	Eso-AdenoCa
3	32321906	32321907	3	63767528	63767529	-	-	t2tINV	cna78	major	sim18	Eso-AdenoCa
3	36997261	36997262	3	37166491	37166492	+	-	DEL	cna65	minor	sim18	Eso-AdenoCa
3	37166492	37166493	3	37437949	37437950	-	+	DUP	cna66	major	sim18	Eso-AdenoCa
3	37166492	37166493	3	37437949	37437950	+	-	DEL	cna66	minor	sim18	Eso-AdenoCa
3	37437950	37437951	3	37493953	37493954	-	+	DUP	cna67	major	sim18	Eso-AdenoCa
3	37493954	37493955	3	37643613	37643614	+	-	DEL	cna68	minor	sim18	Eso-AdenoCa
3	37643614	37643615	3	38251513	38251514	-	+	DUP	cna69	major	sim18	Eso-AdenoCa
3	38251514	38251515	3	43605102	43605103	+	-	DEL	cna70	minor	sim18	Eso-AdenoCa
3	43605103	43605104	3	44034782	44034783	-	+	DUP	cna71	major	sim18	Eso-AdenoCa
3	44034783	44034784	3	44117698	44117699	+	-	DEL	cna72	minor	sim18	Eso-AdenoCa
3	44117699	44117700	3	44255742	44255743	-	+	DUP	cna73	major	sim18	Eso-AdenoCa
3	44117699	44117700	3	44255742	44255743	+	-	DEL	cna73	minor	sim18	Eso-AdenoCa
3	44255743	44255744	3	44420696	44420697	+	-	DEL	cna74	minor	sim18	Eso-AdenoCa
3	44420697	44420698	3	44698591	44698592	-	+	DUP	cna75	major	sim18	Eso-AdenoCa
3	44698592	44698593	3	46378623	46378624	-	+	DUP	cna76	major	sim18	Eso-AdenoCa
3	44698592	44698593	3	46378623	46378624	-	+	DUP	cna76	minor	sim18	Eso-AdenoCa
3	46378624	46378625	3	56138406	56138407	-	+	DUP	cna77	major	sim18	Eso-AdenoCa
3	56138407	56138408	3	73175835	73175836	+	-	DEL	cna78	minor	sim18	Eso-AdenoCa
3	60432906	73175835	6	34011137	50347823	-	+	TRA	cna78,cna106	minor,major	sim18	Eso-AdenoCa
3	72016506	72016507	3	97980998	97980999	+	+	h2hINV	cna78	major	sim18	Eso-AdenoCa
3	73175836	73175837	3	73227514	73227515	-	+	DUP	cna79	major	sim18	Eso-AdenoCa
3	73175836	73175837	3	73227514	73227515	-	+	DUP	cna79	minor	sim18	Eso-AdenoCa
3	73227515	73227516	3	76055016	76055017	-	+	DUP	cna80	major	sim18	Eso-AdenoCa
3	73227515	75206507	5	102702395	132505177	+	-	TRA	cna80,cna99	major,minor	sim18	Eso-AdenoCa
3	73227515	73956807	8	125402904	146364022	+	-	TRA	cna80,cna133	minor,minor	sim18	Eso-AdenoCa
3	76055017	76055018	3	86763031	86763032	-	+	DUP	cna81	major	sim18	Eso-AdenoCa
3	76055017	76055018	3	86763031	86763032	+	-	DEL	cna81	minor	sim18	Eso-AdenoCa
3	86763032	86763033	3	91039324	91039325	+	-	DEL	cna82	minor	sim18	Eso-AdenoCa
3	86763032	87670177	8	1338956	48075811	+	+	TRA	cna131,cna82	major,minor	sim18	Eso-AdenoCa
3	91039325	91039326	3	96251749	96251750	+	-	DEL	cna83	major	sim18	Eso-AdenoCa
3	91039325	91039326	3	96251749	96251750	+	-	DEL	cna83	minor	sim18	Eso-AdenoCa
3	96251750	96251751	3	112112082	112112083	-	+	DUP	cna84	major	sim18	Eso-AdenoCa
3	112112083	112112084	3	186113459	186113460	-	+	DUP	cna85	major	sim18	Eso-AdenoCa
3	112112083	112112084	3	186113459	186113460	+	-	DEL	cna85	minor	sim18	Eso-AdenoCa
3	152261406	152261407	3	173518674	173518675	-	-	t2tINV	cna85	major	sim18	Eso-AdenoCa
3	183701095	186113459	8	57905410	79952230	-	-	TRA	cna131,cna85	minor,minor	sim18	Eso-AdenoCa
3	186113460	186113461	3	196610672	196610673	-	+	DUP	cna86	major	sim18	Eso-AdenoCa
3	196610673	196610674	3	197565048	197565049	-	+	DUP	cna87	major	sim18	Eso-AdenoCa
3	197565049	197565050	3	198010472	198010473	+	-	DEL	cna88	minor	sim18	Eso-AdenoCa
3	198010473	198010474	3	198022430	198022431	-	+	DUP	cna89	major	sim18	Eso-AdenoCa
3	198010473	198010474	3	198022430	198022431	-	+	DUP	cna89	minor	sim18	Eso-AdenoCa
4	1	2	4	30820059	30820060	-	+	DUP	cna90	major	sim18	Eso-AdenoCa
4	1	2	4	30820059	30820060	-	+	DUP	cna90	minor	sim18	Eso-AdenoCa
4	2576976	2576977	4	2596997	2596998	+	+	h2hINV	cna90	major	sim18	Eso-AdenoCa
4	15890376	30820059	7	102435426	108433792	-	-	TRA	cna90,cna117	major,minor	sim18	Eso-AdenoCa
4	30820060	30820061	4	55590010	55590011	-	+	DUP	cna91	major	sim18	Eso-AdenoCa
4	42031359	55590010	16	440789	21632749	-	-	TRA	cna179,cna91	major,major	sim18	Eso-AdenoCa
4	55590011	55590012	4	55940794	55940795	-	+	DUP	cna92	major	sim18	Eso-AdenoCa
4	55590011	55590012	4	55940794	55940795	-	+	DUP	cna92	minor	sim18	Eso-AdenoCa
4	55940795	55940796	4	115948710	115948711	+	-	DEL	cna93	minor	sim18	Eso-AdenoCa
4	68666563	115948710	21	1	45728976	-	+	TRA	cna211,cna93	minor,major	sim18	Eso-AdenoCa
4	82457776	115948710	7	142634176	150428921	-	-	TRA	cna93,cna121	major,minor	sim18	Eso-AdenoCa
4	115948711	115948712	4	116249583	116249584	-	+	DUP	cna94	major	sim18	Eso-AdenoCa
4	115948711	115948712	4	116249583	116249584	-	+	DUP	cna94	minor	sim18	Eso-AdenoCa
4	116249584	116249585	4	116323800	116323801	-	+	DUP	cna95	major	sim18	Eso-AdenoCa
4	116323801	116323802	4	189623791	189623792	+	-	DEL	cna96	minor	sim18	Eso-AdenoCa
4	120473876	120473877	4	150941160	150941161	+	+	h2hINV	cna96	major	sim18	Eso-AdenoCa
4	135194476	135194477	4	135284333	135284334	+	+	h2hINV	cna96	major	sim18	Eso-AdenoCa
4	155906207	189623791	14	40762223	77276622	-	+	TRA	cna170,cna96	major,major	sim18	Eso-AdenoCa
4	189623792	189623793	4	191140046	191140047	-	+	DUP	cna97	major	sim18	Eso-AdenoCa
4	189623792	189623793	4	191140046	191140047	-	+	DUP	cna97	minor	sim18	Eso-AdenoCa
4	191140047	191140048	4	191154276	191154277	-	+	DUP	cna98	major	sim18	Eso-AdenoCa
4	191140047	191140048	4	191154276	191154277	-	+	DUP	cna98	minor	sim18	Eso-AdenoCa
5	1	2	5	132505177	132505178	-	+	DUP	cna99	major	sim18	Eso-AdenoCa
5	834300	834301	5	46627181	46627182	+	+	h2hINV	cna99	minor	sim18	Eso-AdenoCa
5	89403400	89403401	5	91280244	91280245	-	-	t2tINV	cna99	minor	sim18	Eso-AdenoCa
5	99980100	99980101	5	99990123	99990124	-	-	t2tINV	cna99	major	sim18	Eso-AdenoCa
5	112429000	112429001	5	112493348	112493349	-	-	t2tINV	cna99	minor	sim18	Eso-AdenoCa
5	119199400	132505177	12	14220090	132972335	-	-	TRA	cna99,cna158	major,minor	sim18	Eso-AdenoCa
5	132505178	132505179	5	132744772	132744773	-	+	DUP	cna100	major	sim18	Eso-AdenoCa
5	132744773	132744774	5	134365538	134365539	+	-	DEL	cna101	minor	sim18	Eso-AdenoCa
5	134365539	134365540	5	139926847	139926848	-	+	DUP	cna102	major	sim18	Eso-AdenoCa
5	139926848	139926849	5	180915260	180915261	-	+	DUP	cna103	major	sim18	Eso-AdenoCa
6	1	2	6	32220135	32220136	-	+	DUP	cna104	major	sim18	Eso-AdenoCa
6	1	2	6	32220135	32220136	+	-	DEL	cna104	minor	sim18	Eso-AdenoCa
6	32220136	32220137	6	34011136	34011137	+	-	DEL	cna105	minor	sim18	Eso-AdenoCa
6	34011137	34011138	6	54133629	54133630	-	+	DUP	cna106	major	sim18	Eso-AdenoCa
6	34011137	34011138	6	54133629	54133630	-	+	DUP	cna106	minor	sim18	Eso-AdenoCa
6	54133630	54133631	6	63329997	63329998	-	+	DUP	cna107	major	sim18	Eso-AdenoCa
6	54133630	54133631	6	63329997	63329998	+	-	DEL	cna107	minor	sim18	Eso-AdenoCa
6	63329998	63329999	6	64690060	64690061	-	+	DUP	cna108	major	sim18	Eso-AdenoCa
6	64690061	64690062	6	171115067	171115068	-	+	DUP	cna109	major	sim18	Eso-AdenoCa
6	64690061	80494502	14	101431521	107349540	+	-	TRA	cna174,cna109	major,major	sim18	Eso-AdenoCa
6	64696940	64696941	6	64804017	64804018	+	+	h2hINV	cna109	minor	sim18	Eso-AdenoCa
6	69207240	69207241	6	83625232	83625233	+	+	h2hINV	cna109	minor	sim18	Eso-AdenoCa
6	115555740	115555741	6	115565743	115565744	-	-	t2tINV	cna109	major	sim18	Eso-AdenoCa
7	1	2	7	39429026	39429027	-	+	DUP	cna110	major	sim18	Eso-AdenoCa
7	1	2	7	39429026	39429027	-	+	DUP	cna110	minor	sim18	Eso-AdenoCa
7	27184343	39429026	13	75158099	92481460	-	-	TRA	cna164,cna110	minor,minor	sim18	Eso-AdenoCa
7	39429027	39429028	7	48833469	48833470	-	+	DUP	cna111	major	sim18	Eso-AdenoCa
7	48833470	48833471	7	49716555	49716556	-	+	DUP	cna112	major	sim18	Eso-AdenoCa
7	49716556	49716557	7	49743864	49743865	+	-	DEL	cna113	minor	sim18	Eso-AdenoCa
7	49743865	49743866	7	73256527	73256528	-	+	DUP	cna114	major	sim18	Eso-AdenoCa
7	49743865	49743866	7	73256527	73256528	+	-	DEL	cna114	minor	sim18	Eso-AdenoCa
7	73256528	73256529	7	73270245	73270246	-	+	DUP	cna115	major	sim18	Eso-AdenoCa
7	73270246	73270247	7	92914814	92914815	-	+	DUP	cna116	major	sim18	Eso-AdenoCa
7	73270246	73270247	7	92914814	92914815	+	-	DEL	cna116	minor	sim18	Eso-AdenoCa
7	92914815	92914816	7	108433792	108433793	+	-	DEL	cna117	minor	sim18	Eso-AdenoCa
7	108433793	108433794	7	129168030	129168031	-	+	DUP	cna118	major	sim18	Eso-AdenoCa
7	108433793	116324374	14	25421479	40762222	+	-	TRA	cna118,cna169	major,minor	sim18	Eso-AdenoCa
7	129168031	129168032	7	131419342	131419343	-	+	DUP	cna119	major	sim18	Eso-AdenoCa
7	129168031	129168032	7	131419342	131419343	-	+	DUP	cna119	minor	sim18	Eso-AdenoCa
7	131419343	131419344	7	133598984	133598985	-	+	DUP	cna120	major	sim18	Eso-AdenoCa
7	133598985	133598986	7	150428921	150428922	-	+	DUP	cna121	major	sim18	Eso-AdenoCa
7	133598985	133598986	7	150428921	150428922	-	+	DUP	cna121	minor	sim18	Eso-AdenoCa
7	139165273	139165274	7	150314710	150314711	+	+	h2hINV	cna121	minor	sim18	Eso-AdenoCa
7	150428922	150428923	7	150803883	150803884	-	+	DUP	cna122	major	sim18	Eso-AdenoCa
7	150803884	150803885	7	157459196	157459197	-	+	DUP	cna123	major	sim18	Eso-AdenoCa
7	157459197	157459198	7	157762063	157762064	-	+	DUP	cna124	major	sim18	Eso-AdenoCa
7	157459197	157459198	7	157762063	157762064	+	-	DEL	cna124	minor	sim18	Eso-AdenoCa
7	157762064	157762065	7	157825717	157825718	+	-	DEL	cna125	major	sim18	Eso-AdenoCa
7	157762064	157762065	7	157825717	157825718	+	-	DEL	cna125	minor	sim18	Eso-AdenoCa
7	157825718	157825719	7	158221214	158221215	+	-	DEL	cna126	minor	sim18	Eso-AdenoCa
7	158221215	158221216	7	158481067	158481068	-	+	DUP	cna127	major	sim18	Eso-AdenoCa
7	158481068	158481069	7	159138663	159138664	+	-	DEL	cna128	minor	sim18	Eso-AdenoCa
8	1	2	8	1152216	1152217	-	+	DUP	cna129	major	sim18	Eso-AdenoCa
8	1	2	8	1152216	1152217	+	-	DEL	cna129	minor	sim18	Eso-AdenoCa
8	1152217	1152218	8	1338955	1338956	-	+	DUP	cna130	major	sim18	Eso-AdenoCa
8	1338956	1338957	8	79952230	79952231	-	+	DUP	cna131	major	sim18	Eso-AdenoCa
8	1338956	1338957	8	79952230	79952231	-	+	DUP	cna131	minor	sim18	Eso-AdenoCa
8	17218610	17218611	8	17228655	17228656	-	-	t2tINV	cna131	major	sim18	Eso-AdenoCa
8	50238510	79952230	14	16791895	40762222	-	-	TRA	cna131,cna169	minor,minor	sim18	Eso-AdenoCa
8	67052910	67052911	8	67434583	67434584	+	+	h2hINV	cna131	minor	sim18	Eso-AdenoCa
8	74514810	74514811	8	74534887	74534888	+	+	h2hINV	cna131	major	sim18	Eso-AdenoCa
8	78441210	78441211	8	78451211	78451212	+	+	h2hINV	cna131	major	sim18	Eso-AdenoCa
8	79952231	79952232	8	96735445	96735446	-	+	DUP	cna132	major	sim18	Eso-AdenoCa
8	96735446	96735447	8	146364022	146364023	+	-	DEL	cna133	minor	sim18	Eso-AdenoCa
9	1	2	9	141213431	141213432	-	+	DUP	cna134	major	sim18	Eso-AdenoCa
9	91331688	141213431	17	24017988	32860321	-	+	TRA	cna134,cna198	major,minor	sim18	Eso-AdenoCa
9	104655788	141213431	11	31547839	58815476	-	+	TRA	cna134,cna145	major,major	sim18	Eso-AdenoCa
10	1	2	10	88611218	88611219	-	+	DUP	cna135	major	sim18	Eso-AdenoCa
10	88611219	88611220	10	93782643	93782644	-	+	DUP	cna136	major	sim18	Eso-AdenoCa
10	88611219	88611220	10	93782643	93782644	+	-	DEL	cna136	minor	sim18	Eso-AdenoCa
10	93782644	93782645	10	100929281	100929282	-	+	DUP	cna137	major	sim18	Eso-AdenoCa
10	100929282	100929283	10	130410994	130410995	-	+	DUP	cna138	major	sim18	Eso-AdenoCa
10	100929282	100929283	10	130410994	130410995	-	+	DUP	cna138	minor	sim18	Eso-AdenoCa
10	103978957	103978958	10	104200169	104200170	-	-	t2tINV	cna138	minor	sim18	Eso-AdenoCa
10	127333957	127333958	10	127343967	127343968	-	-	t2tINV	cna138	major	sim18	Eso-AdenoCa
10	130410995	130410996	10	130457085	130457086	-	+	DUP	cna139	major	sim18	Eso-AdenoCa
10	130457086	130457087	10	135534747	135534748	+	-	DEL	cna140	minor	sim18	Eso-AdenoCa
11	25950510	25950511	11	26772679	26772680	-	-	t2tINV	cna141	minor	sim18	Eso-AdenoCa
11	30748198	30748199	11	31298696	31298697	-	+	DUP	cna142	major	sim18	Eso-AdenoCa
11	30748198	30748199	11	31298696	31298697	+	-	DEL	cna142	minor	sim18	Eso-AdenoCa
11	31298697	31298698	11	31523165	31523166	+	-	DEL	cna143	minor	sim18	Eso-AdenoCa
11	31523166	31523167	11	31547838	31547839	-	+	DUP	cna144	major	sim18	Eso-AdenoCa
11	31547839	31547840	11	77852713	77852714	-	+	DUP	cna145	major	sim18	Eso-AdenoCa
11	31547839	31547840	11	77852713	77852714	-	+	DUP	cna145	minor	sim18	Eso-AdenoCa
11	69487610	69487611	11	72385301	72385302	-	-	t2tINV	cna145	minor	sim18	Eso-AdenoCa
11	71299610	77852713	X	67495382	124951046	-	-	TRA	cna145,cna218	major,major	sim18	Eso-AdenoCa
11	77852714	77852715	11	79708161	79708162	-	+	DUP	cna146	major	sim18	Eso-AdenoCa
11	79708162	79708163	11	80554925	80554926	-	+	DUP	cna147	major	sim18	Eso-AdenoCa
11	80554926	80554927	11	103952354	103952355	-	+	DUP	cna148	major	sim18	Eso-AdenoCa
11	80554926	80554927	11	103952354	103952355	+	-	DEL	cna148	minor	sim18	Eso-AdenoCa
11	85004910	85004911	11	88143860	88143861	+	+	h2hINV	cna148	major	sim18	Eso-AdenoCa
11	103952355	103952356	11	104028098	104028099	-	+	DUP	cna149	major	sim18	Eso-AdenoCa
11	104028099	104028100	11	125992191	125992192	+	-	DEL	cna150	minor	sim18	Eso-AdenoCa
11	125992192	125992193	11	127899022	127899023	-	+	DUP	cna151	major	sim18	Eso-AdenoCa
11	125992192	125992193	11	127899022	127899023	+	-	DEL	cna151	minor	sim18	Eso-AdenoCa
11	127899023	127899024	11	127972510	127972511	-	+	DUP	cna152	major	sim18	Eso-AdenoCa
11	127972511	127972512	11	127996814	127996815	+	-	DEL	cna153	minor	sim18	Eso-AdenoCa
11	127996815	127996816	11	128362160	128362161	-	+	DUP	cna154	major	sim18	Eso-AdenoCa
11	127996815	127996816	11	128362160	128362161	-	+	DUP	cna154	minor	sim18	Eso-AdenoCa
11	128362161	128362162	11	128917490	128917491	-	+	DUP	cna155	major	sim18	Eso-AdenoCa
11	128917491	128917492	11	134994159	134994160	-	+	DUP	cna156	major	sim18	Eso-AdenoCa
11	128917491	128917492	11	134994159	134994160	+	-	DEL	cna156	minor	sim18	Eso-AdenoCa
11	134994160	134994161	11	135006516	135006517	-	+	DUP	cna157	major	sim18	Eso-AdenoCa
11	134994160	134994161	11	135006516	135006517	-	+	DUP	cna157	minor	sim18	Eso-AdenoCa
12	1	2	12	132972335	132972336	-	+	DUP	cna158	major	sim18	Eso-AdenoCa
12	241094	241095	12	55070012	55070013	+	+	h2hINV	cna158	minor	sim18	Eso-AdenoCa
12	5150894	5150895	12	5160900	5160901	-	-	t2tINV	cna158	minor	sim18	Eso-AdenoCa
12	86459694	86459695	12	86469695	86469696	-	-	t2tINV	cna158	minor	sim18	Eso-AdenoCa
12	131089094	132972335	18	30071860	58409402	-	+	TRA	cna158,cna205	minor,minor	sim18	Eso-AdenoCa
12	132972336	132972337	12	133851895	133851896	-	+	DUP	cna159	major	sim18	Eso-AdenoCa
12	132972336	132972337	12	133851895	133851896	-	+	DUP	cna159	minor	sim18	Eso-AdenoCa
13	1	2	13	40729701	40729702	-	+	DUP	cna160	major	sim18	Eso-AdenoCa
13	1	2	13	40729701	40729702	+	-	DEL	cna160	minor	sim18	Eso-AdenoCa
13	20658899	40729701	19	1	11860660	-	+	TRA	cna160,cna206	minor,major	sim18	Eso-AdenoCa
13	40729702	40729703	13	41177460	41177461	-	+	DUP	cna161	major	sim18	Eso-AdenoCa
13	41177461	41177462	13	43252684	43252685	-	+	DUP	cna162	major	sim18	Eso-AdenoCa
13	41177461	41177462	13	43252684	43252685	+	-	DEL	cna162	minor	sim18	Eso-AdenoCa
13	43252685	43252686	13	43613796	43613797	-	+	DUP	cna163	major	sim18	Eso-AdenoCa
13	43252685	43252686	13	43613796	43613797	+	-	DEL	cna163	minor	sim18	Eso-AdenoCa
13	43613797	43613798	13	92481460	92481461	+	-	DEL	cna164	minor	sim18	Eso-AdenoCa
13	43613797	53984400	22	1	6532051	+	+	TRA	cna164,cna212	minor,major	sim18	Eso-AdenoCa
13	92481461	92481462	13	105755881	105755882	-	+	DUP	cna165	major	sim18	Eso-AdenoCa
13	105755882	105755883	13	110627573	110627574	-	+	DUP	cna166	major	sim18	Eso-AdenoCa
13	105755882	105755883	13	110627573	110627574	-	+	DUP	cna166	minor	sim18	Eso-AdenoCa
13	110627574	110627575	13	115169878	115169879	-	+	DUP	cna167	major	sim18	Eso-AdenoCa
14	1	2	14	1479906	1479907	-	+	DUP	cna168	major	sim18	Eso-AdenoCa
14	1	2	14	1479906	1479907	-	+	DUP	cna168	minor	sim18	Eso-AdenoCa
14	1479907	1479908	14	40762222	40762223	-	+	DUP	cna169	major	sim18	Eso-AdenoCa
14	1479907	1479908	14	40762222	40762223	-	+	DUP	cna169	minor	sim18	Eso-AdenoCa
14	40762223	40762224	14	90240236	90240237	-	+	DUP	cna170	major	sim18	Eso-AdenoCa
14	40762223	40762224	14	90240236	90240237	+	-	DEL	cna170	minor	sim18	Eso-AdenoCa
14	90240237	90240238	14	90892726	90892727	-	+	DUP	cna171	major	sim18	Eso-AdenoCa
14	90240237	90240238	14	90892726	90892727	-	+	DUP	cna171	minor	sim18	Eso-AdenoCa
14	90892727	90892728	14	92604964	92604965	-	+	DUP	cna172	major	sim18	Eso-AdenoCa
14	92604965	92604966	14	93794605	93794606	-	+	DUP	cna173	major	sim18	Eso-AdenoCa
14	92604965	92604966	14	93794605	93794606	+	-	DEL	cna173	minor	sim18	Eso-AdenoCa
14	93794606	93794607	14	107349540	107349541	-	+	DUP	cna174	major	sim18	Eso-AdenoCa
15	1	2	15	67938305	67938306	-	+	DUP	cna175	major	sim18	Eso-AdenoCa
15	67885681	67938305	X	100426533	124951046	-	-	TRA	cna175,cna218	major,major	sim18	Eso-AdenoCa
15	67938306	67938307	15	78607831	78607832	-	+	DUP	cna176	major	sim18	Eso-AdenoCa
15	67938306	67938307	15	78607831	78607832	-	+	DUP	cna176	minor	sim18	Eso-AdenoCa
15	78607832	78607833	15	83350645	83350646	-	+	DUP	cna177	major	sim18	Eso-AdenoCa
15	83350646	83350647	15	102531392	102531393	-	+	DUP	cna178	major	sim18	Eso-AdenoCa
15	83350646	83350647	15	102531392	102531393	+	-	DEL	cna178	minor	sim18	Eso-AdenoCa
16	1	2	16	21632749	21632750	-	+	DUP	cna179	major	sim18	Eso-AdenoCa
16	1	2	16	21632749	21632750	+	-	DEL	cna179	minor	sim18	Eso-AdenoCa
16	21632750	21632751	16	25413265	25413266	-	+	DUP	cna180	major	sim18	Eso-AdenoCa
16	21632750	21632751	16	25413265	25413266	+	-	DEL	cna180	minor	sim18	Eso-AdenoCa
16	25413266	25413267	16	25475818	25475819	-	+	DUP	cna181	major	sim18	Eso-AdenoCa
16	25475819	25475820	16	25491257	25491258	+	-	DEL	cna182	major	sim18	Eso-AdenoCa
16	25475819	25475820	16	25491257	25491258	+	-	DEL	cna182	minor	sim18	Eso-AdenoCa
16	25491258	25491259	16	25607740	25607741	+	-	DEL	cna183	minor	sim18	Eso-AdenoCa
16	25607741	25607742	16	25714138	25714139	-	+	DUP	cna184	major	sim18	Eso-AdenoCa
16	25607741	25607742	16	25714138	25714139	-	+	DUP	cna184	minor	sim18	Eso-AdenoCa
16	25714139	25714140	16	25759489	25759490	+	-	DEL	cna185	major	sim18	Eso-AdenoCa
16	25714139	25714140	16	25759489	25759490	+	-	DEL	cna185	minor	sim18	Eso-AdenoCa
16	25759490	25759491	16	25815613	25815614	-	+	DUP	cna186	major	sim18	Eso-AdenoCa
16	25815614	25815615	16	29824835	29824836	-	+	DUP	cna187	major	sim18	Eso-AdenoCa
16	25815614	25815615	16	29824835	29824836	+	-	DEL	cna187	minor	sim18	Eso-AdenoCa
16	29824836	29824837	16	66675125	66675126	-	+	DUP	cna188	major	sim18	Eso-AdenoCa
16	66675126	66675127	16	66836699	66836700	-	+	DUP	cna189	major	sim18	Eso-AdenoCa
16	66675126	66675127	16	66836699	66836700	+	-	DEL	cna189	minor	sim18	Eso-AdenoCa
16	66836700	66836701	16	89906849	89906850	-	+	DUP	cna190	major	sim18	Eso-AdenoCa
16	89906850	89906851	16	90354753	90354754	+	-	DEL	cna191	minor	sim18	Eso-AdenoCa
17	1	2	17	15582637	15582638	-	+	DUP	cna192	major	sim18	Eso-AdenoCa
17	15582638	15582639	17	15889545	15889546	-	+	DUP	cna193	major	sim18	Eso-AdenoCa
17	15889546	15889547	17	21094371	21094372	-	+	DUP	cna194	major	sim18	Eso-AdenoCa
17	21094372	21094373	17	21704481	21704482	-	+	DUP	cna195	major	sim18	Eso-AdenoCa
17	21094372	21094373	17	21704481	21704482	-	+	DUP	cna195	minor	sim18	Eso-AdenoCa
17	21704482	21704483	17	22453342	22453343	-	+	DUP	cna196	major	sim18	Eso-AdenoCa
17	22453343	22453344	17	24017987	24017988	-	+	DUP	cna197	major	sim18	Eso-AdenoCa
17	22453343	22453344	17	24017987	24017988	-	+	DUP	cna197	minor	sim18	Eso-AdenoCa
17	24017988	24017989	17	57081858	57081859	-	+	DUP	cna198	major	sim18	Eso-AdenoCa
17	24017988	24017989	17	57081858	57081859	-	+	DUP	cna198	minor	sim18	Eso-AdenoCa
17	39822236	39822237	17	39832237	39832238	+	+	h2hINV	cna198	minor	sim18	Eso-AdenoCa
17	57071836	57071837	17	58937700	58937701	+	+	h2hINV	cna198	minor	sim18	Eso-AdenoCa
17	57081859	57081860	17	57146160	57146161	+	-	DEL	cna199	major	sim18	Eso-AdenoCa
17	57081859	57081860	17	57146160	57146161	+	-	DEL	cna199	minor	sim18	Eso-AdenoCa
17	57146161	57146162	17	81195210	81195211	-	+	DUP	cna200	major	sim18	Eso-AdenoCa
18	1	2	18	12766390	12766391	-	+	DUP	cna201	major	sim18	Eso-AdenoCa
18	12766391	12766392	18	12821565	12821566	-	+	DUP	cna202	major	sim18	Eso-AdenoCa
18	12766391	12766392	18	12821565	12821566	+	-	DEL	cna202	minor	sim18	Eso-AdenoCa
18	12821566	12821567	18	13583009	13583010	-	+	DUP	cna203	major	sim18	Eso-AdenoCa
18	13583010	13583011	18	30071859	30071860	-	+	DUP	cna204	major	sim18	Eso-AdenoCa
18	30071860	30071861	18	78077248	78077249	-	+	DUP	cna205	major	sim18	Eso-AdenoCa
18	30071860	30071861	18	78077248	78077249	-	+	DUP	cna205	minor	sim18	Eso-AdenoCa
19	1	2	19	44273101	44273102	+	-	DEL	cna206	minor	sim18	Eso-AdenoCa
19	44273102	44273103	19	46110386	46110387	-	+	DUP	cna207	major	sim18	Eso-AdenoCa
19	44273102	44273103	19	46110386	46110387	-	+	DUP	cna207	minor	sim18	Eso-AdenoCa
19	46110387	46110388	19	59092277	59092278	-	+	DUP	cna208	major	sim18	Eso-AdenoCa
19	46110387	46110388	19	59092277	59092278	-	+	DUP	cna208	minor	sim18	Eso-AdenoCa
19	59092278	59092279	19	59128983	59128984	-	+	DUP	cna209	major	sim18	Eso-AdenoCa
20	1	2	20	63025520	63025521	-	+	DUP	cna210	major	sim18	Eso-AdenoCa
20	1	2	20	63025520	63025521	+	-	DEL	cna210	minor	sim18	Eso-AdenoCa
20	21051595	21051596	20	24121831	24121832	+	+	h2hINV	cna210	major	sim18	Eso-AdenoCa
21	1	2	21	48129895	48129896	-	+	DUP	cna211	major	sim18	Eso-AdenoCa
21	1	2	21	48129895	48129896	+	-	DEL	cna211	minor	sim18	Eso-AdenoCa
22	1	2	22	45009315	45009316	-	+	DUP	cna212	major	sim18	Eso-AdenoCa
22	1	2	22	45009315	45009316	+	-	DEL	cna212	minor	sim18	Eso-AdenoCa
22	19142680	19142681	22	21361393	21361394	+	+	h2hINV	cna212	major	sim18	Eso-AdenoCa
22	45009316	45009317	22	45040213	45040214	+	-	DEL	cna213	minor	sim18	Eso-AdenoCa
22	45040214	45040215	22	45272655	45272656	-	+	DUP	cna214	major	sim18	Eso-AdenoCa
22	45040214	45040215	22	45272655	45272656	-	+	DUP	cna214	minor	sim18	Eso-AdenoCa
22	45272656	45272657	22	45327965	45327966	-	+	DUP	cna215	major	sim18	Eso-AdenoCa
22	45327966	45327967	22	51244166	51244167	-	+	DUP	cna216	major	sim18	Eso-AdenoCa
22	45327966	45327967	22	51244166	51244167	+	-	DEL	cna216	minor	sim18	Eso-AdenoCa
22	51244167	51244168	22	51304566	51304567	-	+	DUP	cna217	major	sim18	Eso-AdenoCa
X	1	2	X	124951046	124951047	-	+	DUP	cna218	major	sim18	Eso-AdenoCa
X	1	2	X	124951046	124951047	+	-	DEL	cna218	minor	sim18	Eso-AdenoCa
X	48078614	48078615	X	49637578	49637579	+	+	h2hINV	cna218	major	sim18	Eso-AdenoCa
X	124951047	124951048	X	125102228	125102229	-	+	DUP	cna219	major	sim18	Eso-AdenoCa
X	125102229	125102230	X	125354302	125354303	-	+	DUP	cna220	major	sim18	Eso-AdenoCa
X	125354303	125354304	X	125375080	125375081	-	+	DUP	cna221	major	sim18	Eso-AdenoCa
X	125375081	125375082	X	125385350	125385351	+	-	DEL	cna222	minor	sim18	Eso-AdenoCa
X	125385351	125385352	X	125579613	125579614	-	+	DUP	cna223	major	sim18	Eso-AdenoCa
X	125579614	125579615	X	128563036	128563037	-	+	DUP	cna224	major	sim18	Eso-AdenoCa
X	128563037	128563038	X	129419964	129419965	-	+	DUP	cna225	major	sim18	Eso-AdenoCa
X	129419965	129419966	X	133409635	133409636	-	+	DUP	cna226	major	sim18	Eso-AdenoCa
X	129419965	129419966	X	133409635	133409636	+	-	DEL	cna226	minor	sim18	Eso-AdenoCa
X	133409636	133409637	X	133772496	133772497	-	+	DUP	cna227	major	sim18	Eso-AdenoCa
X	133409636	133409637	X	133772496	133772497	-	+	DUP	cna227	minor	sim18	Eso-AdenoCa
X	133772497	133772498	X	133782767	133782768	-	+	DUP	cna228	major	sim18	Eso-AdenoCa
X	133782768	133782769	X	134020379	134020380	+	-	DEL	cna229	minor	sim18	Eso-AdenoCa
X	134020380	134020381	X	134422608	134422609	-	+	DUP	cna230	major	sim18	Eso-AdenoCa
X	134020380	134020381	X	134422608	134422609	+	-	DEL	cna230	minor	sim18	Eso-AdenoCa
X	134422609	134422610	X	134448365	134448366	-	+	DUP	cna231	major	sim18	Eso-AdenoCa
X	134448366	134448367	X	135820453	135820454	+	-	DEL	cna232	minor	sim18	Eso-AdenoCa
X	135820454	135820455	X	135866320	135866321	-	+	DUP	cna233	major	sim18	Eso-AdenoCa
X	135820454	135820455	X	135866320	135866321	-	+	DUP	cna233	minor	sim18	Eso-AdenoCa
X	135866321	135866322	X	144671885	144671886	-	+	DUP	cna234	major	sim18	Eso-AdenoCa
X	144671886	144671887	X	149642129	149642130	-	+	DUP	cna235	major	sim18	Eso-AdenoCa
X	149642130	149642131	X	150075597	150075598	+	-	DEL	cna236	minor	sim18	Eso-AdenoCa
X	150075598	150075599	X	150419957	150419958	-	+	DUP	cna237	major	sim18	Eso-AdenoCa
X	150075598	150075599	X	150419957	150419958	+	-	DEL	cna237	minor	sim18	Eso-AdenoCa
X	150419958	150419959	X	152140778	152140779	-	+	DUP	cna238	major	sim18	Eso-AdenoCa
X	152140779	152140780	X	153803965	153803966	-	+	DUP	cna239	major	sim18	Eso-AdenoCa
X	152140779	152140780	X	153803965	153803966	+	-	DEL	cna239	minor	sim18	Eso-AdenoCa
X	153803966	153803967	X	155270560	155270561	-	+	DUP	cna240	major	sim18	Eso-AdenoCa
X	153803966	153803967	X	155270560	155270561	-	+	DUP	cna240	minor	sim18	Eso-AdenoCa
