chrom1	start1	end1	chrom2	start2	end2	strand1	strand2	svclass	id	allele	donor_id	tumor
1	1	2	1	10061842	10061843	+	-	DEL	cna0	minor	sim6	Eso-AdenoCa
1	1	3440701	3	80983489	81106238	+	+	TRA	cna0,cna63	minor,major	sim6	Eso-AdenoCa
1	10061843	10061844	1	21868828	21868829	-	+	DUP	cna1	major	sim6	Eso-AdenoCa
1	10061843	10061844	1	21868828	21868829	+	-	DEL	cna1	minor	sim6	Eso-AdenoCa
1	14286200	21868828	4	4019220	41423702	-	-	TRA	cna1,cna74	major,major	sim6	Eso-AdenoCa
1	21868829	21868830	1	22009124	22009125	+	-	DEL	cna2	major	sim6	Eso-AdenoCa
1	21868829	21868830	1	22009124	22009125	+	-	DEL	cna2	minor	sim6	Eso-AdenoCa
1	22009125	22009126	1	22067264	22067265	-	+	DUP	cna3	major	sim6	Eso-AdenoCa
1	22067265	22067266	1	31540932	31540933	-	+	DUP	cna4	major	sim6	Eso-AdenoCa
1	22067265	22067266	1	31540932	31540933	+	-	DEL	cna4	minor	sim6	Eso-AdenoCa
1	25065800	25065801	1	46313269	46313270	+	+	h2hINV	cna4	major	sim6	Eso-AdenoCa
1	27413100	27413101	1	30933742	30933743	+	+	h2hINV	cna4	major	sim6	Eso-AdenoCa
1	31540933	31540934	1	77977879	77977880	-	+	DUP	cna5	major	sim6	Eso-AdenoCa
1	31540933	31540934	1	77977879	77977880	+	-	DEL	cna5	minor	sim6	Eso-AdenoCa
1	38888200	38888201	1	38996167	38996168	-	-	t2tINV	cna5	major	sim6	Eso-AdenoCa
1	61089000	77977879	8	111337427	116000840	-	-	TRA	cna5,cna179	minor,major	sim6	Eso-AdenoCa
1	77977880	77977881	1	78052087	78052088	-	+	DUP	cna6	major	sim6	Eso-AdenoCa
1	77977880	77977881	1	78052087	78052088	-	+	DUP	cna6	minor	sim6	Eso-AdenoCa
1	78052088	78052089	1	86242768	86242769	-	+	DUP	cna7	major	sim6	Eso-AdenoCa
1	86242769	86242770	1	88915978	88915979	-	+	DUP	cna8	major	sim6	Eso-AdenoCa
1	86242769	86242770	1	88915978	88915979	-	+	DUP	cna8	minor	sim6	Eso-AdenoCa
1	86242769	87349056	14	48146521	67168872	+	-	TRA	cna239,cna8	minor,major	sim6	Eso-AdenoCa
1	88915979	88915980	1	91186897	91186898	-	+	DUP	cna9	major	sim6	Eso-AdenoCa
1	91186898	91186899	1	91308185	91308186	-	+	DUP	cna10	major	sim6	Eso-AdenoCa
1	91308186	91308187	1	92072723	92072724	-	+	DUP	cna11	major	sim6	Eso-AdenoCa
1	91308186	91308187	1	92072723	92072724	+	-	DEL	cna11	minor	sim6	Eso-AdenoCa
1	92072724	92072725	1	109404196	109404197	-	+	DUP	cna12	major	sim6	Eso-AdenoCa
1	98509000	109404196	6	126328543	128204397	-	+	TRA	cna12,cna135	major,minor	sim6	Eso-AdenoCa
1	109404197	109404198	1	109434234	109434235	-	+	DUP	cna13	major	sim6	Eso-AdenoCa
1	109404197	109404198	1	109434234	109434235	-	+	DUP	cna13	minor	sim6	Eso-AdenoCa
1	109434235	109434236	1	123350352	123350353	-	+	DUP	cna14	major	sim6	Eso-AdenoCa
1	109434235	109434236	1	123350352	123350353	+	-	DEL	cna14	minor	sim6	Eso-AdenoCa
1	123350353	123350354	1	208832145	208832146	+	-	DEL	cna15	minor	sim6	Eso-AdenoCa
1	156485400	156485401	1	157359629	157359630	+	+	h2hINV	cna15	major	sim6	Eso-AdenoCa
1	197900400	197900401	1	203566319	203566320	+	+	h2hINV	cna15	major	sim6	Eso-AdenoCa
1	208832146	208832147	1	210424565	210424566	-	+	DUP	cna16	major	sim6	Eso-AdenoCa
1	210424566	210424567	1	215567787	215567788	+	-	DEL	cna17	minor	sim6	Eso-AdenoCa
1	215567788	215567789	1	215648546	215648547	-	+	DUP	cna18	major	sim6	Eso-AdenoCa
1	215648547	215648548	1	215826469	215826470	-	+	DUP	cna19	major	sim6	Eso-AdenoCa
1	215648547	215648548	1	215826469	215826470	+	-	DEL	cna19	minor	sim6	Eso-AdenoCa
1	215826470	215826471	1	216088983	216088984	-	+	DUP	cna20	major	sim6	Eso-AdenoCa
1	215826470	215826471	1	216088983	216088984	-	+	DUP	cna20	minor	sim6	Eso-AdenoCa
1	216088984	216088985	1	221586766	221586767	-	+	DUP	cna21	major	sim6	Eso-AdenoCa
1	216088984	216088985	1	221586766	221586767	+	-	DEL	cna21	minor	sim6	Eso-AdenoCa
1	221586767	221586768	1	226424954	226424955	+	-	DEL	cna22	minor	sim6	Eso-AdenoCa
1	226171961	226424954	15	64907581	83236659	-	-	TRA	cna258,cna22	major,major	sim6	Eso-AdenoCa
1	226424955	226424956	1	226619998	226619999	-	+	DUP	cna23	major	sim6	Eso-AdenoCa
1	226424955	226424956	1	226619998	226619999	+	-	DEL	cna23	minor	sim6	Eso-AdenoCa
1	226619999	226620000	1	226994826	226994827	-	+	DUP	cna24	major	sim6	Eso-AdenoCa
1	226994827	226994828	1	249250621	249250622	-	+	DUP	cna25	major	sim6	Eso-AdenoCa
1	226994827	242685401	8	56064642	70887597	+	+	TRA	cna25,cna174	minor,major	sim6	Eso-AdenoCa
1	237637200	237637201	1	238430587	238430588	-	-	t2tINV	cna25	minor	sim6	Eso-AdenoCa
2	1	2	2	51547798	51547799	-	+	DUP	cna26	major	sim6	Eso-AdenoCa
2	1	2	2	51547798	51547799	-	+	DUP	cna26	minor	sim6	Eso-AdenoCa
2	22580879	51547798	3	19983388	20697877	-	-	TRA	cna26,cna45	major,major	sim6	Eso-AdenoCa
2	38829979	51547798	13	9601124	9650449	-	+	TRA	cna26,cna228	major,major	sim6	Eso-AdenoCa
2	51547799	51547800	2	53787063	53787064	+	-	DEL	cna27	minor	sim6	Eso-AdenoCa
2	53787064	53787065	2	54110691	54110692	-	+	DUP	cna28	major	sim6	Eso-AdenoCa
2	53787064	53787065	2	54110691	54110692	-	+	DUP	cna28	minor	sim6	Eso-AdenoCa
2	54110692	54110693	2	57592581	57592582	-	+	DUP	cna29	major	sim6	Eso-AdenoCa
2	57592582	57592583	2	102425321	102425322	-	+	DUP	cna30	major	sim6	Eso-AdenoCa
2	57592582	57592583	2	102425321	102425322	+	-	DEL	cna30	minor	sim6	Eso-AdenoCa
2	57592582	75811780	8	41732965	55230307	+	-	TRA	cna30,cna171	major,minor	sim6	Eso-AdenoCa
2	57592582	77925659	22	20916176	34441381	+	+	TRA	cna331,cna30	major,major	sim6	Eso-AdenoCa
2	85158079	85158080	2	85168079	85168080	+	+	h2hINV	cna30	major	sim6	Eso-AdenoCa
2	102425322	102425323	2	108031702	108031703	+	-	DEL	cna31	minor	sim6	Eso-AdenoCa
2	108031703	108031704	2	108778048	108778049	-	+	DUP	cna32	major	sim6	Eso-AdenoCa
2	108031703	108031704	2	108778048	108778049	-	+	DUP	cna32	minor	sim6	Eso-AdenoCa
2	108778049	108778050	2	117045440	117045441	-	+	DUP	cna33	major	sim6	Eso-AdenoCa
2	108778049	108778050	2	117045440	117045441	-	+	DUP	cna33	minor	sim6	Eso-AdenoCa
2	109159279	109159280	2	109169282	109169283	+	+	h2hINV	cna33	minor	sim6	Eso-AdenoCa
2	113755079	113755080	2	121933817	121933818	-	-	t2tINV	cna34	minor	sim6	Eso-AdenoCa
2	117045441	117045442	2	152625583	152625584	-	+	DUP	cna34	major	sim6	Eso-AdenoCa
2	117045441	117045442	2	152625583	152625584	-	+	DUP	cna34	minor	sim6	Eso-AdenoCa
2	117045441	124358080	3	16866407	20697877	+	-	TRA	cna34,cna45	major,major	sim6	Eso-AdenoCa
2	134300179	152625583	4	63630067	80429350	-	-	TRA	cna34,cna75	major,major	sim6	Eso-AdenoCa
2	152625584	152625585	2	159994367	159994368	-	+	DUP	cna35	major	sim6	Eso-AdenoCa
2	152625584	152625585	2	159994367	159994368	-	+	DUP	cna35	minor	sim6	Eso-AdenoCa
2	152625584	156076880	9	114252349	128836872	+	-	TRA	cna35,cna183	minor,minor	sim6	Eso-AdenoCa
2	159994368	159994369	2	160511785	160511786	-	+	DUP	cna36	major	sim6	Eso-AdenoCa
2	159994368	159994369	2	160511785	160511786	+	-	DEL	cna36	minor	sim6	Eso-AdenoCa
2	160511786	160511787	2	160522336	160522337	-	+	DUP	cna37	major	sim6	Eso-AdenoCa
2	160522337	160522338	2	187778238	187778239	-	+	DUP	cna38	major	sim6	Eso-AdenoCa
2	160522337	160522338	2	187778238	187778239	+	-	DEL	cna38	minor	sim6	Eso-AdenoCa
2	161686479	187778238	9	65126920	128836872	-	-	TRA	cna38,cna183	major,major	sim6	Eso-AdenoCa
2	161881579	161881580	2	193218374	193218375	-	-	t2tINV	cna40	major	sim6	Eso-AdenoCa
2	161990579	187778238	17	1	19533037	-	+	TRA	cna38,cna284	minor,major	sim6	Eso-AdenoCa
2	184468479	184468480	2	186625910	186625911	+	+	h2hINV	cna38	major	sim6	Eso-AdenoCa
2	187778239	187778240	2	192919125	192919126	-	+	DUP	cna39	major	sim6	Eso-AdenoCa
2	192919126	192919127	2	211539099	211539100	+	-	DEL	cna40	minor	sim6	Eso-AdenoCa
2	193344179	193344180	2	193654724	193654725	-	-	t2tINV	cna40	major	sim6	Eso-AdenoCa
2	199082879	199082880	2	199137837	199137838	-	-	t2tINV	cna40	major	sim6	Eso-AdenoCa
2	211539100	211539101	2	211703287	211703288	-	+	DUP	cna41	major	sim6	Eso-AdenoCa
2	211703288	211703289	2	211713850	211713851	-	+	DUP	cna42	major	sim6	Eso-AdenoCa
2	211703288	211703289	2	211713850	211713851	+	-	DEL	cna42	minor	sim6	Eso-AdenoCa
2	211713851	211713852	2	242819943	242819944	+	-	DEL	cna43	minor	sim6	Eso-AdenoCa
2	218227079	218227080	2	218237085	218237086	+	+	h2hINV	cna43	major	sim6	Eso-AdenoCa
2	229242179	229242180	2	229252186	229252187	+	+	h2hINV	cna43	major	sim6	Eso-AdenoCa
2	242234479	242819943	3	87773252	119711349	-	-	TRA	cna43,cna64	major,minor	sim6	Eso-AdenoCa
2	242819944	242819945	2	243199373	243199374	-	+	DUP	cna44	major	sim6	Eso-AdenoCa
2	242819944	242819945	2	243199373	243199374	-	+	DUP	cna44	minor	sim6	Eso-AdenoCa
3	1	2	3	20697877	20697878	-	+	DUP	cna45	major	sim6	Eso-AdenoCa
3	16572906	16572907	3	17381969	17381970	-	-	t2tINV	cna45	major	sim6	Eso-AdenoCa
3	20697878	20697879	3	34838479	34838480	-	+	DUP	cna46	major	sim6	Eso-AdenoCa
3	20697878	20697879	3	34838479	34838480	-	+	DUP	cna46	minor	sim6	Eso-AdenoCa
3	34838480	34838481	3	39422943	39422944	-	+	DUP	cna47	major	sim6	Eso-AdenoCa
3	39422944	39422945	3	39787815	39787816	-	+	DUP	cna48	major	sim6	Eso-AdenoCa
3	39787816	39787817	3	39806917	39806918	-	+	DUP	cna49	major	sim6	Eso-AdenoCa
3	39806918	39806919	3	40932960	40932961	-	+	DUP	cna50	major	sim6	Eso-AdenoCa
3	40932961	40932962	3	42758752	42758753	-	+	DUP	cna51	major	sim6	Eso-AdenoCa
3	40932961	40932962	3	42758752	42758753	+	-	DEL	cna51	minor	sim6	Eso-AdenoCa
3	42758753	42758754	3	42785289	42785290	-	+	DUP	cna52	major	sim6	Eso-AdenoCa
3	42785290	42785291	3	43024140	43024141	-	+	DUP	cna53	major	sim6	Eso-AdenoCa
3	43024141	43024142	3	43043246	43043247	-	+	DUP	cna54	major	sim6	Eso-AdenoCa
3	43043247	43043248	3	70092337	70092338	-	+	DUP	cna55	major	sim6	Eso-AdenoCa
3	43043247	43043248	3	70092337	70092338	+	-	DEL	cna55	minor	sim6	Eso-AdenoCa
3	43043247	48702407	11	57880458	72409925	+	-	TRA	cna55,cna211	major,major	sim6	Eso-AdenoCa
3	70092338	70092339	3	70801889	70801890	-	+	DUP	cna56	major	sim6	Eso-AdenoCa
3	70092338	70092339	3	70801889	70801890	-	+	DUP	cna56	minor	sim6	Eso-AdenoCa
3	70801890	70801891	3	78535176	78535177	-	+	DUP	cna57	major	sim6	Eso-AdenoCa
3	78535177	78535178	3	78544784	78544785	-	+	DUP	cna58	major	sim6	Eso-AdenoCa
3	78535177	78535178	3	78544784	78544785	+	-	DEL	cna58	minor	sim6	Eso-AdenoCa
3	78544785	78544786	3	78639635	78639636	+	-	DEL	cna59	major	sim6	Eso-AdenoCa
3	78544785	78544786	3	78639635	78639636	+	-	DEL	cna59	minor	sim6	Eso-AdenoCa
3	78639636	78639637	3	79303650	79303651	+	-	DEL	cna60	minor	sim6	Eso-AdenoCa
3	79303651	79303652	3	79466986	79466987	-	+	DUP	cna61	major	sim6	Eso-AdenoCa
3	79303651	79303652	3	79466986	79466987	+	-	DEL	cna61	minor	sim6	Eso-AdenoCa
3	79466987	79466988	3	80983488	80983489	-	+	DUP	cna62	major	sim6	Eso-AdenoCa
3	79466987	79466988	3	80983488	80983489	-	+	DUP	cna62	minor	sim6	Eso-AdenoCa
3	80983489	80983490	3	81364932	81364933	-	+	DUP	cna63	major	sim6	Eso-AdenoCa
3	80983489	80983490	3	81364932	81364933	-	+	DUP	cna63	minor	sim6	Eso-AdenoCa
3	81364933	81364934	3	119711349	119711350	-	+	DUP	cna64	major	sim6	Eso-AdenoCa
3	81364933	81364934	3	119711349	119711350	+	-	DEL	cna64	minor	sim6	Eso-AdenoCa
3	81364933	97179119	18	13992226	19225697	+	-	TRA	cna296,cna64	minor,major	sim6	Eso-AdenoCa
3	85457706	85457707	3	98538079	98538080	-	-	t2tINV	cna64	major	sim6	Eso-AdenoCa
3	86352706	86352707	3	95900498	95900499	+	+	h2hINV	cna64	major	sim6	Eso-AdenoCa
3	109378606	109378607	3	114689820	114689821	+	+	h2hINV	cna64	major	sim6	Eso-AdenoCa
3	119711350	119711351	3	143497700	143497701	-	+	DUP	cna65	major	sim6	Eso-AdenoCa
3	119711350	119711351	3	143497700	143497701	-	+	DUP	cna65	minor	sim6	Eso-AdenoCa
3	119711350	138877907	6	64607684	70893371	+	+	TRA	cna65,cna124	minor,major	sim6	Eso-AdenoCa
3	130218606	130218607	3	130348598	130348599	-	-	t2tINV	cna65	minor	sim6	Eso-AdenoCa
3	143497701	143497702	3	143602222	143602223	-	+	DUP	cna66	major	sim6	Eso-AdenoCa
3	143602223	143602224	3	144056962	144056963	-	+	DUP	cna67	major	sim6	Eso-AdenoCa
3	144056963	144056964	3	159926505	159926506	-	+	DUP	cna68	major	sim6	Eso-AdenoCa
3	144056963	144056964	3	159926505	159926506	+	-	DEL	cna68	minor	sim6	Eso-AdenoCa
3	159926506	159926507	3	172757397	172757398	-	+	DUP	cna69	major	sim6	Eso-AdenoCa
3	159926506	159926507	3	172757397	172757398	-	+	DUP	cna69	minor	sim6	Eso-AdenoCa
3	172757398	172757399	3	174148716	174148717	+	-	DEL	cna70	minor	sim6	Eso-AdenoCa
3	174148717	174148718	3	175341358	175341359	-	+	DUP	cna71	major	sim6	Eso-AdenoCa
3	174148717	174148718	3	175341358	175341359	-	+	DUP	cna71	minor	sim6	Eso-AdenoCa
3	175341359	175341360	3	176443814	176443815	+	-	DEL	cna72	major	sim6	Eso-AdenoCa
3	175341359	175341360	3	176443814	176443815	+	-	DEL	cna72	minor	sim6	Eso-AdenoCa
3	176443815	176443816	3	198022430	198022431	+	-	DEL	cna73	minor	sim6	Eso-AdenoCa
4	1	2	4	41423702	41423703	-	+	DUP	cna74	major	sim6	Eso-AdenoCa
4	1	2	4	41423702	41423703	+	-	DEL	cna74	minor	sim6	Eso-AdenoCa
4	18331276	18331277	4	34244035	34244036	+	+	h2hINV	cna74	major	sim6	Eso-AdenoCa
4	41423703	41423704	4	80429350	80429351	+	-	DEL	cna75	minor	sim6	Eso-AdenoCa
4	56013176	80429350	8	1	35944526	-	+	TRA	cna75,cna171	major,major	sim6	Eso-AdenoCa
4	64461776	64461777	4	108865791	108865792	+	+	h2hINV	cna75	major	sim6	Eso-AdenoCa
4	67737976	67737977	4	67747986	67747987	-	-	t2tINV	cna75	major	sim6	Eso-AdenoCa
4	80429351	80429352	4	81306507	81306508	-	+	DUP	cna76	major	sim6	Eso-AdenoCa
4	81306508	81306509	4	83312313	83312314	-	+	DUP	cna77	major	sim6	Eso-AdenoCa
4	81306508	81306509	4	83312313	83312314	-	+	DUP	cna77	minor	sim6	Eso-AdenoCa
4	83312314	83312315	4	84520577	84520578	-	+	DUP	cna78	major	sim6	Eso-AdenoCa
4	84520578	84520579	4	89108044	89108045	-	+	DUP	cna79	major	sim6	Eso-AdenoCa
4	84520578	84520579	4	89108044	89108045	-	+	DUP	cna79	minor	sim6	Eso-AdenoCa
4	89108045	89108046	4	89452001	89452002	+	-	DEL	cna80	minor	sim6	Eso-AdenoCa
4	89452002	89452003	4	110617506	110617507	-	+	DUP	cna81	major	sim6	Eso-AdenoCa
4	96443676	96443677	4	96453683	96453684	-	-	t2tINV	cna81	minor	sim6	Eso-AdenoCa
4	110617507	110617508	4	110644855	110644856	-	+	DUP	cna82	major	sim6	Eso-AdenoCa
4	110617507	110617508	4	110644855	110644856	-	+	DUP	cna82	minor	sim6	Eso-AdenoCa
4	110644856	110644857	4	111142036	111142037	-	+	DUP	cna83	major	sim6	Eso-AdenoCa
4	111142037	111142038	4	111220029	111220030	-	+	DUP	cna84	major	sim6	Eso-AdenoCa
4	111142037	111142038	4	111220029	111220030	+	-	DEL	cna84	minor	sim6	Eso-AdenoCa
4	111220030	111220031	4	117159408	117159409	-	+	DUP	cna85	major	sim6	Eso-AdenoCa
4	117159409	117159410	4	117302105	117302106	-	+	DUP	cna86	major	sim6	Eso-AdenoCa
4	117159409	117159410	4	117302105	117302106	+	-	DEL	cna86	minor	sim6	Eso-AdenoCa
4	117302106	117302107	4	120596058	120596059	-	+	DUP	cna87	major	sim6	Eso-AdenoCa
4	117302106	117302107	4	120596058	120596059	-	+	DUP	cna87	minor	sim6	Eso-AdenoCa
4	120596059	120596060	4	175598747	175598748	-	+	DUP	cna88	major	sim6	Eso-AdenoCa
4	120596059	166191177	18	21076298	24796462	+	+	TRA	cna88,cna299	major,major	sim6	Eso-AdenoCa
4	123657176	123657177	4	123667180	123667181	+	+	h2hINV	cna88	minor	sim6	Eso-AdenoCa
4	149236179	175598747	8	133855010	146364022	-	-	TRA	cna182,cna88	major,minor	sim6	Eso-AdenoCa
4	175598748	175598749	4	175612445	175612446	-	+	DUP	cna89	major	sim6	Eso-AdenoCa
4	175598748	175598749	4	175612445	175612446	+	-	DEL	cna89	minor	sim6	Eso-AdenoCa
4	175612446	175612447	4	179222286	179222287	+	-	DEL	cna90	minor	sim6	Eso-AdenoCa
4	179222287	179222288	4	179614387	179614388	-	+	DUP	cna91	major	sim6	Eso-AdenoCa
4	179222287	179222288	4	179614387	179614388	+	-	DEL	cna91	minor	sim6	Eso-AdenoCa
4	179614388	179614389	4	180107563	180107564	-	+	DUP	cna92	major	sim6	Eso-AdenoCa
4	180107564	180107565	4	181715585	181715586	-	+	DUP	cna93	major	sim6	Eso-AdenoCa
4	180107564	180107565	4	181715585	181715586	+	-	DEL	cna93	minor	sim6	Eso-AdenoCa
4	181715586	181715587	4	183760554	183760555	-	+	DUP	cna94	major	sim6	Eso-AdenoCa
4	183760555	183760556	4	191154276	191154277	-	+	DUP	cna95	major	sim6	Eso-AdenoCa
4	183760555	183760556	4	191154276	191154277	+	-	DEL	cna95	minor	sim6	Eso-AdenoCa
4	183760555	188502477	7	99092996	99931941	+	+	TRA	cna95,cna161	major,minor	sim6	Eso-AdenoCa
4	184841276	191154276	18	41951031	65190504	-	-	TRA	cna95,cna299	minor,minor	sim6	Eso-AdenoCa
5	1	2	5	53322900	53322901	+	-	DEL	cna96	minor	sim6	Eso-AdenoCa
5	36487300	36487301	5	97720075	97720076	+	+	h2hINV	cna96	major	sim6	Eso-AdenoCa
5	53322901	53322902	5	53539317	53539318	-	+	DUP	cna97	major	sim6	Eso-AdenoCa
5	53322901	53322902	5	53539317	53539318	-	+	DUP	cna97	minor	sim6	Eso-AdenoCa
5	53539318	53539319	5	63786600	63786601	-	+	DUP	cna98	major	sim6	Eso-AdenoCa
5	53539318	53539319	5	63786600	63786601	+	-	DEL	cna98	minor	sim6	Eso-AdenoCa
5	55173000	55173001	5	55193066	55193067	+	+	h2hINV	cna98	major	sim6	Eso-AdenoCa
5	63786601	63786602	5	63865299	63865300	+	-	DEL	cna99	minor	sim6	Eso-AdenoCa
5	63865300	63865301	5	65550463	65550464	-	+	DUP	cna100	major	sim6	Eso-AdenoCa
5	63865300	63865301	5	65550463	65550464	-	+	DUP	cna100	minor	sim6	Eso-AdenoCa
5	65550464	65550465	5	69744947	69744948	+	-	DEL	cna101	minor	sim6	Eso-AdenoCa
5	69744948	69744949	5	70414090	70414091	-	+	DUP	cna102	major	sim6	Eso-AdenoCa
5	70414091	70414092	5	153228368	153228369	+	-	DEL	cna103	minor	sim6	Eso-AdenoCa
5	132220300	132220301	5	150364649	150364650	-	-	t2tINV	cna103	major	sim6	Eso-AdenoCa
5	153228369	153228370	5	153268207	153268208	-	+	DUP	cna104	major	sim6	Eso-AdenoCa
5	153228369	153228370	5	153268207	153268208	-	+	DUP	cna104	minor	sim6	Eso-AdenoCa
5	153268208	153268209	5	153434915	153434916	+	-	DEL	cna105	minor	sim6	Eso-AdenoCa
5	153434916	153434917	5	153777167	153777168	-	+	DUP	cna106	major	sim6	Eso-AdenoCa
5	153434916	153434917	5	153777167	153777168	+	-	DEL	cna106	minor	sim6	Eso-AdenoCa
5	153777168	153777169	5	153832813	153832814	+	-	DEL	cna107	minor	sim6	Eso-AdenoCa
5	153832814	153832815	5	159072050	159072051	-	+	DUP	cna108	major	sim6	Eso-AdenoCa
5	153832814	153832815	5	159072050	159072051	-	+	DUP	cna108	minor	sim6	Eso-AdenoCa
5	159072051	159072052	5	159120502	159120503	-	+	DUP	cna109	major	sim6	Eso-AdenoCa
5	159072051	159072052	5	159120502	159120503	+	-	DEL	cna109	minor	sim6	Eso-AdenoCa
5	159120503	159120504	5	164293429	164293430	-	+	DUP	cna110	major	sim6	Eso-AdenoCa
5	159120503	159120504	5	164293429	164293430	-	+	DUP	cna110	minor	sim6	Eso-AdenoCa
5	164293430	164293431	5	180915260	180915261	-	+	DUP	cna111	major	sim6	Eso-AdenoCa
5	169630698	180915260	11	72562486	77712011	-	+	TRA	cna213,cna111	minor,major	sim6	Eso-AdenoCa
6	1	2	6	5631615	5631616	-	+	DUP	cna112	major	sim6	Eso-AdenoCa
6	1	2	6	5631615	5631616	-	+	DUP	cna112	minor	sim6	Eso-AdenoCa
6	355340	5631615	12	97133911	106592329	-	-	TRA	cna112,cna218	major,major	sim6	Eso-AdenoCa
6	5631616	5631617	6	30335824	30335825	-	+	DUP	cna113	major	sim6	Eso-AdenoCa
6	5631616	29338141	13	16574951	19226223	+	-	TRA	cna113,cna229	minor,major	sim6	Eso-AdenoCa
6	30335825	30335826	6	30457909	30457910	+	-	DEL	cna114	minor	sim6	Eso-AdenoCa
6	30457910	30457911	6	30477036	30477037	-	+	DUP	cna115	major	sim6	Eso-AdenoCa
6	30457910	30457911	6	30477036	30477037	-	+	DUP	cna115	minor	sim6	Eso-AdenoCa
6	30477037	30477038	6	54835431	54835432	-	+	DUP	cna116	major	sim6	Eso-AdenoCa
6	30477037	30477038	6	54835431	54835432	+	-	DEL	cna116	minor	sim6	Eso-AdenoCa
6	33519740	33519741	6	34506935	34506936	-	-	t2tINV	cna116	major	sim6	Eso-AdenoCa
6	35320440	35320441	6	93093576	93093577	-	-	t2tINV	cna129	major	sim6	Eso-AdenoCa
6	43787140	43787141	6	47719986	47719987	-	-	t2tINV	cna116	major	sim6	Eso-AdenoCa
6	47466540	54835431	10	80510845	83187829	-	-	TRA	cna116,cna198	minor,minor	sim6	Eso-AdenoCa
6	54835432	54835433	6	56855481	56855482	-	+	DUP	cna117	major	sim6	Eso-AdenoCa
6	56855482	56855483	6	60910413	60910414	-	+	DUP	cna118	major	sim6	Eso-AdenoCa
6	56855482	56855483	6	60910413	60910414	+	-	DEL	cna118	minor	sim6	Eso-AdenoCa
6	60910414	60910415	6	61059000	61059001	-	+	DUP	cna119	major	sim6	Eso-AdenoCa
6	61059001	61059002	6	61785992	61785993	-	+	DUP	cna120	major	sim6	Eso-AdenoCa
6	61785993	61785994	6	62635144	62635145	-	+	DUP	cna121	major	sim6	Eso-AdenoCa
6	61785993	61785994	6	62635144	62635145	+	-	DEL	cna121	minor	sim6	Eso-AdenoCa
6	62635145	62635146	6	64431015	64431016	-	+	DUP	cna122	major	sim6	Eso-AdenoCa
6	63719240	63719241	6	63729262	63729263	-	-	t2tINV	cna122	major	sim6	Eso-AdenoCa
6	63929240	63929241	6	64184303	64184304	-	-	t2tINV	cna122	major	sim6	Eso-AdenoCa
6	64431016	64431017	6	64607683	64607684	-	+	DUP	cna123	major	sim6	Eso-AdenoCa
6	64431016	64431017	6	64607683	64607684	-	+	DUP	cna123	minor	sim6	Eso-AdenoCa
6	64607684	64607685	6	76256601	76256602	-	+	DUP	cna124	major	sim6	Eso-AdenoCa
6	64607684	64607685	6	76256601	76256602	+	-	DEL	cna124	minor	sim6	Eso-AdenoCa
6	76256602	76256603	6	82705734	82705735	-	+	DUP	cna125	major	sim6	Eso-AdenoCa
6	82705735	82705736	6	82980866	82980867	+	-	DEL	cna126	major	sim6	Eso-AdenoCa
6	82705735	82705736	6	82980866	82980867	+	-	DEL	cna126	minor	sim6	Eso-AdenoCa
6	82980867	82980868	6	84109184	84109185	-	+	DUP	cna127	major	sim6	Eso-AdenoCa
6	82980867	82980868	6	84109184	84109185	+	-	DEL	cna127	minor	sim6	Eso-AdenoCa
6	84109185	84109186	6	84281226	84281227	-	+	DUP	cna128	major	sim6	Eso-AdenoCa
6	84281227	84281228	6	96702822	96702823	-	+	DUP	cna129	major	sim6	Eso-AdenoCa
6	84281227	84281228	6	96702822	96702823	+	-	DEL	cna129	minor	sim6	Eso-AdenoCa
6	96702823	96702824	6	96906965	96906966	-	+	DUP	cna130	major	sim6	Eso-AdenoCa
6	96906966	96906967	6	97292061	97292062	-	+	DUP	cna131	major	sim6	Eso-AdenoCa
6	97292062	97292063	6	98431033	98431034	-	+	DUP	cna132	major	sim6	Eso-AdenoCa
6	97292062	97292063	6	98431033	98431034	-	+	DUP	cna132	minor	sim6	Eso-AdenoCa
6	98431034	98431035	6	111697114	111697115	-	+	DUP	cna133	major	sim6	Eso-AdenoCa
6	98431034	98431035	6	111697114	111697115	+	-	DEL	cna133	minor	sim6	Eso-AdenoCa
6	99072149	111697114	8	103674710	116000840	-	-	TRA	cna179,cna133	minor,minor	sim6	Eso-AdenoCa
6	111697115	111697116	6	126328542	126328543	-	+	DUP	cna134	major	sim6	Eso-AdenoCa
6	126328543	126328544	6	129521218	129521219	-	+	DUP	cna135	minor	sim6	Eso-AdenoCa
6	129521219	129521220	6	130191450	130191451	-	+	DUP	cna136	major	sim6	Eso-AdenoCa
6	130191451	130191452	6	130339319	130339320	+	-	DEL	cna137	minor	sim6	Eso-AdenoCa
6	130339320	130339321	6	130387524	130387525	-	+	DUP	cna138	major	sim6	Eso-AdenoCa
6	130339320	130339321	6	130387524	130387525	+	-	DEL	cna138	minor	sim6	Eso-AdenoCa
6	132686369	132686370	6	136797305	136797306	-	+	DUP	cna140	major	sim6	Eso-AdenoCa
6	136797306	136797307	6	152180648	152180649	-	+	DUP	cna141	major	sim6	Eso-AdenoCa
6	136797306	136797307	6	152180648	152180649	-	+	DUP	cna141	minor	sim6	Eso-AdenoCa
6	146961840	146961841	6	146971846	146971847	+	+	h2hINV	cna141	minor	sim6	Eso-AdenoCa
6	152180649	152180650	6	168633252	168633253	-	+	DUP	cna142	major	sim6	Eso-AdenoCa
6	152180649	152180650	6	168633252	168633253	-	+	DUP	cna142	minor	sim6	Eso-AdenoCa
6	157819740	157819741	6	157840172	157840173	-	-	t2tINV	cna142	minor	sim6	Eso-AdenoCa
6	168633253	168633254	6	171115067	171115068	-	+	DUP	cna143	major	sim6	Eso-AdenoCa
6	168633253	168633254	6	171115067	171115068	+	-	DEL	cna143	minor	sim6	Eso-AdenoCa
7	1	2	7	5298557	5298558	-	+	DUP	cna144	major	sim6	Eso-AdenoCa
7	5298558	5298559	7	5588354	5588355	-	+	DUP	cna145	major	sim6	Eso-AdenoCa
7	5298558	5298559	7	5588354	5588355	-	+	DUP	cna145	minor	sim6	Eso-AdenoCa
7	5588355	5588356	7	6200872	6200873	-	+	DUP	cna146	major	sim6	Eso-AdenoCa
7	6200873	6200874	7	7277635	7277636	-	+	DUP	cna147	major	sim6	Eso-AdenoCa
7	7277636	7277637	7	22573575	22573576	-	+	DUP	cna148	major	sim6	Eso-AdenoCa
7	22573576	22573577	7	23256894	23256895	-	+	DUP	cna149	major	sim6	Eso-AdenoCa
7	22573576	22573577	7	23256894	23256895	+	-	DEL	cna149	minor	sim6	Eso-AdenoCa
7	23256895	23256896	7	35943059	35943060	-	+	DUP	cna150	major	sim6	Eso-AdenoCa
7	23256895	23256896	7	35943059	35943060	+	-	DEL	cna150	minor	sim6	Eso-AdenoCa
7	23256895	27893474	16	2733397	26133974	+	+	TRA	cna150,cna267	major,minor	sim6	Eso-AdenoCa
7	35943060	35943061	7	42034862	42034863	-	+	DUP	cna151	major	sim6	Eso-AdenoCa
7	37080273	37080274	7	37090280	37090281	-	-	t2tINV	cna151	minor	sim6	Eso-AdenoCa
7	42034863	42034864	7	42609341	42609342	-	+	DUP	cna152	major	sim6	Eso-AdenoCa
7	42034863	42034864	7	42609341	42609342	+	-	DEL	cna152	minor	sim6	Eso-AdenoCa
7	42609342	42609343	7	42823806	42823807	+	-	DEL	cna153	major	sim6	Eso-AdenoCa
7	42609342	42609343	7	42823806	42823807	+	-	DEL	cna153	minor	sim6	Eso-AdenoCa
7	42823807	42823808	7	48227261	48227262	-	+	DUP	cna154	major	sim6	Eso-AdenoCa
7	45668873	45668874	7	50119816	50119817	-	-	t2tINV	cna156	major	sim6	Eso-AdenoCa
7	47247273	47247274	7	47327663	47327664	+	+	h2hINV	cna154	major	sim6	Eso-AdenoCa
7	48227262	48227263	7	48265831	48265832	-	+	DUP	cna155	major	sim6	Eso-AdenoCa
7	48227262	48227263	7	48265831	48265832	+	-	DEL	cna155	minor	sim6	Eso-AdenoCa
7	48265832	48265833	7	55781275	55781276	-	+	DUP	cna156	major	sim6	Eso-AdenoCa
7	55781276	55781277	7	87212954	87212955	-	+	DUP	cna157	major	sim6	Eso-AdenoCa
7	55781276	70366574	13	1	5360474	+	+	TRA	cna157,cna227	minor,major	sim6	Eso-AdenoCa
7	87212955	87212956	7	87233047	87233048	-	+	DUP	cna158	major	sim6	Eso-AdenoCa
7	87212955	87212956	7	87233047	87233048	+	-	DEL	cna158	minor	sim6	Eso-AdenoCa
7	87233048	87233049	7	87866389	87866390	-	+	DUP	cna159	major	sim6	Eso-AdenoCa
7	87866390	87866391	7	99092995	99092996	+	-	DEL	cna160	minor	sim6	Eso-AdenoCa
7	99092996	99092997	7	156113115	156113116	-	+	DUP	cna161	major	sim6	Eso-AdenoCa
7	99092996	142258174	20	26012294	27642568	+	+	TRA	cna161,cna312	major,minor	sim6	Eso-AdenoCa
7	115168973	115168974	7	115887347	115887348	+	+	h2hINV	cna161	major	sim6	Eso-AdenoCa
7	125625073	125625074	7	126848135	126848136	+	+	h2hINV	cna161	major	sim6	Eso-AdenoCa
7	139629273	156113115	10	18437819	52513671	-	+	TRA	cna161,cna190	minor,major	sim6	Eso-AdenoCa
7	156113116	156113117	7	156221412	156221413	-	+	DUP	cna162	major	sim6	Eso-AdenoCa
7	156113116	156113117	7	156221412	156221413	-	+	DUP	cna162	minor	sim6	Eso-AdenoCa
7	156221413	156221414	7	156540092	156540093	-	+	DUP	cna163	major	sim6	Eso-AdenoCa
7	156221413	156221414	7	156540092	156540093	+	-	DEL	cna163	minor	sim6	Eso-AdenoCa
7	156540093	156540094	7	158550757	158550758	-	+	DUP	cna164	major	sim6	Eso-AdenoCa
7	156540093	156540094	7	158550757	158550758	+	-	DEL	cna164	minor	sim6	Eso-AdenoCa
7	158550758	158550759	7	158742367	158742368	+	-	DEL	cna165	minor	sim6	Eso-AdenoCa
7	158742368	158742369	7	158762156	158762157	-	+	DUP	cna166	major	sim6	Eso-AdenoCa
7	158762157	158762158	7	158800521	158800522	-	+	DUP	cna167	major	sim6	Eso-AdenoCa
7	158762157	158762158	7	158800521	158800522	+	-	DEL	cna167	minor	sim6	Eso-AdenoCa
7	158800522	158800523	7	158810579	158810580	-	+	DUP	cna168	major	sim6	Eso-AdenoCa
7	158810580	158810581	7	158946039	158946040	-	+	DUP	cna169	major	sim6	Eso-AdenoCa
7	158810580	158810581	7	158946039	158946040	-	+	DUP	cna169	minor	sim6	Eso-AdenoCa
7	158946040	158946041	7	159138663	159138664	-	+	DUP	cna170	major	sim6	Eso-AdenoCa
8	1	2	8	55230307	55230308	-	+	DUP	cna171	major	sim6	Eso-AdenoCa
8	4448610	4448611	8	36515904	36515905	+	+	h2hINV	cna171	major	sim6	Eso-AdenoCa
8	48761310	55230307	14	74567229	86866527	-	-	TRA	cna171,cna241	minor,major	sim6	Eso-AdenoCa
8	55230308	55230309	8	55448433	55448434	-	+	DUP	cna172	major	sim6	Eso-AdenoCa
8	55230308	55230309	8	55448433	55448434	+	-	DEL	cna172	minor	sim6	Eso-AdenoCa
8	55448434	55448435	8	56064641	56064642	-	+	DUP	cna173	major	sim6	Eso-AdenoCa
8	56064642	56064643	8	79106685	79106686	-	+	DUP	cna174	major	sim6	Eso-AdenoCa
8	59883010	59883011	8	91161995	91161996	-	-	t2tINV	cna179	major	sim6	Eso-AdenoCa
8	74488310	74488311	8	74498319	74498320	-	-	t2tINV	cna174	minor	sim6	Eso-AdenoCa
8	79106686	79106687	8	79464510	79464511	+	-	DEL	cna175	minor	sim6	Eso-AdenoCa
8	79464511	79464512	8	79498760	79498761	-	+	DUP	cna176	major	sim6	Eso-AdenoCa
8	79498761	79498762	8	79728995	79728996	-	+	DUP	cna177	major	sim6	Eso-AdenoCa
8	79498761	79498762	8	79728995	79728996	-	+	DUP	cna177	minor	sim6	Eso-AdenoCa
8	79728996	79728997	8	81105162	81105163	+	-	DEL	cna178	major	sim6	Eso-AdenoCa
8	79728996	79728997	8	81105162	81105163	+	-	DEL	cna178	minor	sim6	Eso-AdenoCa
8	81105163	81105164	8	116000840	116000841	-	+	DUP	cna179	major	sim6	Eso-AdenoCa
8	116000841	116000842	8	124540230	124540231	-	+	DUP	cna180	major	sim6	Eso-AdenoCa
8	116000841	116000842	8	124540230	124540231	-	+	DUP	cna180	minor	sim6	Eso-AdenoCa
8	117675110	117675111	8	117685116	117685117	-	-	t2tINV	cna180	minor	sim6	Eso-AdenoCa
8	124540231	124540232	8	126127019	126127020	-	+	DUP	cna181	major	sim6	Eso-AdenoCa
8	126127020	126127021	8	146364022	146364023	-	+	DUP	cna182	major	sim6	Eso-AdenoCa
8	126127020	126127021	8	146364022	146364023	+	-	DEL	cna182	minor	sim6	Eso-AdenoCa
9	24686088	24686089	9	43241576	43241577	-	-	t2tINV	cna183	major	sim6	Eso-AdenoCa
9	28848488	28848489	9	41735921	41735922	-	-	t2tINV	cna183	major	sim6	Eso-AdenoCa
9	77297888	77297889	9	114411394	114411395	+	+	h2hINV	cna183	major	sim6	Eso-AdenoCa
9	92292988	92292989	9	105543330	105543331	+	+	h2hINV	cna183	major	sim6	Eso-AdenoCa
9	128836873	128836874	9	129301703	129301704	-	+	DUP	cna184	major	sim6	Eso-AdenoCa
9	129301704	129301705	9	130529466	130529467	-	+	DUP	cna185	major	sim6	Eso-AdenoCa
9	129301704	129301705	9	130529466	130529467	+	-	DEL	cna185	minor	sim6	Eso-AdenoCa
9	130529467	130529468	9	140733780	140733781	-	+	DUP	cna186	major	sim6	Eso-AdenoCa
9	131348488	140733780	14	67543825	79211759	-	+	TRA	cna186,cna241	minor,minor	sim6	Eso-AdenoCa
9	140733781	140733782	9	140744120	140744121	+	-	DEL	cna187	minor	sim6	Eso-AdenoCa
9	140744121	140744122	9	141213431	141213432	-	+	DUP	cna188	major	sim6	Eso-AdenoCa
10	1	2	10	18437818	18437819	-	+	DUP	cna189	major	sim6	Eso-AdenoCa
10	18437819	18437820	10	59939398	59939399	-	+	DUP	cna190	major	sim6	Eso-AdenoCa
10	44632357	44632358	10	45250941	45250942	-	-	t2tINV	cna190	major	sim6	Eso-AdenoCa
10	56992357	59939398	14	1	26723199	-	+	TRA	cna190,cna239	minor,major	sim6	Eso-AdenoCa
10	59939399	59939400	10	60081174	60081175	-	+	DUP	cna191	major	sim6	Eso-AdenoCa
10	60081175	60081176	10	60192761	60192762	-	+	DUP	cna192	major	sim6	Eso-AdenoCa
10	60192762	60192763	10	67822526	67822527	-	+	DUP	cna193	major	sim6	Eso-AdenoCa
10	60192762	60192763	10	67822526	67822527	+	-	DEL	cna193	minor	sim6	Eso-AdenoCa
10	60192762	67287258	15	36059249	83236659	+	-	TRA	cna193,cna258	minor,major	sim6	Eso-AdenoCa
10	67483957	67483958	10	73738142	73738143	-	-	t2tINV	cna198	minor	sim6	Eso-AdenoCa
10	67822527	67822528	10	67858647	67858648	-	+	DUP	cna194	major	sim6	Eso-AdenoCa
10	67822527	67822528	10	67858647	67858648	+	-	DEL	cna194	minor	sim6	Eso-AdenoCa
10	67858648	67858649	10	68331379	68331380	+	-	DEL	cna195	minor	sim6	Eso-AdenoCa
10	68331380	68331381	10	68812076	68812077	-	+	DUP	cna196	major	sim6	Eso-AdenoCa
10	68812077	68812078	10	68897663	68897664	-	+	DUP	cna197	major	sim6	Eso-AdenoCa
10	68812077	68812078	10	68897663	68897664	-	+	DUP	cna197	minor	sim6	Eso-AdenoCa
10	68897664	68897665	10	83187829	83187830	-	+	DUP	cna198	major	sim6	Eso-AdenoCa
10	68897664	68897665	10	83187829	83187830	-	+	DUP	cna198	minor	sim6	Eso-AdenoCa
10	72591357	83187829	20	45478732	52969692	-	-	TRA	cna198,cna316	minor,major	sim6	Eso-AdenoCa
10	83187830	83187831	10	83277949	83277950	-	+	DUP	cna199	major	sim6	Eso-AdenoCa
10	83187830	83187831	10	83277949	83277950	+	-	DEL	cna199	minor	sim6	Eso-AdenoCa
10	83277950	83277951	10	83297767	83297768	-	+	DUP	cna200	major	sim6	Eso-AdenoCa
10	83297768	83297769	10	93132269	93132270	-	+	DUP	cna201	major	sim6	Eso-AdenoCa
10	83297768	83297769	10	93132269	93132270	+	-	DEL	cna201	minor	sim6	Eso-AdenoCa
10	93132270	93132271	10	99964899	99964900	-	+	DUP	cna202	major	sim6	Eso-AdenoCa
10	99964900	99964901	10	100173186	100173187	+	-	DEL	cna203	minor	sim6	Eso-AdenoCa
10	100173187	100173188	10	100191440	100191441	-	+	DUP	cna204	minor	sim6	Eso-AdenoCa
10	100173187	100173188	10	100191440	100191441	+	-	DEL	cna204	major	sim6	Eso-AdenoCa
10	100191441	100191442	10	117859595	117859596	-	+	DUP	cna205	major	sim6	Eso-AdenoCa
10	100749957	100749958	10	125343095	125343096	+	+	h2hINV	cna205	major	sim6	Eso-AdenoCa
10	117859596	117859597	10	135534747	135534748	-	+	DUP	cna206	major	sim6	Eso-AdenoCa
10	117859596	117859597	10	135534747	135534748	-	+	DUP	cna206	minor	sim6	Eso-AdenoCa
11	1	2	11	4820033	4820034	-	+	DUP	cna207	major	sim6	Eso-AdenoCa
11	1	2	11	4820033	4820034	+	-	DEL	cna207	minor	sim6	Eso-AdenoCa
11	4820034	4820035	11	6798538	6798539	+	-	DEL	cna208	minor	sim6	Eso-AdenoCa
11	6798539	6798540	11	6808667	6808668	-	+	DUP	cna209	major	sim6	Eso-AdenoCa
11	6808668	6808669	11	11752099	11752100	+	-	DEL	cna210	minor	sim6	Eso-AdenoCa
11	11752100	11752101	11	72409925	72409926	-	+	DUP	cna211	major	sim6	Eso-AdenoCa
11	59315310	59315311	11	60139074	60139075	-	-	t2tINV	cna211	minor	sim6	Eso-AdenoCa
11	65037610	72409925	17	4676335	54875929	-	-	TRA	cna211,cna284	minor,minor	sim6	Eso-AdenoCa
11	71582110	71582111	11	77802935	77802936	+	+	h2hINV	cna211	major	sim6	Eso-AdenoCa
11	72409926	72409927	11	72562485	72562486	-	+	DUP	cna212	major	sim6	Eso-AdenoCa
11	72562486	72562487	11	82755222	82755223	+	-	DEL	cna213	minor	sim6	Eso-AdenoCa
11	77106410	82755222	15	96501238	101942246	-	-	TRA	cna213,cna263	major,minor	sim6	Eso-AdenoCa
11	82694510	82694511	11	108085189	108085190	-	-	t2tINV	cna215	major	sim6	Eso-AdenoCa
11	82755223	82755224	11	82765326	82765327	-	+	DUP	cna214	major	sim6	Eso-AdenoCa
11	82755223	82755224	11	82765326	82765327	+	-	DEL	cna214	minor	sim6	Eso-AdenoCa
11	82765327	82765328	11	135006516	135006517	-	+	DUP	cna215	major	sim6	Eso-AdenoCa
11	104541910	104541911	11	104551917	104551918	-	-	t2tINV	cna215	major	sim6	Eso-AdenoCa
11	107445710	135006516	19	9288249	59128983	-	-	TRA	cna215,cna310	minor,major	sim6	Eso-AdenoCa
12	1	2	12	38713342	38713343	-	+	DUP	cna216	major	sim6	Eso-AdenoCa
12	1	2	12	38713342	38713343	+	-	DEL	cna216	minor	sim6	Eso-AdenoCa
12	1	35171395	19	42933927	59128983	+	-	TRA	cna216,cna310	major,major	sim6	Eso-AdenoCa
12	25075594	38713342	14	95118354	95967607	-	-	TRA	cna216,cna246	major,minor	sim6	Eso-AdenoCa
12	38713343	38713344	12	38757744	38757745	-	+	DUP	cna217	major	sim6	Eso-AdenoCa
12	38757745	38757746	12	106592329	106592330	-	+	DUP	cna218	major	sim6	Eso-AdenoCa
12	48301894	48301895	12	53471888	53471889	-	-	t2tINV	cna218	major	sim6	Eso-AdenoCa
12	49922194	49922195	12	49952511	49952512	+	+	h2hINV	cna218	major	sim6	Eso-AdenoCa
12	63534894	63534895	12	63544901	63544902	+	+	h2hINV	cna218	major	sim6	Eso-AdenoCa
12	81744194	81744195	12	109908664	109908665	-	-	t2tINV	cna223	major	sim6	Eso-AdenoCa
12	88595694	88595695	12	89590355	89590356	+	+	h2hINV	cna218	major	sim6	Eso-AdenoCa
12	90395294	90395295	12	90405301	90405302	-	-	t2tINV	cna218	minor	sim6	Eso-AdenoCa
12	97660094	97660095	12	97955371	97955372	-	-	t2tINV	cna218	major	sim6	Eso-AdenoCa
12	106592330	106592331	12	106674052	106674053	-	+	DUP	cna219	major	sim6	Eso-AdenoCa
12	106592330	106592331	12	106674052	106674053	-	+	DUP	cna219	minor	sim6	Eso-AdenoCa
12	106674053	106674054	12	106693339	106693340	-	+	DUP	cna220	major	sim6	Eso-AdenoCa
12	106693340	106693341	12	106767832	106767833	-	+	DUP	cna221	major	sim6	Eso-AdenoCa
12	106767833	106767834	12	106979526	106979527	-	+	DUP	cna222	major	sim6	Eso-AdenoCa
12	106767833	106767834	12	106979526	106979527	-	+	DUP	cna222	minor	sim6	Eso-AdenoCa
12	106979527	106979528	12	116079875	116079876	+	-	DEL	cna223	minor	sim6	Eso-AdenoCa
12	116079876	116079877	12	116089571	116089572	-	+	DUP	cna224	major	sim6	Eso-AdenoCa
12	116089572	116089573	12	133540504	133540505	-	+	DUP	cna225	major	sim6	Eso-AdenoCa
12	116089572	116089573	12	133540504	133540505	+	-	DEL	cna225	minor	sim6	Eso-AdenoCa
12	133540505	133540506	12	133851895	133851896	-	+	DUP	cna226	major	sim6	Eso-AdenoCa
13	1	2	13	9601123	9601124	+	-	DEL	cna227	minor	sim6	Eso-AdenoCa
13	9601124	9601125	13	16336133	16336134	-	+	DUP	cna228	major	sim6	Eso-AdenoCa
13	9601124	9601125	13	16336133	16336134	-	+	DUP	cna228	minor	sim6	Eso-AdenoCa
13	16336134	16336135	13	19226223	19226224	-	+	DUP	cna229	major	sim6	Eso-AdenoCa
13	19226224	19226225	13	20452600	20452601	+	-	DEL	cna230	minor	sim6	Eso-AdenoCa
13	20452601	20452602	13	21266640	21266641	-	+	DUP	cna231	major	sim6	Eso-AdenoCa
13	21266641	21266642	13	61952063	61952064	+	-	DEL	cna232	minor	sim6	Eso-AdenoCa
13	61952064	61952065	13	65202532	65202533	-	+	DUP	cna233	major	sim6	Eso-AdenoCa
13	65202533	65202534	13	89737975	89737976	+	-	DEL	cna234	minor	sim6	Eso-AdenoCa
13	89737976	89737977	13	110498728	110498729	-	+	DUP	cna235	major	sim6	Eso-AdenoCa
13	95392636	110498728	22	26470880	37771288	-	-	TRA	cna331,cna235	minor,major	sim6	Eso-AdenoCa
13	110498729	110498730	13	110724858	110724859	+	-	DEL	cna236	minor	sim6	Eso-AdenoCa
13	110724859	110724860	13	110761361	110761362	-	+	DUP	cna237	major	sim6	Eso-AdenoCa
13	110761362	110761363	13	115169878	115169879	-	+	DUP	cna238	major	sim6	Eso-AdenoCa
13	110761362	110761363	13	115169878	115169879	-	+	DUP	cna238	minor	sim6	Eso-AdenoCa
14	1	2	14	67168872	67168873	-	+	DUP	cna239	major	sim6	Eso-AdenoCa
14	24106921	24106922	14	25171888	25171889	-	-	t2tINV	cna239	major	sim6	Eso-AdenoCa
14	43249721	43249722	14	49886340	49886341	+	+	h2hINV	cna239	major	sim6	Eso-AdenoCa
14	67168873	67168874	14	67543824	67543825	+	-	DEL	cna240	minor	sim6	Eso-AdenoCa
14	67543825	67543826	14	86866527	86866528	-	+	DUP	cna241	major	sim6	Eso-AdenoCa
14	67543825	67543826	14	86866527	86866528	+	-	DEL	cna241	minor	sim6	Eso-AdenoCa
14	86866528	86866529	14	88493466	88493467	-	+	DUP	cna242	major	sim6	Eso-AdenoCa
14	87008321	87008322	14	93681408	93681409	-	-	t2tINV	cna245	major	sim6	Eso-AdenoCa
14	88493467	88493468	14	88542246	88542247	+	-	DEL	cna243	minor	sim6	Eso-AdenoCa
14	88542247	88542248	14	88942249	88942250	-	+	DUP	cna244	major	sim6	Eso-AdenoCa
14	88542247	88542248	14	88942249	88942250	+	-	DEL	cna244	minor	sim6	Eso-AdenoCa
14	88942250	88942251	14	94325627	94325628	-	+	DUP	cna245	major	sim6	Eso-AdenoCa
14	88942250	88942251	14	94325627	94325628	-	+	DUP	cna245	minor	sim6	Eso-AdenoCa
14	94325628	94325629	14	95967607	95967608	-	+	DUP	cna246	major	sim6	Eso-AdenoCa
14	94325628	94325629	14	95967607	95967608	-	+	DUP	cna246	minor	sim6	Eso-AdenoCa
14	95967608	95967609	14	103253012	103253013	-	+	DUP	cna247	major	sim6	Eso-AdenoCa
14	103253013	103253014	14	103328515	103328516	-	+	DUP	cna248	major	sim6	Eso-AdenoCa
14	103253013	103253014	14	103328515	103328516	+	-	DEL	cna248	minor	sim6	Eso-AdenoCa
14	103328516	103328517	14	103522444	103522445	+	-	DEL	cna249	minor	sim6	Eso-AdenoCa
14	103522445	103522446	14	103644671	103644672	-	+	DUP	cna250	major	sim6	Eso-AdenoCa
14	103644672	103644673	14	104985885	104985886	-	+	DUP	cna251	major	sim6	Eso-AdenoCa
14	103644672	103644673	14	104985885	104985886	-	+	DUP	cna251	minor	sim6	Eso-AdenoCa
14	104985886	104985887	14	105369047	105369048	-	+	DUP	cna252	major	sim6	Eso-AdenoCa
14	105369048	105369049	14	105606809	105606810	-	+	DUP	cna253	major	sim6	Eso-AdenoCa
14	105606810	105606811	14	106256383	106256384	-	+	DUP	cna254	major	sim6	Eso-AdenoCa
14	106256384	106256385	14	107349540	107349541	-	+	DUP	cna255	major	sim6	Eso-AdenoCa
14	106256384	106256385	14	107349540	107349541	+	-	DEL	cna255	minor	sim6	Eso-AdenoCa
15	1	2	15	8568692	8568693	-	+	DUP	cna256	major	sim6	Eso-AdenoCa
15	8568693	8568694	15	9201568	9201569	-	+	DUP	cna257	major	sim6	Eso-AdenoCa
15	8568693	8568694	15	9201568	9201569	+	-	DEL	cna257	minor	sim6	Eso-AdenoCa
15	9201569	9201570	15	83236659	83236660	-	+	DUP	cna258	major	sim6	Eso-AdenoCa
15	9201569	9201570	15	83236659	83236660	+	-	DEL	cna258	minor	sim6	Eso-AdenoCa
15	47950881	47950882	15	47960884	47960885	+	+	h2hINV	cna258	major	sim6	Eso-AdenoCa
15	83236660	83236661	15	83283768	83283769	-	+	DUP	cna259	major	sim6	Eso-AdenoCa
15	83283769	83283770	15	83545438	83545439	+	-	DEL	cna260	minor	sim6	Eso-AdenoCa
15	83545439	83545440	15	92298090	92298091	-	+	DUP	cna261	major	sim6	Eso-AdenoCa
15	83545439	83545440	15	92298090	92298091	+	-	DEL	cna261	minor	sim6	Eso-AdenoCa
15	92298091	92298092	15	93659159	93659160	-	+	DUP	cna262	major	sim6	Eso-AdenoCa
15	92298091	92298092	15	93659159	93659160	-	+	DUP	cna262	minor	sim6	Eso-AdenoCa
15	93659160	93659161	15	101942246	101942247	-	+	DUP	cna263	major	sim6	Eso-AdenoCa
15	101942247	101942248	15	102531392	102531393	-	+	DUP	cna264	major	sim6	Eso-AdenoCa
15	101942247	101942248	15	102531392	102531393	-	+	DUP	cna264	minor	sim6	Eso-AdenoCa
16	1	2	16	111438	111439	-	+	DUP	cna265	major	sim6	Eso-AdenoCa
16	1	2	16	111438	111439	-	+	DUP	cna265	minor	sim6	Eso-AdenoCa
16	111439	111440	16	2733396	2733397	-	+	DUP	cna266	major	sim6	Eso-AdenoCa
16	111439	111440	16	2733396	2733397	+	-	DEL	cna266	minor	sim6	Eso-AdenoCa
16	2733397	2733398	16	55275102	55275103	-	+	DUP	cna267	major	sim6	Eso-AdenoCa
16	2733397	2733398	16	55275102	55275103	+	-	DEL	cna267	minor	sim6	Eso-AdenoCa
16	9618289	9618290	16	9628297	9628298	+	+	h2hINV	cna267	major	sim6	Eso-AdenoCa
16	51344089	51344090	16	82616229	82616230	+	+	h2hINV	cna267	major	sim6	Eso-AdenoCa
16	55275103	55275104	16	61361735	61361736	-	+	DUP	cna268	major	sim6	Eso-AdenoCa
16	61361736	61361737	16	62108811	62108812	-	+	DUP	cna269	major	sim6	Eso-AdenoCa
16	61361736	61361737	16	62108811	62108812	-	+	DUP	cna269	minor	sim6	Eso-AdenoCa
16	62108812	62108813	16	64667185	64667186	-	+	DUP	cna270	major	sim6	Eso-AdenoCa
16	62108812	62108813	16	64667185	64667186	-	+	DUP	cna270	minor	sim6	Eso-AdenoCa
16	64667186	64667187	16	75475171	75475172	-	+	DUP	cna271	major	sim6	Eso-AdenoCa
16	75475172	75475173	16	75842993	75842994	-	+	DUP	cna272	major	sim6	Eso-AdenoCa
16	75475172	75475173	16	75842993	75842994	+	-	DEL	cna272	minor	sim6	Eso-AdenoCa
16	75842994	75842995	16	83918430	83918431	-	+	DUP	cna273	major	sim6	Eso-AdenoCa
16	75842994	78321690	X	71926413	107452639	+	+	TRA	cna273,cna351	major,minor	sim6	Eso-AdenoCa
16	83918431	83918432	16	86829651	86829652	-	+	DUP	cna274	major	sim6	Eso-AdenoCa
16	83918431	83918432	16	86829651	86829652	+	-	DEL	cna274	minor	sim6	Eso-AdenoCa
16	86829652	86829653	16	87123302	87123303	-	+	DUP	cna275	major	sim6	Eso-AdenoCa
16	86829652	86829653	16	87123302	87123303	+	-	DEL	cna275	minor	sim6	Eso-AdenoCa
16	87123303	87123304	16	87505499	87505500	-	+	DUP	cna276	major	sim6	Eso-AdenoCa
16	87123303	87123304	16	87505499	87505500	+	-	DEL	cna276	minor	sim6	Eso-AdenoCa
16	87505500	87505501	16	87517214	87517215	+	-	DEL	cna277	minor	sim6	Eso-AdenoCa
16	87517215	87517216	16	87528937	87528938	-	+	DUP	cna278	major	sim6	Eso-AdenoCa
16	87528938	87528939	16	88379311	88379312	+	-	DEL	cna279	minor	sim6	Eso-AdenoCa
16	88379312	88379313	16	89401838	89401839	-	+	DUP	cna280	major	sim6	Eso-AdenoCa
16	89401839	89401840	16	89647195	89647196	-	+	DUP	cna281	major	sim6	Eso-AdenoCa
16	89401839	89401840	16	89647195	89647196	-	+	DUP	cna281	minor	sim6	Eso-AdenoCa
16	89647196	89647197	16	90203188	90203189	-	+	DUP	cna282	major	sim6	Eso-AdenoCa
16	89647196	89647197	16	90203188	90203189	+	-	DEL	cna282	minor	sim6	Eso-AdenoCa
16	90203189	90203190	16	90354753	90354754	-	+	DUP	cna283	major	sim6	Eso-AdenoCa
16	90203189	90203190	16	90354753	90354754	+	-	DEL	cna283	minor	sim6	Eso-AdenoCa
17	1	2	17	54875929	54875930	+	-	DEL	cna284	minor	sim6	Eso-AdenoCa
17	2671936	2671937	17	7674217	7674218	+	+	h2hINV	cna284	major	sim6	Eso-AdenoCa
17	6607236	6607237	17	6617243	6617244	-	-	t2tINV	cna284	major	sim6	Eso-AdenoCa
17	11600136	11600137	17	11610143	11610144	+	+	h2hINV	cna284	major	sim6	Eso-AdenoCa
17	17870136	17870137	17	18562940	18562941	+	+	h2hINV	cna284	major	sim6	Eso-AdenoCa
17	54875930	54875931	17	58906856	58906857	-	+	DUP	cna285	major	sim6	Eso-AdenoCa
17	58906857	58906858	17	79242744	79242745	-	+	DUP	cna286	major	sim6	Eso-AdenoCa
17	58906857	58906858	17	79242744	79242745	-	+	DUP	cna286	minor	sim6	Eso-AdenoCa
17	79242745	79242746	17	79301496	79301497	-	+	DUP	cna287	major	sim6	Eso-AdenoCa
17	79242745	79242746	17	79301496	79301497	-	+	DUP	cna287	minor	sim6	Eso-AdenoCa
17	79301497	79301498	17	80692132	80692133	-	+	DUP	cna288	major	sim6	Eso-AdenoCa
17	80692133	80692134	17	80844856	80844857	-	+	DUP	cna289	major	sim6	Eso-AdenoCa
17	80844857	80844858	17	80928418	80928419	+	-	DEL	cna290	minor	sim6	Eso-AdenoCa
17	80928419	80928420	17	81082067	81082068	-	+	DUP	cna291	major	sim6	Eso-AdenoCa
17	80928419	80928420	17	81082067	81082068	-	+	DUP	cna291	minor	sim6	Eso-AdenoCa
17	81082068	81082069	17	81195210	81195211	-	+	DUP	cna292	major	sim6	Eso-AdenoCa
17	81082068	81082069	17	81195210	81195211	-	+	DUP	cna292	minor	sim6	Eso-AdenoCa
18	1	2	18	300756	300757	-	+	DUP	cna293	major	sim6	Eso-AdenoCa
18	1	2	18	300756	300757	-	+	DUP	cna293	minor	sim6	Eso-AdenoCa
18	300757	300758	18	788729	788730	-	+	DUP	cna294	major	sim6	Eso-AdenoCa
18	300757	300758	18	788729	788730	+	-	DEL	cna294	minor	sim6	Eso-AdenoCa
18	788730	788731	18	1710881	1710882	+	-	DEL	cna295	minor	sim6	Eso-AdenoCa
18	1710882	1710883	18	19225697	19225698	-	+	DUP	cna296	major	sim6	Eso-AdenoCa
18	6526926	6526927	18	12302932	12302933	-	-	t2tINV	cna296	major	sim6	Eso-AdenoCa
18	7743326	7743327	18	7774008	7774009	-	-	t2tINV	cna296	major	sim6	Eso-AdenoCa
18	19225698	19225699	18	21030184	21030185	+	-	DEL	cna297	minor	sim6	Eso-AdenoCa
18	21030185	21030186	18	21076297	21076298	-	+	DUP	cna298	major	sim6	Eso-AdenoCa
18	21076298	21076299	18	65190504	65190505	-	+	DUP	cna299	major	sim6	Eso-AdenoCa
18	55501126	65190504	X	13076717	28138791	-	-	TRA	cna299,cna336	minor,major	sim6	Eso-AdenoCa
18	65190505	65190506	18	65257591	65257592	-	+	DUP	cna300	major	sim6	Eso-AdenoCa
18	65190505	65190506	18	65257591	65257592	-	+	DUP	cna300	minor	sim6	Eso-AdenoCa
18	65257592	65257593	18	65278122	65278123	+	-	DEL	cna301	major	sim6	Eso-AdenoCa
18	65257592	65257593	18	65278122	65278123	+	-	DEL	cna301	minor	sim6	Eso-AdenoCa
18	65278123	65278124	18	65979944	65979945	-	+	DUP	cna302	major	sim6	Eso-AdenoCa
18	65979945	65979946	18	75253543	75253544	-	+	DUP	cna303	major	sim6	Eso-AdenoCa
18	65979945	65979946	18	75253543	75253544	-	+	DUP	cna303	minor	sim6	Eso-AdenoCa
18	75253544	75253545	18	75335002	75335003	-	+	DUP	cna304	major	sim6	Eso-AdenoCa
18	75253544	75253545	18	75335002	75335003	+	-	DEL	cna304	minor	sim6	Eso-AdenoCa
18	75335003	75335004	18	75355512	75355513	+	-	DEL	cna305	major	sim6	Eso-AdenoCa
18	75335003	75335004	18	75355512	75355513	+	-	DEL	cna305	minor	sim6	Eso-AdenoCa
18	75355513	75355514	18	77167906	77167907	+	-	DEL	cna306	minor	sim6	Eso-AdenoCa
18	77167907	77167908	18	77687331	77687332	-	+	DUP	cna307	major	sim6	Eso-AdenoCa
18	77687332	77687333	18	78001772	78001773	-	+	DUP	cna308	major	sim6	Eso-AdenoCa
18	77687332	77687333	18	78001772	78001773	-	+	DUP	cna308	minor	sim6	Eso-AdenoCa
18	78001773	78001774	18	78077248	78077249	+	-	DEL	cna309	minor	sim6	Eso-AdenoCa
19	1	2	19	59128983	59128984	-	+	DUP	cna310	major	sim6	Eso-AdenoCa
19	1	2	19	59128983	59128984	+	-	DEL	cna310	minor	sim6	Eso-AdenoCa
19	10556178	10556179	19	12031854	12031855	-	-	t2tINV	cna310	major	sim6	Eso-AdenoCa
19	14374378	14374379	19	19379421	19379422	-	-	t2tINV	cna310	major	sim6	Eso-AdenoCa
20	1	2	20	26012293	26012294	-	+	DUP	cna311	major	sim6	Eso-AdenoCa
20	23259095	23259096	20	28392520	28392521	-	-	t2tINV	cna312	major	sim6	Eso-AdenoCa
20	26012294	26012295	20	33335012	33335013	+	-	DEL	cna312	minor	sim6	Eso-AdenoCa
20	33335013	33335014	20	35241466	35241467	-	+	DUP	cna313	major	sim6	Eso-AdenoCa
20	33335013	33335014	20	35241466	35241467	+	-	DEL	cna313	minor	sim6	Eso-AdenoCa
20	35241467	35241468	20	36664762	36664763	-	+	DUP	cna314	major	sim6	Eso-AdenoCa
20	36664763	36664764	20	37447865	37447866	-	+	DUP	cna315	major	sim6	Eso-AdenoCa
20	37447866	37447867	20	52969692	52969693	-	+	DUP	cna316	major	sim6	Eso-AdenoCa
20	52969693	52969694	20	63025520	63025521	+	-	DEL	cna317	minor	sim6	Eso-AdenoCa
21	1	2	21	27795085	27795086	-	+	DUP	cna318	major	sim6	Eso-AdenoCa
21	27795086	27795087	21	44566990	44566991	-	+	DUP	cna319	major	sim6	Eso-AdenoCa
21	27795086	27795087	21	44566990	44566991	-	+	DUP	cna319	minor	sim6	Eso-AdenoCa
21	44566991	44566992	21	48129895	48129896	-	+	DUP	cna320	major	sim6	Eso-AdenoCa
22	1	2	22	3231507	3231508	-	+	DUP	cna321	major	sim6	Eso-AdenoCa
22	1	2	22	3231507	3231508	+	-	DEL	cna321	minor	sim6	Eso-AdenoCa
22	3231508	3231509	22	3242852	3242853	-	+	DUP	cna322	major	sim6	Eso-AdenoCa
22	3231508	3231509	22	3242852	3242853	-	+	DUP	cna322	minor	sim6	Eso-AdenoCa
22	3242853	3242854	22	3265456	3265457	+	-	DEL	cna323	major	sim6	Eso-AdenoCa
22	3242853	3242854	22	3265456	3265457	+	-	DEL	cna323	minor	sim6	Eso-AdenoCa
22	3265457	3265458	22	7380876	7380877	-	+	DUP	cna324	major	sim6	Eso-AdenoCa
22	3265457	3265458	22	7380876	7380877	+	-	DEL	cna324	minor	sim6	Eso-AdenoCa
22	7380877	7380878	22	12611303	12611304	-	+	DUP	cna325	major	sim6	Eso-AdenoCa
22	12611304	12611305	22	12661167	12661168	-	+	DUP	cna326	major	sim6	Eso-AdenoCa
22	12611304	12611305	22	12661167	12661168	+	-	DEL	cna326	minor	sim6	Eso-AdenoCa
22	12661168	12661169	22	18146948	18146949	-	+	DUP	cna327	major	sim6	Eso-AdenoCa
22	18146949	18146950	22	18280504	18280505	-	+	DUP	cna328	major	sim6	Eso-AdenoCa
22	18146949	18146950	22	18280504	18280505	+	-	DEL	cna328	minor	sim6	Eso-AdenoCa
22	18280505	18280506	22	20012354	20012355	-	+	DUP	cna329	major	sim6	Eso-AdenoCa
22	20012355	20012356	22	20916175	20916176	-	+	DUP	cna330	major	sim6	Eso-AdenoCa
22	20012355	20012356	22	20916175	20916176	+	-	DEL	cna330	minor	sim6	Eso-AdenoCa
22	20916176	20916177	22	37771288	37771289	-	+	DUP	cna331	major	sim6	Eso-AdenoCa
22	37771289	37771290	22	37810130	37810131	+	-	DEL	cna332	major	sim6	Eso-AdenoCa
22	37771289	37771290	22	37810130	37810131	+	-	DEL	cna332	minor	sim6	Eso-AdenoCa
22	37810131	37810132	22	46272142	46272143	-	+	DUP	cna333	major	sim6	Eso-AdenoCa
22	46272143	46272144	22	46294889	46294890	-	+	DUP	cna334	major	sim6	Eso-AdenoCa
22	46272143	46272144	22	46294889	46294890	+	-	DEL	cna334	minor	sim6	Eso-AdenoCa
22	46294890	46294891	22	51304566	51304567	-	+	DUP	cna335	major	sim6	Eso-AdenoCa
22	46294890	46294891	22	51304566	51304567	-	+	DUP	cna335	minor	sim6	Eso-AdenoCa
X	1	2	X	28138791	28138792	-	+	DUP	cna336	major	sim6	Eso-AdenoCa
X	28138792	28138793	X	28282271	28282272	+	-	DEL	cna337	minor	sim6	Eso-AdenoCa
X	28282272	28282273	X	28461621	28461622	-	+	DUP	cna338	major	sim6	Eso-AdenoCa
X	28282272	28282273	X	28461621	28461622	+	-	DEL	cna338	minor	sim6	Eso-AdenoCa
X	28461622	28461623	X	28471450	28471451	+	-	DEL	cna339	minor	sim6	Eso-AdenoCa
X	28471451	28471452	X	32978311	32978312	-	+	DUP	cna340	major	sim6	Eso-AdenoCa
X	28471451	28471452	X	32978311	32978312	+	-	DEL	cna340	minor	sim6	Eso-AdenoCa
X	32978312	32978313	X	55796621	55796622	+	-	DEL	cna341	minor	sim6	Eso-AdenoCa
X	38087514	38087515	X	38097520	38097521	+	+	h2hINV	cna341	major	sim6	Eso-AdenoCa
X	55796622	55796623	X	55826144	55826145	-	+	DUP	cna342	major	sim6	Eso-AdenoCa
X	55826145	55826146	X	56323395	56323396	-	+	DUP	cna343	major	sim6	Eso-AdenoCa
X	56323396	56323397	X	56343089	56343090	-	+	DUP	cna344	major	sim6	Eso-AdenoCa
X	56343090	56343091	X	56540794	56540795	-	+	DUP	cna345	major	sim6	Eso-AdenoCa
X	56343090	56343091	X	56540794	56540795	-	+	DUP	cna345	minor	sim6	Eso-AdenoCa
X	56540795	56540796	X	57546494	57546495	-	+	DUP	cna346	major	sim6	Eso-AdenoCa
X	57546495	57546496	X	65278172	65278173	-	+	DUP	cna347	major	sim6	Eso-AdenoCa
X	57546495	57546496	X	65278172	65278173	+	-	DEL	cna347	minor	sim6	Eso-AdenoCa
X	65278173	65278174	X	71611589	71611590	+	-	DEL	cna348	minor	sim6	Eso-AdenoCa
X	71611590	71611591	X	71766621	71766622	-	+	DUP	cna349	major	sim6	Eso-AdenoCa
X	71611590	71611591	X	71766621	71766622	-	+	DUP	cna349	minor	sim6	Eso-AdenoCa
X	71766622	71766623	X	71926412	71926413	-	+	DUP	cna350	major	sim6	Eso-AdenoCa
X	71926413	71926414	X	108593898	108593899	-	+	DUP	cna351	major	sim6	Eso-AdenoCa
X	71926413	71926414	X	108593898	108593899	-	+	DUP	cna351	minor	sim6	Eso-AdenoCa
X	108593899	108593900	X	113456983	113456984	-	+	DUP	cna352	major	sim6	Eso-AdenoCa
X	113456984	113456985	X	113547498	113547499	+	-	DEL	cna353	minor	sim6	Eso-AdenoCa
X	113547499	113547500	X	115804591	115804592	-	+	DUP	cna354	major	sim6	Eso-AdenoCa
X	115804592	115804593	X	115814437	115814438	-	+	DUP	cna355	major	sim6	Eso-AdenoCa
X	115804592	115804593	X	115814437	115814438	+	-	DEL	cna355	minor	sim6	Eso-AdenoCa
X	115814438	115814439	X	117361736	117361737	-	+	DUP	cna356	major	sim6	Eso-AdenoCa
X	115814438	115814439	X	117361736	117361737	-	+	DUP	cna356	minor	sim6	Eso-AdenoCa
X	117361737	117361738	X	117381487	117381488	+	-	DEL	cna357	minor	sim6	Eso-AdenoCa
X	117381488	117381489	X	148325632	148325633	-	+	DUP	cna358	major	sim6	Eso-AdenoCa
X	148325633	148325634	X	148821021	148821022	-	+	DUP	cna359	major	sim6	Eso-AdenoCa
X	148325633	148325634	X	148821021	148821022	-	+	DUP	cna359	minor	sim6	Eso-AdenoCa
X	148821022	148821023	X	152486034	152486035	-	+	DUP	cna360	major	sim6	Eso-AdenoCa
X	152486035	152486036	X	152543150	152543151	+	-	DEL	cna361	minor	sim6	Eso-AdenoCa
X	152543151	152543152	X	155270560	155270561	-	+	DUP	cna362	major	sim6	Eso-AdenoCa
X	152543151	152543152	X	155270560	155270561	-	+	DUP	cna362	minor	sim6	Eso-AdenoCa
Y	1	2	Y	25370365	25370366	-	+	DUP	cna363	major	sim6	Eso-AdenoCa
Y	25370366	25370367	Y	25430107	25430108	-	+	DUP	cna364	major	sim6	Eso-AdenoCa
Y	25370366	25370367	Y	25430107	25430108	-	+	DUP	cna364	minor	sim6	Eso-AdenoCa
Y	25430108	25430109	Y	27448532	27448533	-	+	DUP	cna365	major	sim6	Eso-AdenoCa
Y	27448533	27448534	Y	39761596	39761597	-	+	DUP	cna366	major	sim6	Eso-AdenoCa
Y	27448533	27448534	Y	39761596	39761597	-	+	DUP	cna366	minor	sim6	Eso-AdenoCa
Y	39761597	39761598	Y	40059646	40059647	-	+	DUP	cna367	major	sim6	Eso-AdenoCa
Y	40059647	40059648	Y	48541899	48541900	-	+	DUP	cna368	major	sim6	Eso-AdenoCa
Y	40059647	40059648	Y	48541899	48541900	+	-	DEL	cna368	minor	sim6	Eso-AdenoCa
Y	48541900	48541901	Y	50864249	50864250	+	-	DEL	cna369	minor	sim6	Eso-AdenoCa
Y	50864250	50864251	Y	58553720	58553721	-	+	DUP	cna370	major	sim6	Eso-AdenoCa
Y	50864250	50864251	Y	58553720	58553721	-	+	DUP	cna370	minor	sim6	Eso-AdenoCa
Y	58553721	58553722	Y	58892903	58892904	-	+	DUP	cna371	major	sim6	Eso-AdenoCa
Y	58892904	58892905	Y	59373566	59373567	-	+	DUP	cna372	major	sim6	Eso-AdenoCa
