chrom1	start1	end1	chrom2	start2	end2	strand1	strand2	svclass	id	allele	donor_id	tumor
1	1	2	1	65871928	65871929	-	+	DUP	cna0	major	sim17	Eso-AdenoCa
1	1	2	1	65871928	65871929	+	-	DEL	cna0	minor	sim17	Eso-AdenoCa
1	2928800	2928801	1	2938814	2938815	-	-	t2tINV	cna0	major	sim17	Eso-AdenoCa
1	16924000	16924001	1	17563754	17563755	-	-	t2tINV	cna0	major	sim17	Eso-AdenoCa
1	36591000	36591001	1	36601003	36601004	-	-	t2tINV	cna0	major	sim17	Eso-AdenoCa
1	50842900	50842901	1	85006036	85006037	-	-	t2tINV	cna4	major	sim17	Eso-AdenoCa
1	65871929	65871930	1	67203430	67203431	+	-	DEL	cna1	minor	sim17	Eso-AdenoCa
1	67203431	67203432	1	70890643	70890644	-	+	DUP	cna2	major	sim17	Eso-AdenoCa
1	67203431	67203432	1	70890643	70890644	+	-	DEL	cna2	minor	sim17	Eso-AdenoCa
1	70890644	70890645	1	80344313	80344314	-	+	DUP	cna3	major	sim17	Eso-AdenoCa
1	70890644	70890645	1	80344313	80344314	-	+	DUP	cna3	minor	sim17	Eso-AdenoCa
1	80344314	80344315	1	89833477	89833478	-	+	DUP	cna4	major	sim17	Eso-AdenoCa
1	80344314	80344315	1	89833477	89833478	+	-	DEL	cna4	minor	sim17	Eso-AdenoCa
1	89833478	89833479	1	96323046	96323047	+	-	DEL	cna5	minor	sim17	Eso-AdenoCa
1	94373200	94373201	1	95915857	95915858	+	+	h2hINV	cna5	major	sim17	Eso-AdenoCa
1	95645400	95645401	1	116827007	116827008	+	+	h2hINV	cna5	major	sim17	Eso-AdenoCa
1	96323047	96323048	1	107962412	107962413	-	+	DUP	cna6	major	sim17	Eso-AdenoCa
1	96323047	96323048	1	107962412	107962413	-	+	DUP	cna6	minor	sim17	Eso-AdenoCa
1	107962413	107962414	1	244978125	244978126	-	+	DUP	cna7	major	sim17	Eso-AdenoCa
1	228623400	228623401	1	228633402	228633403	-	-	t2tINV	cna7	major	sim17	Eso-AdenoCa
1	244978126	244978127	1	245130774	245130775	-	+	DUP	cna8	major	sim17	Eso-AdenoCa
1	244978126	244978127	1	245130774	245130775	+	-	DEL	cna8	minor	sim17	Eso-AdenoCa
1	245130775	245130776	1	249250621	249250622	-	+	DUP	cna9	major	sim17	Eso-AdenoCa
1	245130775	245130776	1	249250621	249250622	-	+	DUP	cna9	minor	sim17	Eso-AdenoCa
2	1	2	2	142371746	142371747	-	+	DUP	cna10	major	sim17	Eso-AdenoCa
2	1	2	2	142371746	142371747	+	-	DEL	cna10	minor	sim17	Eso-AdenoCa
2	11182967	142371746	20	44618995	63025520	-	-	TRA	cna127,cna10	minor,major	sim17	Eso-AdenoCa
2	24319979	24319980	2	24329988	24329989	-	-	t2tINV	cna10	major	sim17	Eso-AdenoCa
2	50748779	50748780	2	50857532	50857533	-	-	t2tINV	cna10	major	sim17	Eso-AdenoCa
2	73381479	73381480	2	73391482	73391483	+	+	h2hINV	cna10	major	sim17	Eso-AdenoCa
2	142371747	142371748	2	156508685	156508686	-	+	DUP	cna11	major	sim17	Eso-AdenoCa
2	142371747	142371748	2	156508685	156508686	-	+	DUP	cna11	minor	sim17	Eso-AdenoCa
2	150775479	156508685	13	3764563	22457279	-	-	TRA	cna11,cna109	major,minor	sim17	Eso-AdenoCa
2	156508686	156508687	2	156876980	156876981	-	+	DUP	cna12	major	sim17	Eso-AdenoCa
2	156508686	156508687	2	156876980	156876981	-	+	DUP	cna12	minor	sim17	Eso-AdenoCa
2	156876981	156876982	2	163308926	163308927	-	+	DUP	cna13	major	sim17	Eso-AdenoCa
2	163308927	163308928	2	239121031	239121032	-	+	DUP	cna14	major	sim17	Eso-AdenoCa
2	229000079	229000080	2	229010089	229010090	-	-	t2tINV	cna14	minor	sim17	Eso-AdenoCa
2	237125379	237125380	2	237523727	237523728	-	-	t2tINV	cna14	minor	sim17	Eso-AdenoCa
2	238154379	238154380	2	241003749	241003750	+	+	h2hINV	cna14	minor	sim17	Eso-AdenoCa
2	239121032	239121033	2	239297903	239297904	-	+	DUP	cna15	major	sim17	Eso-AdenoCa
2	239121032	239121033	2	239297903	239297904	+	-	DEL	cna15	minor	sim17	Eso-AdenoCa
2	239297904	239297905	2	239634269	239634270	+	-	DEL	cna16	minor	sim17	Eso-AdenoCa
2	239634270	239634271	2	239834754	239834755	-	+	DUP	cna17	major	sim17	Eso-AdenoCa
2	239834755	239834756	2	243097508	243097509	-	+	DUP	cna18	major	sim17	Eso-AdenoCa
2	239834755	239834756	2	243097508	243097509	-	+	DUP	cna18	minor	sim17	Eso-AdenoCa
2	243097509	243097510	2	243177131	243177132	-	+	DUP	cna19	major	sim17	Eso-AdenoCa
2	243177132	243177133	2	243199373	243199374	-	+	DUP	cna20	major	sim17	Eso-AdenoCa
2	243177132	243177133	2	243199373	243199374	-	+	DUP	cna20	minor	sim17	Eso-AdenoCa
3	1	2	3	33868328	33868329	-	+	DUP	cna21	major	sim17	Eso-AdenoCa
3	1	2	3	33868328	33868329	+	-	DEL	cna21	minor	sim17	Eso-AdenoCa
3	5615406	5615407	3	9553282	9553283	+	+	h2hINV	cna21	major	sim17	Eso-AdenoCa
3	33868329	33868330	3	198022430	198022431	-	+	DUP	cna22	major	sim17	Eso-AdenoCa
3	33868329	49715007	12	38372012	98566941	+	+	TRA	cna22,cna101	major,minor	sim17	Eso-AdenoCa
3	42123706	42123707	3	42143699	42143700	+	+	h2hINV	cna22	major	sim17	Eso-AdenoCa
3	71903006	198022430	6	25771871	42998844	-	-	TRA	cna22,cna40	minor,major	sim17	Eso-AdenoCa
3	129464006	198022430	8	57212482	93420302	-	+	TRA	cna22,cna65	major,major	sim17	Eso-AdenoCa
4	1	2	4	144283822	144283823	-	+	DUP	cna23	major	sim17	Eso-AdenoCa
4	62511476	62511477	4	68527503	68527504	-	-	t2tINV	cna23	minor	sim17	Eso-AdenoCa
4	123259776	123259777	4	123269781	123269782	+	+	h2hINV	cna23	minor	sim17	Eso-AdenoCa
4	142472776	144283822	9	1	64617765	-	+	TRA	cna23,cna68	minor,major	sim17	Eso-AdenoCa
4	144283823	144283824	4	144836943	144836944	+	-	DEL	cna24	minor	sim17	Eso-AdenoCa
4	144836944	144836945	4	167437900	167437901	-	+	DUP	cna25	major	sim17	Eso-AdenoCa
4	144836944	144836945	4	167437900	167437901	-	+	DUP	cna25	minor	sim17	Eso-AdenoCa
4	167437901	167437902	4	179560682	179560683	-	+	DUP	cna26	major	sim17	Eso-AdenoCa
4	167437901	167437902	4	179560682	179560683	+	-	DEL	cna26	minor	sim17	Eso-AdenoCa
4	179560683	179560684	4	191154276	191154277	-	+	DUP	cna27	major	sim17	Eso-AdenoCa
5	1	2	5	87864024	87864025	-	+	DUP	cna28	major	sim17	Eso-AdenoCa
5	829800	829801	5	901543	901544	+	+	h2hINV	cna28	major	sim17	Eso-AdenoCa
5	23304500	23304501	5	49061874	49061875	-	-	t2tINV	cna28	major	sim17	Eso-AdenoCa
5	62620900	62620901	5	124726534	124726535	-	-	t2tINV	cna30	major	sim17	Eso-AdenoCa
5	87864025	87864026	5	93705900	93705901	-	+	DUP	cna29	major	sim17	Eso-AdenoCa
5	87864025	87864026	5	93705900	93705901	+	-	DEL	cna29	minor	sim17	Eso-AdenoCa
5	93705901	93705902	5	174160026	174160027	-	+	DUP	cna30	major	sim17	Eso-AdenoCa
5	163475700	163475701	5	169328589	169328590	+	+	h2hINV	cna30	major	sim17	Eso-AdenoCa
5	174160027	174160028	5	174173305	174173306	-	+	DUP	cna31	major	sim17	Eso-AdenoCa
5	174160027	174160028	5	174173305	174173306	+	-	DEL	cna31	minor	sim17	Eso-AdenoCa
5	174173306	174173307	5	174186589	174186590	-	+	DUP	cna32	major	sim17	Eso-AdenoCa
5	174173306	174173307	5	174186589	174186590	-	+	DUP	cna32	minor	sim17	Eso-AdenoCa
5	174186590	174186591	5	180312558	180312559	+	-	DEL	cna33	minor	sim17	Eso-AdenoCa
5	180312559	180312560	5	180404016	180404017	-	+	DUP	cna34	major	sim17	Eso-AdenoCa
5	180404017	180404018	5	180915260	180915261	-	+	DUP	cna35	major	sim17	Eso-AdenoCa
5	180404017	180404018	5	180915260	180915261	-	+	DUP	cna35	minor	sim17	Eso-AdenoCa
6	1	2	6	17888197	17888198	-	+	DUP	cna36	major	sim17	Eso-AdenoCa
6	1	2	6	17888197	17888198	+	-	DEL	cna36	minor	sim17	Eso-AdenoCa
6	17888198	17888199	6	20721738	20721739	-	+	DUP	cna37	major	sim17	Eso-AdenoCa
6	20337340	20337341	6	20504595	20504596	-	-	t2tINV	cna37	major	sim17	Eso-AdenoCa
6	20721739	20721740	6	21048905	21048906	-	+	DUP	cna38	major	sim17	Eso-AdenoCa
6	21048906	21048907	6	23319695	23319696	-	+	DUP	cna39	major	sim17	Eso-AdenoCa
6	21048906	21048907	6	23319695	23319696	+	-	DEL	cna39	minor	sim17	Eso-AdenoCa
6	23319696	23319697	6	42998844	42998845	-	+	DUP	cna40	major	sim17	Eso-AdenoCa
6	25000540	25000541	6	47444421	47444422	+	+	h2hINV	cna40	minor	sim17	Eso-AdenoCa
6	42998845	42998846	6	58632257	58632258	-	+	DUP	cna41	major	sim17	Eso-AdenoCa
6	42998845	42998846	6	58632257	58632258	+	-	DEL	cna41	minor	sim17	Eso-AdenoCa
6	58632258	58632259	6	58917635	58917636	-	+	DUP	cna42	major	sim17	Eso-AdenoCa
6	58917636	58917637	6	64546612	64546613	-	+	DUP	cna43	major	sim17	Eso-AdenoCa
6	58917636	58917637	6	64546612	64546613	+	-	DEL	cna43	minor	sim17	Eso-AdenoCa
6	64546613	64546614	6	72811940	72811941	-	+	DUP	cna44	major	sim17	Eso-AdenoCa
6	64546613	64546614	6	72811940	72811941	+	-	DEL	cna44	minor	sim17	Eso-AdenoCa
6	72591040	72591041	6	125481749	125481750	-	-	t2tINV	cna46	major	sim17	Eso-AdenoCa
6	72811941	72811942	6	119838286	119838287	+	-	DEL	cna45	minor	sim17	Eso-AdenoCa
6	72811941	108904641	8	57212482	82451530	+	+	TRA	cna45,cna65	minor,major	sim17	Eso-AdenoCa
6	119838287	119838288	6	145425729	145425730	-	+	DUP	cna46	major	sim17	Eso-AdenoCa
6	126153240	145425729	14	1	76438558	-	+	TRA	cna46,cna117	major,major	sim17	Eso-AdenoCa
6	145425730	145425731	6	145452564	145452565	-	+	DUP	cna47	major	sim17	Eso-AdenoCa
6	145425730	145425731	6	145452564	145452565	-	+	DUP	cna47	minor	sim17	Eso-AdenoCa
6	145452565	145452566	6	171072389	171072390	-	+	DUP	cna48	major	sim17	Eso-AdenoCa
6	145452565	145452566	6	171072389	171072390	+	-	DEL	cna48	minor	sim17	Eso-AdenoCa
6	171072390	171072391	6	171115067	171115068	-	+	DUP	cna49	major	sim17	Eso-AdenoCa
7	1	2	7	36820916	36820917	-	+	DUP	cna50	major	sim17	Eso-AdenoCa
7	36820917	36820918	7	149365890	149365891	-	+	DUP	cna51	major	sim17	Eso-AdenoCa
7	36820917	36820918	7	149365890	149365891	-	+	DUP	cna51	minor	sim17	Eso-AdenoCa
7	62522273	62522274	7	62532285	62532286	-	-	t2tINV	cna51	minor	sim17	Eso-AdenoCa
7	79101073	149365890	11	1	22370811	-	+	TRA	cna51,cna92	minor,major	sim17	Eso-AdenoCa
7	88412134	149365890	22	21720680	51304566	-	-	TRA	cna130,cna51	major,minor	sim17	Eso-AdenoCa
7	93430773	93430774	7	95983717	95983718	-	-	t2tINV	cna51	major	sim17	Eso-AdenoCa
7	149365891	149365892	7	152781643	152781644	-	+	DUP	cna52	major	sim17	Eso-AdenoCa
7	149365891	149365892	7	152781643	152781644	-	+	DUP	cna52	minor	sim17	Eso-AdenoCa
7	152781644	152781645	7	152893826	152893827	-	+	DUP	cna53	major	sim17	Eso-AdenoCa
7	152781644	152781645	7	152893826	152893827	+	-	DEL	cna53	minor	sim17	Eso-AdenoCa
7	152893827	152893828	7	159112588	159112589	-	+	DUP	cna54	major	sim17	Eso-AdenoCa
7	159112589	159112590	7	159138663	159138664	-	+	DUP	cna55	major	sim17	Eso-AdenoCa
7	159112589	159112590	7	159138663	159138664	-	+	DUP	cna55	minor	sim17	Eso-AdenoCa
8	1	2	8	9414153	9414154	-	+	DUP	cna56	major	sim17	Eso-AdenoCa
8	9414154	9414155	8	9473879	9473880	-	+	DUP	cna57	major	sim17	Eso-AdenoCa
8	9414154	9414155	8	9473879	9473880	+	-	DEL	cna57	minor	sim17	Eso-AdenoCa
8	9473880	9473881	8	9486222	9486223	-	+	DUP	cna58	major	sim17	Eso-AdenoCa
8	9486223	9486224	8	9787338	9787339	-	+	DUP	cna59	major	sim17	Eso-AdenoCa
8	9486223	9486224	8	9787338	9787339	-	+	DUP	cna59	minor	sim17	Eso-AdenoCa
8	9787339	9787340	8	46879834	46879835	-	+	DUP	cna60	major	sim17	Eso-AdenoCa
8	9787339	38721611	13	27132155	27681148	+	-	TRA	cna60,cna112	minor,minor	sim17	Eso-AdenoCa
8	46879835	46879836	8	46892174	46892175	+	-	DEL	cna61	minor	sim17	Eso-AdenoCa
8	46892175	46892176	8	50652237	50652238	-	+	DUP	cna62	major	sim17	Eso-AdenoCa
8	46892175	46892176	8	50652237	50652238	+	-	DEL	cna62	minor	sim17	Eso-AdenoCa
8	50652238	50652239	8	57163896	57163897	+	-	DEL	cna63	minor	sim17	Eso-AdenoCa
8	57163897	57163898	8	57212481	57212482	-	+	DUP	cna64	major	sim17	Eso-AdenoCa
8	57163897	57163898	8	57212481	57212482	+	-	DEL	cna64	minor	sim17	Eso-AdenoCa
8	57212482	57212483	8	140221965	140221966	-	+	DUP	cna65	major	sim17	Eso-AdenoCa
8	75734410	75734411	8	75841395	75841396	-	-	t2tINV	cna65	major	sim17	Eso-AdenoCa
8	103399610	103399611	8	112300978	112300979	-	-	t2tINV	cna65	minor	sim17	Eso-AdenoCa
8	119027610	119027611	8	119037621	119037622	-	-	t2tINV	cna65	major	sim17	Eso-AdenoCa
8	127768010	127768011	8	129240359	129240360	-	-	t2tINV	cna65	minor	sim17	Eso-AdenoCa
8	140221966	140221967	8	146316512	146316513	+	-	DEL	cna66	minor	sim17	Eso-AdenoCa
8	146316513	146316514	8	146364022	146364023	-	+	DUP	cna67	major	sim17	Eso-AdenoCa
8	146316513	146316514	8	146364022	146364023	+	-	DEL	cna67	minor	sim17	Eso-AdenoCa
9	1	2	9	68918102	68918103	-	+	DUP	cna68	major	sim17	Eso-AdenoCa
9	1	2	9	68918102	68918103	-	+	DUP	cna68	minor	sim17	Eso-AdenoCa
9	29993588	29993589	9	30003594	30003595	-	-	t2tINV	cna68	major	sim17	Eso-AdenoCa
9	68918103	68918104	9	81673126	81673127	+	-	DEL	cna69	minor	sim17	Eso-AdenoCa
9	81673127	81673128	9	104284243	104284244	-	+	DUP	cna70	major	sim17	Eso-AdenoCa
9	93005488	93005489	9	93015518	93015519	-	-	t2tINV	cna70	minor	sim17	Eso-AdenoCa
9	104284244	104284245	9	105554596	105554597	-	+	DUP	cna71	major	sim17	Eso-AdenoCa
9	105554597	105554598	9	105612132	105612133	-	+	DUP	cna72	major	sim17	Eso-AdenoCa
9	105554597	105554598	9	105612132	105612133	+	-	DEL	cna72	minor	sim17	Eso-AdenoCa
9	105612133	105612134	9	117395142	117395143	+	-	DEL	cna73	minor	sim17	Eso-AdenoCa
9	117395143	117395144	9	118777955	118777956	-	+	DUP	cna74	major	sim17	Eso-AdenoCa
9	117395143	117395144	9	118777955	118777956	-	+	DUP	cna74	minor	sim17	Eso-AdenoCa
9	118777956	118777957	9	141213431	141213432	-	+	DUP	cna75	major	sim17	Eso-AdenoCa
9	118777956	118777957	9	141213431	141213432	-	+	DUP	cna75	minor	sim17	Eso-AdenoCa
9	126711788	126711789	9	127064781	127064782	-	-	t2tINV	cna75	major	sim17	Eso-AdenoCa
10	1	2	10	6985801	6985802	-	+	DUP	cna76	major	sim17	Eso-AdenoCa
10	1	2	10	6985801	6985802	+	-	DEL	cna76	minor	sim17	Eso-AdenoCa
10	6985802	6985803	10	7273318	7273319	-	+	DUP	cna77	major	sim17	Eso-AdenoCa
10	6985802	6985803	10	7273318	7273319	+	-	DEL	cna77	minor	sim17	Eso-AdenoCa
10	7273319	7273320	10	8121194	8121195	-	+	DUP	cna78	major	sim17	Eso-AdenoCa
10	8121195	8121196	10	12187452	12187453	+	-	DEL	cna79	minor	sim17	Eso-AdenoCa
10	12187453	12187454	10	12281763	12281764	-	+	DUP	cna80	major	sim17	Eso-AdenoCa
10	12187453	12187454	10	12281763	12281764	+	-	DEL	cna80	minor	sim17	Eso-AdenoCa
10	12281764	12281765	10	12607353	12607354	-	+	DUP	cna81	major	sim17	Eso-AdenoCa
10	12607354	12607355	10	13835273	13835274	-	+	DUP	cna82	major	sim17	Eso-AdenoCa
10	13835274	13835275	10	97456074	97456075	-	+	DUP	cna83	major	sim17	Eso-AdenoCa
10	13835274	13835275	10	97456074	97456075	-	+	DUP	cna83	minor	sim17	Eso-AdenoCa
10	97456075	97456076	10	100743319	100743320	-	+	DUP	cna84	major	sim17	Eso-AdenoCa
10	100743320	100743321	10	100765175	100765176	+	-	DEL	cna85	major	sim17	Eso-AdenoCa
10	100743320	100743321	10	100765175	100765176	+	-	DEL	cna85	minor	sim17	Eso-AdenoCa
10	100765176	100765177	10	131564525	131564526	-	+	DUP	cna86	major	sim17	Eso-AdenoCa
10	101049557	131564525	18	1	63252118	-	+	TRA	cna86,cna121	minor,minor	sim17	Eso-AdenoCa
10	131564526	131564527	10	131647636	131647637	-	+	DUP	cna87	major	sim17	Eso-AdenoCa
10	131647637	131647638	10	134336466	134336467	-	+	DUP	cna88	major	sim17	Eso-AdenoCa
10	131647637	131647638	10	134336466	134336467	+	-	DEL	cna88	minor	sim17	Eso-AdenoCa
10	134336467	134336468	10	134360286	134360287	-	+	DUP	cna89	major	sim17	Eso-AdenoCa
10	134336467	134336468	10	134360286	134360287	+	-	DEL	cna89	minor	sim17	Eso-AdenoCa
10	134360287	134360288	10	135350501	135350502	-	+	DUP	cna90	major	sim17	Eso-AdenoCa
10	134360287	134360288	10	135350501	135350502	-	+	DUP	cna90	minor	sim17	Eso-AdenoCa
10	135350502	135350503	10	135534747	135534748	+	-	DEL	cna91	major	sim17	Eso-AdenoCa
10	135350502	135350503	10	135534747	135534748	+	-	DEL	cna91	minor	sim17	Eso-AdenoCa
11	1	2	11	45322295	45322296	-	+	DUP	cna92	major	sim17	Eso-AdenoCa
11	1	2	11	45322295	45322296	+	-	DEL	cna92	minor	sim17	Eso-AdenoCa
11	25843710	25843711	11	31325950	31325951	-	-	t2tINV	cna92	major	sim17	Eso-AdenoCa
11	45322296	45322297	11	59518488	59518489	-	+	DUP	cna93	major	sim17	Eso-AdenoCa
11	59518489	59518490	11	71649711	71649712	-	+	DUP	cna94	major	sim17	Eso-AdenoCa
11	59518489	59518490	11	71649711	71649712	+	-	DEL	cna94	minor	sim17	Eso-AdenoCa
11	71649712	71649713	11	71665214	71665215	-	+	DUP	cna95	major	sim17	Eso-AdenoCa
11	71665215	71665216	11	101979656	101979657	-	+	DUP	cna96	major	sim17	Eso-AdenoCa
11	71665215	95372082	15	1	48964882	+	+	TRA	cna118,cna96	major,major	sim17	Eso-AdenoCa
11	72140310	72140311	11	72150319	72150320	+	+	h2hINV	cna96	minor	sim17	Eso-AdenoCa
11	86171310	86171311	11	95782748	95782749	+	+	h2hINV	cna96	minor	sim17	Eso-AdenoCa
11	99130110	99130111	11	99140119	99140120	+	+	h2hINV	cna96	major	sim17	Eso-AdenoCa
11	101979657	101979658	11	109746609	109746610	-	+	DUP	cna97	major	sim17	Eso-AdenoCa
11	101979657	101979658	11	109746609	109746610	+	-	DEL	cna97	minor	sim17	Eso-AdenoCa
11	109746610	109746611	11	134666595	134666596	-	+	DUP	cna98	major	sim17	Eso-AdenoCa
11	134666596	134666597	11	135006516	135006517	-	+	DUP	cna99	major	sim17	Eso-AdenoCa
11	134666596	134666597	11	135006516	135006517	-	+	DUP	cna99	minor	sim17	Eso-AdenoCa
12	1	2	12	38372011	38372012	-	+	DUP	cna100	major	sim17	Eso-AdenoCa
12	1	2	12	38372011	38372012	-	+	DUP	cna100	minor	sim17	Eso-AdenoCa
12	4487894	4487895	12	4583385	4583386	+	+	h2hINV	cna100	major	sim17	Eso-AdenoCa
12	19817494	19817495	12	19827498	19827499	-	-	t2tINV	cna100	major	sim17	Eso-AdenoCa
12	38372012	38372013	12	105192586	105192587	-	+	DUP	cna101	major	sim17	Eso-AdenoCa
12	38372012	38372013	12	105192586	105192587	+	-	DEL	cna101	minor	sim17	Eso-AdenoCa
12	89281094	89281095	12	89291103	89291104	-	-	t2tINV	cna101	major	sim17	Eso-AdenoCa
12	105192587	105192588	12	105560178	105560179	-	+	DUP	cna102	major	sim17	Eso-AdenoCa
12	105192587	105192588	12	105560178	105560179	-	+	DUP	cna102	minor	sim17	Eso-AdenoCa
12	105560179	105560180	12	105871262	105871263	-	+	DUP	cna103	major	sim17	Eso-AdenoCa
12	105871263	105871264	12	110649626	110649627	-	+	DUP	cna104	major	sim17	Eso-AdenoCa
12	105871263	105871264	12	110649626	110649627	-	+	DUP	cna104	minor	sim17	Eso-AdenoCa
12	110649627	110649628	12	129632862	129632863	-	+	DUP	cna105	major	sim17	Eso-AdenoCa
12	110649627	110649628	12	129632862	129632863	+	-	DEL	cna105	minor	sim17	Eso-AdenoCa
12	129632863	129632864	12	132206306	132206307	+	-	DEL	cna106	major	sim17	Eso-AdenoCa
12	129632863	129632864	12	132206306	132206307	+	-	DEL	cna106	minor	sim17	Eso-AdenoCa
12	132206307	132206308	12	133662377	133662378	-	+	DUP	cna107	major	sim17	Eso-AdenoCa
12	132206307	132206308	12	133662377	133662378	-	+	DUP	cna107	minor	sim17	Eso-AdenoCa
12	133662378	133662379	12	133851895	133851896	-	+	DUP	cna108	major	sim17	Eso-AdenoCa
12	133662378	133662379	12	133851895	133851896	+	-	DEL	cna108	minor	sim17	Eso-AdenoCa
13	1	2	13	22457279	22457280	-	+	DUP	cna109	major	sim17	Eso-AdenoCa
13	1	2	13	22457279	22457280	-	+	DUP	cna109	minor	sim17	Eso-AdenoCa
13	22457280	22457281	13	26803555	26803556	-	+	DUP	cna110	major	sim17	Eso-AdenoCa
13	26803556	26803557	13	27090850	27090851	-	+	DUP	cna111	major	sim17	Eso-AdenoCa
13	26803556	26803557	13	27090850	27090851	+	-	DEL	cna111	minor	sim17	Eso-AdenoCa
13	27090851	27090852	13	27681148	27681149	-	+	DUP	cna112	major	sim17	Eso-AdenoCa
13	27681149	27681150	13	95715110	95715111	-	+	DUP	cna113	major	sim17	Eso-AdenoCa
13	27681149	27681150	13	95715110	95715111	+	-	DEL	cna113	minor	sim17	Eso-AdenoCa
13	29193199	29193200	13	40515934	40515935	-	-	t2tINV	cna113	major	sim17	Eso-AdenoCa
13	95715111	95715112	13	96509480	96509481	+	-	DEL	cna114	minor	sim17	Eso-AdenoCa
13	96509481	96509482	13	104513980	104513981	-	+	DUP	cna115	major	sim17	Eso-AdenoCa
13	96509481	96509482	13	104513980	104513981	+	-	DEL	cna115	minor	sim17	Eso-AdenoCa
13	104513981	104513982	13	115169878	115169879	-	+	DUP	cna116	major	sim17	Eso-AdenoCa
14	1	2	14	107349540	107349541	-	+	DUP	cna117	major	sim17	Eso-AdenoCa
14	1	2	14	107349540	107349541	+	-	DEL	cna117	minor	sim17	Eso-AdenoCa
14	83995121	83995122	14	84442786	84442787	+	+	h2hINV	cna117	major	sim17	Eso-AdenoCa
15	1	2	15	102531392	102531393	-	+	DUP	cna118	major	sim17	Eso-AdenoCa
15	1	2	15	102531392	102531393	+	-	DEL	cna118	minor	sim17	Eso-AdenoCa
15	41304781	102531392	22	1	35765668	-	+	TRA	cna118,cna130	major,major	sim17	Eso-AdenoCa
16	1	2	16	90354753	90354754	-	+	DUP	cna119	major	sim17	Eso-AdenoCa
16	1	2	16	90354753	90354754	-	+	DUP	cna119	minor	sim17	Eso-AdenoCa
16	3906789	3906790	16	58097995	58097996	+	+	h2hINV	cna119	major	sim17	Eso-AdenoCa
16	5643889	5643890	16	5674074	5674075	-	-	t2tINV	cna119	minor	sim17	Eso-AdenoCa
16	48785889	48785890	16	48795892	48795893	+	+	h2hINV	cna119	minor	sim17	Eso-AdenoCa
16	78351789	78351790	16	78361798	78361799	-	-	t2tINV	cna119	minor	sim17	Eso-AdenoCa
16	85655489	85655490	16	85665497	85665498	-	-	t2tINV	cna119	minor	sim17	Eso-AdenoCa
17	1	2	17	81195210	81195211	-	+	DUP	cna120	major	sim17	Eso-AdenoCa
17	1	2	17	81195210	81195211	-	+	DUP	cna120	minor	sim17	Eso-AdenoCa
18	1	2	18	78077248	78077249	-	+	DUP	cna121	major	sim17	Eso-AdenoCa
18	1	2	18	78077248	78077249	-	+	DUP	cna121	minor	sim17	Eso-AdenoCa
19	1	2	19	54401274	54401275	-	+	DUP	cna122	major	sim17	Eso-AdenoCa
19	1	2	19	54401274	54401275	-	+	DUP	cna122	minor	sim17	Eso-AdenoCa
19	9173978	9173979	19	9183995	9183996	+	+	h2hINV	cna122	major	sim17	Eso-AdenoCa
19	10556178	10556179	19	11466119	11466120	-	-	t2tINV	cna122	major	sim17	Eso-AdenoCa
19	54401275	54401276	19	58892867	58892868	-	+	DUP	cna123	major	sim17	Eso-AdenoCa
19	54401275	54401276	19	58892867	58892868	+	-	DEL	cna123	minor	sim17	Eso-AdenoCa
19	58892868	58892869	19	58929929	58929930	+	-	DEL	cna124	minor	sim17	Eso-AdenoCa
19	58929930	58929931	19	59054938	59054939	-	+	DUP	cna125	major	sim17	Eso-AdenoCa
19	58929930	58929931	19	59054938	59054939	-	+	DUP	cna125	minor	sim17	Eso-AdenoCa
19	59054939	59054940	19	59128983	59128984	-	+	DUP	cna126	major	sim17	Eso-AdenoCa
19	59054939	59054940	19	59128983	59128984	+	-	DEL	cna126	minor	sim17	Eso-AdenoCa
20	1	2	20	63025520	63025521	-	+	DUP	cna127	major	sim17	Eso-AdenoCa
20	22000495	22000496	20	53880413	53880414	+	+	h2hINV	cna127	major	sim17	Eso-AdenoCa
21	1	2	21	48118398	48118399	-	+	DUP	cna128	major	sim17	Eso-AdenoCa
21	26908975	26908976	21	26918980	26918981	+	+	h2hINV	cna128	minor	sim17	Eso-AdenoCa
21	48118399	48118400	21	48129895	48129896	+	-	DEL	cna129	minor	sim17	Eso-AdenoCa
22	1	2	22	51304566	51304567	-	+	DUP	cna130	major	sim17	Eso-AdenoCa
X	1	2	X	79154296	79154297	-	+	DUP	cna131	major	sim17	Eso-AdenoCa
X	79154297	79154298	X	82412926	82412927	+	-	DEL	cna132	minor	sim17	Eso-AdenoCa
X	82412927	82412928	X	87899571	87899572	-	+	DUP	cna133	major	sim17	Eso-AdenoCa
X	87899572	87899573	X	155270560	155270561	-	+	DUP	cna134	major	sim17	Eso-AdenoCa
Y	1	2	Y	23465938	23465939	-	+	DUP	cna135	major	sim17	Eso-AdenoCa
Y	23465939	23465940	Y	45158236	45158237	-	+	DUP	cna136	major	sim17	Eso-AdenoCa
Y	23465939	23465940	Y	45158236	45158237	+	-	DEL	cna136	minor	sim17	Eso-AdenoCa
Y	45158237	45158238	Y	49582834	49582835	-	+	DUP	cna137	major	sim17	Eso-AdenoCa
Y	49582835	49582836	Y	52209025	52209026	-	+	DUP	cna138	major	sim17	Eso-AdenoCa
Y	49582835	49582836	Y	52209025	52209026	-	+	DUP	cna138	minor	sim17	Eso-AdenoCa
Y	52209026	52209027	Y	59373566	59373567	-	+	DUP	cna139	major	sim17	Eso-AdenoCa
