chrom1	start1	end1	chrom2	start2	end2	strand1	strand2	svclass	id	allele	donor_id	tumor
1	1	2	1	196059	196060	-	+	DUP	cna0	major	sim67	Eso-AdenoCa
1	1	2	1	196059	196060	+	-	DEL	cna0	minor	sim67	Eso-AdenoCa
1	306713	306714	1	639359	639360	-	+	DUP	cna2	major	sim67	Eso-AdenoCa
1	306713	306714	1	639359	639360	-	+	DUP	cna2	minor	sim67	Eso-AdenoCa
1	639360	639361	1	786578	786579	-	+	DUP	cna3	major	sim67	Eso-AdenoCa
1	639360	639361	1	786578	786579	+	-	DEL	cna3	minor	sim67	Eso-AdenoCa
1	786579	786580	1	6365395	6365396	-	+	DUP	cna4	major	sim67	Eso-AdenoCa
1	6365396	6365397	1	6600213	6600214	+	-	DEL	cna5	minor	sim67	Eso-AdenoCa
1	6600214	6600215	1	7681521	7681522	-	+	DUP	cna6	major	sim67	Eso-AdenoCa
1	7681522	7681523	1	7701082	7701083	-	+	DUP	cna7	major	sim67	Eso-AdenoCa
1	7681522	7681523	1	7701082	7701083	-	+	DUP	cna7	minor	sim67	Eso-AdenoCa
1	7701083	7701084	1	7769285	7769286	-	+	DUP	cna8	major	sim67	Eso-AdenoCa
1	7769286	90748573	20	1	2190396	+	+	TRA	cna231,cna9	major,minor	sim67	Eso-AdenoCa
1	87096700	87096701	1	88166769	88166770	-	-	t2tINV	cna9	minor	sim67	Eso-AdenoCa
1	102629822	102629823	1	103672615	103672616	-	+	DUP	cna10	major	sim67	Eso-AdenoCa
1	102629822	102629823	1	103672615	103672616	-	+	DUP	cna10	minor	sim67	Eso-AdenoCa
1	103672616	103672617	1	104080227	104080228	-	+	DUP	cna11	major	sim67	Eso-AdenoCa
1	104080228	128086022	17	2570236	81195210	+	-	TRA	cna224,cna12	major,minor	sim67	Eso-AdenoCa
1	131472628	131472629	1	131542398	131542399	-	+	DUP	cna13	major	sim67	Eso-AdenoCa
1	131472628	131472629	1	131542398	131542399	+	-	DEL	cna13	minor	sim67	Eso-AdenoCa
1	131542399	131542400	1	131689735	131689736	+	-	DEL	cna14	minor	sim67	Eso-AdenoCa
1	131689736	131689737	1	131775402	131775403	-	+	DUP	cna15	major	sim67	Eso-AdenoCa
1	131775403	131775404	1	136210009	136210010	-	+	DUP	cna16	major	sim67	Eso-AdenoCa
1	131775403	131775404	1	136210009	136210010	-	+	DUP	cna16	minor	sim67	Eso-AdenoCa
1	136210010	136210011	1	161956853	161956854	-	+	DUP	cna17	major	sim67	Eso-AdenoCa
1	161956854	161956855	1	197951335	197951336	-	+	DUP	cna18	major	sim67	Eso-AdenoCa
1	161956854	161956855	1	197951335	197951336	+	-	DEL	cna18	minor	sim67	Eso-AdenoCa
1	161956854	181742699	8	109017410	124934566	+	-	TRA	cna150,cna18	major,minor	sim67	Eso-AdenoCa
1	197951336	197951337	1	207820873	207820874	+	-	DEL	cna19	minor	sim67	Eso-AdenoCa
1	208794620	208794621	1	209685269	209685270	-	+	DUP	cna21	major	sim67	Eso-AdenoCa
1	209685270	209685271	1	209808429	209808430	-	+	DUP	cna22	major	sim67	Eso-AdenoCa
1	209685270	209685271	1	209808429	209808430	+	-	DEL	cna22	minor	sim67	Eso-AdenoCa
1	209808430	209808431	1	218786922	218786923	-	+	DUP	cna23	major	sim67	Eso-AdenoCa
1	209808430	209808431	1	218786922	218786923	-	+	DUP	cna23	minor	sim67	Eso-AdenoCa
1	218786923	218786924	1	235073754	235073755	-	+	DUP	cna24	major	sim67	Eso-AdenoCa
1	235073755	235073756	1	239837641	239837642	-	+	DUP	cna25	major	sim67	Eso-AdenoCa
1	239837642	239837643	1	240657482	240657483	-	+	DUP	cna26	major	sim67	Eso-AdenoCa
1	239837642	239837643	1	240657482	240657483	-	+	DUP	cna26	minor	sim67	Eso-AdenoCa
1	245437815	245437816	1	249250621	249250622	-	+	DUP	cna28	major	sim67	Eso-AdenoCa
2	1	2	2	47679125	47679126	+	-	DEL	cna29	minor	sim67	Eso-AdenoCa
2	47759898	47759899	2	52990376	52990377	-	+	DUP	cna31	major	sim67	Eso-AdenoCa
2	47759898	47759899	2	52990376	52990377	-	+	DUP	cna31	minor	sim67	Eso-AdenoCa
2	52936179	52936180	2	52946186	52946187	-	-	t2tINV	cna31	major	sim67	Eso-AdenoCa
2	52990377	52990378	2	56115905	56115906	-	+	DUP	cna32	major	sim67	Eso-AdenoCa
2	52990377	52990378	2	56115905	56115906	-	+	DUP	cna32	minor	sim67	Eso-AdenoCa
2	56115906	56115907	2	56176363	56176364	-	+	DUP	cna33	major	sim67	Eso-AdenoCa
2	56115906	56115907	2	56176363	56176364	-	+	DUP	cna33	minor	sim67	Eso-AdenoCa
2	56176364	97510480	6	161689854	167779270	+	+	TRA	cna34,cna99	minor,minor	sim67	Eso-AdenoCa
2	59307179	59307180	2	59805417	59805418	-	-	t2tINV	cna34	major	sim67	Eso-AdenoCa
2	76425079	76425080	2	84558756	84558757	+	+	h2hINV	cna34	minor	sim67	Eso-AdenoCa
2	99065079	99065080	2	102677969	102677970	-	-	t2tINV	cna34	minor	sim67	Eso-AdenoCa
2	104460779	104460780	2	108298616	108298617	+	+	h2hINV	cna34	minor	sim67	Eso-AdenoCa
2	107378079	228532332	4	18474158	22140677	-	+	TRA	cna34,cna40	major,minor	sim67	Eso-AdenoCa
2	203596179	228532332	16	1	854790	-	+	TRA	cna223,cna34	major,major	sim67	Eso-AdenoCa
2	210789479	210789480	2	210809648	210809649	-	-	t2tINV	cna34	major	sim67	Eso-AdenoCa
2	228532333	228532334	2	229551931	229551932	-	+	DUP	cna35	major	sim67	Eso-AdenoCa
2	229551932	229551933	2	230260513	230260514	+	-	DEL	cna36	minor	sim67	Eso-AdenoCa
2	230260514	230260515	2	243199373	243199374	-	+	DUP	cna37	major	sim67	Eso-AdenoCa
2	230260514	230260515	2	243199373	243199374	-	+	DUP	cna37	minor	sim67	Eso-AdenoCa
3	3233226	198022430	19	37013878	58416846	-	-	TRA	cna229,cna38	minor,major	sim67	Eso-AdenoCa
3	60171906	60171907	3	60378561	60378562	-	-	t2tINV	cna38	major	sim67	Eso-AdenoCa
3	61178806	61178807	3	71993046	71993047	+	+	h2hINV	cna38	major	sim67	Eso-AdenoCa
3	116543806	198022430	10	6170847	11791232	-	+	TRA	cna38,cna155	minor,minor	sim67	Eso-AdenoCa
3	118299306	118299307	3	126678586	126678587	-	-	t2tINV	cna38	minor	sim67	Eso-AdenoCa
3	147728506	147728507	3	149088398	149088399	+	+	h2hINV	cna38	major	sim67	Eso-AdenoCa
3	173604006	173604007	3	173894997	173894998	-	-	t2tINV	cna38	major	sim67	Eso-AdenoCa
3	173869206	173869207	3	173937954	173937955	-	-	t2tINV	cna38	major	sim67	Eso-AdenoCa
3	178314006	178314007	3	178324015	178324016	+	+	h2hINV	cna38	major	sim67	Eso-AdenoCa
4	18474158	18474159	4	44935256	44935257	-	+	DUP	cna40	major	sim67	Eso-AdenoCa
4	18474158	18474159	4	44935256	44935257	-	+	DUP	cna40	minor	sim67	Eso-AdenoCa
4	44935257	44935258	4	58459518	58459519	-	+	DUP	cna41	major	sim67	Eso-AdenoCa
4	44935257	44935258	4	58459518	58459519	+	-	DEL	cna41	minor	sim67	Eso-AdenoCa
4	58459519	58459520	4	64670493	64670494	-	+	DUP	cna42	major	sim67	Eso-AdenoCa
4	58459519	58459520	4	64670493	64670494	-	+	DUP	cna42	minor	sim67	Eso-AdenoCa
4	60848776	60848777	4	67601278	67601279	+	+	h2hINV	cna42	minor	sim67	Eso-AdenoCa
4	64681672	64681673	4	64808336	64808337	+	-	DEL	cna44	minor	sim67	Eso-AdenoCa
4	81213252	81213253	4	81729410	81729411	-	+	DUP	cna46	major	sim67	Eso-AdenoCa
4	138928476	138928477	4	157455712	157455713	-	-	t2tINV	cna47	minor	sim67	Eso-AdenoCa
4	158983229	158983230	4	173793437	173793438	-	+	DUP	cna48	major	sim67	Eso-AdenoCa
4	173793438	173793439	4	181831721	181831722	-	+	DUP	cna49	major	sim67	Eso-AdenoCa
4	173793438	173793439	4	181831721	181831722	+	-	DEL	cna49	minor	sim67	Eso-AdenoCa
4	181831722	181831723	4	187772638	187772639	-	+	DUP	cna50	major	sim67	Eso-AdenoCa
4	183031476	187772638	12	118244437	133851895	-	-	TRA	cna50,cna207	major,minor	sim67	Eso-AdenoCa
4	187772639	187772640	4	189914464	189914465	-	+	DUP	cna51	major	sim67	Eso-AdenoCa
4	187772639	187772640	4	189914464	189914465	-	+	DUP	cna51	minor	sim67	Eso-AdenoCa
4	189914465	189914466	4	189982606	189982607	+	-	DEL	cna52	major	sim67	Eso-AdenoCa
4	189914465	189914466	4	189982606	189982607	+	-	DEL	cna52	minor	sim67	Eso-AdenoCa
4	190598876	190598877	4	190632785	190632786	-	+	DUP	cna54	major	sim67	Eso-AdenoCa
4	190632786	190632787	4	190660969	190660970	+	-	DEL	cna55	minor	sim67	Eso-AdenoCa
4	190660970	190660971	4	191154276	191154277	-	+	DUP	cna56	major	sim67	Eso-AdenoCa
4	190660970	190660971	4	191154276	191154277	+	-	DEL	cna56	minor	sim67	Eso-AdenoCa
5	1	2	5	7880581	7880582	-	+	DUP	cna57	major	sim67	Eso-AdenoCa
5	272000	272001	5	7855373	7855374	-	-	t2tINV	cna57	minor	sim67	Eso-AdenoCa
5	7880582	7880583	5	14964983	14964984	-	+	DUP	cna58	major	sim67	Eso-AdenoCa
5	15083400	15083401	5	18370514	18370515	+	+	h2hINV	cna59	major	sim67	Eso-AdenoCa
5	27295970	27295971	5	27688379	27688380	-	+	DUP	cna60	major	sim67	Eso-AdenoCa
5	27295970	27295971	5	27688379	27688380	+	-	DEL	cna60	minor	sim67	Eso-AdenoCa
5	27688380	27688381	5	31033591	31033592	-	+	DUP	cna61	major	sim67	Eso-AdenoCa
5	34327657	34327658	5	39755555	39755556	-	+	DUP	cna63	major	sim67	Eso-AdenoCa
5	34327657	34327658	5	39755555	39755556	-	+	DUP	cna63	minor	sim67	Eso-AdenoCa
5	39755556	39755557	5	40326930	40326931	-	+	DUP	cna64	major	sim67	Eso-AdenoCa
5	40326931	40326932	5	51668633	51668634	-	+	DUP	cna65	major	sim67	Eso-AdenoCa
5	40326931	40326932	5	51668633	51668634	-	+	DUP	cna65	minor	sim67	Eso-AdenoCa
5	51668634	51668635	5	51759972	51759973	+	-	DEL	cna66	minor	sim67	Eso-AdenoCa
5	51759973	51759974	5	54222436	54222437	-	+	DUP	cna67	major	sim67	Eso-AdenoCa
5	51759973	51759974	5	54222436	54222437	-	+	DUP	cna67	minor	sim67	Eso-AdenoCa
5	52364200	52364201	5	64843105	64843106	+	+	h2hINV	cna67	minor	sim67	Eso-AdenoCa
5	54222437	54222438	5	61386285	61386286	-	+	DUP	cna68	major	sim67	Eso-AdenoCa
5	61386286	61386287	5	64044178	64044179	+	-	DEL	cna69	minor	sim67	Eso-AdenoCa
5	64044179	64044180	5	72283070	72283071	-	+	DUP	cna70	major	sim67	Eso-AdenoCa
5	64044179	64044180	5	72283070	72283071	-	+	DUP	cna70	minor	sim67	Eso-AdenoCa
5	72283071	72283072	5	82009199	82009200	-	+	DUP	cna71	major	sim67	Eso-AdenoCa
5	82009200	82009201	5	82609633	82609634	+	-	DEL	cna72	minor	sim67	Eso-AdenoCa
5	90405882	90405883	5	90524939	90524940	+	-	DEL	cna74	minor	sim67	Eso-AdenoCa
5	90524940	90524941	5	91142616	91142617	-	+	DUP	cna75	major	sim67	Eso-AdenoCa
5	91142617	91142618	5	91166791	91166792	-	+	DUP	cna76	major	sim67	Eso-AdenoCa
5	91142617	91142618	5	91166791	91166792	+	-	DEL	cna76	minor	sim67	Eso-AdenoCa
5	91166792	91166793	5	91595837	91595838	+	-	DEL	cna77	minor	sim67	Eso-AdenoCa
5	91595838	91595839	5	91619125	91619126	-	+	DUP	cna78	major	sim67	Eso-AdenoCa
5	91595838	91595839	5	91619125	91619126	-	+	DUP	cna78	minor	sim67	Eso-AdenoCa
5	91619126	91619127	5	94683860	94683861	-	+	DUP	cna79	major	sim67	Eso-AdenoCa
5	94683861	94683862	5	94940205	94940206	-	+	DUP	cna80	major	sim67	Eso-AdenoCa
5	94940206	94940207	5	94997496	94997497	+	-	DEL	cna81	major	sim67	Eso-AdenoCa
5	94940206	94940207	5	94997496	94997497	+	-	DEL	cna81	minor	sim67	Eso-AdenoCa
5	95718966	95718967	5	95791950	95791951	-	+	DUP	cna83	major	sim67	Eso-AdenoCa
5	95718966	95718967	5	95791950	95791951	+	-	DEL	cna83	minor	sim67	Eso-AdenoCa
5	95791951	95791952	5	96398737	96398738	+	-	DEL	cna84	minor	sim67	Eso-AdenoCa
5	98164943	98164944	5	98177038	98177039	+	-	DEL	cna86	minor	sim67	Eso-AdenoCa
5	98177039	98177040	5	98189130	98189131	-	+	DUP	cna87	major	sim67	Eso-AdenoCa
5	98177039	98177040	5	98189130	98189131	+	-	DEL	cna87	minor	sim67	Eso-AdenoCa
5	98189131	98189132	5	98201218	98201219	-	+	DUP	cna88	major	sim67	Eso-AdenoCa
5	98201219	98201220	5	98392598	98392599	-	+	DUP	cna89	minor	sim67	Eso-AdenoCa
5	98392599	98392600	5	99039734	99039735	+	-	DEL	cna90	minor	sim67	Eso-AdenoCa
5	99039735	99039736	5	114792272	114792273	-	+	DUP	cna91	major	sim67	Eso-AdenoCa
5	99039735	99039736	5	114792272	114792273	+	-	DEL	cna91	minor	sim67	Eso-AdenoCa
5	148856500	148856501	5	150213145	150213146	+	+	h2hINV	cna92	minor	sim67	Eso-AdenoCa
5	158716017	158716018	5	160604923	160604924	+	-	DEL	cna93	minor	sim67	Eso-AdenoCa
5	160604924	160604925	5	180915260	180915261	-	+	DUP	cna94	major	sim67	Eso-AdenoCa
5	160604924	160604925	5	180915260	180915261	+	-	DEL	cna94	minor	sim67	Eso-AdenoCa
5	163309000	163309001	5	163319009	163319010	-	-	t2tINV	cna94	major	sim67	Eso-AdenoCa
6	39570840	39570841	6	39580853	39580854	-	-	t2tINV	cna95	major	sim67	Eso-AdenoCa
6	42576040	42576041	6	42755084	42755085	-	-	t2tINV	cna95	minor	sim67	Eso-AdenoCa
6	54035142	54035143	6	54245561	54245562	-	+	DUP	cna96	major	sim67	Eso-AdenoCa
6	54245562	54245563	6	62086240	62086241	-	+	DUP	cna97	major	sim67	Eso-AdenoCa
6	65688540	65688541	6	99080585	99080586	-	-	t2tINV	cna98	major	sim67	Eso-AdenoCa
6	88165940	88165941	6	88271273	88271274	+	+	h2hINV	cna98	minor	sim67	Eso-AdenoCa
6	161689854	161689855	6	170129975	170129976	-	+	DUP	cna99	major	sim67	Eso-AdenoCa
6	161689854	161689855	6	170129975	170129976	+	-	DEL	cna99	minor	sim67	Eso-AdenoCa
6	170192327	170192328	6	170300002	170300003	+	-	DEL	cna101	minor	sim67	Eso-AdenoCa
6	170300003	170300004	6	171115067	171115068	-	+	DUP	cna102	major	sim67	Eso-AdenoCa
6	170300003	170300004	6	171115067	171115068	-	+	DUP	cna102	minor	sim67	Eso-AdenoCa
7	7123610	7123611	7	7281770	7281771	-	+	DUP	cna104	major	sim67	Eso-AdenoCa
7	7123610	7123611	7	7281770	7281771	+	-	DEL	cna104	minor	sim67	Eso-AdenoCa
7	7281771	7281772	7	12362488	12362489	-	+	DUP	cna105	major	sim67	Eso-AdenoCa
7	7281771	7281772	7	12362488	12362489	-	+	DUP	cna105	minor	sim67	Eso-AdenoCa
7	8383873	8383874	7	8603953	8603954	+	+	h2hINV	cna105	major	sim67	Eso-AdenoCa
7	12362489	12362490	7	12614560	12614561	-	+	DUP	cna106	major	sim67	Eso-AdenoCa
7	12362489	12362490	7	12614560	12614561	+	-	DEL	cna106	minor	sim67	Eso-AdenoCa
7	12614561	12614562	7	12624143	12624144	-	+	DUP	cna107	major	sim67	Eso-AdenoCa
7	12614561	12614562	7	12624143	12624144	-	+	DUP	cna107	minor	sim67	Eso-AdenoCa
7	12624144	12624145	7	12693725	12693726	+	-	DEL	cna108	minor	sim67	Eso-AdenoCa
7	12693726	12693727	7	15321086	15321087	-	+	DUP	cna109	major	sim67	Eso-AdenoCa
7	12693726	12693727	7	15321086	15321087	+	-	DEL	cna109	minor	sim67	Eso-AdenoCa
7	15321087	15321088	7	15611906	15611907	-	+	DUP	cna110	major	sim67	Eso-AdenoCa
7	23494236	23494237	7	23781428	23781429	-	+	DUP	cna112	major	sim67	Eso-AdenoCa
7	23781429	23781430	7	23927195	23927196	+	-	DEL	cna113	major	sim67	Eso-AdenoCa
7	23781429	23781430	7	23927195	23927196	+	-	DEL	cna113	minor	sim67	Eso-AdenoCa
7	23927196	23927197	7	24072783	24072784	-	+	DUP	cna114	major	sim67	Eso-AdenoCa
7	24181418	24181419	7	24445139	24445140	-	+	DUP	cna116	major	sim67	Eso-AdenoCa
7	24705303	24705304	7	25280872	25280873	-	+	DUP	cna118	major	sim67	Eso-AdenoCa
7	24705303	24705304	7	25280872	25280873	-	+	DUP	cna118	minor	sim67	Eso-AdenoCa
7	25280873	25280874	7	25420251	25420252	-	+	DUP	cna119	major	sim67	Eso-AdenoCa
7	25420252	25420253	7	25586486	25586487	-	+	DUP	cna120	major	sim67	Eso-AdenoCa
7	25586487	25586488	7	25605245	25605246	+	-	DEL	cna121	minor	sim67	Eso-AdenoCa
7	25605246	25605247	7	25809314	25809315	-	+	DUP	cna122	major	sim67	Eso-AdenoCa
7	25809315	25809316	7	32380811	32380812	-	+	DUP	cna123	major	sim67	Eso-AdenoCa
7	25809315	25809316	7	32380811	32380812	+	-	DEL	cna123	minor	sim67	Eso-AdenoCa
7	32380812	32380813	7	42779301	42779302	-	+	DUP	cna124	major	sim67	Eso-AdenoCa
7	32380812	32380813	7	42779301	42779302	+	-	DEL	cna124	minor	sim67	Eso-AdenoCa
7	42779302	52139474	11	105339046	131522484	+	-	TRA	cna125,cna200	major,major	sim67	Eso-AdenoCa
7	64077028	64077029	7	65715016	65715017	+	-	DEL	cna126	minor	sim67	Eso-AdenoCa
7	66507573	66507574	7	136632119	136632120	+	+	h2hINV	cna127	major	sim67	Eso-AdenoCa
7	72940778	72940779	7	77205828	77205829	+	-	DEL	cna128	minor	sim67	Eso-AdenoCa
7	77205829	77205830	7	77988112	77988113	-	+	DUP	cna129	major	sim67	Eso-AdenoCa
7	77205829	77205830	7	77988112	77988113	-	+	DUP	cna129	minor	sim67	Eso-AdenoCa
7	77299673	77299674	7	77396807	77396808	+	+	h2hINV	cna129	minor	sim67	Eso-AdenoCa
7	141036973	141036974	7	143991978	143991979	-	-	t2tINV	cna130	minor	sim67	Eso-AdenoCa
7	144951977	144951978	7	144970750	144970751	+	-	DEL	cna131	minor	sim67	Eso-AdenoCa
7	144970751	144970752	7	159138663	159138664	-	+	DUP	cna132	major	sim67	Eso-AdenoCa
7	144970751	144970752	7	159138663	159138664	+	-	DEL	cna132	minor	sim67	Eso-AdenoCa
7	146715573	159138663	10	83204363	83628604	-	+	TRA	cna132,cna170	major,minor	sim67	Eso-AdenoCa
8	1	2	8	31295593	31295594	-	+	DUP	cna133	major	sim67	Eso-AdenoCa
8	1	2	8	31295593	31295594	-	+	DUP	cna133	minor	sim67	Eso-AdenoCa
8	31295594	31295595	8	33351587	33351588	+	-	DEL	cna134	major	sim67	Eso-AdenoCa
8	31295594	31295595	8	33351587	33351588	+	-	DEL	cna134	minor	sim67	Eso-AdenoCa
8	33351588	33351589	8	38139079	38139080	-	+	DUP	cna135	major	sim67	Eso-AdenoCa
8	38970673	38970674	8	40190086	40190087	-	+	DUP	cna137	major	sim67	Eso-AdenoCa
8	38970673	38970674	8	40190086	40190087	-	+	DUP	cna137	minor	sim67	Eso-AdenoCa
8	40190087	40190088	8	40203723	40203724	-	+	DUP	cna138	major	sim67	Eso-AdenoCa
8	40203724	40203725	8	40481583	40481584	+	-	DEL	cna139	minor	sim67	Eso-AdenoCa
8	40481584	40481585	8	49728813	49728814	-	+	DUP	cna140	major	sim67	Eso-AdenoCa
8	40481584	40481585	8	49728813	49728814	-	+	DUP	cna140	minor	sim67	Eso-AdenoCa
8	41574810	49728813	X	80700697	104473514	-	-	TRA	cna140,cna242	major,major	sim67	Eso-AdenoCa
8	48614410	48614411	8	69653552	69653553	+	+	h2hINV	cna140	major	sim67	Eso-AdenoCa
8	49728814	49728815	8	50355374	50355375	-	+	DUP	cna141	major	sim67	Eso-AdenoCa
8	50593460	50593461	8	53883940	53883941	-	+	DUP	cna143	major	sim67	Eso-AdenoCa
8	50593460	50593461	8	53883940	53883941	-	+	DUP	cna143	minor	sim67	Eso-AdenoCa
8	53939165	53939166	8	55181922	55181923	-	+	DUP	cna145	major	sim67	Eso-AdenoCa
8	53939165	54342611	11	2599681	25103473	+	+	TRA	cna145,cna186	minor,major	sim67	Eso-AdenoCa
8	55181923	55181924	8	55209350	55209351	-	+	DUP	cna146	major	sim67	Eso-AdenoCa
8	55181923	55181924	8	55209350	55209351	-	+	DUP	cna146	minor	sim67	Eso-AdenoCa
8	55209351	55209352	8	64457375	64457376	-	+	DUP	cna147	major	sim67	Eso-AdenoCa
8	91968666	91968667	8	92404174	92404175	-	+	DUP	cna149	major	sim67	Eso-AdenoCa
8	91968666	91968667	8	92404174	92404175	+	-	DEL	cna149	minor	sim67	Eso-AdenoCa
8	124934567	124934568	8	128532363	128532364	+	-	DEL	cna151	major	sim67	Eso-AdenoCa
8	124934567	124934568	8	128532363	128532364	+	-	DEL	cna151	minor	sim67	Eso-AdenoCa
8	129090310	129090311	8	131803457	131803458	-	-	t2tINV	cna152	minor	sim67	Eso-AdenoCa
9	71436288	71436289	9	72521625	72521626	+	+	h2hINV	cna153	major	sim67	Eso-AdenoCa
9	101254188	101254189	9	106958891	106958892	+	+	h2hINV	cna153	major	sim67	Eso-AdenoCa
10	6170847	6170848	10	21109394	21109395	-	+	DUP	cna155	major	sim67	Eso-AdenoCa
10	21109395	21109396	10	41587194	41587195	+	-	DEL	cna156	minor	sim67	Eso-AdenoCa
10	41587195	41587196	10	41634222	41634223	-	+	DUP	cna157	major	sim67	Eso-AdenoCa
10	41634223	41634224	10	41668527	41668528	-	+	DUP	cna158	major	sim67	Eso-AdenoCa
10	41668528	41668529	10	41793617	41793618	-	+	DUP	cna159	major	sim67	Eso-AdenoCa
10	41668528	41668529	10	41793617	41793618	-	+	DUP	cna159	minor	sim67	Eso-AdenoCa
10	41793618	41793619	10	52231750	52231751	-	+	DUP	cna160	major	sim67	Eso-AdenoCa
10	41793618	41793619	10	52231750	52231751	+	-	DEL	cna160	minor	sim67	Eso-AdenoCa
10	52307776	52307777	10	53447484	53447485	-	+	DUP	cna162	major	sim67	Eso-AdenoCa
10	53447485	53447486	10	53499285	53499286	-	+	DUP	cna163	major	sim67	Eso-AdenoCa
10	53447485	53447486	10	53499285	53499286	+	-	DEL	cna163	minor	sim67	Eso-AdenoCa
10	53499286	53499287	10	53655731	53655732	+	-	DEL	cna164	minor	sim67	Eso-AdenoCa
10	53655732	53655733	10	58329691	58329692	-	+	DUP	cna165	major	sim67	Eso-AdenoCa
10	53655732	53655733	10	58329691	58329692	+	-	DEL	cna165	minor	sim67	Eso-AdenoCa
10	56690157	56690158	10	56735153	56735154	-	-	t2tINV	cna165	major	sim67	Eso-AdenoCa
10	58329692	58329693	10	77707352	77707353	-	+	DUP	cna166	major	sim67	Eso-AdenoCa
10	77707353	77707354	10	82605262	82605263	-	+	DUP	cna167	major	sim67	Eso-AdenoCa
10	77707353	77707354	10	82605262	82605263	+	-	DEL	cna167	minor	sim67	Eso-AdenoCa
10	82605263	82605264	10	82623877	82623878	-	+	DUP	cna168	major	sim67	Eso-AdenoCa
10	83204363	83204364	10	103007105	103007106	-	+	DUP	cna170	major	sim67	Eso-AdenoCa
10	83204363	83204364	10	103007105	103007106	-	+	DUP	cna170	minor	sim67	Eso-AdenoCa
10	103007106	103007107	10	105572607	105572608	-	+	DUP	cna171	major	sim67	Eso-AdenoCa
10	105572608	105572609	10	112111857	112111858	-	+	DUP	cna172	major	sim67	Eso-AdenoCa
10	105572608	105572609	10	112111857	112111858	-	+	DUP	cna172	minor	sim67	Eso-AdenoCa
10	110704257	110704258	10	110714289	110714290	+	+	h2hINV	cna172	major	sim67	Eso-AdenoCa
10	112111858	112111859	10	122726272	122726273	-	+	DUP	cna173	major	sim67	Eso-AdenoCa
10	112111858	112111859	10	122726272	122726273	+	-	DEL	cna173	minor	sim67	Eso-AdenoCa
10	116822657	116822658	10	116832664	116832665	-	-	t2tINV	cna173	major	sim67	Eso-AdenoCa
10	122726273	122726274	10	123509279	123509280	-	+	DUP	cna174	major	sim67	Eso-AdenoCa
10	122726273	122726274	10	123509279	123509280	-	+	DUP	cna174	minor	sim67	Eso-AdenoCa
10	123509280	123509281	10	123668842	123668843	+	-	DEL	cna175	minor	sim67	Eso-AdenoCa
10	123668843	123668844	10	131936627	131936628	-	+	DUP	cna176	major	sim67	Eso-AdenoCa
10	123668843	123668844	10	131936627	131936628	+	-	DEL	cna176	minor	sim67	Eso-AdenoCa
10	123668843	126306558	16	56873345	90354753	+	-	TRA	cna176,cna223	major,minor	sim67	Eso-AdenoCa
10	131936628	131936629	10	132163593	132163594	-	+	DUP	cna177	major	sim67	Eso-AdenoCa
10	132269064	132269065	10	135076553	135076554	-	+	DUP	cna179	major	sim67	Eso-AdenoCa
10	135165796	135165797	10	135534747	135534748	-	+	DUP	cna181	major	sim67	Eso-AdenoCa
11	1	2	11	2470409	2470410	-	+	DUP	cna182	major	sim67	Eso-AdenoCa
11	1	2	11	2470409	2470410	-	+	DUP	cna182	minor	sim67	Eso-AdenoCa
11	2470410	2470411	11	2544033	2544034	-	+	DUP	cna183	major	sim67	Eso-AdenoCa
11	2470410	2470411	11	2544033	2544034	+	-	DEL	cna183	minor	sim67	Eso-AdenoCa
11	2564787	2564788	11	2599680	2599681	-	+	DUP	cna185	major	sim67	Eso-AdenoCa
11	2599681	2599682	11	34447812	34447813	+	-	DEL	cna186	minor	sim67	Eso-AdenoCa
11	57435210	57435211	11	57445214	57445215	+	+	h2hINV	cna187	major	sim67	Eso-AdenoCa
11	62637812	62637813	11	66138042	66138043	+	-	DEL	cna188	minor	sim67	Eso-AdenoCa
11	66138043	66138044	11	77347869	77347870	-	+	DUP	cna189	major	sim67	Eso-AdenoCa
11	77347870	77347871	11	78444945	78444946	-	+	DUP	cna190	major	sim67	Eso-AdenoCa
11	77347870	77347871	11	78444945	78444946	-	+	DUP	cna190	minor	sim67	Eso-AdenoCa
11	78444946	78444947	11	78675869	78675870	-	+	DUP	cna191	major	sim67	Eso-AdenoCa
11	78444946	78444947	11	78675869	78675870	+	-	DEL	cna191	minor	sim67	Eso-AdenoCa
11	78675870	78675871	11	83190414	83190415	+	-	DEL	cna192	minor	sim67	Eso-AdenoCa
11	83190415	83190416	11	84009405	84009406	-	+	DUP	cna193	major	sim67	Eso-AdenoCa
11	83190415	83190416	11	84009405	84009406	-	+	DUP	cna193	minor	sim67	Eso-AdenoCa
11	84009406	84009407	11	84293459	84293460	-	+	DUP	cna194	major	sim67	Eso-AdenoCa
11	84293460	84293461	11	84420264	84420265	-	+	DUP	cna195	major	sim67	Eso-AdenoCa
11	84293460	84293461	11	84420264	84420265	-	+	DUP	cna195	minor	sim67	Eso-AdenoCa
11	86047659	86047660	11	86504527	86504528	-	+	DUP	cna197	major	sim67	Eso-AdenoCa
11	86047659	86047660	11	86504527	86504528	-	+	DUP	cna197	minor	sim67	Eso-AdenoCa
11	86504528	86504529	11	86577362	86577363	-	+	DUP	cna198	major	sim67	Eso-AdenoCa
11	86577363	86577364	11	87271860	87271861	-	+	DUP	cna199	major	sim67	Eso-AdenoCa
11	86577363	86577364	11	87271860	87271861	+	-	DEL	cna199	minor	sim67	Eso-AdenoCa
11	87271861	87271862	11	131522484	131522485	+	-	DEL	cna200	minor	sim67	Eso-AdenoCa
12	1	2	12	60624699	60624700	+	-	DEL	cna202	minor	sim67	Eso-AdenoCa
12	1	9976195	17	39996273	81195210	+	-	TRA	cna202,cna224	minor,major	sim67	Eso-AdenoCa
12	14409094	14409095	12	14429100	14429101	+	+	h2hINV	cna202	major	sim67	Eso-AdenoCa
12	24577894	24577895	12	24597988	24597989	+	+	h2hINV	cna202	major	sim67	Eso-AdenoCa
12	54057594	54057595	12	54178343	54178344	+	+	h2hINV	cna202	major	sim67	Eso-AdenoCa
12	60624700	60624701	12	64288231	64288232	-	+	DUP	cna203	major	sim67	Eso-AdenoCa
12	64288232	64288233	12	73163560	73163561	-	+	DUP	cna204	major	sim67	Eso-AdenoCa
12	64288232	64288233	12	73163560	73163561	+	-	DEL	cna204	minor	sim67	Eso-AdenoCa
12	64288232	71093495	15	7774227	40382983	+	-	TRA	cna204,cna220	minor,minor	sim67	Eso-AdenoCa
12	73163561	73163562	12	75194675	75194676	-	+	DUP	cna205	major	sim67	Eso-AdenoCa
12	73163561	73163562	12	75194675	75194676	-	+	DUP	cna205	minor	sim67	Eso-AdenoCa
12	75194676	75194677	12	82098659	82098660	-	+	DUP	cna206	major	sim67	Eso-AdenoCa
12	113218194	133851895	18	1	69859938	-	+	TRA	cna207,cna225	major,major	sim67	Eso-AdenoCa
13	63450472	63450473	13	115169878	115169879	-	+	DUP	cna209	major	sim67	Eso-AdenoCa
14	35175621	35175622	14	35185622	35185623	+	+	h2hINV	cna210	major	sim67	Eso-AdenoCa
14	69317875	69317876	14	69458350	69458351	-	+	DUP	cna211	major	sim67	Eso-AdenoCa
14	69458351	69458352	14	69606922	69606923	+	-	DEL	cna212	major	sim67	Eso-AdenoCa
14	69458351	69458352	14	69606922	69606923	+	-	DEL	cna212	minor	sim67	Eso-AdenoCa
14	69606923	69606924	14	70089602	70089603	+	-	DEL	cna213	minor	sim67	Eso-AdenoCa
14	70089603	70089604	14	71452976	71452977	-	+	DUP	cna214	major	sim67	Eso-AdenoCa
14	71452977	71452978	14	71860741	71860742	+	-	DEL	cna215	minor	sim67	Eso-AdenoCa
14	71860742	71860743	14	71869947	71869948	-	+	DUP	cna216	major	sim67	Eso-AdenoCa
14	71869948	71869949	14	84389636	84389637	-	+	DUP	cna217	major	sim67	Eso-AdenoCa
14	102192280	102192281	14	107349540	107349541	-	+	DUP	cna219	major	sim67	Eso-AdenoCa
14	102192280	102192281	14	107349540	107349541	+	-	DEL	cna219	minor	sim67	Eso-AdenoCa
15	1	2	15	40382983	40382984	-	+	DUP	cna220	major	sim67	Eso-AdenoCa
15	1	2	15	40382983	40382984	-	+	DUP	cna220	minor	sim67	Eso-AdenoCa
15	40382984	40382985	15	72432386	72432387	-	+	DUP	cna221	major	sim67	Eso-AdenoCa
15	63796381	63796382	15	67500069	67500070	+	+	h2hINV	cna221	major	sim67	Eso-AdenoCa
15	95119781	95119782	15	98293851	98293852	+	+	h2hINV	cna222	major	sim67	Eso-AdenoCa
16	56389964	90354753	X	96128714	104473514	-	-	TRA	cna242,cna223	minor,minor	sim67	Eso-AdenoCa
17	44521836	44521837	17	64501041	64501042	+	+	h2hINV	cna224	major	sim67	Eso-AdenoCa
19	1272400	1272401	19	2137322	2137323	+	-	DEL	cna227	minor	sim67	Eso-AdenoCa
19	2137323	2137324	19	13039902	13039903	-	+	DUP	cna228	major	sim67	Eso-AdenoCa
19	2137323	2137324	19	13039902	13039903	-	+	DUP	cna228	minor	sim67	Eso-AdenoCa
19	13039903	13039904	19	58416846	58416847	-	+	DUP	cna229	major	sim67	Eso-AdenoCa
19	15011878	15011879	19	15021887	15021888	-	-	t2tINV	cna229	minor	sim67	Eso-AdenoCa
19	25744178	25744179	19	28826607	28826608	+	+	h2hINV	cna229	major	sim67	Eso-AdenoCa
19	58416847	58416848	19	59128983	59128984	+	-	DEL	cna230	minor	sim67	Eso-AdenoCa
20	1	2	20	15696628	15696629	-	+	DUP	cna231	major	sim67	Eso-AdenoCa
20	25495295	25495296	20	25505301	25505302	-	-	t2tINV	cna232	minor	sim67	Eso-AdenoCa
22	45470480	45470481	22	45867547	45867548	+	+	h2hINV	cna234	major	sim67	Eso-AdenoCa
22	51048903	51048904	22	51304566	51304567	-	+	DUP	cna235	major	sim67	Eso-AdenoCa
X	6402714	6402715	X	6412724	6412725	+	+	h2hINV	cna236	minor	sim67	Eso-AdenoCa
X	8980315	8980316	X	9062338	9062339	-	+	DUP	cna237	major	sim67	Eso-AdenoCa
X	9062339	9062340	X	9508566	9508567	-	+	DUP	cna238	major	sim67	Eso-AdenoCa
X	9508567	9508568	X	10212839	10212840	-	+	DUP	cna239	major	sim67	Eso-AdenoCa
X	9508567	9508568	X	10212839	10212840	-	+	DUP	cna239	minor	sim67	Eso-AdenoCa
X	10212840	10212841	X	10327225	10327226	-	+	DUP	cna240	major	sim67	Eso-AdenoCa
X	10327226	10327227	X	10929652	10929653	-	+	DUP	cna241	major	sim67	Eso-AdenoCa
X	10327226	10327227	X	10929652	10929653	+	-	DEL	cna241	minor	sim67	Eso-AdenoCa
X	84950114	84950115	X	84960115	84960116	-	-	t2tINV	cna242	minor	sim67	Eso-AdenoCa
X	104473515	104473516	X	155270560	155270561	-	+	DUP	cna243	major	sim67	Eso-AdenoCa
X	104473515	104473516	X	155270560	155270561	-	+	DUP	cna243	minor	sim67	Eso-AdenoCa
Y	56561470	56561471	Y	59373566	59373567	-	+	DUP	cna245	major	sim67	Eso-AdenoCa
Y	56561470	56561471	Y	59373566	59373567	-	+	DUP	cna245	minor	sim67	Eso-AdenoCa
