chrom	start	end	major_cn	minor_cn	donor_id	study	id
1	1	17978066	3	2	sim33	Eso-AdenoCa	cna0
1	17978067	19176327	1	0	sim33	Eso-AdenoCa	cna1
1	19176328	19355772	4	1	sim33	Eso-AdenoCa	cna2
1	19355773	19376745	2	1	sim33	Eso-AdenoCa	cna3
1	19376746	19862811	3	1	sim33	Eso-AdenoCa	cna4
1	19862812	28912692	2	0	sim33	Eso-AdenoCa	cna5
1	28912693	40917724	2	1	sim33	Eso-AdenoCa	cna6
1	40917725	43853753	1	1	sim33	Eso-AdenoCa	cna7
1	43853754	54849060	3	0	sim33	Eso-AdenoCa	cna8
1	54849061	55875900	7	2	sim33	Eso-AdenoCa	cna9
1	55875901	56053600	3	1	sim33	Eso-AdenoCa	cna10
1	56053601	116741015	1	1	sim33	Eso-AdenoCa	cna11
1	116741016	123920591	2	2	sim33	Eso-AdenoCa	cna12
1	123920592	124155988	2	0	sim33	Eso-AdenoCa	cna13
1	124155989	124558048	1	0	sim33	Eso-AdenoCa	cna14
1	124558049	168357966	2	1	sim33	Eso-AdenoCa	cna15
1	168357967	170947264	1	1	sim33	Eso-AdenoCa	cna16
1	170947265	170995878	4	1	sim33	Eso-AdenoCa	cna17
1	170995879	202784982	1	1	sim33	Eso-AdenoCa	cna18
1	202784983	204433640	2	1	sim33	Eso-AdenoCa	cna19
1	204433641	213474574	5	2	sim33	Eso-AdenoCa	cna20
1	213474575	213563884	2	0	sim33	Eso-AdenoCa	cna21
1	213563885	215620674	1	0	sim33	Eso-AdenoCa	cna22
1	215620675	224898365	1	1	sim33	Eso-AdenoCa	cna23
1	224898366	225046171	4	1	sim33	Eso-AdenoCa	cna24
1	225046172	231888093	1	1	sim33	Eso-AdenoCa	cna25
1	231888094	231898611	2	1	sim33	Eso-AdenoCa	cna26
1	231898612	249215656	1	0	sim33	Eso-AdenoCa	cna27
1	249215657	249250621	1	2	sim33	Eso-AdenoCa	cna28
2	1	34912586	2	2	sim33	Eso-AdenoCa	cna29
2	34912587	35661016	3	1	sim33	Eso-AdenoCa	cna30
2	35661017	42750084	2	1	sim33	Eso-AdenoCa	cna31
2	42750085	44426810	1	1	sim33	Eso-AdenoCa	cna32
2	44426811	83465743	2	1	sim33	Eso-AdenoCa	cna33
2	83465744	84381784	4	0	sim33	Eso-AdenoCa	cna34
2	84381785	115904065	1	0	sim33	Eso-AdenoCa	cna35
2	115904066	117593394	3	0	sim33	Eso-AdenoCa	cna36
2	117593395	117767462	1	0	sim33	Eso-AdenoCa	cna37
2	117767463	117851050	3	0	sim33	Eso-AdenoCa	cna38
2	117851051	117929442	2	2	sim33	Eso-AdenoCa	cna39
2	117929443	118021388	2	1	sim33	Eso-AdenoCa	cna40
2	118021389	182358456	2	0	sim33	Eso-AdenoCa	cna41
2	182358457	184952903	2	1	sim33	Eso-AdenoCa	cna42
2	184952904	185107702	1	1	sim33	Eso-AdenoCa	cna43
2	185107703	185192376	4	0	sim33	Eso-AdenoCa	cna44
2	185192377	209005451	1	1	sim33	Eso-AdenoCa	cna45
2	209005452	209186841	2	1	sim33	Eso-AdenoCa	cna46
2	209186842	222055809	3	0	sim33	Eso-AdenoCa	cna47
2	222055810	222212817	1	0	sim33	Eso-AdenoCa	cna48
2	222212818	222977953	1	1	sim33	Eso-AdenoCa	cna49
2	222977954	239613538	2	0	sim33	Eso-AdenoCa	cna50
2	239613539	243199373	1	1	sim33	Eso-AdenoCa	cna51
3	1	101364920	1	1	sim33	Eso-AdenoCa	cna52
3	101364921	101382107	4	3	sim33	Eso-AdenoCa	cna53
3	101382108	163623178	1	0	sim33	Eso-AdenoCa	cna54
3	163623179	173321694	3	2	sim33	Eso-AdenoCa	cna55
3	173321695	173525970	4	0	sim33	Eso-AdenoCa	cna56
3	173525971	197597681	1	0	sim33	Eso-AdenoCa	cna57
3	197597682	197690079	3	0	sim33	Eso-AdenoCa	cna58
3	197690080	198022430	3	1	sim33	Eso-AdenoCa	cna59
4	1	63638506	1	1	sim33	Eso-AdenoCa	cna60
4	63638507	64482000	2	1	sim33	Eso-AdenoCa	cna61
4	64482001	64492786	2	0	sim33	Eso-AdenoCa	cna62
4	64492787	123709128	1	1	sim33	Eso-AdenoCa	cna63
4	123709129	124033432	4	1	sim33	Eso-AdenoCa	cna64
4	124033433	132524945	1	0	sim33	Eso-AdenoCa	cna65
4	132524946	134221063	3	1	sim33	Eso-AdenoCa	cna66
4	134221064	134466361	2	1	sim33	Eso-AdenoCa	cna67
4	134466362	147767381	1	1	sim33	Eso-AdenoCa	cna68
4	147767382	147842243	0	2	sim33	Eso-AdenoCa	cna69
4	147842244	162523757	1	1	sim33	Eso-AdenoCa	cna70
4	162523758	162753685	1	0	sim33	Eso-AdenoCa	cna71
4	162753686	173136520	1	1	sim33	Eso-AdenoCa	cna72
4	173136521	173299710	3	1	sim33	Eso-AdenoCa	cna73
4	173299711	185019676	2	1	sim33	Eso-AdenoCa	cna74
4	185019677	190334202	1	1	sim33	Eso-AdenoCa	cna75
4	190334203	190476458	2	0	sim33	Eso-AdenoCa	cna76
4	190476459	190536861	3	1	sim33	Eso-AdenoCa	cna77
4	190536862	191154276	2	1	sim33	Eso-AdenoCa	cna78
5	1	177113946	1	1	sim33	Eso-AdenoCa	cna79
5	177113947	180915260	2	0	sim33	Eso-AdenoCa	cna80
6	1	50796075	1	1	sim33	Eso-AdenoCa	cna81
6	50796076	148268779	4	1	sim33	Eso-AdenoCa	cna82
6	148268780	166636011	1	1	sim33	Eso-AdenoCa	cna83
6	166636012	166654986	1	0	sim33	Eso-AdenoCa	cna84
6	166654987	169758338	1	1	sim33	Eso-AdenoCa	cna85
6	169758339	171032779	1	0	sim33	Eso-AdenoCa	cna86
6	171032780	171115067	1	1	sim33	Eso-AdenoCa	cna87
7	1	125155928	1	1	sim33	Eso-AdenoCa	cna88
7	125155929	125239918	1	0	sim33	Eso-AdenoCa	cna89
7	125239919	125290808	1	1	sim33	Eso-AdenoCa	cna90
7	125290809	127137525	1	0	sim33	Eso-AdenoCa	cna91
7	127137526	127486767	0	0	sim33	Eso-AdenoCa	cna92
7	127486768	159138663	1	1	sim33	Eso-AdenoCa	cna93
8	1	17968989	2	0	sim33	Eso-AdenoCa	cna94
8	17968990	23259785	2	1	sim33	Eso-AdenoCa	cna95
8	23259786	39085141	4	1	sim33	Eso-AdenoCa	cna96
8	39085142	39954464	3	0	sim33	Eso-AdenoCa	cna97
8	39954465	146364022	1	1	sim33	Eso-AdenoCa	cna98
9	1	7259298	1	1	sim33	Eso-AdenoCa	cna99
9	7259299	7388089	1	0	sim33	Eso-AdenoCa	cna100
9	7388090	50252503	1	1	sim33	Eso-AdenoCa	cna101
9	50252504	50522505	2	0	sim33	Eso-AdenoCa	cna102
9	50522506	52725769	1	1	sim33	Eso-AdenoCa	cna103
9	52725770	132675861	2	2	sim33	Eso-AdenoCa	cna104
9	132675862	134553594	1	0	sim33	Eso-AdenoCa	cna105
9	134553595	141213431	2	1	sim33	Eso-AdenoCa	cna106
10	1	11936314	1	1	sim33	Eso-AdenoCa	cna107
10	11936315	12562344	3	1	sim33	Eso-AdenoCa	cna108
10	12562345	12724881	4	0	sim33	Eso-AdenoCa	cna109
10	12724882	24516488	2	0	sim33	Eso-AdenoCa	cna110
10	24516489	29334332	1	1	sim33	Eso-AdenoCa	cna111
10	29334333	30063648	4	2	sim33	Eso-AdenoCa	cna112
10	30063649	91254229	1	1	sim33	Eso-AdenoCa	cna113
10	91254230	92605046	2	1	sim33	Eso-AdenoCa	cna114
10	92605047	93039084	4	0	sim33	Eso-AdenoCa	cna115
10	93039085	127884655	4	2	sim33	Eso-AdenoCa	cna116
10	127884656	128123788	3	1	sim33	Eso-AdenoCa	cna117
10	128123789	135534747	2	0	sim33	Eso-AdenoCa	cna118
11	1	35227981	1	1	sim33	Eso-AdenoCa	cna119
11	35227982	72335682	2	1	sim33	Eso-AdenoCa	cna120
11	72335683	72588919	4	0	sim33	Eso-AdenoCa	cna121
11	72588920	73999027	2	1	sim33	Eso-AdenoCa	cna122
11	73999028	75980058	3	2	sim33	Eso-AdenoCa	cna123
11	75980059	76072282	2	2	sim33	Eso-AdenoCa	cna124
11	76072283	76094880	1	1	sim33	Eso-AdenoCa	cna125
11	76094881	77863512	2	0	sim33	Eso-AdenoCa	cna126
11	77863513	128273075	1	0	sim33	Eso-AdenoCa	cna127
11	128273076	134852940	1	1	sim33	Eso-AdenoCa	cna128
11	134852941	135006516	2	1	sim33	Eso-AdenoCa	cna129
12	1	130756345	1	1	sim33	Eso-AdenoCa	cna130
12	130756346	133851895	4	1	sim33	Eso-AdenoCa	cna131
13	1	4306977	2	2	sim33	Eso-AdenoCa	cna132
13	4306978	82415658	1	1	sim33	Eso-AdenoCa	cna133
13	82415659	102437955	2	1	sim33	Eso-AdenoCa	cna134
13	102437956	107501728	1	0	sim33	Eso-AdenoCa	cna135
13	107501729	107630341	0	0	sim33	Eso-AdenoCa	cna136
13	107630342	114873384	1	1	sim33	Eso-AdenoCa	cna137
13	114873385	114976422	1	0	sim33	Eso-AdenoCa	cna138
13	114976423	115169878	5	1	sim33	Eso-AdenoCa	cna139
14	1	40163708	2	1	sim33	Eso-AdenoCa	cna140
14	40163709	49649464	4	1	sim33	Eso-AdenoCa	cna141
14	49649465	68331909	2	1	sim33	Eso-AdenoCa	cna142
14	68331910	68357466	0	0	sim33	Eso-AdenoCa	cna143
14	68357467	68604433	2	2	sim33	Eso-AdenoCa	cna144
14	68604434	107349540	2	1	sim33	Eso-AdenoCa	cna145
15	1	102531392	1	1	sim33	Eso-AdenoCa	cna146
16	1	18189878	1	1	sim33	Eso-AdenoCa	cna147
16	18189879	18208420	3	3	sim33	Eso-AdenoCa	cna148
16	18208421	21777666	3	1	sim33	Eso-AdenoCa	cna149
16	21777667	21998946	2	0	sim33	Eso-AdenoCa	cna150
16	21998947	88313019	1	1	sim33	Eso-AdenoCa	cna151
16	88313020	89284679	3	0	sim33	Eso-AdenoCa	cna152
16	89284680	90354753	2	1	sim33	Eso-AdenoCa	cna153
17	1	24271997	1	1	sim33	Eso-AdenoCa	cna154
17	24271998	30692051	2	1	sim33	Eso-AdenoCa	cna155
17	30692052	31850898	1	1	sim33	Eso-AdenoCa	cna156
17	31850899	49376138	2	1	sim33	Eso-AdenoCa	cna157
17	49376139	50029524	4	1	sim33	Eso-AdenoCa	cna158
17	50029525	69192936	3	1	sim33	Eso-AdenoCa	cna159
17	69192937	76773572	2	1	sim33	Eso-AdenoCa	cna160
17	76773573	76971201	1	0	sim33	Eso-AdenoCa	cna161
17	76971202	81195210	2	1	sim33	Eso-AdenoCa	cna162
18	1	39214799	1	0	sim33	Eso-AdenoCa	cna163
18	39214800	39385417	1	1	sim33	Eso-AdenoCa	cna164
18	39385418	39643154	2	1	sim33	Eso-AdenoCa	cna165
18	39643155	39758107	3	1	sim33	Eso-AdenoCa	cna166
18	39758108	67436042	2	0	sim33	Eso-AdenoCa	cna167
18	67436043	74807803	3	0	sim33	Eso-AdenoCa	cna168
18	74807804	78077248	2	1	sim33	Eso-AdenoCa	cna169
19	1	59128983	1	1	sim33	Eso-AdenoCa	cna170
20	1	63025520	1	1	sim33	Eso-AdenoCa	cna171
21	1	18329579	1	1	sim33	Eso-AdenoCa	cna172
21	18329580	23995099	4	1	sim33	Eso-AdenoCa	cna173
21	23995100	29433413	2	1	sim33	Eso-AdenoCa	cna174
21	29433414	32382142	1	0	sim33	Eso-AdenoCa	cna175
21	32382143	47715857	1	1	sim33	Eso-AdenoCa	cna176
21	47715858	48129895	2	1	sim33	Eso-AdenoCa	cna177
22	1	37804913	2	0	sim33	Eso-AdenoCa	cna178
22	37804914	51304566	3	1	sim33	Eso-AdenoCa	cna179
X	1	76432609	1	1	sim33	Eso-AdenoCa	cna180
X	76432610	76527300	1	0	sim33	Eso-AdenoCa	cna181
X	76527301	155270560	1	1	sim33	Eso-AdenoCa	cna182
Y	1	37207884	1	0	sim33	Eso-AdenoCa	cna183
Y	37207885	41881957	2	0	sim33	Eso-AdenoCa	cna184
Y	41881958	41981876	1	1	sim33	Eso-AdenoCa	cna185
Y	41981877	42151942	2	0	sim33	Eso-AdenoCa	cna186
Y	42151943	59198959	2	1	sim33	Eso-AdenoCa	cna187
Y	59198960	59373566	0	0	sim33	Eso-AdenoCa	cna188
