chrom1	start1	end1	chrom2	start2	end2	strand1	strand2	svclass	id	allele	donor_id	tumor
1	1	2	1	6327941	6327942	-	+	DUP	cna0	major	sim65	Eso-AdenoCa
1	6327942	8981838	11	14890940	17638211	+	+	TRA	cna131,cna1	major,minor	sim65	Eso-AdenoCa
1	25945977	46352968	15	84510181	99923868	-	-	TRA	cna183,cna1	minor,minor	sim65	Eso-AdenoCa
1	46352969	46352970	1	79885874	79885875	-	+	DUP	cna2	major	sim65	Eso-AdenoCa
1	49476639	79885874	12	27164494	67529685	-	-	TRA	cna141,cna2	major,minor	sim65	Eso-AdenoCa
1	70600700	70600701	1	70610711	70610712	+	+	h2hINV	cna2	minor	sim65	Eso-AdenoCa
1	75745200	79885874	6	37180033	47399400	-	-	TRA	cna2,cna74	minor,major	sim65	Eso-AdenoCa
1	79885875	79885876	1	148397633	148397634	-	+	DUP	cna3	major	sim65	Eso-AdenoCa
1	79885875	79885876	1	148397633	148397634	-	+	DUP	cna3	minor	sim65	Eso-AdenoCa
1	80992000	80992001	1	82323011	82323012	-	-	t2tINV	cna3	major	sim65	Eso-AdenoCa
1	109077700	148397633	5	163192957	179388839	-	+	TRA	cna3,cna68	minor,minor	sim65	Eso-AdenoCa
1	146775100	146775101	1	148470532	148470533	-	-	t2tINV	cna4	minor	sim65	Eso-AdenoCa
1	148397634	148397635	1	148731554	148731555	-	+	DUP	cna4	major	sim65	Eso-AdenoCa
1	148731555	148731556	1	182293205	182293206	-	+	DUP	cna5	major	sim65	Eso-AdenoCa
1	148731555	148731556	1	182293205	182293206	-	+	DUP	cna5	minor	sim65	Eso-AdenoCa
1	151141484	182293205	18	21031026	57939726	-	-	TRA	cna203,cna5	minor,minor	sim65	Eso-AdenoCa
1	182293206	182293207	1	182448383	182448384	-	+	DUP	cna6	major	sim65	Eso-AdenoCa
1	182293206	182293207	1	182448383	182448384	-	+	DUP	cna6	minor	sim65	Eso-AdenoCa
1	182448384	182448385	1	235208629	235208630	+	-	DEL	cna7	minor	sim65	Eso-AdenoCa
1	235208630	235208631	1	238555550	238555551	-	+	DUP	cna8	major	sim65	Eso-AdenoCa
1	238053800	238555550	6	67884637	85978896	-	-	TRA	cna8,cna77	minor,major	sim65	Eso-AdenoCa
1	238555551	238555552	1	248805796	248805797	-	+	DUP	cna9	major	sim65	Eso-AdenoCa
1	238555551	238555552	1	248805796	248805797	+	-	DEL	cna9	minor	sim65	Eso-AdenoCa
1	248805797	248805798	1	249250621	249250622	-	+	DUP	cna10	major	sim65	Eso-AdenoCa
2	1	2	2	22111375	22111376	-	+	DUP	cna11	major	sim65	Eso-AdenoCa
2	22111376	22111377	2	22526258	22526259	-	+	DUP	cna12	major	sim65	Eso-AdenoCa
2	22526259	22526260	2	22706340	22706341	-	+	DUP	cna13	major	sim65	Eso-AdenoCa
2	22706341	22706342	2	32778968	32778969	-	+	DUP	cna14	major	sim65	Eso-AdenoCa
2	22706341	22706342	2	32778968	32778969	-	+	DUP	cna14	minor	sim65	Eso-AdenoCa
2	32778969	32778970	2	110239015	110239016	-	+	DUP	cna15	major	sim65	Eso-AdenoCa
2	32778969	32778970	2	110239015	110239016	+	-	DEL	cna15	minor	sim65	Eso-AdenoCa
2	89450679	110239015	7	86529090	120000737	-	-	TRA	cna15,cna85	major,minor	sim65	Eso-AdenoCa
2	106430679	110239015	5	128161865	138349801	-	-	TRA	cna15,cna65	major,major	sim65	Eso-AdenoCa
2	110239016	110239017	2	111144040	111144041	+	-	DEL	cna16	major	sim65	Eso-AdenoCa
2	110239016	110239017	2	111144040	111144041	+	-	DEL	cna16	minor	sim65	Eso-AdenoCa
2	111144041	111144042	2	117021817	117021818	-	+	DUP	cna17	major	sim65	Eso-AdenoCa
2	117021818	117021819	2	135826366	135826367	+	-	DEL	cna18	minor	sim65	Eso-AdenoCa
2	117021818	122501180	9	1	29302385	+	+	TRA	cna18,cna106	major,major	sim65	Eso-AdenoCa
2	117276579	117276580	2	117312347	117312348	-	-	t2tINV	cna18	major	sim65	Eso-AdenoCa
2	135826367	135826368	2	136181620	136181621	-	+	DUP	cna19	major	sim65	Eso-AdenoCa
2	136181621	136181622	2	136357428	136357429	-	+	DUP	cna20	major	sim65	Eso-AdenoCa
2	136357429	136357430	2	160273779	160273780	-	+	DUP	cna21	major	sim65	Eso-AdenoCa
2	136357429	136357430	2	160273779	160273780	-	+	DUP	cna21	minor	sim65	Eso-AdenoCa
2	160273780	160273781	2	212055468	212055469	-	+	DUP	cna22	major	sim65	Eso-AdenoCa
2	160273780	160273781	2	212055468	212055469	+	-	DEL	cna22	minor	sim65	Eso-AdenoCa
2	182526279	182526280	2	183534805	183534806	-	-	t2tINV	cna22	major	sim65	Eso-AdenoCa
2	187965595	212055468	12	78625667	105025295	-	+	TRA	cna150,cna22	minor,major	sim65	Eso-AdenoCa
2	192902479	212055468	3	197456408	197910366	-	+	TRA	cna22,cna52	major,major	sim65	Eso-AdenoCa
2	212055469	212055470	2	212078515	212078516	+	-	DEL	cna23	minor	sim65	Eso-AdenoCa
2	227307250	227307251	2	227318283	227318284	-	+	DUP	cna25	major	sim65	Eso-AdenoCa
2	227318284	227318285	2	228022363	228022364	-	+	DUP	cna26	major	sim65	Eso-AdenoCa
2	228022364	228022365	2	228033402	228033403	-	+	DUP	cna27	major	sim65	Eso-AdenoCa
2	228033403	228033404	2	228304540	228304541	-	+	DUP	cna28	major	sim65	Eso-AdenoCa
2	228033403	228033404	2	228304540	228304541	+	-	DEL	cna28	minor	sim65	Eso-AdenoCa
2	228304541	228304542	2	229907694	229907695	-	+	DUP	cna29	major	sim65	Eso-AdenoCa
2	229907695	229907696	2	229929635	229929636	-	+	DUP	cna30	major	sim65	Eso-AdenoCa
2	229929636	229929637	2	232860354	232860355	-	+	DUP	cna31	major	sim65	Eso-AdenoCa
2	232860355	232860356	2	234751661	234751662	-	+	DUP	cna32	major	sim65	Eso-AdenoCa
2	234751662	234751663	2	236293719	236293720	-	+	DUP	cna33	major	sim65	Eso-AdenoCa
2	234751662	234751663	2	236293719	236293720	+	-	DEL	cna33	minor	sim65	Eso-AdenoCa
2	236293720	236293721	2	237816120	237816121	-	+	DUP	cna34	major	sim65	Eso-AdenoCa
2	236293720	236293721	2	237816120	237816121	+	-	DEL	cna34	minor	sim65	Eso-AdenoCa
2	237816121	237816122	2	238374299	238374300	+	-	DEL	cna35	major	sim65	Eso-AdenoCa
2	237816121	237816122	2	238374299	238374300	+	-	DEL	cna35	minor	sim65	Eso-AdenoCa
2	238374300	238374301	2	241777006	241777007	-	+	DUP	cna36	major	sim65	Eso-AdenoCa
2	238374300	238374301	2	241777006	241777007	-	+	DUP	cna36	minor	sim65	Eso-AdenoCa
2	241777007	241777008	2	241832761	241832762	-	+	DUP	cna37	major	sim65	Eso-AdenoCa
2	241777007	241777008	2	241832761	241832762	+	-	DEL	cna37	minor	sim65	Eso-AdenoCa
2	241832762	241832763	2	242230981	242230982	-	+	DUP	cna38	major	sim65	Eso-AdenoCa
2	242230982	242230983	2	242242015	242242016	-	+	DUP	cna39	major	sim65	Eso-AdenoCa
2	242242016	242242017	2	242574391	242574392	-	+	DUP	cna40	major	sim65	Eso-AdenoCa
2	242574392	242574393	2	242792640	242792641	-	+	DUP	cna41	major	sim65	Eso-AdenoCa
2	242574392	242574393	2	242792640	242792641	+	-	DEL	cna41	minor	sim65	Eso-AdenoCa
2	242792641	242792642	2	242979507	242979508	-	+	DUP	cna42	major	sim65	Eso-AdenoCa
2	242979508	242979509	2	243199373	243199374	-	+	DUP	cna43	major	sim65	Eso-AdenoCa
2	242979508	242979509	2	243199373	243199374	+	-	DEL	cna43	minor	sim65	Eso-AdenoCa
3	1	2	3	55471389	55471390	-	+	DUP	cna44	major	sim65	Eso-AdenoCa
3	55471390	55471391	3	55724502	55724503	-	+	DUP	cna45	major	sim65	Eso-AdenoCa
3	55471390	55471391	3	55724502	55724503	-	+	DUP	cna45	minor	sim65	Eso-AdenoCa
3	55724503	55724504	3	55905351	55905352	+	-	DEL	cna46	minor	sim65	Eso-AdenoCa
3	55905352	55905353	3	134101615	134101616	-	+	DUP	cna47	major	sim65	Eso-AdenoCa
3	55905352	86363007	4	35921231	93776101	+	+	TRA	cna47,cna56	minor,minor	sim65	Eso-AdenoCa
3	78141376	134101615	4	35921231	40022477	-	+	TRA	cna56,cna47	major,minor	sim65	Eso-AdenoCa
3	116634906	116634907	3	189025799	189025800	-	-	t2tINV	cna50	major	sim65	Eso-AdenoCa
3	134101616	134101617	3	134683134	134683135	-	+	DUP	cna48	major	sim65	Eso-AdenoCa
3	134101616	134101617	3	134683134	134683135	+	-	DEL	cna48	minor	sim65	Eso-AdenoCa
3	134683135	134683136	3	136380437	136380438	-	+	DUP	cna49	major	sim65	Eso-AdenoCa
3	136380438	136380439	3	197415066	197415067	-	+	DUP	cna50	major	sim65	Eso-AdenoCa
3	136380438	136380439	3	197415066	197415067	+	-	DEL	cna50	minor	sim65	Eso-AdenoCa
3	136380438	167665407	5	1	29781716	+	+	TRA	cna50,cna65	major,major	sim65	Eso-AdenoCa
3	168815706	168815707	3	169290886	169290887	+	+	h2hINV	cna50	major	sim65	Eso-AdenoCa
3	197415067	197415068	3	197456407	197456408	-	+	DUP	cna51	major	sim65	Eso-AdenoCa
3	197456408	197456409	3	198022430	198022431	-	+	DUP	cna52	major	sim65	Eso-AdenoCa
4	1	2	4	34497495	34497496	-	+	DUP	cna53	major	sim65	Eso-AdenoCa
4	1	2	4	34497495	34497496	-	+	DUP	cna53	minor	sim65	Eso-AdenoCa
4	1	15765777	12	19112879	67529685	+	-	TRA	cna53,cna141	minor,minor	sim65	Eso-AdenoCa
4	18618276	18618277	4	45749026	45749027	-	-	t2tINV	cna56	major	sim65	Eso-AdenoCa
4	25586076	25586077	4	25596083	25596084	+	+	h2hINV	cna53	minor	sim65	Eso-AdenoCa
4	33416176	33416177	4	33426181	33426182	-	-	t2tINV	cna53	minor	sim65	Eso-AdenoCa
4	34497496	34497497	4	34664555	34664556	+	-	DEL	cna54	minor	sim65	Eso-AdenoCa
4	34664556	34664557	4	35921230	35921231	-	+	DUP	cna55	major	sim65	Eso-AdenoCa
4	35921231	35921232	4	113694710	113694711	+	-	DEL	cna56	minor	sim65	Eso-AdenoCa
4	81716876	81716877	4	107194672	107194673	-	-	t2tINV	cna56	major	sim65	Eso-AdenoCa
4	93835376	113694710	5	1	17153132	-	+	TRA	cna56,cna65	major,minor	sim65	Eso-AdenoCa
4	113694711	113694712	4	113808783	113808784	+	-	DEL	cna57	major	sim65	Eso-AdenoCa
4	113694711	113694712	4	113808783	113808784	+	-	DEL	cna57	minor	sim65	Eso-AdenoCa
4	113808784	113808785	4	114782007	114782008	-	+	DUP	cna58	major	sim65	Eso-AdenoCa
4	113808784	113808785	4	114782007	114782008	-	+	DUP	cna58	minor	sim65	Eso-AdenoCa
4	114782008	114782009	4	168199313	168199314	-	+	DUP	cna59	major	sim65	Eso-AdenoCa
4	114782008	114782009	4	168199313	168199314	+	-	DEL	cna59	minor	sim65	Eso-AdenoCa
4	168199314	168199315	4	183701121	183701122	-	+	DUP	cna60	major	sim65	Eso-AdenoCa
4	168199314	168199315	4	183701121	183701122	+	-	DEL	cna60	minor	sim65	Eso-AdenoCa
4	183701122	183701123	4	183759914	183759915	+	-	DEL	cna61	minor	sim65	Eso-AdenoCa
4	183759915	183759916	4	184119665	184119666	-	+	DUP	cna62	major	sim65	Eso-AdenoCa
4	184119666	184119667	4	189731665	189731666	-	+	DUP	cna63	major	sim65	Eso-AdenoCa
4	189731666	189731667	4	191154276	191154277	-	+	DUP	cna64	major	sim65	Eso-AdenoCa
4	189731666	189731667	4	191154276	191154277	-	+	DUP	cna64	minor	sim65	Eso-AdenoCa
5	1	2	5	138349801	138349802	-	+	DUP	cna65	major	sim65	Eso-AdenoCa
5	1	2	5	138349801	138349802	-	+	DUP	cna65	minor	sim65	Eso-AdenoCa
5	21382900	21382901	5	21392910	21392911	-	-	t2tINV	cna65	minor	sim65	Eso-AdenoCa
5	112840400	112840401	5	134943743	134943744	-	-	t2tINV	cna65	minor	sim65	Eso-AdenoCa
5	119845700	119845701	5	119855709	119855710	+	+	h2hINV	cna65	minor	sim65	Eso-AdenoCa
5	132927800	132927801	5	150692388	150692389	-	-	t2tINV	cna66	major	sim65	Eso-AdenoCa
5	138349802	138349803	5	157531744	157531745	-	+	DUP	cna66	major	sim65	Eso-AdenoCa
5	163192957	163192958	5	179700891	179700892	-	+	DUP	cna68	major	sim65	Eso-AdenoCa
5	179700892	179700893	5	179950391	179950392	-	+	DUP	cna69	major	sim65	Eso-AdenoCa
5	179950392	179950393	5	180401994	180401995	-	+	DUP	cna70	major	sim65	Eso-AdenoCa
5	180401995	180401996	5	180476619	180476620	-	+	DUP	cna71	major	sim65	Eso-AdenoCa
5	180401995	180401996	5	180476619	180476620	+	-	DEL	cna71	minor	sim65	Eso-AdenoCa
5	180476620	180476621	5	180900219	180900220	-	+	DUP	cna72	major	sim65	Eso-AdenoCa
5	180476620	180476621	5	180900219	180900220	-	+	DUP	cna72	minor	sim65	Eso-AdenoCa
5	180900220	180900221	5	180915260	180915261	-	+	DUP	cna73	major	sim65	Eso-AdenoCa
6	1	2	6	47399400	47399401	+	-	DEL	cna74	minor	sim65	Eso-AdenoCa
6	1	17302485	18	11665926	12689746	+	-	TRA	cna202,cna74	major,minor	sim65	Eso-AdenoCa
6	16518640	16518641	6	16589638	16589639	-	-	t2tINV	cna74	major	sim65	Eso-AdenoCa
6	47399401	47399402	6	47599262	47599263	-	+	DUP	cna75	major	sim65	Eso-AdenoCa
6	47399401	47399402	6	47599262	47599263	+	-	DEL	cna75	minor	sim65	Eso-AdenoCa
6	47599263	47599264	6	47610076	47610077	-	+	DUP	cna76	major	sim65	Eso-AdenoCa
6	47599263	47599264	6	47610076	47610077	-	+	DUP	cna76	minor	sim65	Eso-AdenoCa
6	47610077	47610078	6	85978896	85978897	-	+	DUP	cna77	major	sim65	Eso-AdenoCa
6	47610077	47610078	6	85978896	85978897	+	-	DEL	cna77	minor	sim65	Eso-AdenoCa
6	49123140	49123141	6	49321302	49321303	-	-	t2tINV	cna77	major	sim65	Eso-AdenoCa
6	85978897	85978898	6	89812741	89812742	-	+	DUP	cna78	major	sim65	Eso-AdenoCa
6	85978897	85978898	6	89812741	89812742	-	+	DUP	cna78	minor	sim65	Eso-AdenoCa
6	89812742	89812743	6	89997346	89997347	-	+	DUP	cna79	major	sim65	Eso-AdenoCa
6	89812742	89812743	6	89997346	89997347	-	+	DUP	cna79	minor	sim65	Eso-AdenoCa
6	89997347	89997348	6	90167470	90167471	+	-	DEL	cna80	minor	sim65	Eso-AdenoCa
6	90167471	90167472	6	105339893	105339894	-	+	DUP	cna81	major	sim65	Eso-AdenoCa
6	102363340	102363341	6	102717241	102717242	+	+	h2hINV	cna81	minor	sim65	Eso-AdenoCa
6	105339894	105339895	6	153617715	153617716	-	+	DUP	cna82	major	sim65	Eso-AdenoCa
6	120407840	120407841	6	120417846	120417847	-	-	t2tINV	cna82	major	sim65	Eso-AdenoCa
6	153617716	153617717	6	171050673	171050674	+	-	DEL	cna83	minor	sim65	Eso-AdenoCa
6	171050674	171050675	6	171115067	171115068	-	+	DUP	cna84	major	sim65	Eso-AdenoCa
6	171050674	171050675	6	171115067	171115068	-	+	DUP	cna84	minor	sim65	Eso-AdenoCa
7	1	2	7	120000737	120000738	-	+	DUP	cna85	major	sim65	Eso-AdenoCa
7	1	2	7	120000737	120000738	+	-	DEL	cna85	minor	sim65	Eso-AdenoCa
7	5495473	5495474	7	5505479	5505480	-	-	t2tINV	cna85	major	sim65	Eso-AdenoCa
7	46630273	120000737	X	10886556	104216233	-	-	TRA	cna85,cna213	major,minor	sim65	Eso-AdenoCa
7	61569773	61569774	7	61579779	61579780	-	-	t2tINV	cna85	major	sim65	Eso-AdenoCa
7	84981373	84981374	7	99377553	99377554	-	-	t2tINV	cna85	major	sim65	Eso-AdenoCa
7	120000738	120000739	7	120141974	120141975	-	+	DUP	cna86	major	sim65	Eso-AdenoCa
7	120000738	120000739	7	120141974	120141975	-	+	DUP	cna86	minor	sim65	Eso-AdenoCa
7	120141975	120141976	7	120536027	120536028	-	+	DUP	cna87	major	sim65	Eso-AdenoCa
7	120536028	120536029	7	155665776	155665777	+	-	DEL	cna88	minor	sim65	Eso-AdenoCa
7	128749273	128749274	7	130780402	130780403	+	+	h2hINV	cna88	major	sim65	Eso-AdenoCa
7	155665777	155665778	7	157327321	157327322	-	+	DUP	cna89	major	sim65	Eso-AdenoCa
7	156656873	157327321	20	48502016	63025520	-	-	TRA	cna89,cna210	minor,major	sim65	Eso-AdenoCa
7	157327322	157327323	7	157373987	157373988	-	+	DUP	cna90	major	sim65	Eso-AdenoCa
7	157327322	157327323	7	157373987	157373988	+	-	DEL	cna90	minor	sim65	Eso-AdenoCa
7	157373988	157373989	7	159138663	159138664	-	+	DUP	cna91	major	sim65	Eso-AdenoCa
7	157373988	157373989	7	159138663	159138664	-	+	DUP	cna91	minor	sim65	Eso-AdenoCa
8	1	2	8	63237607	63237608	-	+	DUP	cna92	major	sim65	Eso-AdenoCa
8	1	2	8	63237607	63237608	+	-	DEL	cna92	minor	sim65	Eso-AdenoCa
8	1	25456711	9	52765488	55513779	+	-	TRA	cna92,cna107	major,major	sim65	Eso-AdenoCa
8	27727910	27727911	8	27759535	27759536	-	-	t2tINV	cna92	major	sim65	Eso-AdenoCa
8	42129310	42129311	8	45185401	45185402	-	-	t2tINV	cna92	major	sim65	Eso-AdenoCa
8	63237608	63237609	8	64958282	64958283	+	-	DEL	cna93	minor	sim65	Eso-AdenoCa
8	64958283	64958284	8	65148187	65148188	-	+	DUP	cna94	major	sim65	Eso-AdenoCa
8	64958283	64958284	8	65148187	65148188	+	-	DEL	cna94	minor	sim65	Eso-AdenoCa
8	65148188	65148189	8	71251037	71251038	-	+	DUP	cna95	major	sim65	Eso-AdenoCa
8	65148188	65148189	8	71251037	71251038	-	+	DUP	cna95	minor	sim65	Eso-AdenoCa
8	71251038	71251039	8	72394262	72394263	+	-	DEL	cna96	major	sim65	Eso-AdenoCa
8	71251038	71251039	8	72394262	72394263	+	-	DEL	cna96	minor	sim65	Eso-AdenoCa
8	72394263	72394264	8	89185317	89185318	+	-	DEL	cna97	minor	sim65	Eso-AdenoCa
8	89185318	89185319	8	93384847	93384848	-	+	DUP	cna98	major	sim65	Eso-AdenoCa
8	91145910	91145911	8	122355270	122355271	+	+	h2hINV	cna98	minor	sim65	Eso-AdenoCa
8	93384848	93384849	8	93491860	93491861	+	-	DEL	cna99	minor	sim65	Eso-AdenoCa
8	93491861	93491862	8	95702724	95702725	-	+	DUP	cna100	major	sim65	Eso-AdenoCa
8	95702725	95702726	8	95743296	95743297	+	-	DEL	cna101	minor	sim65	Eso-AdenoCa
8	95743297	95743298	8	107227394	107227395	-	+	DUP	cna102	major	sim65	Eso-AdenoCa
8	107227395	107227396	8	141156362	141156363	-	+	DUP	cna103	major	sim65	Eso-AdenoCa
8	107227395	107227396	8	141156362	141156363	+	-	DEL	cna103	minor	sim65	Eso-AdenoCa
8	141156363	141156364	8	142485302	142485303	-	+	DUP	cna104	major	sim65	Eso-AdenoCa
8	141156363	141156364	8	142485302	142485303	+	-	DEL	cna104	minor	sim65	Eso-AdenoCa
8	141480810	141480811	8	141490819	141490820	-	-	t2tINV	cna104	major	sim65	Eso-AdenoCa
8	142485303	142485304	8	146364022	146364023	-	+	DUP	cna105	major	sim65	Eso-AdenoCa
8	142485303	142485304	8	146364022	146364023	+	-	DEL	cna105	minor	sim65	Eso-AdenoCa
9	1	2	9	49329548	49329549	-	+	DUP	cna106	major	sim65	Eso-AdenoCa
9	1	2	9	49329548	49329549	+	-	DEL	cna106	minor	sim65	Eso-AdenoCa
9	49329549	49329550	9	55513779	55513780	-	+	DUP	cna107	major	sim65	Eso-AdenoCa
9	55513780	55513781	9	55541924	55541925	-	+	DUP	cna108	major	sim65	Eso-AdenoCa
9	55513780	55513781	9	55541924	55541925	-	+	DUP	cna108	minor	sim65	Eso-AdenoCa
9	55541925	55541926	9	55869454	55869455	+	-	DEL	cna109	major	sim65	Eso-AdenoCa
9	55541925	55541926	9	55869454	55869455	+	-	DEL	cna109	minor	sim65	Eso-AdenoCa
9	55869455	55869456	9	57660073	57660074	-	+	DUP	cna110	major	sim65	Eso-AdenoCa
9	55869455	55869456	9	57660073	57660074	-	+	DUP	cna110	minor	sim65	Eso-AdenoCa
9	75013488	75013489	9	100596097	100596098	+	+	h2hINV	cna111	major	sim65	Eso-AdenoCa
9	94411888	99405044	11	72415060	78920407	-	-	TRA	cna111,cna134	minor,minor	sim65	Eso-AdenoCa
9	99405045	99405046	9	102367271	102367272	-	+	DUP	cna112	major	sim65	Eso-AdenoCa
9	102367272	102367273	9	107683908	107683909	+	-	DEL	cna113	minor	sim65	Eso-AdenoCa
9	107683909	107683910	9	109762837	109762838	-	+	DUP	cna114	major	sim65	Eso-AdenoCa
9	109762838	109762839	9	113013143	113013144	+	-	DEL	cna115	minor	sim65	Eso-AdenoCa
9	113013144	113013145	9	114772407	114772408	-	+	DUP	cna116	major	sim65	Eso-AdenoCa
9	113013144	113013145	9	114772407	114772408	-	+	DUP	cna116	minor	sim65	Eso-AdenoCa
9	114772408	114772409	9	115096581	115096582	-	+	DUP	cna117	major	sim65	Eso-AdenoCa
9	114772408	114772409	9	115096581	115096582	+	-	DEL	cna117	minor	sim65	Eso-AdenoCa
9	115096582	115096583	9	115267611	115267612	+	-	DEL	cna118	minor	sim65	Eso-AdenoCa
9	115267612	115267613	9	115589880	115589881	-	+	DUP	cna119	major	sim65	Eso-AdenoCa
9	115267612	115267613	9	115589880	115589881	-	+	DUP	cna119	minor	sim65	Eso-AdenoCa
9	115589881	115589882	9	116583257	116583258	-	+	DUP	cna120	major	sim65	Eso-AdenoCa
9	115589881	115589882	9	116583257	116583258	+	-	DEL	cna120	minor	sim65	Eso-AdenoCa
9	116583258	116583259	9	116969128	116969129	-	+	DUP	cna121	major	sim65	Eso-AdenoCa
9	116969129	116969130	9	141213431	141213432	-	+	DUP	cna122	major	sim65	Eso-AdenoCa
10	1	2	10	135534747	135534748	-	+	DUP	cna123	major	sim65	Eso-AdenoCa
10	1	2	10	135534747	135534748	+	-	DEL	cna123	minor	sim65	Eso-AdenoCa
10	58289557	58289558	10	58572460	58572461	-	-	t2tINV	cna123	major	sim65	Eso-AdenoCa
10	92232857	135534747	14	107050063	107222976	-	+	TRA	cna123,cna169	major,minor	sim65	Eso-AdenoCa
11	1	2	11	1652629	1652630	-	+	DUP	cna124	major	sim65	Eso-AdenoCa
11	1	2	11	1652629	1652630	+	-	DEL	cna124	minor	sim65	Eso-AdenoCa
11	1652630	1652631	11	3566076	3566077	-	+	DUP	cna125	major	sim65	Eso-AdenoCa
11	3566077	3566078	11	3804124	3804125	+	-	DEL	cna126	minor	sim65	Eso-AdenoCa
11	3804125	3804126	11	3861773	3861774	-	+	DUP	cna127	major	sim65	Eso-AdenoCa
11	3804125	3804126	11	3861773	3861774	-	+	DUP	cna127	minor	sim65	Eso-AdenoCa
11	3861774	3861775	11	4438168	4438169	-	+	DUP	cna128	major	sim65	Eso-AdenoCa
11	3861774	3861775	11	4438168	4438169	-	+	DUP	cna128	minor	sim65	Eso-AdenoCa
11	4438169	4438170	11	10243946	10243947	-	+	DUP	cna129	major	sim65	Eso-AdenoCa
11	10243947	10243948	11	14890939	14890940	-	+	DUP	cna130	major	sim65	Eso-AdenoCa
11	10243947	10243948	11	14890939	14890940	+	-	DEL	cna130	minor	sim65	Eso-AdenoCa
11	14890940	14890941	11	18919602	18919603	-	+	DUP	cna131	major	sim65	Eso-AdenoCa
11	14890940	14890941	11	18919602	18919603	-	+	DUP	cna131	minor	sim65	Eso-AdenoCa
11	18919603	18919604	11	23859555	23859556	-	+	DUP	cna132	major	sim65	Eso-AdenoCa
11	18919603	18919604	11	23859555	23859556	-	+	DUP	cna132	minor	sim65	Eso-AdenoCa
11	23859556	23859557	11	39903968	39903969	+	-	DEL	cna133	minor	sim65	Eso-AdenoCa
11	23859556	28439411	19	6957784	33143701	+	-	TRA	cna133,cna206	minor,major	sim65	Eso-AdenoCa
11	39903969	39903970	11	78920407	78920408	-	+	DUP	cna134	major	sim65	Eso-AdenoCa
11	39903969	39903970	11	78920407	78920408	+	-	DEL	cna134	minor	sim65	Eso-AdenoCa
11	68051110	78920407	16	1	49311355	-	+	TRA	cna134,cna185	major,minor	sim65	Eso-AdenoCa
11	75185110	75185111	11	109699636	109699637	-	-	t2tINV	cna135	minor	sim65	Eso-AdenoCa
11	78914210	78914211	11	79000557	79000558	-	-	t2tINV	cna135	minor	sim65	Eso-AdenoCa
11	78920408	78920409	11	114903891	114903892	-	+	DUP	cna135	major	sim65	Eso-AdenoCa
11	87226610	87226611	11	124184587	124184588	-	-	t2tINV	cna136	minor	sim65	Eso-AdenoCa
11	114903892	114903893	11	134110873	134110874	-	+	DUP	cna136	major	sim65	Eso-AdenoCa
11	114903892	114903893	11	134110873	134110874	-	+	DUP	cna136	minor	sim65	Eso-AdenoCa
11	118283210	134110873	16	37686893	67645572	-	-	TRA	cna136,cna185	major,major	sim65	Eso-AdenoCa
11	134110874	134110875	11	134123057	134123058	-	+	DUP	cna137	major	sim65	Eso-AdenoCa
11	134123058	134123059	11	134135219	134135220	+	-	DEL	cna138	major	sim65	Eso-AdenoCa
11	134123058	134123059	11	134135219	134135220	+	-	DEL	cna138	minor	sim65	Eso-AdenoCa
11	134135220	134135221	11	134313698	134313699	+	-	DEL	cna139	minor	sim65	Eso-AdenoCa
11	134313699	134313700	11	135006516	135006517	-	+	DUP	cna140	major	sim65	Eso-AdenoCa
12	1	2	12	67529685	67529686	-	+	DUP	cna141	major	sim65	Eso-AdenoCa
12	64963394	64963395	12	88047688	88047689	+	+	h2hINV	cna141	major	sim65	Eso-AdenoCa
12	67529686	67529687	12	67868016	67868017	+	-	DEL	cna142	minor	sim65	Eso-AdenoCa
12	67868017	67868018	12	67892521	67892522	-	+	DUP	cna143	major	sim65	Eso-AdenoCa
12	67868017	67868018	12	67892521	67892522	-	+	DUP	cna143	minor	sim65	Eso-AdenoCa
12	67892522	67892523	12	68564073	68564074	-	+	DUP	cna144	major	sim65	Eso-AdenoCa
12	68564074	68564075	12	68576341	68576342	+	-	DEL	cna145	minor	sim65	Eso-AdenoCa
12	68576342	68576343	12	70010104	70010105	-	+	DUP	cna146	major	sim65	Eso-AdenoCa
12	68576342	68576343	12	70010104	70010105	-	+	DUP	cna146	minor	sim65	Eso-AdenoCa
12	70010105	70010106	12	70455429	70455430	+	-	DEL	cna147	minor	sim65	Eso-AdenoCa
12	70455430	70455431	12	78467814	78467815	-	+	DUP	cna148	major	sim65	Eso-AdenoCa
12	70455430	70455431	12	78467814	78467815	-	+	DUP	cna148	minor	sim65	Eso-AdenoCa
12	78467815	78467816	12	78625666	78625667	+	-	DEL	cna149	major	sim65	Eso-AdenoCa
12	78467815	78467816	12	78625666	78625667	+	-	DEL	cna149	minor	sim65	Eso-AdenoCa
12	78625667	78625668	12	121321953	121321954	+	-	DEL	cna150	minor	sim65	Eso-AdenoCa
12	115541194	115541195	12	115942727	115942728	-	-	t2tINV	cna150	major	sim65	Eso-AdenoCa
12	121321954	121321955	12	123773226	123773227	-	+	DUP	cna151	major	sim65	Eso-AdenoCa
12	121321954	121321955	12	123773226	123773227	-	+	DUP	cna151	minor	sim65	Eso-AdenoCa
12	123773227	123773228	12	129811591	129811592	-	+	DUP	cna152	major	sim65	Eso-AdenoCa
12	129811592	129811593	12	130036948	130036949	-	+	DUP	cna153	major	sim65	Eso-AdenoCa
12	130036949	130036950	12	132784999	132785000	-	+	DUP	cna154	major	sim65	Eso-AdenoCa
12	132785000	132785001	12	133851895	133851896	-	+	DUP	cna155	major	sim65	Eso-AdenoCa
13	1	2	13	17514658	17514659	-	+	DUP	cna156	major	sim65	Eso-AdenoCa
13	1	2	13	17514658	17514659	-	+	DUP	cna156	minor	sim65	Eso-AdenoCa
13	17514659	17514660	13	44479371	44479372	-	+	DUP	cna157	major	sim65	Eso-AdenoCa
13	17514659	17514660	13	44479371	44479372	+	-	DEL	cna157	minor	sim65	Eso-AdenoCa
13	17514659	42915700	20	41907071	63025520	+	-	TRA	cna157,cna210	minor,minor	sim65	Eso-AdenoCa
13	44479372	44479373	13	44949982	44949983	-	+	DUP	cna158	major	sim65	Eso-AdenoCa
13	44949983	44949984	13	63608029	63608030	-	+	DUP	cna159	major	sim65	Eso-AdenoCa
13	47527999	63608029	X	137288432	150491942	-	+	TRA	cna159,cna220	major,major	sim65	Eso-AdenoCa
13	63608030	63608031	13	63644660	63644661	+	-	DEL	cna160	major	sim65	Eso-AdenoCa
13	63608030	63608031	13	63644660	63644661	+	-	DEL	cna160	minor	sim65	Eso-AdenoCa
13	63644661	63644662	13	78221497	78221498	+	-	DEL	cna161	minor	sim65	Eso-AdenoCa
13	78221498	78221499	13	113620048	113620049	-	+	DUP	cna162	major	sim65	Eso-AdenoCa
13	78221498	78221499	13	113620048	113620049	+	-	DEL	cna162	minor	sim65	Eso-AdenoCa
13	113620049	113620050	13	115169878	115169879	-	+	DUP	cna163	major	sim65	Eso-AdenoCa
14	1	2	14	106466878	106466879	-	+	DUP	cna164	major	sim65	Eso-AdenoCa
14	1	2	14	106466878	106466879	+	-	DEL	cna164	minor	sim65	Eso-AdenoCa
14	45498321	106466878	X	80615978	104216233	-	-	TRA	cna164,cna213	minor,major	sim65	Eso-AdenoCa
14	106466879	106466880	14	106953897	106953898	-	+	DUP	cna165	major	sim65	Eso-AdenoCa
14	106953898	106953899	14	106964975	106964976	-	+	DUP	cna166	major	sim65	Eso-AdenoCa
14	106964976	106964977	14	106976251	106976252	-	+	DUP	cna167	major	sim65	Eso-AdenoCa
14	106964976	106964977	14	106976251	106976252	-	+	DUP	cna167	minor	sim65	Eso-AdenoCa
14	106976252	106976253	14	107050062	107050063	-	+	DUP	cna168	major	sim65	Eso-AdenoCa
14	106976252	106976253	14	107050062	107050063	+	-	DEL	cna168	minor	sim65	Eso-AdenoCa
14	107050063	107050064	14	107296581	107296582	-	+	DUP	cna169	major	sim65	Eso-AdenoCa
14	107296582	107296583	14	107349540	107349541	+	-	DEL	cna170	minor	sim65	Eso-AdenoCa
15	1	2	15	2322232	2322233	-	+	DUP	cna171	major	sim65	Eso-AdenoCa
15	1	2	15	2322232	2322233	-	+	DUP	cna171	minor	sim65	Eso-AdenoCa
15	2322233	2322234	15	3078462	3078463	-	+	DUP	cna172	major	sim65	Eso-AdenoCa
15	3078463	3078464	15	3545803	3545804	-	+	DUP	cna173	major	sim65	Eso-AdenoCa
15	3078463	3078464	15	3545803	3545804	+	-	DEL	cna173	minor	sim65	Eso-AdenoCa
15	3545804	3545805	15	3643157	3643158	-	+	DUP	cna174	major	sim65	Eso-AdenoCa
15	3643158	3643159	15	3858436	3858437	-	+	DUP	cna175	major	sim65	Eso-AdenoCa
15	3643158	3643159	15	3858436	3858437	-	+	DUP	cna175	minor	sim65	Eso-AdenoCa
15	3858437	3858438	15	24332517	24332518	-	+	DUP	cna176	major	sim65	Eso-AdenoCa
15	3858437	3858438	15	24332517	24332518	+	-	DEL	cna176	minor	sim65	Eso-AdenoCa
15	24332518	24332519	15	32134486	32134487	+	-	DEL	cna177	minor	sim65	Eso-AdenoCa
15	32134487	32134488	15	44820133	44820134	-	+	DUP	cna178	major	sim65	Eso-AdenoCa
15	32134487	32134488	15	44820133	44820134	+	-	DEL	cna178	minor	sim65	Eso-AdenoCa
15	46406441	46406442	15	78070061	78070062	-	+	DUP	cna180	major	sim65	Eso-AdenoCa
15	46406441	46406442	15	78070061	78070062	-	+	DUP	cna180	minor	sim65	Eso-AdenoCa
15	58861481	58861482	15	68191874	68191875	-	-	t2tINV	cna180	minor	sim65	Eso-AdenoCa
15	74173481	78070061	17	54001018	58584160	-	-	TRA	cna180,cna195	minor,major	sim65	Eso-AdenoCa
15	78070062	78070063	15	81093870	81093871	-	+	DUP	cna181	major	sim65	Eso-AdenoCa
15	81093871	81093872	15	81142258	81142259	-	+	DUP	cna182	major	sim65	Eso-AdenoCa
15	81093871	81093872	15	81142258	81142259	-	+	DUP	cna182	minor	sim65	Eso-AdenoCa
15	81142259	81142260	15	99923868	99923869	+	-	DEL	cna183	minor	sim65	Eso-AdenoCa
15	96449381	96449382	15	99406691	99406692	-	-	t2tINV	cna183	major	sim65	Eso-AdenoCa
15	99923869	99923870	15	102531392	102531393	-	+	DUP	cna184	major	sim65	Eso-AdenoCa
15	99923869	99923870	15	102531392	102531393	-	+	DUP	cna184	minor	sim65	Eso-AdenoCa
16	1	2	16	67645572	67645573	+	-	DEL	cna185	minor	sim65	Eso-AdenoCa
16	67645573	67645574	16	67767619	67767620	-	+	DUP	cna186	major	sim65	Eso-AdenoCa
16	67645573	67645574	16	67767619	67767620	+	-	DEL	cna186	minor	sim65	Eso-AdenoCa
16	67767620	67767621	16	67984670	67984671	+	-	DEL	cna187	minor	sim65	Eso-AdenoCa
16	67984671	67984672	16	69012249	69012250	-	+	DUP	cna188	major	sim65	Eso-AdenoCa
16	69012250	69012251	16	69033246	69033247	-	+	DUP	cna189	major	sim65	Eso-AdenoCa
16	69012250	69012251	16	69033246	69033247	-	+	DUP	cna189	minor	sim65	Eso-AdenoCa
16	69033247	69033248	16	69629994	69629995	-	+	DUP	cna190	major	sim65	Eso-AdenoCa
16	69629995	69629996	16	69718360	69718361	-	+	DUP	cna191	major	sim65	Eso-AdenoCa
16	69629995	69629996	16	69718360	69718361	-	+	DUP	cna191	minor	sim65	Eso-AdenoCa
16	69718361	69718362	16	90354753	90354754	-	+	DUP	cna192	major	sim65	Eso-AdenoCa
16	83753989	83753990	16	85655840	85655841	-	-	t2tINV	cna192	minor	sim65	Eso-AdenoCa
17	37242112	37242113	17	38124347	38124348	+	-	DEL	cna194	minor	sim65	Eso-AdenoCa
17	37982836	37982837	17	38507136	38507137	+	+	h2hINV	cna194	major	sim65	Eso-AdenoCa
17	38124348	38124349	17	58584160	58584161	-	+	DUP	cna195	major	sim65	Eso-AdenoCa
17	42287936	42287937	17	43409209	43409210	+	+	h2hINV	cna195	minor	sim65	Eso-AdenoCa
17	58584161	58584162	17	64161308	64161309	-	+	DUP	cna196	major	sim65	Eso-AdenoCa
17	58584161	58584162	17	64161308	64161309	+	-	DEL	cna196	minor	sim65	Eso-AdenoCa
17	64161309	64161310	17	81195210	81195211	-	+	DUP	cna197	major	sim65	Eso-AdenoCa
18	1	2	18	5525409	5525410	-	+	DUP	cna198	major	sim65	Eso-AdenoCa
18	5525410	5525411	18	7190555	7190556	-	+	DUP	cna199	major	sim65	Eso-AdenoCa
18	7190556	7190557	18	8178629	8178630	-	+	DUP	cna200	major	sim65	Eso-AdenoCa
18	7190556	7190557	18	8178629	8178630	-	+	DUP	cna200	minor	sim65	Eso-AdenoCa
18	8178630	8178631	18	10043667	10043668	-	+	DUP	cna201	major	sim65	Eso-AdenoCa
18	10043668	10043669	18	12689746	12689747	-	+	DUP	cna202	major	sim65	Eso-AdenoCa
18	10043668	10043669	18	12689746	12689747	+	-	DEL	cna202	minor	sim65	Eso-AdenoCa
18	12689747	12689748	18	57939726	57939727	-	+	DUP	cna203	major	sim65	Eso-AdenoCa
18	57939727	57939728	18	78052711	78052712	-	+	DUP	cna204	major	sim65	Eso-AdenoCa
18	57939727	57939728	18	78052711	78052712	+	-	DEL	cna204	minor	sim65	Eso-AdenoCa
18	78052712	78052713	18	78077248	78077249	+	-	DEL	cna205	minor	sim65	Eso-AdenoCa
19	1	2	19	33143701	33143702	-	+	DUP	cna206	major	sim65	Eso-AdenoCa
19	33143702	33143703	19	37363862	37363863	-	+	DUP	cna207	major	sim65	Eso-AdenoCa
19	33143702	33143703	19	37363862	37363863	+	-	DEL	cna207	minor	sim65	Eso-AdenoCa
19	37363863	37363864	19	49174774	49174775	-	+	DUP	cna208	major	sim65	Eso-AdenoCa
19	49174775	49174776	19	59128983	59128984	-	+	DUP	cna209	major	sim65	Eso-AdenoCa
19	49174775	49174776	19	59128983	59128984	+	-	DEL	cna209	minor	sim65	Eso-AdenoCa
19	58392478	58392479	19	58402483	58402484	-	-	t2tINV	cna209	major	sim65	Eso-AdenoCa
20	1	2	20	63025520	63025521	-	+	DUP	cna210	major	sim65	Eso-AdenoCa
21	1	2	21	48129895	48129896	-	+	DUP	cna211	major	sim65	Eso-AdenoCa
21	1	2	21	48129895	48129896	+	-	DEL	cna211	minor	sim65	Eso-AdenoCa
22	1	2	22	51304566	51304567	-	+	DUP	cna212	major	sim65	Eso-AdenoCa
22	1	2	22	51304566	51304567	+	-	DEL	cna212	minor	sim65	Eso-AdenoCa
X	1	2	X	104216233	104216234	-	+	DUP	cna213	major	sim65	Eso-AdenoCa
X	1	2	X	104216233	104216234	+	-	DEL	cna213	minor	sim65	Eso-AdenoCa
X	34474314	34474315	X	78878654	78878655	-	-	t2tINV	cna213	major	sim65	Eso-AdenoCa
X	104216234	104216235	X	106135829	106135830	-	+	DUP	cna214	major	sim65	Eso-AdenoCa
X	106135830	106135831	X	106550981	106550982	-	+	DUP	cna215	major	sim65	Eso-AdenoCa
X	106135830	106135831	X	106550981	106550982	+	-	DEL	cna215	minor	sim65	Eso-AdenoCa
X	106550982	106550983	X	128059043	128059044	-	+	DUP	cna216	major	sim65	Eso-AdenoCa
X	106550982	106550983	X	128059043	128059044	-	+	DUP	cna216	minor	sim65	Eso-AdenoCa
X	128059044	128059045	X	137077653	137077654	-	+	DUP	cna217	major	sim65	Eso-AdenoCa
X	137077654	137077655	X	137123590	137123591	+	-	DEL	cna218	minor	sim65	Eso-AdenoCa
X	137123591	137123592	X	137288431	137288432	-	+	DUP	cna219	major	sim65	Eso-AdenoCa
X	137288432	137288433	X	150601208	150601209	-	+	DUP	cna220	major	sim65	Eso-AdenoCa
X	137288432	137288433	X	150601208	150601209	+	-	DEL	cna220	minor	sim65	Eso-AdenoCa
X	150601209	150601210	X	152196717	152196718	-	+	DUP	cna221	major	sim65	Eso-AdenoCa
X	152196718	152196719	X	153836530	153836531	-	+	DUP	cna222	major	sim65	Eso-AdenoCa
X	152196718	152196719	X	153836530	153836531	-	+	DUP	cna222	minor	sim65	Eso-AdenoCa
X	153836531	153836532	X	153857691	153857692	-	+	DUP	cna223	major	sim65	Eso-AdenoCa
X	153857692	153857693	X	155142332	155142333	-	+	DUP	cna224	major	sim65	Eso-AdenoCa
X	155142333	155142334	X	155270560	155270561	+	-	DEL	cna225	minor	sim65	Eso-AdenoCa
