chrom	start	end	major_cn	minor_cn	donor_id	study	id
1	1	250846	1	1	sim27	Eso-AdenoCa	cna0
1	250847	269131	2	1	sim27	Eso-AdenoCa	cna1
1	269132	3913236	1	0	sim27	Eso-AdenoCa	cna2
1	3913237	136419205	1	1	sim27	Eso-AdenoCa	cna3
1	136419206	136973784	2	1	sim27	Eso-AdenoCa	cna4
1	136973785	137970969	1	0	sim27	Eso-AdenoCa	cna5
1	137970970	213319367	2	2	sim27	Eso-AdenoCa	cna6
1	213319368	214230113	3	1	sim27	Eso-AdenoCa	cna7
1	214230114	214272905	1	1	sim27	Eso-AdenoCa	cna8
1	214272906	235536302	2	1	sim27	Eso-AdenoCa	cna9
1	235536303	249250621	1	1	sim27	Eso-AdenoCa	cna10
2	1	194536053	1	0	sim27	Eso-AdenoCa	cna11
2	194536054	243199373	1	1	sim27	Eso-AdenoCa	cna12
3	1	18776614	1	1	sim27	Eso-AdenoCa	cna13
3	18776615	27557035	4	2	sim27	Eso-AdenoCa	cna14
3	27557036	64933701	1	1	sim27	Eso-AdenoCa	cna15
3	64933702	115873764	1	0	sim27	Eso-AdenoCa	cna16
3	115873765	116104089	1	1	sim27	Eso-AdenoCa	cna17
3	116104090	120073634	2	0	sim27	Eso-AdenoCa	cna18
3	120073635	136702429	1	1	sim27	Eso-AdenoCa	cna19
3	136702430	198022430	1	0	sim27	Eso-AdenoCa	cna20
4	1	45730445	1	0	sim27	Eso-AdenoCa	cna21
4	45730446	50393807	2	0	sim27	Eso-AdenoCa	cna22
4	50393808	191154276	1	1	sim27	Eso-AdenoCa	cna23
5	1	30211561	2	2	sim27	Eso-AdenoCa	cna24
5	30211562	30319984	3	1	sim27	Eso-AdenoCa	cna25
5	30319985	30528599	1	0	sim27	Eso-AdenoCa	cna26
5	30528600	31317864	4	1	sim27	Eso-AdenoCa	cna27
5	31317865	43314937	2	1	sim27	Eso-AdenoCa	cna28
5	43314938	162331574	1	1	sim27	Eso-AdenoCa	cna29
5	162331575	162931454	2	1	sim27	Eso-AdenoCa	cna30
5	162931455	180915260	1	1	sim27	Eso-AdenoCa	cna31
6	1	79085816	1	0	sim27	Eso-AdenoCa	cna32
6	79085817	81544052	3	2	sim27	Eso-AdenoCa	cna33
6	81544053	105926033	1	1	sim27	Eso-AdenoCa	cna34
6	105926034	106280474	4	0	sim27	Eso-AdenoCa	cna35
6	106280475	142420478	2	1	sim27	Eso-AdenoCa	cna36
6	142420479	171115067	1	1	sim27	Eso-AdenoCa	cna37
7	1	17772862	2	2	sim27	Eso-AdenoCa	cna38
7	17772863	68663342	1	1	sim27	Eso-AdenoCa	cna39
7	68663343	135315781	2	1	sim27	Eso-AdenoCa	cna40
7	135315782	159138663	1	1	sim27	Eso-AdenoCa	cna41
8	1	146364022	2	1	sim27	Eso-AdenoCa	cna42
9	1	84196165	2	1	sim27	Eso-AdenoCa	cna43
9	84196166	100571493	1	0	sim27	Eso-AdenoCa	cna44
9	100571494	103746330	1	1	sim27	Eso-AdenoCa	cna45
9	103746331	141213431	2	0	sim27	Eso-AdenoCa	cna46
10	1	134197425	1	1	sim27	Eso-AdenoCa	cna47
10	134197426	134296018	2	2	sim27	Eso-AdenoCa	cna48
10	134296019	135534747	1	1	sim27	Eso-AdenoCa	cna49
11	1	10330025	2	0	sim27	Eso-AdenoCa	cna50
11	10330026	10356733	2	2	sim27	Eso-AdenoCa	cna51
11	10356734	33780426	3	2	sim27	Eso-AdenoCa	cna52
11	33780427	83137962	1	1	sim27	Eso-AdenoCa	cna53
11	83137963	84324461	2	1	sim27	Eso-AdenoCa	cna54
11	84324462	132736021	3	0	sim27	Eso-AdenoCa	cna55
11	132736022	134953593	1	1	sim27	Eso-AdenoCa	cna56
11	134953594	134993244	2	1	sim27	Eso-AdenoCa	cna57
11	134993245	135006516	1	0	sim27	Eso-AdenoCa	cna58
12	1	133851895	1	1	sim27	Eso-AdenoCa	cna59
13	1	115109813	1	1	sim27	Eso-AdenoCa	cna60
13	115109814	115169878	4	2	sim27	Eso-AdenoCa	cna61
14	1	24060384	1	0	sim27	Eso-AdenoCa	cna62
14	24060385	30487616	2	0	sim27	Eso-AdenoCa	cna63
14	30487617	31554757	2	2	sim27	Eso-AdenoCa	cna64
14	31554758	34460493	1	1	sim27	Eso-AdenoCa	cna65
14	34460494	34471683	2	1	sim27	Eso-AdenoCa	cna66
14	34471684	39898255	1	1	sim27	Eso-AdenoCa	cna67
14	39898256	40072013	1	0	sim27	Eso-AdenoCa	cna68
14	40072014	40419682	4	2	sim27	Eso-AdenoCa	cna69
14	40419683	82965061	1	0	sim27	Eso-AdenoCa	cna70
14	82965062	102153180	1	1	sim27	Eso-AdenoCa	cna71
14	102153181	107349540	2	1	sim27	Eso-AdenoCa	cna72
15	1	13826520	2	2	sim27	Eso-AdenoCa	cna73
15	13826521	15823423	2	0	sim27	Eso-AdenoCa	cna74
15	15823424	33988302	2	2	sim27	Eso-AdenoCa	cna75
15	33988303	62076511	1	0	sim27	Eso-AdenoCa	cna76
15	62076512	62329724	1	1	sim27	Eso-AdenoCa	cna77
15	62329725	62363135	4	1	sim27	Eso-AdenoCa	cna78
15	62363136	74918786	1	1	sim27	Eso-AdenoCa	cna79
15	74918787	83731141	3	0	sim27	Eso-AdenoCa	cna80
15	83731142	102531392	1	1	sim27	Eso-AdenoCa	cna81
16	1	90354753	2	0	sim27	Eso-AdenoCa	cna82
17	1	81195210	2	0	sim27	Eso-AdenoCa	cna83
18	1	73023477	1	0	sim27	Eso-AdenoCa	cna84
18	73023478	78077248	2	0	sim27	Eso-AdenoCa	cna85
19	1	35561848	2	2	sim27	Eso-AdenoCa	cna86
19	35561849	36200553	1	1	sim27	Eso-AdenoCa	cna87
19	36200554	37480733	2	1	sim27	Eso-AdenoCa	cna88
19	37480734	37612157	3	1	sim27	Eso-AdenoCa	cna89
19	37612158	59013492	2	1	sim27	Eso-AdenoCa	cna90
19	59013493	59128983	2	0	sim27	Eso-AdenoCa	cna91
20	1	61259219	1	1	sim27	Eso-AdenoCa	cna92
20	61259220	61505031	1	0	sim27	Eso-AdenoCa	cna93
20	61505032	61925328	2	2	sim27	Eso-AdenoCa	cna94
20	61925329	63025520	2	1	sim27	Eso-AdenoCa	cna95
21	1	25722034	1	1	sim27	Eso-AdenoCa	cna96
21	25722035	48129895	2	0	sim27	Eso-AdenoCa	cna97
22	1	707870	1	1	sim27	Eso-AdenoCa	cna98
22	707871	848134	3	0	sim27	Eso-AdenoCa	cna99
22	848135	1042420	1	1	sim27	Eso-AdenoCa	cna100
22	1042421	51304566	4	1	sim27	Eso-AdenoCa	cna101
X	1	154696468	1	1	sim27	Eso-AdenoCa	cna102
X	154696469	155270560	2	0	sim27	Eso-AdenoCa	cna103
