chrom1	start1	end1	chrom2	start2	end2	strand1	strand2	svclass	id	allele	donor_id	tumor
1	1	2	1	1496668	1496669	+	-	DEL	cna0	minor	sim23	Eso-AdenoCa
1	1496669	1496670	1	11114530	11114531	-	+	DUP	cna1	major	sim23	Eso-AdenoCa
1	1496669	1496670	1	11114530	11114531	+	-	DEL	cna1	minor	sim23	Eso-AdenoCa
1	11114531	11114532	1	11411577	11411578	+	-	DEL	cna2	minor	sim23	Eso-AdenoCa
1	11411578	11411579	1	44864823	44864824	-	+	DUP	cna3	major	sim23	Eso-AdenoCa
1	44864824	44864825	1	45277386	45277387	-	+	DUP	cna4	major	sim23	Eso-AdenoCa
1	45277387	45277388	1	50546766	50546767	-	+	DUP	cna5	major	sim23	Eso-AdenoCa
1	45277387	45277388	1	50546766	50546767	-	+	DUP	cna5	minor	sim23	Eso-AdenoCa
1	50546767	50546768	1	65078428	65078429	-	+	DUP	cna6	major	sim23	Eso-AdenoCa
1	50546767	50546768	1	65078428	65078429	+	-	DEL	cna6	minor	sim23	Eso-AdenoCa
1	57574400	57574401	1	58731162	58731163	+	+	h2hINV	cna6	major	sim23	Eso-AdenoCa
1	65078429	65078430	1	66695688	66695689	-	+	DUP	cna7	major	sim23	Eso-AdenoCa
1	65078429	65078430	1	66695688	66695689	-	+	DUP	cna7	minor	sim23	Eso-AdenoCa
1	66695689	66695690	1	125395714	125395715	+	-	DEL	cna8	minor	sim23	Eso-AdenoCa
1	125395715	125395716	1	126681425	126681426	-	+	DUP	cna9	major	sim23	Eso-AdenoCa
1	125395715	125395716	1	126681425	126681426	+	-	DEL	cna9	minor	sim23	Eso-AdenoCa
1	125395715	125847330	5	34781100	102496419	+	-	TRA	cna34,cna9	major,major	sim23	Eso-AdenoCa
1	126681426	126681427	1	249250621	249250622	-	+	DUP	cna10	major	sim23	Eso-AdenoCa
1	126681426	131296511	19	1	14596979	+	+	TRA	cna148,cna10	minor,major	sim23	Eso-AdenoCa
1	155523900	155523901	1	166952549	166952550	+	+	h2hINV	cna10	minor	sim23	Eso-AdenoCa
1	224380200	224380201	1	224739698	224739699	+	+	h2hINV	cna10	major	sim23	Eso-AdenoCa
1	237779800	237779801	1	237789812	237789813	-	-	t2tINV	cna10	minor	sim23	Eso-AdenoCa
2	1	2	2	5312152	5312153	+	-	DEL	cna11	minor	sim23	Eso-AdenoCa
2	1602279	1602280	2	1612281	1612282	+	+	h2hINV	cna11	major	sim23	Eso-AdenoCa
2	5312153	5312154	2	6113237	6113238	-	+	DUP	cna12	major	sim23	Eso-AdenoCa
2	6113238	6113239	2	7699536	7699537	-	+	DUP	cna13	major	sim23	Eso-AdenoCa
2	7699537	7699538	2	7710444	7710445	-	+	DUP	cna14	major	sim23	Eso-AdenoCa
2	7699537	7699538	2	7710444	7710445	+	-	DEL	cna14	minor	sim23	Eso-AdenoCa
2	7710445	7710446	2	24261859	24261860	-	+	DUP	cna15	major	sim23	Eso-AdenoCa
2	14050379	24261859	5	90774967	102496419	-	-	TRA	cna15,cna34	minor,major	sim23	Eso-AdenoCa
2	17206779	17206780	2	51187207	51187208	+	+	h2hINV	cna15	minor	sim23	Eso-AdenoCa
2	24261860	24261861	2	30858601	30858602	+	-	DEL	cna16	minor	sim23	Eso-AdenoCa
2	30858602	30858603	2	149090025	149090026	-	+	DUP	cna17	major	sim23	Eso-AdenoCa
2	116184379	116184380	2	147929461	147929462	-	-	t2tINV	cna17	minor	sim23	Eso-AdenoCa
2	120564779	149090025	10	41871166	135513838	-	-	TRA	cna17,cna79	minor,minor	sim23	Eso-AdenoCa
2	149090026	149090027	2	154175322	154175323	+	-	DEL	cna18	minor	sim23	Eso-AdenoCa
2	154175323	154175324	2	171206106	171206107	-	+	DUP	cna19	major	sim23	Eso-AdenoCa
2	154175323	154175324	2	171206106	171206107	+	-	DEL	cna19	minor	sim23	Eso-AdenoCa
2	171206107	171206108	2	181625145	181625146	+	-	DEL	cna20	minor	sim23	Eso-AdenoCa
2	181625146	181625147	2	182321194	182321195	-	+	DUP	cna21	major	sim23	Eso-AdenoCa
2	181625146	181625147	2	182321194	182321195	+	-	DEL	cna21	minor	sim23	Eso-AdenoCa
2	182321195	182321196	2	182403098	182403099	-	+	DUP	cna22	major	sim23	Eso-AdenoCa
2	182403099	182403100	2	186344305	186344306	-	+	DUP	cna23	major	sim23	Eso-AdenoCa
2	186344306	186344307	2	191455532	191455533	-	+	DUP	cna24	major	sim23	Eso-AdenoCa
2	191455533	191455534	2	232843273	232843274	-	+	DUP	cna25	major	sim23	Eso-AdenoCa
2	191455533	191455534	2	232843273	232843274	-	+	DUP	cna25	minor	sim23	Eso-AdenoCa
2	232843274	232843275	2	238157796	238157797	-	+	DUP	cna26	major	sim23	Eso-AdenoCa
2	232843274	232843275	2	238157796	238157797	+	-	DEL	cna26	minor	sim23	Eso-AdenoCa
2	238157797	238157798	2	243199373	243199374	-	+	DUP	cna27	major	sim23	Eso-AdenoCa
2	238157797	238157798	2	243199373	243199374	+	-	DEL	cna27	minor	sim23	Eso-AdenoCa
2	238255510	243199373	22	1	24338381	-	+	TRA	cna152,cna27	major,major	sim23	Eso-AdenoCa
3	1	2	3	155019833	155019834	-	+	DUP	cna28	major	sim23	Eso-AdenoCa
3	1	2	3	155019833	155019834	-	+	DUP	cna28	minor	sim23	Eso-AdenoCa
3	501206	155019833	11	62885580	69195534	-	-	TRA	cna28,cna86	major,minor	sim23	Eso-AdenoCa
3	5215806	5215807	3	5225810	5225811	-	-	t2tINV	cna28	minor	sim23	Eso-AdenoCa
3	80639806	80639807	3	80649809	80649810	+	+	h2hINV	cna28	minor	sim23	Eso-AdenoCa
3	136016406	136016407	3	137412675	137412676	+	+	h2hINV	cna28	major	sim23	Eso-AdenoCa
3	155019834	155019835	3	192720333	192720334	+	-	DEL	cna29	minor	sim23	Eso-AdenoCa
3	187515806	187515807	3	187645288	187645289	-	-	t2tINV	cna29	major	sim23	Eso-AdenoCa
3	192720334	192720335	3	192859872	192859873	-	+	DUP	cna30	major	sim23	Eso-AdenoCa
3	192859873	192859874	3	198022430	198022431	-	+	DUP	cna31	major	sim23	Eso-AdenoCa
4	1	2	4	188533144	188533145	-	+	DUP	cna32	major	sim23	Eso-AdenoCa
4	1	2	4	188533144	188533145	+	-	DEL	cna32	minor	sim23	Eso-AdenoCa
4	1	65762877	7	147081210	151973454	+	-	TRA	cna32,cna54	minor,minor	sim23	Eso-AdenoCa
4	38369076	188533144	8	108790242	108811490	-	-	TRA	cna32,cna73	minor,major	sim23	Eso-AdenoCa
4	77406676	77406677	4	82400399	82400400	-	-	t2tINV	cna32	major	sim23	Eso-AdenoCa
4	119508076	119508077	4	155402828	155402829	-	-	t2tINV	cna32	major	sim23	Eso-AdenoCa
4	124746276	124746277	4	158996543	158996544	-	-	t2tINV	cna32	major	sim23	Eso-AdenoCa
4	161458276	161458277	4	163390131	163390132	+	+	h2hINV	cna32	major	sim23	Eso-AdenoCa
4	188533145	188533146	4	191154276	191154277	-	+	DUP	cna33	major	sim23	Eso-AdenoCa
4	188533145	188533146	4	191154276	191154277	-	+	DUP	cna33	minor	sim23	Eso-AdenoCa
5	1	2	5	102496419	102496420	-	+	DUP	cna34	major	sim23	Eso-AdenoCa
5	1	2	5	102496419	102496420	-	+	DUP	cna34	minor	sim23	Eso-AdenoCa
5	25790900	25790901	5	27697365	27697366	+	+	h2hINV	cna34	major	sim23	Eso-AdenoCa
5	102496420	102496421	5	111318386	111318387	-	+	DUP	cna35	major	sim23	Eso-AdenoCa
5	111318387	111318388	5	111331043	111331044	+	-	DEL	cna36	minor	sim23	Eso-AdenoCa
5	111331044	111331045	5	114755902	114755903	-	+	DUP	cna37	major	sim23	Eso-AdenoCa
5	111331044	111331045	5	114755902	114755903	-	+	DUP	cna37	minor	sim23	Eso-AdenoCa
5	114755903	114755904	5	115058514	115058515	-	+	DUP	cna38	major	sim23	Eso-AdenoCa
5	114755903	114755904	5	115058514	115058515	+	-	DEL	cna38	minor	sim23	Eso-AdenoCa
5	115058515	115058516	5	180054083	180054084	-	+	DUP	cna39	major	sim23	Eso-AdenoCa
5	115058515	145775401	10	1469316	135513838	+	-	TRA	cna39,cna79	major,major	sim23	Eso-AdenoCa
5	146348919	180054083	22	1	40352781	-	+	TRA	cna152,cna39	major,major	sim23	Eso-AdenoCa
5	161731000	161731001	5	162790717	162790718	+	+	h2hINV	cna39	minor	sim23	Eso-AdenoCa
5	180054084	180054085	5	180324226	180324227	-	+	DUP	cna40	major	sim23	Eso-AdenoCa
5	180054084	180054085	5	180324226	180324227	-	+	DUP	cna40	minor	sim23	Eso-AdenoCa
5	180324227	180324228	5	180517323	180517324	-	+	DUP	cna41	major	sim23	Eso-AdenoCa
5	180324227	180324228	5	180517323	180517324	+	-	DEL	cna41	minor	sim23	Eso-AdenoCa
5	180517324	180517325	5	180915260	180915261	+	-	DEL	cna42	minor	sim23	Eso-AdenoCa
6	1	2	6	171115067	171115068	-	+	DUP	cna43	major	sim23	Eso-AdenoCa
6	1	2	6	171115067	171115068	-	+	DUP	cna43	minor	sim23	Eso-AdenoCa
6	1	84101666	19	40673978	59128983	+	-	TRA	cna149,cna43	major,minor	sim23	Eso-AdenoCa
6	39597040	39597041	6	39651041	39651042	+	+	h2hINV	cna43	major	sim23	Eso-AdenoCa
6	155219740	155219741	6	155229759	155229760	+	+	h2hINV	cna43	major	sim23	Eso-AdenoCa
6	155836540	155836541	6	155846548	155846549	-	-	t2tINV	cna43	minor	sim23	Eso-AdenoCa
7	1	2	7	11398408	11398409	-	+	DUP	cna44	major	sim23	Eso-AdenoCa
7	1	2	7	11398408	11398409	-	+	DUP	cna44	minor	sim23	Eso-AdenoCa
7	3171873	3171874	7	21537507	21537508	+	+	h2hINV	cna44	major	sim23	Eso-AdenoCa
7	11398409	11398410	7	11460035	11460036	-	+	DUP	cna45	major	sim23	Eso-AdenoCa
7	11460036	11460037	7	11517495	11517496	-	+	DUP	cna46	major	sim23	Eso-AdenoCa
7	11460036	11460037	7	11517495	11517496	-	+	DUP	cna46	minor	sim23	Eso-AdenoCa
7	11517496	11517497	7	26639875	26639876	-	+	DUP	cna47	major	sim23	Eso-AdenoCa
7	11517496	11517497	7	26639875	26639876	-	+	DUP	cna47	minor	sim23	Eso-AdenoCa
7	11517496	17053174	13	1	4033212	+	+	TRA	cna47,cna108	major,major	sim23	Eso-AdenoCa
7	25671773	25671774	7	25681774	25681775	+	+	h2hINV	cna47	minor	sim23	Eso-AdenoCa
7	26291073	26291074	7	26937409	26937410	-	-	t2tINV	cna49	minor	sim23	Eso-AdenoCa
7	26639876	26639877	7	26681306	26681307	-	+	DUP	cna48	major	sim23	Eso-AdenoCa
7	26681307	26681308	7	27091446	27091447	-	+	DUP	cna49	major	sim23	Eso-AdenoCa
7	27091447	27091448	7	134207878	134207879	-	+	DUP	cna50	major	sim23	Eso-AdenoCa
7	27091447	27091448	7	134207878	134207879	+	-	DEL	cna50	minor	sim23	Eso-AdenoCa
7	65966973	65966974	7	67518310	67518311	-	-	t2tINV	cna50	major	sim23	Eso-AdenoCa
7	98050673	98050674	7	98082211	98082212	-	-	t2tINV	cna50	major	sim23	Eso-AdenoCa
7	134207879	134207880	7	134808547	134808548	+	-	DEL	cna51	minor	sim23	Eso-AdenoCa
7	134808548	134808549	7	140561975	140561976	-	+	DUP	cna52	major	sim23	Eso-AdenoCa
7	140561976	140561977	7	145011632	145011633	+	-	DEL	cna53	minor	sim23	Eso-AdenoCa
7	145011633	145011634	7	151973454	151973455	-	+	DUP	cna54	major	sim23	Eso-AdenoCa
7	151973455	151973456	7	158102765	158102766	+	-	DEL	cna55	minor	sim23	Eso-AdenoCa
7	158102766	158102767	7	158115528	158115529	-	+	DUP	cna56	major	sim23	Eso-AdenoCa
7	158115529	158115530	7	158206465	158206466	-	+	DUP	cna57	major	sim23	Eso-AdenoCa
7	158206466	158206467	7	158927122	158927123	-	+	DUP	cna58	major	sim23	Eso-AdenoCa
7	158206466	158206467	7	158927122	158927123	-	+	DUP	cna58	minor	sim23	Eso-AdenoCa
7	158927123	158927124	7	158939888	158939889	-	+	DUP	cna59	major	sim23	Eso-AdenoCa
7	158939889	158939890	7	159138663	159138664	-	+	DUP	cna60	major	sim23	Eso-AdenoCa
8	1	2	8	63819277	63819278	+	-	DEL	cna61	minor	sim23	Eso-AdenoCa
8	50814610	50814611	8	50824616	50824617	-	-	t2tINV	cna61	major	sim23	Eso-AdenoCa
8	63819278	63819279	8	64873751	64873752	-	+	DUP	cna62	major	sim23	Eso-AdenoCa
8	63819278	63819279	8	64873751	64873752	+	-	DEL	cna62	minor	sim23	Eso-AdenoCa
8	64873752	64873753	8	64900305	64900306	+	-	DEL	cna63	minor	sim23	Eso-AdenoCa
8	64900306	64900307	8	65007405	65007406	-	+	DUP	cna64	major	sim23	Eso-AdenoCa
8	64900306	64900307	8	65007405	65007406	+	-	DEL	cna64	minor	sim23	Eso-AdenoCa
8	65007406	65007407	8	69109637	69109638	-	+	DUP	cna65	major	sim23	Eso-AdenoCa
8	69109638	69109639	8	69166546	69166547	-	+	DUP	cna66	major	sim23	Eso-AdenoCa
8	69109638	69109639	8	69166546	69166547	-	+	DUP	cna66	minor	sim23	Eso-AdenoCa
8	69166547	69166548	8	69179867	69179868	-	+	DUP	cna67	major	sim23	Eso-AdenoCa
8	69179868	69179869	8	69283139	69283140	+	-	DEL	cna68	minor	sim23	Eso-AdenoCa
8	69283140	69283141	8	85807418	85807419	-	+	DUP	cna69	major	sim23	Eso-AdenoCa
8	69283140	69283141	8	85807418	85807419	+	-	DEL	cna69	minor	sim23	Eso-AdenoCa
8	79345910	79345911	8	79355912	79355913	-	-	t2tINV	cna69	major	sim23	Eso-AdenoCa
8	85807419	85807420	8	85820760	85820761	-	+	DUP	cna70	major	sim23	Eso-AdenoCa
8	85820761	85820762	8	107121536	107121537	+	-	DEL	cna71	minor	sim23	Eso-AdenoCa
8	92285910	92285911	8	143530935	143530936	+	+	h2hINV	cna71	major	sim23	Eso-AdenoCa
8	107121537	107121538	8	108147474	108147475	-	+	DUP	cna72	major	sim23	Eso-AdenoCa
8	107121537	107121538	8	108147474	108147475	+	-	DEL	cna72	minor	sim23	Eso-AdenoCa
8	108147475	108147476	8	108811490	108811491	-	+	DUP	cna73	major	sim23	Eso-AdenoCa
8	108811491	108811492	8	120206207	120206208	-	+	DUP	cna74	major	sim23	Eso-AdenoCa
8	108811491	113141711	11	69773917	85625517	+	+	TRA	cna74,cna89	minor,major	sim23	Eso-AdenoCa
8	120206208	120206209	8	145986376	145986377	+	-	DEL	cna75	minor	sim23	Eso-AdenoCa
8	130972310	130972311	8	131002457	131002458	-	-	t2tINV	cna75	major	sim23	Eso-AdenoCa
8	145986377	145986378	8	146337460	146337461	-	+	DUP	cna76	major	sim23	Eso-AdenoCa
8	145986377	145986378	8	146337460	146337461	-	+	DUP	cna76	minor	sim23	Eso-AdenoCa
8	146337461	146337462	8	146364022	146364023	-	+	DUP	cna77	major	sim23	Eso-AdenoCa
9	1331688	1331689	9	25964013	25964014	+	+	h2hINV	cna78	major	sim23	Eso-AdenoCa
9	18149788	141213431	14	45547870	98280698	-	-	TRA	cna78,cna112	minor,major	sim23	Eso-AdenoCa
9	32494288	32494289	9	57317006	57317007	+	+	h2hINV	cna78	minor	sim23	Eso-AdenoCa
9	113738388	113738389	9	117033994	117033995	+	+	h2hINV	cna78	minor	sim23	Eso-AdenoCa
10	30738757	30738758	10	30881843	30881844	-	-	t2tINV	cna79	major	sim23	Eso-AdenoCa
10	47281257	47281258	10	49836097	49836098	-	-	t2tINV	cna79	minor	sim23	Eso-AdenoCa
10	52512657	52512658	10	52522657	52522658	+	+	h2hINV	cna79	minor	sim23	Eso-AdenoCa
10	91763157	91763158	10	91871926	91871927	+	+	h2hINV	cna79	major	sim23	Eso-AdenoCa
10	122667157	122667158	10	122677161	122677162	+	+	h2hINV	cna79	major	sim23	Eso-AdenoCa
10	135513839	135513840	10	135534747	135534748	+	-	DEL	cna80	major	sim23	Eso-AdenoCa
10	135513839	135513840	10	135534747	135534748	+	-	DEL	cna80	minor	sim23	Eso-AdenoCa
11	1	2	11	2113054	2113055	+	-	DEL	cna81	minor	sim23	Eso-AdenoCa
11	2113055	2113056	11	48665971	48665972	-	+	DUP	cna82	major	sim23	Eso-AdenoCa
11	2113055	2113056	11	48665971	48665972	-	+	DUP	cna82	minor	sim23	Eso-AdenoCa
11	48665972	48665973	11	51715774	51715775	+	-	DEL	cna83	minor	sim23	Eso-AdenoCa
11	53979956	53979957	11	54116630	54116631	-	+	DUP	cna85	major	sim23	Eso-AdenoCa
11	54116631	54116632	11	69195534	69195535	+	-	DEL	cna86	minor	sim23	Eso-AdenoCa
11	69195535	69195536	11	69469758	69469759	-	+	DUP	cna87	major	sim23	Eso-AdenoCa
11	69469759	69469760	11	69773916	69773917	+	-	DEL	cna88	major	sim23	Eso-AdenoCa
11	69469759	69469760	11	69773916	69773917	+	-	DEL	cna88	minor	sim23	Eso-AdenoCa
11	69773917	69773918	11	89047809	89047810	+	-	DEL	cna89	minor	sim23	Eso-AdenoCa
11	72223010	72223011	11	72358261	72358262	-	-	t2tINV	cna89	major	sim23	Eso-AdenoCa
11	80435110	80435111	11	103926374	103926375	-	-	t2tINV	cna91	major	sim23	Eso-AdenoCa
11	80954810	80954811	11	80985784	80985785	-	-	t2tINV	cna89	major	sim23	Eso-AdenoCa
11	89047810	89047811	11	90558076	90558077	-	+	DUP	cna90	major	sim23	Eso-AdenoCa
11	89047810	89047811	11	90558076	90558077	+	-	DEL	cna90	minor	sim23	Eso-AdenoCa
11	90558077	90558078	11	113249706	113249707	-	+	DUP	cna91	major	sim23	Eso-AdenoCa
11	113249707	113249708	11	131629115	131629116	+	-	DEL	cna92	minor	sim23	Eso-AdenoCa
11	131629116	131629117	11	135006516	135006517	+	-	DEL	cna93	major	sim23	Eso-AdenoCa
11	131629116	131629117	11	135006516	135006517	+	-	DEL	cna93	minor	sim23	Eso-AdenoCa
12	1	2	12	88805826	88805827	-	+	DUP	cna94	major	sim23	Eso-AdenoCa
12	48651694	48651695	12	87671384	87671385	-	-	t2tINV	cna94	major	sim23	Eso-AdenoCa
12	88805827	88805828	12	88942574	88942575	-	+	DUP	cna95	major	sim23	Eso-AdenoCa
12	88942575	88942576	12	89210269	89210270	-	+	DUP	cna96	major	sim23	Eso-AdenoCa
12	89210270	89210271	12	89223731	89223732	-	+	DUP	cna97	major	sim23	Eso-AdenoCa
12	89210270	89210271	12	89223731	89223732	+	-	DEL	cna97	minor	sim23	Eso-AdenoCa
12	89223732	89223733	12	89237207	89237208	-	+	DUP	cna98	major	sim23	Eso-AdenoCa
12	89237208	89237209	12	105978195	105978196	-	+	DUP	cna99	major	sim23	Eso-AdenoCa
12	105978196	105978197	12	106575181	106575182	-	+	DUP	cna100	major	sim23	Eso-AdenoCa
12	105978196	105978197	12	106575181	106575182	+	-	DEL	cna100	minor	sim23	Eso-AdenoCa
12	106575182	106575183	12	106588645	106588646	-	+	DUP	cna101	major	sim23	Eso-AdenoCa
12	106588646	106588647	12	108211815	108211816	-	+	DUP	cna102	major	sim23	Eso-AdenoCa
12	106588646	106588647	12	108211815	108211816	-	+	DUP	cna102	minor	sim23	Eso-AdenoCa
12	108211816	108211817	12	115127413	115127414	-	+	DUP	cna103	major	sim23	Eso-AdenoCa
12	108211816	108211817	12	115127413	115127414	+	-	DEL	cna103	minor	sim23	Eso-AdenoCa
12	115127414	115127415	12	118587641	118587642	-	+	DUP	cna104	major	sim23	Eso-AdenoCa
12	115127414	115127415	12	118587641	118587642	-	+	DUP	cna104	minor	sim23	Eso-AdenoCa
12	118587642	118587643	12	118614536	118614537	-	+	DUP	cna105	major	sim23	Eso-AdenoCa
12	118614537	118614538	12	133756782	133756783	-	+	DUP	cna106	major	sim23	Eso-AdenoCa
12	133123794	133123795	12	133660237	133660238	+	+	h2hINV	cna106	major	sim23	Eso-AdenoCa
12	133756783	133756784	12	133851895	133851896	-	+	DUP	cna107	major	sim23	Eso-AdenoCa
12	133756783	133756784	12	133851895	133851896	-	+	DUP	cna107	minor	sim23	Eso-AdenoCa
13	37367975	37367976	13	42543597	42543598	-	+	DUP	cna109	major	sim23	Eso-AdenoCa
13	37367975	37367976	13	42543597	42543598	+	-	DEL	cna109	minor	sim23	Eso-AdenoCa
13	42543598	42543599	13	42758110	42758111	-	+	DUP	cna110	major	sim23	Eso-AdenoCa
13	42758111	42758112	13	115169878	115169879	+	-	DEL	cna111	minor	sim23	Eso-AdenoCa
13	72050799	72050800	13	74557539	74557540	+	+	h2hINV	cna111	major	sim23	Eso-AdenoCa
14	1	2	14	98280698	98280699	-	+	DUP	cna112	major	sim23	Eso-AdenoCa
14	1	2	14	98280698	98280699	-	+	DUP	cna112	minor	sim23	Eso-AdenoCa
14	98280699	98280700	14	98544907	98544908	-	+	DUP	cna113	major	sim23	Eso-AdenoCa
14	98544908	98544909	14	99088171	99088172	-	+	DUP	cna114	major	sim23	Eso-AdenoCa
14	98544908	98544909	14	99088171	99088172	-	+	DUP	cna114	minor	sim23	Eso-AdenoCa
14	99088172	99088173	14	103959313	103959314	-	+	DUP	cna115	major	sim23	Eso-AdenoCa
14	99088172	99088173	14	103959313	103959314	-	+	DUP	cna115	minor	sim23	Eso-AdenoCa
14	103959314	103959315	14	107118545	107118546	+	-	DEL	cna116	minor	sim23	Eso-AdenoCa
14	107118546	107118547	14	107349540	107349541	-	+	DUP	cna117	major	sim23	Eso-AdenoCa
15	1	2	15	102531392	102531393	-	+	DUP	cna118	major	sim23	Eso-AdenoCa
15	1	2	15	102531392	102531393	+	-	DEL	cna118	minor	sim23	Eso-AdenoCa
16	1	2	16	44651515	44651516	-	+	DUP	cna119	major	sim23	Eso-AdenoCa
16	1	2	16	44651515	44651516	+	-	DEL	cna119	minor	sim23	Eso-AdenoCa
16	9529089	9529090	16	45673067	45673068	+	+	h2hINV	cna119	major	sim23	Eso-AdenoCa
16	11349889	11349890	16	11369971	11369972	+	+	h2hINV	cna119	major	sim23	Eso-AdenoCa
16	44651516	44651517	16	87517468	87517469	-	+	DUP	cna120	major	sim23	Eso-AdenoCa
16	87517469	87517470	16	87528366	87528367	-	+	DUP	cna121	major	sim23	Eso-AdenoCa
16	87517469	87517470	16	87528366	87528367	+	-	DEL	cna121	minor	sim23	Eso-AdenoCa
16	87528367	87528368	16	90333101	90333102	-	+	DUP	cna122	major	sim23	Eso-AdenoCa
16	90333102	90333103	16	90354753	90354754	-	+	DUP	cna123	major	sim23	Eso-AdenoCa
17	1	2	17	32311093	32311094	-	+	DUP	cna124	major	sim23	Eso-AdenoCa
17	58336	58337	17	68343	68344	+	+	h2hINV	cna124	major	sim23	Eso-AdenoCa
17	32311094	32311095	17	32620609	32620610	-	+	DUP	cna125	major	sim23	Eso-AdenoCa
17	32311094	32311095	17	32620609	32620610	+	-	DEL	cna125	minor	sim23	Eso-AdenoCa
17	32620610	32620611	17	35074906	35074907	-	+	DUP	cna126	major	sim23	Eso-AdenoCa
17	35074907	35074908	17	35362127	35362128	+	-	DEL	cna127	major	sim23	Eso-AdenoCa
17	35074907	35074908	17	35362127	35362128	+	-	DEL	cna127	minor	sim23	Eso-AdenoCa
17	35362128	35362129	17	44448654	44448655	-	+	DUP	cna128	major	sim23	Eso-AdenoCa
17	35362128	35362129	17	44448654	44448655	+	-	DEL	cna128	minor	sim23	Eso-AdenoCa
17	44448655	44448656	17	44462159	44462160	-	+	DUP	cna129	major	sim23	Eso-AdenoCa
17	44448655	44448656	17	44462159	44462160	-	+	DUP	cna129	minor	sim23	Eso-AdenoCa
17	44462160	44462161	17	64632264	64632265	-	+	DUP	cna130	major	sim23	Eso-AdenoCa
17	44462160	44462161	17	64632264	64632265	+	-	DEL	cna130	minor	sim23	Eso-AdenoCa
17	64632265	64632266	17	69684234	69684235	+	-	DEL	cna131	minor	sim23	Eso-AdenoCa
17	69684235	69684236	17	69951873	69951874	-	+	DUP	cna132	major	sim23	Eso-AdenoCa
17	69684235	69684236	17	69951873	69951874	+	-	DEL	cna132	minor	sim23	Eso-AdenoCa
17	69951874	69951875	17	80652433	80652434	-	+	DUP	cna133	major	sim23	Eso-AdenoCa
17	69951874	69951875	17	80652433	80652434	+	-	DEL	cna133	minor	sim23	Eso-AdenoCa
17	80652434	80652435	17	80765952	80765953	-	+	DUP	cna134	major	sim23	Eso-AdenoCa
17	80652434	80652435	17	80765952	80765953	-	+	DUP	cna134	minor	sim23	Eso-AdenoCa
17	80765953	80765954	17	80977799	80977800	-	+	DUP	cna135	major	sim23	Eso-AdenoCa
17	80977800	80977801	17	81195210	81195211	+	-	DEL	cna136	minor	sim23	Eso-AdenoCa
18	1	2	18	4223421	4223422	-	+	DUP	cna137	major	sim23	Eso-AdenoCa
18	4223422	4223423	18	6475348	6475349	+	-	DEL	cna138	minor	sim23	Eso-AdenoCa
18	6475349	6475350	18	9104747	9104748	-	+	DUP	cna139	major	sim23	Eso-AdenoCa
18	6475349	6475350	18	9104747	9104748	+	-	DEL	cna139	minor	sim23	Eso-AdenoCa
18	9104748	9104749	18	9688357	9688358	-	+	DUP	cna140	major	sim23	Eso-AdenoCa
18	9688358	9688359	18	9908188	9908189	-	+	DUP	cna141	major	sim23	Eso-AdenoCa
18	9908189	9908190	18	10057164	10057165	-	+	DUP	cna142	major	sim23	Eso-AdenoCa
18	9908189	9908190	18	10057164	10057165	-	+	DUP	cna142	minor	sim23	Eso-AdenoCa
18	10057165	10057166	18	12374150	12374151	-	+	DUP	cna143	major	sim23	Eso-AdenoCa
18	10057165	10057166	18	12374150	12374151	-	+	DUP	cna143	minor	sim23	Eso-AdenoCa
18	12374151	12374152	18	12459489	12459490	-	+	DUP	cna144	major	sim23	Eso-AdenoCa
18	12374151	12374152	18	12459489	12459490	-	+	DUP	cna144	minor	sim23	Eso-AdenoCa
18	12459490	12459491	18	12980267	12980268	-	+	DUP	cna145	major	sim23	Eso-AdenoCa
18	12980268	12980269	18	13642245	13642246	-	+	DUP	cna146	major	sim23	Eso-AdenoCa
18	12980268	12980269	18	13642245	13642246	+	-	DEL	cna146	minor	sim23	Eso-AdenoCa
18	13642246	13642247	18	78077248	78077249	-	+	DUP	cna147	major	sim23	Eso-AdenoCa
18	13642246	13642247	18	78077248	78077249	-	+	DUP	cna147	minor	sim23	Eso-AdenoCa
18	25796226	25796227	18	25806233	25806234	-	-	t2tINV	cna147	major	sim23	Eso-AdenoCa
18	26802826	26802827	18	26812832	26812833	-	-	t2tINV	cna147	major	sim23	Eso-AdenoCa
18	52121726	52121727	18	57424490	57424491	+	+	h2hINV	cna147	minor	sim23	Eso-AdenoCa
19	1	2	19	34556779	34556780	-	+	DUP	cna148	major	sim23	Eso-AdenoCa
19	1	2	19	34556779	34556780	+	-	DEL	cna148	minor	sim23	Eso-AdenoCa
19	11627078	11627079	19	21125236	21125237	+	+	h2hINV	cna148	major	sim23	Eso-AdenoCa
19	34556780	34556781	19	59128983	59128984	-	+	DUP	cna149	major	sim23	Eso-AdenoCa
20	1	2	20	63025520	63025521	-	+	DUP	cna150	major	sim23	Eso-AdenoCa
20	1	2	20	63025520	63025521	-	+	DUP	cna150	minor	sim23	Eso-AdenoCa
20	1723295	1723296	20	1954673	1954674	+	+	h2hINV	cna150	minor	sim23	Eso-AdenoCa
20	14089295	14089296	20	18665566	18665567	+	+	h2hINV	cna150	major	sim23	Eso-AdenoCa
21	1	2	21	48129895	48129896	-	+	DUP	cna151	major	sim23	Eso-AdenoCa
21	1	2	21	48129895	48129896	-	+	DUP	cna151	minor	sim23	Eso-AdenoCa
21	18770175	18770176	21	25953221	25953222	+	+	h2hINV	cna151	major	sim23	Eso-AdenoCa
21	34406775	34406776	21	34416780	34416781	+	+	h2hINV	cna151	major	sim23	Eso-AdenoCa
22	1	2	22	50985127	50985128	-	+	DUP	cna152	major	sim23	Eso-AdenoCa
22	50985128	50985129	22	51304566	51304567	-	+	DUP	cna153	major	sim23	Eso-AdenoCa
X	1	2	X	34221720	34221721	+	-	DEL	cna154	minor	sim23	Eso-AdenoCa
X	26529614	26529615	X	26559931	26559932	-	-	t2tINV	cna154	major	sim23	Eso-AdenoCa
X	34221721	34221722	X	34410820	34410821	-	+	DUP	cna155	major	sim23	Eso-AdenoCa
X	34221721	34221722	X	34410820	34410821	-	+	DUP	cna155	minor	sim23	Eso-AdenoCa
X	34410821	34410822	X	34421263	34421264	-	+	DUP	cna156	major	sim23	Eso-AdenoCa
X	34421264	34421265	X	42699952	42699953	+	-	DEL	cna157	minor	sim23	Eso-AdenoCa
X	42699953	42699954	X	42771916	42771917	-	+	DUP	cna158	major	sim23	Eso-AdenoCa
X	42699953	42699954	X	42771916	42771917	-	+	DUP	cna158	minor	sim23	Eso-AdenoCa
X	42771917	42771918	X	91885166	91885167	+	-	DEL	cna159	minor	sim23	Eso-AdenoCa
X	77927514	77927515	X	77937514	77937515	+	+	h2hINV	cna159	major	sim23	Eso-AdenoCa
X	91885167	91885168	X	132338835	132338836	-	+	DUP	cna160	major	sim23	Eso-AdenoCa
X	91885167	91885168	X	132338835	132338836	+	-	DEL	cna160	minor	sim23	Eso-AdenoCa
X	132338836	132338837	X	137579773	137579774	-	+	DUP	cna161	major	sim23	Eso-AdenoCa
X	132338836	132338837	X	137579773	137579774	-	+	DUP	cna161	minor	sim23	Eso-AdenoCa
X	137579774	137579775	X	148197950	148197951	-	+	DUP	cna162	major	sim23	Eso-AdenoCa
X	137579774	137579775	X	148197950	148197951	+	-	DEL	cna162	minor	sim23	Eso-AdenoCa
X	148197951	148197952	X	154807841	154807842	+	-	DEL	cna163	minor	sim23	Eso-AdenoCa
X	154807842	154807843	X	155270560	155270561	-	+	DUP	cna164	major	sim23	Eso-AdenoCa
X	154807842	154807843	X	155270560	155270561	+	-	DEL	cna164	minor	sim23	Eso-AdenoCa
