chrom	start	end	major_cn	minor_cn	donor_id	study	id
1	1	3142050	4	1	sim7	Eso-AdenoCa	cna0
1	3142051	74853698	1	1	sim7	Eso-AdenoCa	cna1
1	74853699	88600103	2	2	sim7	Eso-AdenoCa	cna2
1	88600104	91079923	3	0	sim7	Eso-AdenoCa	cna3
1	91079924	92937612	2	2	sim7	Eso-AdenoCa	cna4
1	92937613	92949871	2	1	sim7	Eso-AdenoCa	cna5
1	92949872	193223884	1	0	sim7	Eso-AdenoCa	cna6
1	193223885	193704007	7	1	sim7	Eso-AdenoCa	cna7
1	193704008	193892227	3	2	sim7	Eso-AdenoCa	cna8
1	193892228	193937522	0	0	sim7	Eso-AdenoCa	cna9
1	193937523	194012364	1	0	sim7	Eso-AdenoCa	cna10
1	194012365	210383869	2	0	sim7	Eso-AdenoCa	cna11
1	210383870	210806913	2	2	sim7	Eso-AdenoCa	cna12
1	210806914	249194579	3	1	sim7	Eso-AdenoCa	cna13
1	249194580	249250621	4	2	sim7	Eso-AdenoCa	cna14
2	1	66582898	1	1	sim7	Eso-AdenoCa	cna15
2	66582899	67881813	2	2	sim7	Eso-AdenoCa	cna16
2	67881814	69712450	1	1	sim7	Eso-AdenoCa	cna17
2	69712451	78494602	4	1	sim7	Eso-AdenoCa	cna18
2	78494603	78696249	3	1	sim7	Eso-AdenoCa	cna19
2	78696250	79941995	1	0	sim7	Eso-AdenoCa	cna20
2	79941996	79951480	3	0	sim7	Eso-AdenoCa	cna21
2	79951481	80172888	4	1	sim7	Eso-AdenoCa	cna22
2	80172889	80571847	3	0	sim7	Eso-AdenoCa	cna23
2	80571848	84853999	2	0	sim7	Eso-AdenoCa	cna24
2	84854000	84891103	1	0	sim7	Eso-AdenoCa	cna25
2	84891104	90114407	3	3	sim7	Eso-AdenoCa	cna26
2	90114408	91000418	2	1	sim7	Eso-AdenoCa	cna27
2	91000419	92634467	2	0	sim7	Eso-AdenoCa	cna28
2	92634468	94112873	3	3	sim7	Eso-AdenoCa	cna29
2	94112874	97148678	4	1	sim7	Eso-AdenoCa	cna30
2	97148679	97415472	1	0	sim7	Eso-AdenoCa	cna31
2	97415473	173414966	1	1	sim7	Eso-AdenoCa	cna32
2	173414967	174193398	3	1	sim7	Eso-AdenoCa	cna33
2	174193399	184362109	2	2	sim7	Eso-AdenoCa	cna34
2	184362110	201001737	1	1	sim7	Eso-AdenoCa	cna35
2	201001738	201280481	1	0	sim7	Eso-AdenoCa	cna36
2	201280482	201328115	4	3	sim7	Eso-AdenoCa	cna37
2	201328116	212387948	2	1	sim7	Eso-AdenoCa	cna38
2	212387949	212635123	1	1	sim7	Eso-AdenoCa	cna39
2	212635124	212779033	2	1	sim7	Eso-AdenoCa	cna40
2	212779034	222850743	2	0	sim7	Eso-AdenoCa	cna41
2	222850744	231222104	2	2	sim7	Eso-AdenoCa	cna42
2	231222105	242781599	2	1	sim7	Eso-AdenoCa	cna43
2	242781600	242939488	2	2	sim7	Eso-AdenoCa	cna44
2	242939489	243199373	2	1	sim7	Eso-AdenoCa	cna45
3	1	8584253	3	3	sim7	Eso-AdenoCa	cna46
3	8584254	17329115	2	0	sim7	Eso-AdenoCa	cna47
3	17329116	33600571	3	1	sim7	Eso-AdenoCa	cna48
3	33600572	33945882	2	1	sim7	Eso-AdenoCa	cna49
3	33945883	34805801	4	1	sim7	Eso-AdenoCa	cna50
3	34805802	36712088	4	2	sim7	Eso-AdenoCa	cna51
3	36712089	73200781	2	0	sim7	Eso-AdenoCa	cna52
3	73200782	78170105	1	1	sim7	Eso-AdenoCa	cna53
3	78170106	98041543	3	2	sim7	Eso-AdenoCa	cna54
3	98041544	98276525	4	0	sim7	Eso-AdenoCa	cna55
3	98276526	98336954	5	1	sim7	Eso-AdenoCa	cna56
3	98336955	98415428	2	1	sim7	Eso-AdenoCa	cna57
3	98415429	105578346	3	0	sim7	Eso-AdenoCa	cna58
3	105578347	127850208	2	1	sim7	Eso-AdenoCa	cna59
3	127850209	127904286	3	1	sim7	Eso-AdenoCa	cna60
3	127904287	147274421	1	1	sim7	Eso-AdenoCa	cna61
3	147274422	149836083	2	1	sim7	Eso-AdenoCa	cna62
3	149836084	198022430	1	1	sim7	Eso-AdenoCa	cna63
4	1	9713240	2	0	sim7	Eso-AdenoCa	cna64
4	9713241	10048364	0	0	sim7	Eso-AdenoCa	cna65
4	10048365	18900421	2	2	sim7	Eso-AdenoCa	cna66
4	18900422	19289671	1	1	sim7	Eso-AdenoCa	cna67
4	19289672	19812118	1	0	sim7	Eso-AdenoCa	cna68
4	19812119	20024243	2	1	sim7	Eso-AdenoCa	cna69
4	20024244	90428846	1	1	sim7	Eso-AdenoCa	cna70
4	90428847	106438913	2	2	sim7	Eso-AdenoCa	cna71
4	106438914	106467607	1	0	sim7	Eso-AdenoCa	cna72
4	106467608	108846783	4	3	sim7	Eso-AdenoCa	cna73
4	108846784	127252891	2	2	sim7	Eso-AdenoCa	cna74
4	127252892	191154276	3	2	sim7	Eso-AdenoCa	cna75
5	1	165396468	2	2	sim7	Eso-AdenoCa	cna76
5	165396469	180915260	2	0	sim7	Eso-AdenoCa	cna77
6	1	58272147	1	1	sim7	Eso-AdenoCa	cna78
6	58272148	58321231	2	1	sim7	Eso-AdenoCa	cna79
6	58321232	58955111	1	1	sim7	Eso-AdenoCa	cna80
6	58955112	59944576	2	2	sim7	Eso-AdenoCa	cna81
6	59944577	164758501	2	0	sim7	Eso-AdenoCa	cna82
6	164758502	171115067	1	1	sim7	Eso-AdenoCa	cna83
7	1	672364	1	1	sim7	Eso-AdenoCa	cna84
7	672365	1053030	2	0	sim7	Eso-AdenoCa	cna85
7	1053031	1891301	3	2	sim7	Eso-AdenoCa	cna86
7	1891302	1923951	4	2	sim7	Eso-AdenoCa	cna87
7	1923952	6717353	3	1	sim7	Eso-AdenoCa	cna88
7	6717354	7514327	1	0	sim7	Eso-AdenoCa	cna89
7	7514328	7556516	3	1	sim7	Eso-AdenoCa	cna90
7	7556517	70674409	3	2	sim7	Eso-AdenoCa	cna91
7	70674410	70684530	2	1	sim7	Eso-AdenoCa	cna92
7	70684531	79751553	2	2	sim7	Eso-AdenoCa	cna93
7	79751554	87238707	2	1	sim7	Eso-AdenoCa	cna94
7	87238708	92530395	3	2	sim7	Eso-AdenoCa	cna95
7	92530396	92565628	1	1	sim7	Eso-AdenoCa	cna96
7	92565629	92575733	4	3	sim7	Eso-AdenoCa	cna97
7	92575734	94680726	3	3	sim7	Eso-AdenoCa	cna98
7	94680727	94843043	4	2	sim7	Eso-AdenoCa	cna99
7	94843044	125137516	2	1	sim7	Eso-AdenoCa	cna100
7	125137517	125237284	1	0	sim7	Eso-AdenoCa	cna101
7	125237285	158980560	2	0	sim7	Eso-AdenoCa	cna102
7	158980561	159099099	2	1	sim7	Eso-AdenoCa	cna103
7	159099100	159138663	3	2	sim7	Eso-AdenoCa	cna104
8	1	63940559	2	0	sim7	Eso-AdenoCa	cna105
8	63940560	146364022	1	0	sim7	Eso-AdenoCa	cna106
9	1	1634047	1	1	sim7	Eso-AdenoCa	cna107
9	1634048	11064200	2	1	sim7	Eso-AdenoCa	cna108
9	11064201	11239055	0	0	sim7	Eso-AdenoCa	cna109
9	11239056	13717939	4	1	sim7	Eso-AdenoCa	cna110
9	13717940	19125980	1	0	sim7	Eso-AdenoCa	cna111
9	19125981	30610941	2	2	sim7	Eso-AdenoCa	cna112
9	30610942	42672359	2	1	sim7	Eso-AdenoCa	cna113
9	42672360	42683559	2	0	sim7	Eso-AdenoCa	cna114
9	42683560	110602098	2	1	sim7	Eso-AdenoCa	cna115
9	110602099	110624299	3	1	sim7	Eso-AdenoCa	cna116
9	110624300	120371824	2	0	sim7	Eso-AdenoCa	cna117
9	120371825	120544851	5	2	sim7	Eso-AdenoCa	cna118
9	120544852	121295245	0	1	sim7	Eso-AdenoCa	cna119
9	121295246	129354379	1	0	sim7	Eso-AdenoCa	cna120
9	129354380	129771091	4	2	sim7	Eso-AdenoCa	cna121
9	129771092	137341561	2	1	sim7	Eso-AdenoCa	cna122
9	137341562	137600660	1	1	sim7	Eso-AdenoCa	cna123
9	137600661	141154152	2	1	sim7	Eso-AdenoCa	cna124
9	141154153	141191075	3	3	sim7	Eso-AdenoCa	cna125
9	141191076	141213431	2	1	sim7	Eso-AdenoCa	cna126
10	1	8745716	2	1	sim7	Eso-AdenoCa	cna127
10	8745717	9702506	2	0	sim7	Eso-AdenoCa	cna128
10	9702507	135372599	2	2	sim7	Eso-AdenoCa	cna129
10	135372600	135524022	1	0	sim7	Eso-AdenoCa	cna130
10	135524023	135534747	1	1	sim7	Eso-AdenoCa	cna131
11	1	9767145	1	1	sim7	Eso-AdenoCa	cna132
11	9767146	12871768	3	1	sim7	Eso-AdenoCa	cna133
11	12871769	33001212	4	2	sim7	Eso-AdenoCa	cna134
11	33001213	33329127	2	1	sim7	Eso-AdenoCa	cna135
11	33329128	34911678	1	1	sim7	Eso-AdenoCa	cna136
11	34911679	69880153	2	0	sim7	Eso-AdenoCa	cna137
11	69880154	75018108	1	1	sim7	Eso-AdenoCa	cna138
11	75018109	75687057	2	1	sim7	Eso-AdenoCa	cna139
11	75687058	80721217	3	1	sim7	Eso-AdenoCa	cna140
11	80721218	85528830	1	0	sim7	Eso-AdenoCa	cna141
11	85528831	90476994	2	1	sim7	Eso-AdenoCa	cna142
11	90476995	90495851	3	2	sim7	Eso-AdenoCa	cna143
11	90495852	116611835	2	1	sim7	Eso-AdenoCa	cna144
11	116611836	127854252	1	1	sim7	Eso-AdenoCa	cna145
11	127854253	134716570	4	2	sim7	Eso-AdenoCa	cna146
11	134716571	134861061	2	2	sim7	Eso-AdenoCa	cna147
11	134861062	134918790	1	0	sim7	Eso-AdenoCa	cna148
11	134918791	135006516	3	1	sim7	Eso-AdenoCa	cna149
12	1	8658253	1	0	sim7	Eso-AdenoCa	cna150
12	8658254	58228410	1	1	sim7	Eso-AdenoCa	cna151
12	58228411	133851895	1	0	sim7	Eso-AdenoCa	cna152
13	1	3248357	2	1	sim7	Eso-AdenoCa	cna153
13	3248358	14470715	1	1	sim7	Eso-AdenoCa	cna154
13	14470716	23078414	1	0	sim7	Eso-AdenoCa	cna155
13	23078415	33750342	2	1	sim7	Eso-AdenoCa	cna156
13	33750343	49243030	3	1	sim7	Eso-AdenoCa	cna157
13	49243031	55162831	2	2	sim7	Eso-AdenoCa	cna158
13	55162832	56894153	2	1	sim7	Eso-AdenoCa	cna159
13	56894154	57197969	1	1	sim7	Eso-AdenoCa	cna160
13	57197970	103667743	2	1	sim7	Eso-AdenoCa	cna161
13	103667744	103948062	1	1	sim7	Eso-AdenoCa	cna162
13	103948063	104333253	2	1	sim7	Eso-AdenoCa	cna163
13	104333254	105629184	1	0	sim7	Eso-AdenoCa	cna164
13	105629185	111446516	1	1	sim7	Eso-AdenoCa	cna165
13	111446517	115169878	2	1	sim7	Eso-AdenoCa	cna166
14	1	13585167	1	1	sim7	Eso-AdenoCa	cna167
14	13585168	13595696	2	1	sim7	Eso-AdenoCa	cna168
14	13595697	99456253	1	0	sim7	Eso-AdenoCa	cna169
14	99456254	104589192	3	1	sim7	Eso-AdenoCa	cna170
14	104589193	106403030	1	1	sim7	Eso-AdenoCa	cna171
14	106403031	107349540	3	0	sim7	Eso-AdenoCa	cna172
15	1	66861232	1	1	sim7	Eso-AdenoCa	cna173
15	66861233	67138872	2	1	sim7	Eso-AdenoCa	cna174
15	67138873	67186271	2	0	sim7	Eso-AdenoCa	cna175
15	67186272	67370356	1	1	sim7	Eso-AdenoCa	cna176
15	67370357	67519646	1	0	sim7	Eso-AdenoCa	cna177
15	67519647	70107938	3	2	sim7	Eso-AdenoCa	cna178
15	70107939	71793775	1	1	sim7	Eso-AdenoCa	cna179
15	71793776	71814675	3	3	sim7	Eso-AdenoCa	cna180
15	71814676	85402704	2	0	sim7	Eso-AdenoCa	cna181
15	85402705	90358529	3	1	sim7	Eso-AdenoCa	cna182
15	90358530	90474906	2	1	sim7	Eso-AdenoCa	cna183
15	90474907	96361036	3	2	sim7	Eso-AdenoCa	cna184
15	96361037	101108231	2	2	sim7	Eso-AdenoCa	cna185
15	101108232	101596170	6	2	sim7	Eso-AdenoCa	cna186
15	101596171	101678938	3	1	sim7	Eso-AdenoCa	cna187
15	101678939	101952110	4	0	sim7	Eso-AdenoCa	cna188
15	101952111	102473845	2	2	sim7	Eso-AdenoCa	cna189
15	102473846	102531392	1	1	sim7	Eso-AdenoCa	cna190
16	1	5436294	2	1	sim7	Eso-AdenoCa	cna191
16	5436295	6379327	1	0	sim7	Eso-AdenoCa	cna192
16	6379328	13116901	3	1	sim7	Eso-AdenoCa	cna193
16	13116902	34560836	3	2	sim7	Eso-AdenoCa	cna194
16	34560837	35607860	2	1	sim7	Eso-AdenoCa	cna195
16	35607861	35705167	4	2	sim7	Eso-AdenoCa	cna196
16	35705168	42247820	2	0	sim7	Eso-AdenoCa	cna197
16	42247821	47465919	3	0	sim7	Eso-AdenoCa	cna198
16	47465920	47504810	5	2	sim7	Eso-AdenoCa	cna199
16	47504811	47531136	4	1	sim7	Eso-AdenoCa	cna200
16	47531137	50723816	2	2	sim7	Eso-AdenoCa	cna201
16	50723817	66399871	2	0	sim7	Eso-AdenoCa	cna202
16	66399872	67201477	2	1	sim7	Eso-AdenoCa	cna203
16	67201478	78194189	3	3	sim7	Eso-AdenoCa	cna204
16	78194190	80950765	4	2	sim7	Eso-AdenoCa	cna205
16	80950766	90333723	2	1	sim7	Eso-AdenoCa	cna206
16	90333724	90354753	1	1	sim7	Eso-AdenoCa	cna207
17	1	79878114	1	0	sim7	Eso-AdenoCa	cna208
17	79878115	81195210	2	1	sim7	Eso-AdenoCa	cna209
18	1	78077248	1	1	sim7	Eso-AdenoCa	cna210
19	1	59128983	1	1	sim7	Eso-AdenoCa	cna211
20	1	57956634	1	1	sim7	Eso-AdenoCa	cna212
20	57956635	58680935	4	2	sim7	Eso-AdenoCa	cna213
20	58680936	59034723	1	1	sim7	Eso-AdenoCa	cna214
20	59034724	62329766	1	0	sim7	Eso-AdenoCa	cna215
20	62329767	62936893	2	2	sim7	Eso-AdenoCa	cna216
20	62936894	63025520	1	0	sim7	Eso-AdenoCa	cna217
21	1	38407071	1	0	sim7	Eso-AdenoCa	cna218
21	38407072	39644202	2	1	sim7	Eso-AdenoCa	cna219
21	39644203	42730701	4	3	sim7	Eso-AdenoCa	cna220
21	42730702	48129895	3	2	sim7	Eso-AdenoCa	cna221
22	1	9382588	1	1	sim7	Eso-AdenoCa	cna222
22	9382589	12134253	3	0	sim7	Eso-AdenoCa	cna223
22	12134254	13673555	2	2	sim7	Eso-AdenoCa	cna224
22	13673556	34441878	2	1	sim7	Eso-AdenoCa	cna225
22	34441879	36701804	1	0	sim7	Eso-AdenoCa	cna226
22	36701805	36718578	2	1	sim7	Eso-AdenoCa	cna227
22	36718579	47682323	1	0	sim7	Eso-AdenoCa	cna228
22	47682324	50302119	3	0	sim7	Eso-AdenoCa	cna229
22	50302120	51304566	1	1	sim7	Eso-AdenoCa	cna230
X	1	23790983	1	0	sim7	Eso-AdenoCa	cna231
X	23790984	24076278	1	1	sim7	Eso-AdenoCa	cna232
X	24076279	24405870	3	1	sim7	Eso-AdenoCa	cna233
X	24405871	26057472	1	1	sim7	Eso-AdenoCa	cna234
X	26057473	27192471	3	1	sim7	Eso-AdenoCa	cna235
X	27192472	33942441	2	2	sim7	Eso-AdenoCa	cna236
X	33942442	40123057	3	1	sim7	Eso-AdenoCa	cna237
X	40123058	44685374	2	0	sim7	Eso-AdenoCa	cna238
X	44685375	45365290	4	0	sim7	Eso-AdenoCa	cna239
X	45365291	45535745	3	2	sim7	Eso-AdenoCa	cna240
X	45535746	45581602	1	1	sim7	Eso-AdenoCa	cna241
X	45581603	45677982	1	0	sim7	Eso-AdenoCa	cna242
X	45677983	46621068	2	0	sim7	Eso-AdenoCa	cna243
X	46621069	77590423	2	1	sim7	Eso-AdenoCa	cna244
X	77590424	79067538	1	0	sim7	Eso-AdenoCa	cna245
X	79067539	135789546	1	1	sim7	Eso-AdenoCa	cna246
X	135789547	139753000	2	1	sim7	Eso-AdenoCa	cna247
X	139753001	146565013	1	1	sim7	Eso-AdenoCa	cna248
X	146565014	151606061	4	2	sim7	Eso-AdenoCa	cna249
X	151606062	155227453	2	2	sim7	Eso-AdenoCa	cna250
X	155227454	155270560	4	3	sim7	Eso-AdenoCa	cna251
Y	1	38864932	2	1	sim7	Eso-AdenoCa	cna252
Y	38864933	40256711	1	0	sim7	Eso-AdenoCa	cna253
Y	40256712	57732665	1	1	sim7	Eso-AdenoCa	cna254
Y	57732666	59219787	2	1	sim7	Eso-AdenoCa	cna255
Y	59219788	59336862	4	1	sim7	Eso-AdenoCa	cna256
Y	59336863	59373566	4	3	sim7	Eso-AdenoCa	cna257
