chrom	start	end	major_cn	minor_cn	donor_id	study	id
1	1	230994512	2	0	sim85	Eso-AdenoCa	cna0
1	230994513	249250621	2	1	sim85	Eso-AdenoCa	cna1
2	1	118334491	2	0	sim85	Eso-AdenoCa	cna2
2	118334492	148676440	3	3	sim85	Eso-AdenoCa	cna3
2	148676441	148764307	4	1	sim85	Eso-AdenoCa	cna4
2	148764308	150769277	1	0	sim85	Eso-AdenoCa	cna5
2	150769278	171751258	2	0	sim85	Eso-AdenoCa	cna6
2	171751259	207836250	2	1	sim85	Eso-AdenoCa	cna7
2	207836251	208533639	2	0	sim85	Eso-AdenoCa	cna8
2	208533640	209731752	2	2	sim85	Eso-AdenoCa	cna9
2	209731753	213368498	2	1	sim85	Eso-AdenoCa	cna10
2	213368499	219806043	4	1	sim85	Eso-AdenoCa	cna11
2	219806044	220394795	3	0	sim85	Eso-AdenoCa	cna12
2	220394796	220437905	2	1	sim85	Eso-AdenoCa	cna13
2	220437906	243199373	4	1	sim85	Eso-AdenoCa	cna14
3	1	8803852	2	2	sim85	Eso-AdenoCa	cna15
3	8803853	64165009	2	0	sim85	Eso-AdenoCa	cna16
3	64165010	92904537	2	2	sim85	Eso-AdenoCa	cna17
3	92904538	94196212	1	0	sim85	Eso-AdenoCa	cna18
3	94196213	96588126	3	3	sim85	Eso-AdenoCa	cna19
3	96588127	143087351	2	1	sim85	Eso-AdenoCa	cna20
3	143087352	143855150	2	2	sim85	Eso-AdenoCa	cna21
3	143855151	143960393	4	1	sim85	Eso-AdenoCa	cna22
3	143960394	144092243	2	1	sim85	Eso-AdenoCa	cna23
3	144092244	144602787	4	1	sim85	Eso-AdenoCa	cna24
3	144602788	198022430	2	1	sim85	Eso-AdenoCa	cna25
4	1	25203356	4	2	sim85	Eso-AdenoCa	cna26
4	25203357	110127113	2	0	sim85	Eso-AdenoCa	cna27
4	110127114	110999971	1	0	sim85	Eso-AdenoCa	cna28
4	110999972	111051826	3	1	sim85	Eso-AdenoCa	cna29
4	111051827	179760300	1	0	sim85	Eso-AdenoCa	cna30
4	179760301	180022926	2	1	sim85	Eso-AdenoCa	cna31
4	180022927	180822359	4	1	sim85	Eso-AdenoCa	cna32
4	180822360	191051182	3	1	sim85	Eso-AdenoCa	cna33
4	191051183	191154276	1	0	sim85	Eso-AdenoCa	cna34
5	1	41487888	2	1	sim85	Eso-AdenoCa	cna35
5	41487889	67730662	3	2	sim85	Eso-AdenoCa	cna36
5	67730663	67772700	2	2	sim85	Eso-AdenoCa	cna37
5	67772701	68006892	4	1	sim85	Eso-AdenoCa	cna38
5	68006893	68155282	4	2	sim85	Eso-AdenoCa	cna39
5	68155283	71055203	2	0	sim85	Eso-AdenoCa	cna40
5	71055204	91646584	2	1	sim85	Eso-AdenoCa	cna41
5	91646585	92796954	3	1	sim85	Eso-AdenoCa	cna42
5	92796955	96398078	2	0	sim85	Eso-AdenoCa	cna43
5	96398079	180915260	2	1	sim85	Eso-AdenoCa	cna44
6	1	13750268	2	0	sim85	Eso-AdenoCa	cna45
6	13750269	62890895	2	1	sim85	Eso-AdenoCa	cna46
6	62890896	169754877	2	0	sim85	Eso-AdenoCa	cna47
6	169754878	171115067	2	1	sim85	Eso-AdenoCa	cna48
7	1	159074888	2	2	sim85	Eso-AdenoCa	cna49
7	159074889	159138663	2	1	sim85	Eso-AdenoCa	cna50
8	1	146364022	1	0	sim85	Eso-AdenoCa	cna51
9	1	141213431	2	0	sim85	Eso-AdenoCa	cna52
10	1	84137629	2	2	sim85	Eso-AdenoCa	cna53
10	84137630	84277197	4	1	sim85	Eso-AdenoCa	cna54
10	84277198	135534747	2	0	sim85	Eso-AdenoCa	cna55
11	1	96767323	1	0	sim85	Eso-AdenoCa	cna56
11	96767324	134766170	4	1	sim85	Eso-AdenoCa	cna57
11	134766171	135006516	1	0	sim85	Eso-AdenoCa	cna58
12	1	133851895	2	1	sim85	Eso-AdenoCa	cna59
13	1	115169878	4	1	sim85	Eso-AdenoCa	cna60
14	1	80335607	4	1	sim85	Eso-AdenoCa	cna61
14	80335608	80398692	3	0	sim85	Eso-AdenoCa	cna62
14	80398693	100343290	2	1	sim85	Eso-AdenoCa	cna63
14	100343291	100356460	1	0	sim85	Eso-AdenoCa	cna64
14	100356461	107349540	2	2	sim85	Eso-AdenoCa	cna65
15	1	79396151	2	1	sim85	Eso-AdenoCa	cna66
15	79396152	79522238	3	1	sim85	Eso-AdenoCa	cna67
15	79522239	91170243	4	2	sim85	Eso-AdenoCa	cna68
15	91170244	93726823	1	0	sim85	Eso-AdenoCa	cna69
15	93726824	98952823	2	0	sim85	Eso-AdenoCa	cna70
15	98952824	102462293	1	0	sim85	Eso-AdenoCa	cna71
15	102462294	102531392	3	3	sim85	Eso-AdenoCa	cna72
16	1	82931273	2	1	sim85	Eso-AdenoCa	cna73
16	82931274	83215114	2	2	sim85	Eso-AdenoCa	cna74
16	83215115	90354753	2	0	sim85	Eso-AdenoCa	cna75
17	1	62745053	3	1	sim85	Eso-AdenoCa	cna76
17	62745054	81195210	5	2	sim85	Eso-AdenoCa	cna77
18	1	69632043	4	2	sim85	Eso-AdenoCa	cna78
18	69632044	78077248	2	0	sim85	Eso-AdenoCa	cna79
19	1	59128983	2	2	sim85	Eso-AdenoCa	cna80
20	1	63025520	2	2	sim85	Eso-AdenoCa	cna81
21	1	40905503	1	0	sim85	Eso-AdenoCa	cna82
21	40905504	48129895	3	1	sim85	Eso-AdenoCa	cna83
22	1	51304566	1	0	sim85	Eso-AdenoCa	cna84
X	1	32054528	1	0	sim85	Eso-AdenoCa	cna85
X	32054529	37626990	3	1	sim85	Eso-AdenoCa	cna86
X	37626991	44752606	2	1	sim85	Eso-AdenoCa	cna87
X	44752607	52385128	2	0	sim85	Eso-AdenoCa	cna88
X	52385129	52493969	2	2	sim85	Eso-AdenoCa	cna89
X	52493970	52626335	6	2	sim85	Eso-AdenoCa	cna90
X	52626336	114470878	1	0	sim85	Eso-AdenoCa	cna91
X	114470879	114663152	0	0	sim85	Eso-AdenoCa	cna92
X	114663153	155270560	1	0	sim85	Eso-AdenoCa	cna93
