chrom1	start1	end1	chrom2	start2	end2	strand1	strand2	svclass	id	allele	donor_id	tumor
1	1	2	1	12643	12644	-	+	DUP	cna0	major	sim55	Eso-AdenoCa
1	12644	12645	1	14342075	14342076	-	+	DUP	cna1	major	sim55	Eso-AdenoCa
1	12644	12645	1	14342075	14342076	+	-	DEL	cna1	minor	sim55	Eso-AdenoCa
1	10454700	10454701	1	64555366	64555367	+	+	h2hINV	cna1	major	sim55	Eso-AdenoCa
1	17650000	17650001	1	18085615	18085616	-	-	t2tINV	cna2	minor	sim55	Eso-AdenoCa
1	52554800	52554801	1	52918554	52918555	+	+	h2hINV	cna2	major	sim55	Eso-AdenoCa
1	56909000	56909001	1	56960355	56960356	-	-	t2tINV	cna2	minor	sim55	Eso-AdenoCa
1	102006761	102006762	1	102353606	102353607	-	+	DUP	cna3	major	sim55	Eso-AdenoCa
1	102006761	102006762	1	102353606	102353607	-	+	DUP	cna3	minor	sim55	Eso-AdenoCa
1	102353607	102353608	1	105335711	105335712	-	+	DUP	cna4	major	sim55	Eso-AdenoCa
1	102353607	102353608	1	105335711	105335712	-	+	DUP	cna4	minor	sim55	Eso-AdenoCa
1	105335712	105335713	1	105436734	105436735	-	+	DUP	cna5	major	sim55	Eso-AdenoCa
1	105436735	105436736	1	106683325	106683326	-	+	DUP	cna6	major	sim55	Eso-AdenoCa
1	105588053	106683325	13	71133399	73224922	-	-	TRA	cna125,cna6	minor,minor	sim55	Eso-AdenoCa
1	106683326	106683327	1	166030280	166030281	-	+	DUP	cna7	major	sim55	Eso-AdenoCa
1	106683326	106683327	1	166030280	166030281	-	+	DUP	cna7	minor	sim55	Eso-AdenoCa
1	149366500	149366501	1	151677275	151677276	+	+	h2hINV	cna7	major	sim55	Eso-AdenoCa
1	160979900	166030280	10	18882690	48597388	-	+	TRA	cna7,cna100	minor,major	sim55	Eso-AdenoCa
1	161502500	161502501	1	202215391	202215392	+	+	h2hINV	cna7	minor	sim55	Eso-AdenoCa
1	166030281	166030282	1	168517725	168517726	-	+	DUP	cna8	major	sim55	Eso-AdenoCa
1	168517726	168517727	1	183454772	183454773	-	+	DUP	cna9	major	sim55	Eso-AdenoCa
1	168517726	168517727	1	183454772	183454773	-	+	DUP	cna9	minor	sim55	Eso-AdenoCa
1	183454773	183454774	1	183559766	183559767	-	+	DUP	cna10	major	sim55	Eso-AdenoCa
1	183454773	183454774	1	183559766	183559767	+	-	DEL	cna10	minor	sim55	Eso-AdenoCa
1	183559767	183559768	1	183623920	183623921	-	+	DUP	cna11	major	sim55	Eso-AdenoCa
1	183623921	183623922	1	230691152	230691153	-	+	DUP	cna12	major	sim55	Eso-AdenoCa
1	183623921	183623922	1	230691152	230691153	-	+	DUP	cna12	minor	sim55	Eso-AdenoCa
1	230691153	230691154	1	230703819	230703820	-	+	DUP	cna13	major	sim55	Eso-AdenoCa
1	230703820	230703821	1	236005314	236005315	+	-	DEL	cna14	minor	sim55	Eso-AdenoCa
1	236005315	236005316	1	241317927	241317928	-	+	DUP	cna15	major	sim55	Eso-AdenoCa
1	242032132	242032133	1	242044796	242044797	-	+	DUP	cna17	major	sim55	Eso-AdenoCa
1	242044797	242044798	1	242057439	242057440	-	+	DUP	cna18	major	sim55	Eso-AdenoCa
1	242057440	242057441	1	243239515	243239516	-	+	DUP	cna19	major	sim55	Eso-AdenoCa
1	242057440	242057441	1	243239515	243239516	-	+	DUP	cna19	minor	sim55	Eso-AdenoCa
1	243239516	243239517	1	249007057	249007058	-	+	DUP	cna20	major	sim55	Eso-AdenoCa
1	243239516	243239517	1	249007057	249007058	-	+	DUP	cna20	minor	sim55	Eso-AdenoCa
1	249007058	249007059	1	249250621	249250622	+	-	DEL	cna21	minor	sim55	Eso-AdenoCa
2	1	2	2	4750550	4750551	-	+	DUP	cna22	major	sim55	Eso-AdenoCa
2	1	2	2	4750550	4750551	+	-	DEL	cna22	minor	sim55	Eso-AdenoCa
2	4750551	4750552	2	16398525	16398526	-	+	DUP	cna23	major	sim55	Eso-AdenoCa
2	16398526	16398527	2	34608625	34608626	-	+	DUP	cna24	major	sim55	Eso-AdenoCa
2	16398526	16398527	2	34608625	34608626	+	-	DEL	cna24	minor	sim55	Eso-AdenoCa
2	34608626	34608627	2	54676151	54676152	-	+	DUP	cna25	major	sim55	Eso-AdenoCa
2	49449679	49449680	2	53679042	53679043	-	-	t2tINV	cna25	minor	sim55	Eso-AdenoCa
2	54676152	71578180	5	37773848	41421697	+	+	TRA	cna26,cna66	minor,major	sim55	Eso-AdenoCa
2	114129179	230391572	11	64735826	134942268	-	-	TRA	cna26,cna117	major,minor	sim55	Eso-AdenoCa
2	121007279	121007280	2	121017287	121017288	+	+	h2hINV	cna26	major	sim55	Eso-AdenoCa
2	165825679	165825680	2	170970128	170970129	+	+	h2hINV	cna26	minor	sim55	Eso-AdenoCa
2	208367579	208367580	2	216946585	216946586	+	+	h2hINV	cna26	minor	sim55	Eso-AdenoCa
2	212466481	230391572	17	28078736	40113732	-	-	TRA	cna154,cna26	major,minor	sim55	Eso-AdenoCa
2	230391573	230391574	2	238494753	238494754	-	+	DUP	cna27	major	sim55	Eso-AdenoCa
2	230391573	230391574	2	238494753	238494754	+	-	DEL	cna27	minor	sim55	Eso-AdenoCa
2	238494754	238494755	2	243199373	243199374	-	+	DUP	cna28	major	sim55	Eso-AdenoCa
2	238494754	238494755	2	243199373	243199374	-	+	DUP	cna28	minor	sim55	Eso-AdenoCa
3	2382506	2382507	3	2402548	2402549	+	+	h2hINV	cna29	major	sim55	Eso-AdenoCa
3	3302106	3302107	3	26928459	26928460	-	-	t2tINV	cna29	major	sim55	Eso-AdenoCa
3	12605806	12605807	3	17299028	17299029	-	-	t2tINV	cna29	minor	sim55	Eso-AdenoCa
3	20196506	20196507	3	20206518	20206519	-	-	t2tINV	cna29	major	sim55	Eso-AdenoCa
3	58968950	58968951	3	84257305	84257306	-	+	DUP	cna30	major	sim55	Eso-AdenoCa
3	59765606	59765607	3	66281848	66281849	-	-	t2tINV	cna30	minor	sim55	Eso-AdenoCa
3	65476506	65476507	3	67824093	67824094	-	-	t2tINV	cna30	major	sim55	Eso-AdenoCa
3	74999206	84257305	8	43632862	67797144	-	-	TRA	cna30,cna85	minor,minor	sim55	Eso-AdenoCa
3	84257306	84257307	3	97710141	97710142	-	+	DUP	cna31	major	sim55	Eso-AdenoCa
3	84257306	84257307	3	97710141	97710142	+	-	DEL	cna31	minor	sim55	Eso-AdenoCa
3	97710142	97710143	3	111737778	111737779	-	+	DUP	cna32	major	sim55	Eso-AdenoCa
3	103391406	103391407	3	103736339	103736340	+	+	h2hINV	cna32	minor	sim55	Eso-AdenoCa
3	111737779	111737780	3	111887465	111887466	-	+	DUP	cna33	major	sim55	Eso-AdenoCa
3	111737779	111737780	3	111887465	111887466	-	+	DUP	cna33	minor	sim55	Eso-AdenoCa
3	111887466	111887467	3	111957541	111957542	-	+	DUP	cna34	major	sim55	Eso-AdenoCa
3	111957542	111957543	3	132053164	132053165	-	+	DUP	cna35	major	sim55	Eso-AdenoCa
3	111957542	111957543	3	132053164	132053165	+	-	DEL	cna35	minor	sim55	Eso-AdenoCa
3	132053165	132053166	3	143590911	143590912	-	+	DUP	cna36	major	sim55	Eso-AdenoCa
3	143590912	143590913	3	170596375	170596376	-	+	DUP	cna37	major	sim55	Eso-AdenoCa
3	143590912	143590913	3	170596375	170596376	+	-	DEL	cna37	minor	sim55	Eso-AdenoCa
3	144783006	144783007	3	151639805	151639806	-	-	t2tINV	cna37	major	sim55	Eso-AdenoCa
3	170596376	170596377	3	170607438	170607439	+	-	DEL	cna38	minor	sim55	Eso-AdenoCa
3	170607439	170607440	3	171429769	171429770	-	+	DUP	cna39	major	sim55	Eso-AdenoCa
3	171429770	171429771	3	181123938	181123939	+	-	DEL	cna40	minor	sim55	Eso-AdenoCa
3	181123939	181123940	3	198022430	198022431	-	+	DUP	cna41	major	sim55	Eso-AdenoCa
3	181123939	181123940	3	198022430	198022431	+	-	DEL	cna41	minor	sim55	Eso-AdenoCa
4	9115987	9115988	4	9127096	9127097	-	+	DUP	cna43	major	sim55	Eso-AdenoCa
4	9115987	9115988	4	9127096	9127097	+	-	DEL	cna43	minor	sim55	Eso-AdenoCa
4	9127097	9127098	4	9138251	9138252	+	-	DEL	cna44	minor	sim55	Eso-AdenoCa
4	9138252	9138253	4	9275846	9275847	-	+	DUP	cna45	major	sim55	Eso-AdenoCa
4	9275847	9275848	4	9453421	9453422	-	+	DUP	cna46	major	sim55	Eso-AdenoCa
4	9275847	9275848	4	9453421	9453422	+	-	DEL	cna46	minor	sim55	Eso-AdenoCa
4	9453422	9453423	4	29755189	29755190	-	+	DUP	cna47	major	sim55	Eso-AdenoCa
4	9453422	9453423	4	29755189	29755190	+	-	DEL	cna47	minor	sim55	Eso-AdenoCa
4	31283018	31283019	4	31620316	31620317	-	+	DUP	cna49	major	sim55	Eso-AdenoCa
4	31283018	31283019	4	31620316	31620317	-	+	DUP	cna49	minor	sim55	Eso-AdenoCa
4	31438776	31438777	4	32684421	32684422	+	+	h2hINV	cna49	major	sim55	Eso-AdenoCa
4	31634637	31634638	4	31803978	31803979	-	+	DUP	cna51	major	sim55	Eso-AdenoCa
4	31803979	31803980	4	49750678	49750679	-	+	DUP	cna52	major	sim55	Eso-AdenoCa
4	31803979	31803980	4	49750678	49750679	+	-	DEL	cna52	minor	sim55	Eso-AdenoCa
4	49750679	49750680	4	80860131	80860132	-	+	DUP	cna53	major	sim55	Eso-AdenoCa
4	80860132	80860133	4	80871249	80871250	-	+	DUP	cna54	major	sim55	Eso-AdenoCa
4	80871250	80871251	4	80928252	80928253	-	+	DUP	cna55	major	sim55	Eso-AdenoCa
4	80871250	80871251	4	80928252	80928253	-	+	DUP	cna55	minor	sim55	Eso-AdenoCa
4	80928253	80928254	4	105472482	105472483	-	+	DUP	cna56	major	sim55	Eso-AdenoCa
4	80928253	80928254	4	105472482	105472483	-	+	DUP	cna56	minor	sim55	Eso-AdenoCa
4	105472483	105472484	4	126097048	126097049	-	+	DUP	cna57	major	sim55	Eso-AdenoCa
4	105472483	105472484	4	126097048	126097049	-	+	DUP	cna57	minor	sim55	Eso-AdenoCa
4	126097049	126097050	4	126186854	126186855	-	+	DUP	cna58	major	sim55	Eso-AdenoCa
4	126186855	126186856	4	136537265	136537266	-	+	DUP	cna59	major	sim55	Eso-AdenoCa
4	126186855	126186856	4	136537265	136537266	+	-	DEL	cna59	minor	sim55	Eso-AdenoCa
4	136537266	136537267	4	191132137	191132138	-	+	DUP	cna60	major	sim55	Eso-AdenoCa
4	136537266	136537267	4	191132137	191132138	-	+	DUP	cna60	minor	sim55	Eso-AdenoCa
4	144719176	144719177	4	167097281	167097282	-	-	t2tINV	cna60	minor	sim55	Eso-AdenoCa
4	150794176	191132137	10	63428621	85759022	-	+	TRA	cna60,cna101	minor,minor	sim55	Eso-AdenoCa
4	155677527	191132137	15	1	54769182	-	+	TRA	cna138,cna60	minor,minor	sim55	Eso-AdenoCa
4	191132138	191132139	4	191154276	191154277	+	-	DEL	cna61	minor	sim55	Eso-AdenoCa
5	1	2	5	31572119	31572120	-	+	DUP	cna62	major	sim55	Eso-AdenoCa
5	1	2	5	31572119	31572120	-	+	DUP	cna62	minor	sim55	Eso-AdenoCa
5	20705200	20705201	5	21405100	21405101	-	-	t2tINV	cna62	major	sim55	Eso-AdenoCa
5	24310000	24310001	5	27759161	27759162	+	+	h2hINV	cna62	minor	sim55	Eso-AdenoCa
5	31572120	31572121	5	33167295	33167296	+	-	DEL	cna63	minor	sim55	Eso-AdenoCa
5	33167296	33167297	5	36202222	36202223	-	+	DUP	cna64	major	sim55	Eso-AdenoCa
5	33167296	33167297	5	36202222	36202223	+	-	DEL	cna64	minor	sim55	Eso-AdenoCa
5	37773848	37773849	5	128128112	128128113	-	+	DUP	cna66	major	sim55	Eso-AdenoCa
5	95065900	95065901	5	95075904	95075905	+	+	h2hINV	cna66	major	sim55	Eso-AdenoCa
5	128128113	128128114	5	128167305	128167306	+	-	DEL	cna67	major	sim55	Eso-AdenoCa
5	128167306	128167307	5	131090742	131090743	-	+	DUP	cna68	major	sim55	Eso-AdenoCa
5	128167306	128167307	5	131090742	131090743	+	-	DEL	cna68	minor	sim55	Eso-AdenoCa
5	131090743	131090744	5	135943258	135943259	-	+	DUP	cna69	major	sim55	Eso-AdenoCa
5	135943259	135943260	5	135964955	135964956	-	+	DUP	cna70	major	sim55	Eso-AdenoCa
5	135943259	135943260	5	135964955	135964956	+	-	DEL	cna70	minor	sim55	Eso-AdenoCa
5	135964956	135964957	5	180915260	180915261	-	+	DUP	cna71	major	sim55	Eso-AdenoCa
5	150102000	150102001	5	150112007	150112008	-	-	t2tINV	cna71	major	sim55	Eso-AdenoCa
5	163412400	163412401	5	168192257	168192258	-	-	t2tINV	cna71	major	sim55	Eso-AdenoCa
5	170997200	170997201	5	172695475	172695476	-	-	t2tINV	cna71	major	sim55	Eso-AdenoCa
5	174534200	174534201	5	174544206	174544207	-	-	t2tINV	cna71	minor	sim55	Eso-AdenoCa
6	1	2	6	57107811	57107812	+	-	DEL	cna72	minor	sim55	Eso-AdenoCa
6	12352840	12352841	6	12362852	12362853	-	-	t2tINV	cna72	major	sim55	Eso-AdenoCa
6	23538740	23538741	6	57640504	57640505	-	-	t2tINV	cna73	minor	sim55	Eso-AdenoCa
6	57107812	57107813	6	63760177	63760178	-	+	DUP	cna73	major	sim55	Eso-AdenoCa
6	57107812	57107813	6	63760177	63760178	-	+	DUP	cna73	minor	sim55	Eso-AdenoCa
6	63760178	63760179	6	103555300	103555301	-	+	DUP	cna74	major	sim55	Eso-AdenoCa
6	63760178	63760179	6	103555300	103555301	+	-	DEL	cna74	minor	sim55	Eso-AdenoCa
6	73037540	73037541	6	109532774	109532775	-	-	t2tINV	cna75	minor	sim55	Eso-AdenoCa
6	79481640	79481641	6	83079348	83079349	-	-	t2tINV	cna74	major	sim55	Eso-AdenoCa
6	96690740	96690741	6	101986132	101986133	-	-	t2tINV	cna74	major	sim55	Eso-AdenoCa
6	103555301	103555302	6	124557531	124557532	-	+	DUP	cna75	major	sim55	Eso-AdenoCa
6	103555301	103555302	6	124557531	124557532	-	+	DUP	cna75	minor	sim55	Eso-AdenoCa
6	105460740	105460741	6	106218684	106218685	+	+	h2hINV	cna75	minor	sim55	Eso-AdenoCa
6	120658140	120658141	6	130182002	130182003	+	+	h2hINV	cna75	minor	sim55	Eso-AdenoCa
6	124557532	124557533	6	127541042	127541043	-	+	DUP	cna76	major	sim55	Eso-AdenoCa
6	127541043	127541044	6	127739664	127739665	+	-	DEL	cna77	major	sim55	Eso-AdenoCa
6	127541043	127541044	6	127739664	127739665	+	-	DEL	cna77	minor	sim55	Eso-AdenoCa
6	127739665	127739666	6	128144848	128144849	-	+	DUP	cna78	major	sim55	Eso-AdenoCa
6	128144849	128144850	6	128157579	128157580	-	+	DUP	cna79	major	sim55	Eso-AdenoCa
6	128157580	128157581	6	128170456	128170457	+	-	DEL	cna80	minor	sim55	Eso-AdenoCa
6	128170457	128170458	6	161029740	161029741	-	+	DUP	cna81	major	sim55	Eso-AdenoCa
6	161029741	161029742	6	171115067	171115068	+	-	DEL	cna82	minor	sim55	Eso-AdenoCa
7	1	2	7	159138663	159138664	-	+	DUP	cna83	major	sim55	Eso-AdenoCa
7	1	2	7	159138663	159138664	-	+	DUP	cna83	minor	sim55	Eso-AdenoCa
7	91133973	91133974	7	99511590	99511591	-	-	t2tINV	cna83	major	sim55	Eso-AdenoCa
7	101526073	101526074	7	133586594	133586595	+	+	h2hINV	cna83	major	sim55	Eso-AdenoCa
7	126872073	126872074	7	131255093	131255094	-	-	t2tINV	cna83	major	sim55	Eso-AdenoCa
8	1	2	8	31867831	31867832	-	+	DUP	cna84	major	sim55	Eso-AdenoCa
8	1	2	8	31867831	31867832	+	-	DEL	cna84	minor	sim55	Eso-AdenoCa
8	10077910	10077911	8	10699247	10699248	-	-	t2tINV	cna84	major	sim55	Eso-AdenoCa
8	31867832	31867833	8	67797144	67797145	-	+	DUP	cna85	major	sim55	Eso-AdenoCa
8	31867832	31867833	8	67797144	67797145	+	-	DEL	cna85	minor	sim55	Eso-AdenoCa
8	34302910	34302911	8	34844597	34844598	-	-	t2tINV	cna85	major	sim55	Eso-AdenoCa
8	67797145	67797146	8	67808173	67808174	+	-	DEL	cna86	minor	sim55	Eso-AdenoCa
8	67808174	67808175	8	69684978	69684979	-	+	DUP	cna87	major	sim55	Eso-AdenoCa
8	69684979	69684980	8	69852837	69852838	-	+	DUP	cna88	major	sim55	Eso-AdenoCa
8	69684979	69684980	8	69852837	69852838	-	+	DUP	cna88	minor	sim55	Eso-AdenoCa
8	69852838	69852839	8	138303267	138303268	+	-	DEL	cna89	minor	sim55	Eso-AdenoCa
8	111005210	111005211	8	111015215	111015216	-	-	t2tINV	cna89	major	sim55	Eso-AdenoCa
8	136732010	136732011	8	136742016	136742017	-	-	t2tINV	cna89	major	sim55	Eso-AdenoCa
8	138303268	138303269	8	141409893	141409894	-	+	DUP	cna90	major	sim55	Eso-AdenoCa
8	138303268	138303269	8	141409893	141409894	-	+	DUP	cna90	minor	sim55	Eso-AdenoCa
8	141409894	141409895	8	141632971	141632972	+	-	DEL	cna91	minor	sim55	Eso-AdenoCa
8	141632972	141632973	8	146364022	146364023	-	+	DUP	cna92	major	sim55	Eso-AdenoCa
8	141632972	141632973	8	146364022	146364023	+	-	DEL	cna92	minor	sim55	Eso-AdenoCa
9	1	2	9	59739988	59739989	+	-	DEL	cna93	minor	sim55	Eso-AdenoCa
9	59739989	59739990	9	67066820	67066821	-	+	DUP	cna94	major	sim55	Eso-AdenoCa
9	59739989	59739990	9	67066820	67066821	-	+	DUP	cna94	minor	sim55	Eso-AdenoCa
9	67066821	67066822	9	68244392	68244393	-	+	DUP	cna95	major	sim55	Eso-AdenoCa
9	68244393	68244394	9	136151499	136151500	+	-	DEL	cna96	minor	sim55	Eso-AdenoCa
9	136151500	136151501	9	140592610	140592611	-	+	DUP	cna97	major	sim55	Eso-AdenoCa
9	140592611	140592612	9	141213431	141213432	-	+	DUP	cna98	major	sim55	Eso-AdenoCa
9	140592611	140592612	9	141213431	141213432	+	-	DEL	cna98	minor	sim55	Eso-AdenoCa
10	1	2	10	18882689	18882690	+	-	DEL	cna99	minor	sim55	Eso-AdenoCa
10	18882690	18882691	10	63428620	63428621	-	+	DUP	cna100	major	sim55	Eso-AdenoCa
10	18882690	31779858	11	11382826	57460707	+	-	TRA	cna100,cna113	major,minor	sim55	Eso-AdenoCa
10	60792057	60792058	10	64383197	64383198	-	-	t2tINV	cna101	major	sim55	Eso-AdenoCa
10	67018257	67018258	10	76963807	76963808	-	-	t2tINV	cna101	major	sim55	Eso-AdenoCa
10	72081757	72081758	10	72091786	72091787	-	-	t2tINV	cna101	major	sim55	Eso-AdenoCa
10	110793910	110793911	10	110934166	110934167	+	-	DEL	cna102	minor	sim55	Eso-AdenoCa
10	110934167	110934168	10	120294444	120294445	-	+	DUP	cna103	major	sim55	Eso-AdenoCa
10	110934167	110934168	10	120294444	120294445	-	+	DUP	cna103	minor	sim55	Eso-AdenoCa
10	111962857	111962858	10	112492793	112492794	-	-	t2tINV	cna103	minor	sim55	Eso-AdenoCa
10	120294445	120294446	10	120922743	120922744	-	+	DUP	cna104	major	sim55	Eso-AdenoCa
10	120294445	120294446	10	120922743	120922744	+	-	DEL	cna104	minor	sim55	Eso-AdenoCa
10	120922744	120922745	10	120978604	120978605	-	+	DUP	cna105	major	sim55	Eso-AdenoCa
10	120978605	120978606	10	121021085	121021086	-	+	DUP	cna106	major	sim55	Eso-AdenoCa
10	120978605	120978606	10	121021085	121021086	+	-	DEL	cna106	minor	sim55	Eso-AdenoCa
10	121021086	121021087	10	132436922	132436923	+	-	DEL	cna107	minor	sim55	Eso-AdenoCa
10	132436923	132436924	10	134650842	134650843	-	+	DUP	cna108	major	sim55	Eso-AdenoCa
10	134650843	134650844	10	135534747	135534748	-	+	DUP	cna109	major	sim55	Eso-AdenoCa
10	134650843	134650844	10	135534747	135534748	+	-	DEL	cna109	minor	sim55	Eso-AdenoCa
11	1	2	11	8777467	8777468	-	+	DUP	cna110	major	sim55	Eso-AdenoCa
11	1	2	11	8777467	8777468	+	-	DEL	cna110	minor	sim55	Eso-AdenoCa
11	8777468	8777469	11	8970576	8970577	-	+	DUP	cna111	major	sim55	Eso-AdenoCa
11	8970577	8970578	11	9949561	9949562	+	-	DEL	cna112	major	sim55	Eso-AdenoCa
11	9949562	9949563	11	57460707	57460708	-	+	DUP	cna113	major	sim55	Eso-AdenoCa
11	57460708	57460709	11	57495412	57495413	-	+	DUP	cna114	major	sim55	Eso-AdenoCa
11	57460708	57460709	11	57495412	57495413	+	-	DEL	cna114	minor	sim55	Eso-AdenoCa
11	57495413	57495414	11	57528742	57528743	-	+	DUP	cna115	major	sim55	Eso-AdenoCa
11	57528743	57528744	11	63765695	63765696	-	+	DUP	cna116	major	sim55	Eso-AdenoCa
11	59802610	59802611	11	59812621	59812622	-	-	t2tINV	cna116	major	sim55	Eso-AdenoCa
11	71781410	71781411	11	71791414	71791415	-	-	t2tINV	cna117	minor	sim55	Eso-AdenoCa
11	134942269	134942270	11	135006516	135006517	-	+	DUP	cna118	major	sim55	Eso-AdenoCa
12	1	2	12	4689084	4689085	+	-	DEL	cna119	minor	sim55	Eso-AdenoCa
12	54733694	54733695	12	54991683	54991684	-	-	t2tINV	cna120	major	sim55	Eso-AdenoCa
12	59085194	59085195	12	66339225	66339226	-	-	t2tINV	cna120	major	sim55	Eso-AdenoCa
12	72879594	89039442	20	22343928	31078587	-	-	TRA	cna120,cna173	minor,major	sim55	Eso-AdenoCa
12	89039443	89039444	12	102123815	102123816	-	+	DUP	cna121	major	sim55	Eso-AdenoCa
12	89039443	89039444	12	102123815	102123816	-	+	DUP	cna121	minor	sim55	Eso-AdenoCa
12	102123816	102123817	12	111649252	111649253	+	-	DEL	cna122	minor	sim55	Eso-AdenoCa
12	111649253	111649254	12	132451369	132451370	-	+	DUP	cna123	major	sim55	Eso-AdenoCa
12	132451370	132451371	12	133851895	133851896	-	+	DUP	cna124	major	sim55	Eso-AdenoCa
13	1	2	13	73224922	73224923	-	+	DUP	cna125	major	sim55	Eso-AdenoCa
13	73224923	73224924	13	80789025	80789026	-	+	DUP	cna126	major	sim55	Eso-AdenoCa
13	73224923	73224924	13	80789025	80789026	+	-	DEL	cna126	minor	sim55	Eso-AdenoCa
13	80789026	80789027	13	86831844	86831845	-	+	DUP	cna127	major	sim55	Eso-AdenoCa
13	84358599	84358600	13	85282694	85282695	-	-	t2tINV	cna127	major	sim55	Eso-AdenoCa
13	86417499	86417500	13	93209274	93209275	+	+	h2hINV	cna127	minor	sim55	Eso-AdenoCa
13	86831845	86831846	13	93620891	93620892	-	+	DUP	cna128	major	sim55	Eso-AdenoCa
13	93620892	93620893	13	96396252	96396253	-	+	DUP	cna129	major	sim55	Eso-AdenoCa
13	96396253	96396254	13	96529699	96529700	+	-	DEL	cna130	major	sim55	Eso-AdenoCa
13	96396253	96396254	13	96529699	96529700	+	-	DEL	cna130	minor	sim55	Eso-AdenoCa
13	96529700	96529701	13	96702259	96702260	-	+	DUP	cna131	major	sim55	Eso-AdenoCa
13	96529700	96529701	13	96702259	96702260	-	+	DUP	cna131	minor	sim55	Eso-AdenoCa
13	96702260	96702261	13	96712213	96712214	+	-	DEL	cna132	minor	sim55	Eso-AdenoCa
13	96712214	96712215	13	114442055	114442056	-	+	DUP	cna133	major	sim55	Eso-AdenoCa
13	114442056	114442057	13	114644746	114644747	-	+	DUP	cna134	major	sim55	Eso-AdenoCa
13	114442056	114442057	13	114644746	114644747	+	-	DEL	cna134	minor	sim55	Eso-AdenoCa
13	114644747	114644748	13	115107449	115107450	-	+	DUP	cna135	major	sim55	Eso-AdenoCa
13	114644747	114644748	13	115107449	115107450	-	+	DUP	cna135	minor	sim55	Eso-AdenoCa
13	115107450	115107451	13	115169878	115169879	-	+	DUP	cna136	major	sim55	Eso-AdenoCa
13	115107450	115107451	13	115169878	115169879	-	+	DUP	cna136	minor	sim55	Eso-AdenoCa
14	1	2	14	107349540	107349541	-	+	DUP	cna137	major	sim55	Eso-AdenoCa
14	64203421	64203422	14	70639914	70639915	-	-	t2tINV	cna137	major	sim55	Eso-AdenoCa
15	1	2	15	80532024	80532025	-	+	DUP	cna138	major	sim55	Eso-AdenoCa
15	24674181	24674182	15	24684186	24684187	-	-	t2tINV	cna138	minor	sim55	Eso-AdenoCa
15	55332181	55332182	15	60736234	60736235	-	-	t2tINV	cna138	major	sim55	Eso-AdenoCa
15	64389781	64389782	15	64399784	64399785	+	+	h2hINV	cna138	major	sim55	Eso-AdenoCa
15	80532025	80532026	15	80663525	80663526	-	+	DUP	cna139	major	sim55	Eso-AdenoCa
15	80663526	80663527	15	81146118	81146119	-	+	DUP	cna140	major	sim55	Eso-AdenoCa
15	81146119	81146120	15	81159708	81159709	-	+	DUP	cna141	major	sim55	Eso-AdenoCa
15	81159709	81159710	15	87760770	87760771	+	-	DEL	cna142	minor	sim55	Eso-AdenoCa
15	82246581	82246582	15	91219745	91219746	+	+	h2hINV	cna142	major	sim55	Eso-AdenoCa
15	87760771	87760772	15	101929602	101929603	-	+	DUP	cna143	major	sim55	Eso-AdenoCa
15	101929603	101929604	15	102531392	102531393	-	+	DUP	cna144	major	sim55	Eso-AdenoCa
15	101929603	101929604	15	102531392	102531393	-	+	DUP	cna144	minor	sim55	Eso-AdenoCa
16	1	2	16	46177724	46177725	-	+	DUP	cna145	major	sim55	Eso-AdenoCa
16	46177725	46177726	16	46190579	46190580	-	+	DUP	cna146	major	sim55	Eso-AdenoCa
16	46177725	46177726	16	46190579	46190580	-	+	DUP	cna146	minor	sim55	Eso-AdenoCa
16	46190580	46190581	16	46266614	46266615	-	+	DUP	cna147	major	sim55	Eso-AdenoCa
16	46190580	46190581	16	46266614	46266615	-	+	DUP	cna147	minor	sim55	Eso-AdenoCa
16	56243288	56243289	16	77791164	77791165	-	+	DUP	cna149	major	sim55	Eso-AdenoCa
16	77791165	77791166	16	78940244	78940245	-	+	DUP	cna150	major	sim55	Eso-AdenoCa
16	77791165	77791166	16	78940244	78940245	+	-	DEL	cna150	minor	sim55	Eso-AdenoCa
16	78940245	78940246	16	90200417	90200418	-	+	DUP	cna151	major	sim55	Eso-AdenoCa
16	90200418	90200419	16	90328970	90328971	+	-	DEL	cna152	minor	sim55	Eso-AdenoCa
16	90328971	90328972	16	90354753	90354754	-	+	DUP	cna153	major	sim55	Eso-AdenoCa
16	90328971	90328972	16	90354753	90354754	+	-	DEL	cna153	minor	sim55	Eso-AdenoCa
17	1	2	17	40113732	40113733	-	+	DUP	cna154	major	sim55	Eso-AdenoCa
17	1	2	17	40113732	40113733	+	-	DEL	cna154	minor	sim55	Eso-AdenoCa
17	36500236	36500237	17	62135113	62135114	-	-	t2tINV	cna155	minor	sim55	Eso-AdenoCa
17	40113733	40113734	17	75683008	75683009	-	+	DUP	cna155	major	sim55	Eso-AdenoCa
17	59181936	59181937	17	59191942	59191943	-	-	t2tINV	cna155	minor	sim55	Eso-AdenoCa
17	75683009	75683010	17	77812962	77812963	+	-	DEL	cna156	minor	sim55	Eso-AdenoCa
17	77812963	77812964	17	78502203	78502204	-	+	DUP	cna157	major	sim55	Eso-AdenoCa
17	78502204	78502205	17	78577474	78577475	-	+	DUP	cna158	major	sim55	Eso-AdenoCa
17	78502204	78502205	17	78577474	78577475	-	+	DUP	cna158	minor	sim55	Eso-AdenoCa
17	78577475	78577476	17	78993936	78993937	+	-	DEL	cna159	minor	sim55	Eso-AdenoCa
18	1	2	18	78077248	78077249	-	+	DUP	cna161	major	sim55	Eso-AdenoCa
18	33360226	33360227	18	34820848	34820849	+	+	h2hINV	cna161	major	sim55	Eso-AdenoCa
19	1	2	19	19064794	19064795	-	+	DUP	cna162	major	sim55	Eso-AdenoCa
19	4503178	4503179	19	32407984	32407985	-	-	t2tINV	cna165	minor	sim55	Eso-AdenoCa
19	13207478	13207479	19	13788723	13788724	-	-	t2tINV	cna162	major	sim55	Eso-AdenoCa
19	18764878	18764879	19	18774885	18774886	+	+	h2hINV	cna162	major	sim55	Eso-AdenoCa
19	19064795	19064796	19	26877959	26877960	+	-	DEL	cna163	minor	sim55	Eso-AdenoCa
19	22062178	22062179	19	28982223	28982224	+	+	h2hINV	cna163	major	sim55	Eso-AdenoCa
19	26877960	26877961	19	27043621	27043622	-	+	DUP	cna164	major	sim55	Eso-AdenoCa
19	27043622	27043623	19	43945575	43945576	-	+	DUP	cna165	major	sim55	Eso-AdenoCa
19	43945576	43945577	19	54704650	54704651	-	+	DUP	cna166	major	sim55	Eso-AdenoCa
19	54704651	54704652	19	54909386	54909387	-	+	DUP	cna167	major	sim55	Eso-AdenoCa
19	54704651	54704652	19	54909386	54909387	-	+	DUP	cna167	minor	sim55	Eso-AdenoCa
19	54909387	54909388	19	58798585	58798586	+	-	DEL	cna168	minor	sim55	Eso-AdenoCa
19	58798586	58798587	19	59128983	59128984	-	+	DUP	cna169	major	sim55	Eso-AdenoCa
19	58798586	58798587	19	59128983	59128984	-	+	DUP	cna169	minor	sim55	Eso-AdenoCa
20	1	2	20	14271349	14271350	-	+	DUP	cna170	major	sim55	Eso-AdenoCa
20	1	2	20	14271349	14271350	-	+	DUP	cna170	minor	sim55	Eso-AdenoCa
20	7665095	7665096	20	7675099	7675100	-	-	t2tINV	cna170	major	sim55	Eso-AdenoCa
20	14271350	14271351	20	14497397	14497398	+	-	DEL	cna171	minor	sim55	Eso-AdenoCa
20	14497398	14497399	20	15012624	15012625	-	+	DUP	cna172	major	sim55	Eso-AdenoCa
20	14497398	14497399	20	15012624	15012625	+	-	DEL	cna172	minor	sim55	Eso-AdenoCa
20	15012625	15012626	20	31078587	31078588	-	+	DUP	cna173	major	sim55	Eso-AdenoCa
20	31078588	31078589	20	31772705	31772706	-	+	DUP	cna174	major	sim55	Eso-AdenoCa
20	31772706	31772707	20	50806955	50806956	-	+	DUP	cna175	major	sim55	Eso-AdenoCa
20	51298188	51298189	20	51866386	51866387	-	+	DUP	cna177	major	sim55	Eso-AdenoCa
20	51866387	51866388	20	52002413	52002414	-	+	DUP	cna178	major	sim55	Eso-AdenoCa
20	51866387	51866388	20	52002413	52002414	-	+	DUP	cna178	minor	sim55	Eso-AdenoCa
20	52002414	52002415	20	61453982	61453983	-	+	DUP	cna179	major	sim55	Eso-AdenoCa
20	52002414	52002415	20	61453982	61453983	+	-	DEL	cna179	minor	sim55	Eso-AdenoCa
20	54762195	54762196	20	57245269	57245270	-	-	t2tINV	cna179	major	sim55	Eso-AdenoCa
20	61453983	61453984	20	63025520	63025521	+	-	DEL	cna180	minor	sim55	Eso-AdenoCa
21	1	2	21	16556536	16556537	+	-	DEL	cna181	minor	sim55	Eso-AdenoCa
21	16556537	16556538	21	16724667	16724668	-	+	DUP	cna182	major	sim55	Eso-AdenoCa
21	16556537	16556538	21	16724667	16724668	+	-	DEL	cna182	minor	sim55	Eso-AdenoCa
21	16724668	16724669	21	16863932	16863933	-	+	DUP	cna183	major	sim55	Eso-AdenoCa
21	16724668	16724669	21	16863932	16863933	-	+	DUP	cna183	minor	sim55	Eso-AdenoCa
21	16863933	16863934	21	47518699	47518700	-	+	DUP	cna184	major	sim55	Eso-AdenoCa
21	47518700	47518701	21	48129895	48129896	-	+	DUP	cna185	major	sim55	Eso-AdenoCa
22	1	2	22	51304566	51304567	-	+	DUP	cna186	major	sim55	Eso-AdenoCa
22	1	2	22	51304566	51304567	-	+	DUP	cna186	minor	sim55	Eso-AdenoCa
22	35082680	35082681	22	35092684	35092685	+	+	h2hINV	cna186	major	sim55	Eso-AdenoCa
X	1	2	X	48699078	48699079	-	+	DUP	cna187	major	sim55	Eso-AdenoCa
X	1	2	X	48699078	48699079	-	+	DUP	cna187	minor	sim55	Eso-AdenoCa
X	11119114	11119115	X	11892694	11892695	-	-	t2tINV	cna187	minor	sim55	Eso-AdenoCa
X	14917414	14917415	X	25151841	25151842	-	-	t2tINV	cna187	minor	sim55	Eso-AdenoCa
X	21303114	21303115	X	21333511	21333512	-	-	t2tINV	cna187	minor	sim55	Eso-AdenoCa
X	48699079	48699080	X	52610140	52610141	-	+	DUP	cna188	major	sim55	Eso-AdenoCa
X	48699079	48699080	X	52610140	52610141	+	-	DEL	cna188	minor	sim55	Eso-AdenoCa
X	52610141	52610142	X	54249364	54249365	-	+	DUP	cna189	major	sim55	Eso-AdenoCa
X	54249365	54249366	X	54621362	54621363	-	+	DUP	cna190	major	sim55	Eso-AdenoCa
X	54249365	54249366	X	54621362	54621363	-	+	DUP	cna190	minor	sim55	Eso-AdenoCa
X	54621363	54621364	X	54630905	54630906	+	-	DEL	cna191	minor	sim55	Eso-AdenoCa
X	54630906	54630907	X	54673840	54673841	-	+	DUP	cna192	major	sim55	Eso-AdenoCa
X	54630906	54630907	X	54673840	54673841	+	-	DEL	cna192	minor	sim55	Eso-AdenoCa
X	54673841	54673842	X	110482556	110482557	-	+	DUP	cna193	major	sim55	Eso-AdenoCa
X	54673841	54673842	X	110482556	110482557	-	+	DUP	cna193	minor	sim55	Eso-AdenoCa
X	110482557	110482558	X	143215818	143215819	-	+	DUP	cna194	major	sim55	Eso-AdenoCa
X	143215819	143215820	X	149489098	149489099	-	+	DUP	cna195	major	sim55	Eso-AdenoCa
X	143215819	143215820	X	149489098	149489099	-	+	DUP	cna195	minor	sim55	Eso-AdenoCa
X	149489099	149489100	X	149613588	149613589	-	+	DUP	cna196	major	sim55	Eso-AdenoCa
X	149489099	149489100	X	149613588	149613589	+	-	DEL	cna196	minor	sim55	Eso-AdenoCa
X	149613589	149613590	X	149657487	149657488	-	+	DUP	cna197	major	sim55	Eso-AdenoCa
X	149613589	149613590	X	149657487	149657488	-	+	DUP	cna197	minor	sim55	Eso-AdenoCa
X	149657488	149657489	X	149969660	149969661	-	+	DUP	cna198	major	sim55	Eso-AdenoCa
X	149657488	149657489	X	149969660	149969661	-	+	DUP	cna198	minor	sim55	Eso-AdenoCa
X	149969661	149969662	X	155270560	155270561	-	+	DUP	cna199	major	sim55	Eso-AdenoCa
X	149969661	149969662	X	155270560	155270561	+	-	DEL	cna199	minor	sim55	Eso-AdenoCa
