chrom	start	end	major_cn	minor_cn	donor_id	study	id
1	1	12542602	2	2	sim68	Eso-AdenoCa	cna0
1	12542603	12764461	1	0	sim68	Eso-AdenoCa	cna1
1	12764462	27930742	4	1	sim68	Eso-AdenoCa	cna2
1	27930743	28293034	2	0	sim68	Eso-AdenoCa	cna3
1	28293035	50692550	3	1	sim68	Eso-AdenoCa	cna4
1	50692551	114616322	2	0	sim68	Eso-AdenoCa	cna5
1	114616323	120148719	4	1	sim68	Eso-AdenoCa	cna6
1	120148720	120160812	2	1	sim68	Eso-AdenoCa	cna7
1	120160813	121472264	0	0	sim68	Eso-AdenoCa	cna8
1	121472265	188213983	2	1	sim68	Eso-AdenoCa	cna9
1	188213984	188285954	5	1	sim68	Eso-AdenoCa	cna10
1	188285955	240010296	2	1	sim68	Eso-AdenoCa	cna11
1	240010297	245686408	2	0	sim68	Eso-AdenoCa	cna12
1	245686409	248396583	2	1	sim68	Eso-AdenoCa	cna13
1	248396584	248501415	5	1	sim68	Eso-AdenoCa	cna14
1	248501416	248747262	2	0	sim68	Eso-AdenoCa	cna15
1	248747263	248759343	4	1	sim68	Eso-AdenoCa	cna16
1	248759344	248867100	3	2	sim68	Eso-AdenoCa	cna17
1	248867101	249250621	1	0	sim68	Eso-AdenoCa	cna18
2	1	86397233	2	0	sim68	Eso-AdenoCa	cna19
2	86397234	86709725	2	2	sim68	Eso-AdenoCa	cna20
2	86709726	86720928	3	1	sim68	Eso-AdenoCa	cna21
2	86720929	87041260	3	0	sim68	Eso-AdenoCa	cna22
2	87041261	88095004	4	1	sim68	Eso-AdenoCa	cna23
2	88095005	103258511	2	1	sim68	Eso-AdenoCa	cna24
2	103258512	136972135	1	0	sim68	Eso-AdenoCa	cna25
2	136972136	140325006	2	0	sim68	Eso-AdenoCa	cna26
2	140325007	140380041	2	1	sim68	Eso-AdenoCa	cna27
2	140380042	144016173	2	2	sim68	Eso-AdenoCa	cna28
2	144016174	144480748	2	0	sim68	Eso-AdenoCa	cna29
2	144480749	167839187	1	0	sim68	Eso-AdenoCa	cna30
2	167839188	167850406	2	1	sim68	Eso-AdenoCa	cna31
2	167850407	198702714	4	2	sim68	Eso-AdenoCa	cna32
2	198702715	198760459	3	0	sim68	Eso-AdenoCa	cna33
2	198760460	198831619	2	1	sim68	Eso-AdenoCa	cna34
2	198831620	213808076	6	1	sim68	Eso-AdenoCa	cna35
2	213808077	213819282	2	1	sim68	Eso-AdenoCa	cna36
2	213819283	215904640	1	0	sim68	Eso-AdenoCa	cna37
2	215904641	216339625	2	0	sim68	Eso-AdenoCa	cna38
2	216339626	216653075	1	0	sim68	Eso-AdenoCa	cna39
2	216653076	218692477	2	1	sim68	Eso-AdenoCa	cna40
2	218692478	218755743	6	2	sim68	Eso-AdenoCa	cna41
2	218755744	219383852	2	0	sim68	Eso-AdenoCa	cna42
2	219383853	243199373	1	0	sim68	Eso-AdenoCa	cna43
3	1	198022430	2	0	sim68	Eso-AdenoCa	cna44
4	1	26390066	2	0	sim68	Eso-AdenoCa	cna45
4	26390067	26432537	3	1	sim68	Eso-AdenoCa	cna46
4	26432538	26708711	0	0	sim68	Eso-AdenoCa	cna47
4	26708712	26721188	4	2	sim68	Eso-AdenoCa	cna48
4	26721189	26921822	0	0	sim68	Eso-AdenoCa	cna49
4	26921823	26985693	2	1	sim68	Eso-AdenoCa	cna50
4	26985694	27027461	5	0	sim68	Eso-AdenoCa	cna51
4	27027462	27224806	1	0	sim68	Eso-AdenoCa	cna52
4	27224807	38898864	0	0	sim68	Eso-AdenoCa	cna53
4	38898865	92624764	2	2	sim68	Eso-AdenoCa	cna54
4	92624765	114242043	2	0	sim68	Eso-AdenoCa	cna55
4	114242044	117030014	2	1	sim68	Eso-AdenoCa	cna56
4	117030015	117098672	1	0	sim68	Eso-AdenoCa	cna57
4	117098673	117131664	0	0	sim68	Eso-AdenoCa	cna58
4	117131665	185451891	2	0	sim68	Eso-AdenoCa	cna59
4	185451892	185464382	1	0	sim68	Eso-AdenoCa	cna60
4	185464383	191154276	2	1	sim68	Eso-AdenoCa	cna61
5	1	22506277	4	1	sim68	Eso-AdenoCa	cna62
5	22506278	39280083	2	1	sim68	Eso-AdenoCa	cna63
5	39280084	40559295	5	1	sim68	Eso-AdenoCa	cna64
5	40559296	42219798	2	1	sim68	Eso-AdenoCa	cna65
5	42219799	42536273	2	2	sim68	Eso-AdenoCa	cna66
5	42536274	50618781	3	0	sim68	Eso-AdenoCa	cna67
5	50618782	50702636	2	0	sim68	Eso-AdenoCa	cna68
5	50702637	120401789	1	0	sim68	Eso-AdenoCa	cna69
5	120401790	131484121	2	2	sim68	Eso-AdenoCa	cna70
5	131484122	131709429	4	1	sim68	Eso-AdenoCa	cna71
5	131709430	137867755	2	1	sim68	Eso-AdenoCa	cna72
5	137867756	138444310	2	0	sim68	Eso-AdenoCa	cna73
5	138444311	139122999	2	1	sim68	Eso-AdenoCa	cna74
5	139123000	139179385	3	2	sim68	Eso-AdenoCa	cna75
5	139179386	171255276	2	0	sim68	Eso-AdenoCa	cna76
5	171255277	171382404	3	1	sim68	Eso-AdenoCa	cna77
5	171382405	178468953	2	2	sim68	Eso-AdenoCa	cna78
5	178468954	180772004	3	0	sim68	Eso-AdenoCa	cna79
5	180772005	180915260	4	0	sim68	Eso-AdenoCa	cna80
6	1	45828756	2	1	sim68	Eso-AdenoCa	cna81
6	45828757	47626600	4	0	sim68	Eso-AdenoCa	cna82
6	47626601	48469500	2	1	sim68	Eso-AdenoCa	cna83
6	48469501	71830438	1	0	sim68	Eso-AdenoCa	cna84
6	71830439	72156411	3	2	sim68	Eso-AdenoCa	cna85
6	72156412	74134208	2	2	sim68	Eso-AdenoCa	cna86
6	74134209	76291396	2	1	sim68	Eso-AdenoCa	cna87
6	76291397	78446344	1	0	sim68	Eso-AdenoCa	cna88
6	78446345	96341389	4	1	sim68	Eso-AdenoCa	cna89
6	96341390	111581747	2	1	sim68	Eso-AdenoCa	cna90
6	111581748	112392224	3	0	sim68	Eso-AdenoCa	cna91
6	112392225	112433595	3	1	sim68	Eso-AdenoCa	cna92
6	112433596	115606600	2	1	sim68	Eso-AdenoCa	cna93
6	115606601	121034919	4	3	sim68	Eso-AdenoCa	cna94
6	121034920	135551483	2	2	sim68	Eso-AdenoCa	cna95
6	135551484	170234801	2	1	sim68	Eso-AdenoCa	cna96
6	170234802	170646490	2	0	sim68	Eso-AdenoCa	cna97
6	170646491	170657898	2	1	sim68	Eso-AdenoCa	cna98
6	170657899	170703503	0	0	sim68	Eso-AdenoCa	cna99
6	170703504	171115067	3	1	sim68	Eso-AdenoCa	cna100
7	1	72037282	2	1	sim68	Eso-AdenoCa	cna101
7	72037283	131947562	2	0	sim68	Eso-AdenoCa	cna102
7	131947563	132025448	1	0	sim68	Eso-AdenoCa	cna103
7	132025449	134371581	2	0	sim68	Eso-AdenoCa	cna104
7	134371582	134786221	2	1	sim68	Eso-AdenoCa	cna105
7	134786222	139690292	1	0	sim68	Eso-AdenoCa	cna106
7	139690293	140128491	3	0	sim68	Eso-AdenoCa	cna107
7	140128492	143155448	3	3	sim68	Eso-AdenoCa	cna108
7	143155449	159138663	2	0	sim68	Eso-AdenoCa	cna109
8	1	42534161	1	0	sim68	Eso-AdenoCa	cna110
8	42534162	42554958	4	2	sim68	Eso-AdenoCa	cna111
8	42554959	48831356	2	0	sim68	Eso-AdenoCa	cna112
8	48831357	49241744	2	1	sim68	Eso-AdenoCa	cna113
8	49241745	59244409	2	2	sim68	Eso-AdenoCa	cna114
8	59244410	60281368	3	2	sim68	Eso-AdenoCa	cna115
8	60281369	60370419	3	0	sim68	Eso-AdenoCa	cna116
8	60370420	71979265	2	0	sim68	Eso-AdenoCa	cna117
8	71979266	72300018	1	0	sim68	Eso-AdenoCa	cna118
8	72300019	81377056	4	0	sim68	Eso-AdenoCa	cna119
8	81377057	131056603	2	2	sim68	Eso-AdenoCa	cna120
8	131056604	131077800	1	0	sim68	Eso-AdenoCa	cna121
8	131077801	146364022	2	1	sim68	Eso-AdenoCa	cna122
9	1	106813731	4	1	sim68	Eso-AdenoCa	cna123
9	106813732	106872809	3	0	sim68	Eso-AdenoCa	cna124
9	106872810	108179363	3	1	sim68	Eso-AdenoCa	cna125
9	108179364	135893645	2	1	sim68	Eso-AdenoCa	cna126
9	135893646	135923737	4	3	sim68	Eso-AdenoCa	cna127
9	135923738	139247635	2	0	sim68	Eso-AdenoCa	cna128
9	139247636	141213431	2	1	sim68	Eso-AdenoCa	cna129
10	1	135534747	2	2	sim68	Eso-AdenoCa	cna130
11	1	43808630	1	0	sim68	Eso-AdenoCa	cna131
11	43808631	89209372	2	1	sim68	Eso-AdenoCa	cna132
11	89209373	130330078	1	0	sim68	Eso-AdenoCa	cna133
11	130330079	134115650	3	2	sim68	Eso-AdenoCa	cna134
11	134115651	134257934	4	1	sim68	Eso-AdenoCa	cna135
11	134257935	134826104	2	1	sim68	Eso-AdenoCa	cna136
11	134826105	135006516	2	0	sim68	Eso-AdenoCa	cna137
12	1	10845558	1	0	sim68	Eso-AdenoCa	cna138
12	10845559	91580156	2	2	sim68	Eso-AdenoCa	cna139
12	91580157	124148473	2	1	sim68	Eso-AdenoCa	cna140
12	124148474	131846438	3	2	sim68	Eso-AdenoCa	cna141
12	131846439	133384483	7	1	sim68	Eso-AdenoCa	cna142
12	133384484	133509315	1	0	sim68	Eso-AdenoCa	cna143
12	133509316	133851895	3	2	sim68	Eso-AdenoCa	cna144
13	1	115169878	1	0	sim68	Eso-AdenoCa	cna145
14	1	107349540	2	1	sim68	Eso-AdenoCa	cna146
15	1	102531392	2	1	sim68	Eso-AdenoCa	cna147
16	1	43278393	2	1	sim68	Eso-AdenoCa	cna148
16	43278394	74078075	2	0	sim68	Eso-AdenoCa	cna149
16	74078076	89302018	2	1	sim68	Eso-AdenoCa	cna150
16	89302019	90354753	3	0	sim68	Eso-AdenoCa	cna151
17	1	81195210	2	0	sim68	Eso-AdenoCa	cna152
18	1	78077248	1	0	sim68	Eso-AdenoCa	cna153
19	1	4626230	1	0	sim68	Eso-AdenoCa	cna154
19	4626231	5286049	2	1	sim68	Eso-AdenoCa	cna155
19	5286050	59128983	1	0	sim68	Eso-AdenoCa	cna156
20	1	5930468	2	1	sim68	Eso-AdenoCa	cna157
20	5930469	25992543	3	1	sim68	Eso-AdenoCa	cna158
20	25992544	62859110	2	1	sim68	Eso-AdenoCa	cna159
20	62859111	63025520	2	2	sim68	Eso-AdenoCa	cna160
21	1	469719	2	2	sim68	Eso-AdenoCa	cna161
21	469720	8369787	2	0	sim68	Eso-AdenoCa	cna162
21	8369788	8548448	2	1	sim68	Eso-AdenoCa	cna163
21	8548449	48129895	1	0	sim68	Eso-AdenoCa	cna164
22	1	42526128	2	1	sim68	Eso-AdenoCa	cna165
22	42526129	46315768	1	0	sim68	Eso-AdenoCa	cna166
22	46315769	46512145	2	2	sim68	Eso-AdenoCa	cna167
22	46512146	51084659	2	0	sim68	Eso-AdenoCa	cna168
22	51084660	51104980	5	2	sim68	Eso-AdenoCa	cna169
22	51104981	51304566	2	2	sim68	Eso-AdenoCa	cna170
X	1	1375185	2	0	sim68	Eso-AdenoCa	cna171
X	1375186	102215837	1	0	sim68	Eso-AdenoCa	cna172
X	102215838	109007749	2	1	sim68	Eso-AdenoCa	cna173
X	109007750	149866134	1	0	sim68	Eso-AdenoCa	cna174
X	149866135	150021610	3	2	sim68	Eso-AdenoCa	cna175
X	150021611	150628008	3	1	sim68	Eso-AdenoCa	cna176
X	150628009	150746981	4	0	sim68	Eso-AdenoCa	cna177
X	150746982	151194670	3	2	sim68	Eso-AdenoCa	cna178
X	151194671	151405339	4	2	sim68	Eso-AdenoCa	cna179
X	151405340	155270560	3	1	sim68	Eso-AdenoCa	cna180
Y	1	15232945	3	1	sim68	Eso-AdenoCa	cna181
Y	15232946	27102791	1	0	sim68	Eso-AdenoCa	cna182
Y	27102792	59373566	2	1	sim68	Eso-AdenoCa	cna183
