chrom	start	end	major_cn	minor_cn	donor_id	study	id
1	1	658076	2	1	sim91	Eso-AdenoCa	cna0
1	658077	1941636	3	1	sim91	Eso-AdenoCa	cna1
1	1941637	2021750	2	2	sim91	Eso-AdenoCa	cna2
1	2021751	2133393	2	1	sim91	Eso-AdenoCa	cna3
1	2133394	2393162	1	0	sim91	Eso-AdenoCa	cna4
1	2393163	64006136	2	1	sim91	Eso-AdenoCa	cna5
1	64006137	144139644	2	0	sim91	Eso-AdenoCa	cna6
1	144139645	241365886	3	2	sim91	Eso-AdenoCa	cna7
1	241365887	248001170	2	0	sim91	Eso-AdenoCa	cna8
1	248001171	248161977	0	0	sim91	Eso-AdenoCa	cna9
1	248161978	248412208	1	0	sim91	Eso-AdenoCa	cna10
1	248412209	249250621	4	3	sim91	Eso-AdenoCa	cna11
2	1	61404859	1	1	sim91	Eso-AdenoCa	cna12
2	61404860	61600091	0	0	sim91	Eso-AdenoCa	cna13
2	61600092	66593009	1	0	sim91	Eso-AdenoCa	cna14
2	66593010	110382582	3	2	sim91	Eso-AdenoCa	cna15
2	110382583	141580393	2	0	sim91	Eso-AdenoCa	cna16
2	141580394	141960181	2	1	sim91	Eso-AdenoCa	cna17
2	141960182	142034845	4	1	sim91	Eso-AdenoCa	cna18
2	142034846	165707509	1	0	sim91	Eso-AdenoCa	cna19
2	165707510	207615243	2	0	sim91	Eso-AdenoCa	cna20
2	207615244	208188824	6	2	sim91	Eso-AdenoCa	cna21
2	208188825	208271623	4	1	sim91	Eso-AdenoCa	cna22
2	208271624	212290296	1	1	sim91	Eso-AdenoCa	cna23
2	212290297	212452506	2	0	sim91	Eso-AdenoCa	cna24
2	212452507	215387894	0	0	sim91	Eso-AdenoCa	cna25
2	215387895	218936411	2	0	sim91	Eso-AdenoCa	cna26
2	218936412	243199373	2	1	sim91	Eso-AdenoCa	cna27
3	1	47675880	1	0	sim91	Eso-AdenoCa	cna28
3	47675881	51670142	2	1	sim91	Eso-AdenoCa	cna29
3	51670143	106365005	1	1	sim91	Eso-AdenoCa	cna30
3	106365006	119482117	2	2	sim91	Eso-AdenoCa	cna31
3	119482118	119808076	1	1	sim91	Eso-AdenoCa	cna32
3	119808077	119886386	2	1	sim91	Eso-AdenoCa	cna33
3	119886387	120015292	1	0	sim91	Eso-AdenoCa	cna34
3	120015293	171210219	2	2	sim91	Eso-AdenoCa	cna35
3	171210220	198022430	2	0	sim91	Eso-AdenoCa	cna36
4	1	27898247	1	0	sim91	Eso-AdenoCa	cna37
4	27898248	28099905	0	0	sim91	Eso-AdenoCa	cna38
4	28099906	34518427	2	0	sim91	Eso-AdenoCa	cna39
4	34518428	167480077	4	1	sim91	Eso-AdenoCa	cna40
4	167480078	167742412	2	0	sim91	Eso-AdenoCa	cna41
4	167742413	185719533	1	0	sim91	Eso-AdenoCa	cna42
4	185719534	187025451	2	1	sim91	Eso-AdenoCa	cna43
4	187025452	189467759	3	2	sim91	Eso-AdenoCa	cna44
4	189467760	189780920	3	1	sim91	Eso-AdenoCa	cna45
4	189780921	190740871	2	0	sim91	Eso-AdenoCa	cna46
4	190740872	191143743	4	1	sim91	Eso-AdenoCa	cna47
4	191143744	191154276	1	0	sim91	Eso-AdenoCa	cna48
5	1	71251594	2	1	sim91	Eso-AdenoCa	cna49
5	71251595	72376093	1	0	sim91	Eso-AdenoCa	cna50
5	72376094	72528922	2	1	sim91	Eso-AdenoCa	cna51
5	72528923	143203285	3	2	sim91	Eso-AdenoCa	cna52
5	143203286	143288024	3	0	sim91	Eso-AdenoCa	cna53
5	143288025	151722637	2	0	sim91	Eso-AdenoCa	cna54
5	151722638	161765349	3	0	sim91	Eso-AdenoCa	cna55
5	161765350	180569406	1	0	sim91	Eso-AdenoCa	cna56
5	180569407	180791340	2	0	sim91	Eso-AdenoCa	cna57
5	180791341	180915260	1	1	sim91	Eso-AdenoCa	cna58
6	1	3214421	2	0	sim91	Eso-AdenoCa	cna59
6	3214422	4219368	4	2	sim91	Eso-AdenoCa	cna60
6	4219369	107681821	2	1	sim91	Eso-AdenoCa	cna61
6	107681822	108060197	0	0	sim91	Eso-AdenoCa	cna62
6	108060198	138862468	1	0	sim91	Eso-AdenoCa	cna63
6	138862469	139113707	2	0	sim91	Eso-AdenoCa	cna64
6	139113708	151788537	2	1	sim91	Eso-AdenoCa	cna65
6	151788538	160123196	1	0	sim91	Eso-AdenoCa	cna66
6	160123197	171115067	1	1	sim91	Eso-AdenoCa	cna67
7	1	50755941	2	0	sim91	Eso-AdenoCa	cna68
7	50755942	107541141	2	3	sim91	Eso-AdenoCa	cna69
7	107541142	130325589	2	1	sim91	Eso-AdenoCa	cna70
7	130325590	159138663	2	0	sim91	Eso-AdenoCa	cna71
8	1	86501908	1	1	sim91	Eso-AdenoCa	cna72
8	86501909	86677234	2	1	sim91	Eso-AdenoCa	cna73
8	86677235	115274559	4	2	sim91	Eso-AdenoCa	cna74
8	115274560	146364022	2	1	sim91	Eso-AdenoCa	cna75
9	1	12423630	1	1	sim91	Eso-AdenoCa	cna76
9	12423631	13670586	2	0	sim91	Eso-AdenoCa	cna77
9	13670587	14109792	3	1	sim91	Eso-AdenoCa	cna78
9	14109793	86805006	2	0	sim91	Eso-AdenoCa	cna79
9	86805007	87668187	1	0	sim91	Eso-AdenoCa	cna80
9	87668188	89107177	3	1	sim91	Eso-AdenoCa	cna81
9	89107178	135396955	2	2	sim91	Eso-AdenoCa	cna82
9	135396956	140901850	1	0	sim91	Eso-AdenoCa	cna83
9	140901851	141213431	2	1	sim91	Eso-AdenoCa	cna84
10	1	62053566	4	1	sim91	Eso-AdenoCa	cna85
10	62053567	62089726	0	0	sim91	Eso-AdenoCa	cna86
10	62089727	135534747	2	2	sim91	Eso-AdenoCa	cna87
11	1	85663026	1	1	sim91	Eso-AdenoCa	cna88
11	85663027	86308262	3	2	sim91	Eso-AdenoCa	cna89
11	86308263	86506655	3	1	sim91	Eso-AdenoCa	cna90
11	86506656	135006516	2	1	sim91	Eso-AdenoCa	cna91
12	1	133851895	2	2	sim91	Eso-AdenoCa	cna92
13	1	115169878	2	1	sim91	Eso-AdenoCa	cna93
14	1	19859721	1	1	sim91	Eso-AdenoCa	cna94
14	19859722	29403091	1	0	sim91	Eso-AdenoCa	cna95
14	29403092	107282060	1	1	sim91	Eso-AdenoCa	cna96
14	107282061	107304598	3	0	sim91	Eso-AdenoCa	cna97
14	107304599	107349540	3	1	sim91	Eso-AdenoCa	cna98
15	1	102397449	2	1	sim91	Eso-AdenoCa	cna99
15	102397450	102531392	3	1	sim91	Eso-AdenoCa	cna100
16	1	90354753	2	1	sim91	Eso-AdenoCa	cna101
17	1	64863991	2	1	sim91	Eso-AdenoCa	cna102
17	64863992	81195210	2	0	sim91	Eso-AdenoCa	cna103
18	1	78077248	4	0	sim91	Eso-AdenoCa	cna104
19	1	59128983	4	0	sim91	Eso-AdenoCa	cna105
20	1	63025520	2	1	sim91	Eso-AdenoCa	cna106
21	1	304914	2	2	sim91	Eso-AdenoCa	cna107
21	304915	17782242	1	0	sim91	Eso-AdenoCa	cna108
21	17782243	40483622	2	2	sim91	Eso-AdenoCa	cna109
21	40483623	40499609	1	1	sim91	Eso-AdenoCa	cna110
21	40499610	48129895	2	0	sim91	Eso-AdenoCa	cna111
22	1	4894734	1	0	sim91	Eso-AdenoCa	cna112
22	4894735	51304566	2	1	sim91	Eso-AdenoCa	cna113
X	1	38074574	7	1	sim91	Eso-AdenoCa	cna114
X	38074575	38120902	3	3	sim91	Eso-AdenoCa	cna115
X	38120903	38200158	1	0	sim91	Eso-AdenoCa	cna116
X	38200159	38248767	3	1	sim91	Eso-AdenoCa	cna117
X	38248768	41741676	1	1	sim91	Eso-AdenoCa	cna118
X	41741677	41773951	1	0	sim91	Eso-AdenoCa	cna119
X	41773952	41794059	2	1	sim91	Eso-AdenoCa	cna120
X	41794060	66207748	1	0	sim91	Eso-AdenoCa	cna121
X	66207749	75669868	2	0	sim91	Eso-AdenoCa	cna122
X	75669869	75853570	0	0	sim91	Eso-AdenoCa	cna123
X	75853571	75889405	1	0	sim91	Eso-AdenoCa	cna124
X	75889406	78319503	1	1	sim91	Eso-AdenoCa	cna125
X	78319504	145251128	4	0	sim91	Eso-AdenoCa	cna126
X	145251129	146875644	1	1	sim91	Eso-AdenoCa	cna127
X	146875645	155270560	2	1	sim91	Eso-AdenoCa	cna128
