chrom1	start1	end1	chrom2	start2	end2	strand1	strand2	svclass	id	allele	donor_id	tumor
1	1	2	1	2189263	2189264	-	+	DUP	cna0	major	sim25	Eso-AdenoCa
1	2189264	2189265	1	70892627	70892628	-	+	DUP	cna1	major	sim25	Eso-AdenoCa
1	2189264	2189265	1	70892627	70892628	+	-	DEL	cna1	minor	sim25	Eso-AdenoCa
1	7998000	7998001	1	42042681	42042682	-	-	t2tINV	cna1	major	sim25	Eso-AdenoCa
1	21420900	21420901	1	21441696	21441697	-	-	t2tINV	cna1	major	sim25	Eso-AdenoCa
1	32556900	32556901	1	38331636	38331637	+	+	h2hINV	cna1	major	sim25	Eso-AdenoCa
1	33560944	70892627	2	153254681	206634580	-	+	TRA	cna32,cna1	major,major	sim25	Eso-AdenoCa
1	48393500	48393501	1	48413628	48413629	+	+	h2hINV	cna1	major	sim25	Eso-AdenoCa
1	51491500	51491501	1	52670281	52670282	-	-	t2tINV	cna1	major	sim25	Eso-AdenoCa
1	56437800	56437801	1	56458781	56458782	-	-	t2tINV	cna1	major	sim25	Eso-AdenoCa
1	70892628	70892629	1	74048627	74048628	+	-	DEL	cna2	minor	sim25	Eso-AdenoCa
1	74048628	74048629	1	82987142	82987143	-	+	DUP	cna3	major	sim25	Eso-AdenoCa
1	74048628	74048629	1	82987142	82987143	+	-	DEL	cna3	minor	sim25	Eso-AdenoCa
1	75758300	75758301	1	75768303	75768304	+	+	h2hINV	cna3	major	sim25	Eso-AdenoCa
1	82987143	82987144	1	83465955	83465956	-	+	DUP	cna4	major	sim25	Eso-AdenoCa
1	82987143	82987144	1	83465955	83465956	-	+	DUP	cna4	minor	sim25	Eso-AdenoCa
1	83821641	83821642	1	84780132	84780133	+	-	DEL	cna6	minor	sim25	Eso-AdenoCa
1	84780133	84780134	1	84935709	84935710	-	+	DUP	cna7	major	sim25	Eso-AdenoCa
1	84935710	84935711	1	86710324	86710325	-	+	DUP	cna8	major	sim25	Eso-AdenoCa
1	95709100	95709101	1	101558020	101558021	+	+	h2hINV	cna9	minor	sim25	Eso-AdenoCa
1	142735875	142735876	1	186095082	186095083	-	+	DUP	cna10	major	sim25	Eso-AdenoCa
1	142735875	142735876	1	186095082	186095083	-	+	DUP	cna10	minor	sim25	Eso-AdenoCa
1	142735875	146320482	19	48369778	59128983	+	-	TRA	cna178,cna10	major,minor	sim25	Eso-AdenoCa
1	171181700	171181701	1	233049910	233049911	+	+	h2hINV	cna10	minor	sim25	Eso-AdenoCa
1	172284985	186095082	18	20678026	62822953	-	-	TRA	cna173,cna10	minor,minor	sim25	Eso-AdenoCa
1	174121000	174121001	1	175097426	175097427	-	-	t2tINV	cna10	minor	sim25	Eso-AdenoCa
1	177638093	186095082	12	82729894	133851895	-	-	TRA	cna139,cna10	minor,major	sim25	Eso-AdenoCa
1	186095083	186095084	1	186115224	186115225	+	-	DEL	cna11	minor	sim25	Eso-AdenoCa
1	186115225	186115226	1	200879758	200879759	-	+	DUP	cna12	major	sim25	Eso-AdenoCa
1	195486558	200879758	12	73787994	133851895	-	-	TRA	cna139,cna12	major,minor	sim25	Eso-AdenoCa
1	196623800	196623801	1	216569393	216569394	+	+	h2hINV	cna12	minor	sim25	Eso-AdenoCa
1	200879759	200879760	1	209932440	209932441	-	+	DUP	cna13	major	sim25	Eso-AdenoCa
1	200879759	200879760	1	209932440	209932441	-	+	DUP	cna13	minor	sim25	Eso-AdenoCa
1	207525507	209932440	11	72228010	87461178	-	-	TRA	cna129,cna13	minor,minor	sim25	Eso-AdenoCa
1	209932441	209932442	1	209962447	209962448	-	+	DUP	cna14	major	sim25	Eso-AdenoCa
1	209932441	209932442	1	209962447	209962448	-	+	DUP	cna14	minor	sim25	Eso-AdenoCa
1	209962448	209962449	1	212471469	212471470	+	-	DEL	cna15	minor	sim25	Eso-AdenoCa
1	212471470	212471471	1	212643162	212643163	-	+	DUP	cna16	major	sim25	Eso-AdenoCa
1	212643163	212643164	1	212952185	212952186	+	-	DEL	cna17	minor	sim25	Eso-AdenoCa
1	212952186	212952187	1	213974490	213974491	-	+	DUP	cna18	major	sim25	Eso-AdenoCa
1	212952186	212952187	1	213974490	213974491	-	+	DUP	cna18	minor	sim25	Eso-AdenoCa
1	213974491	213974492	1	214636993	214636994	-	+	DUP	cna19	major	sim25	Eso-AdenoCa
1	221777900	221777901	1	221787906	221787907	-	-	t2tINV	cna20	major	sim25	Eso-AdenoCa
1	231613300	231613301	1	241447539	241447540	+	+	h2hINV	cna20	major	sim25	Eso-AdenoCa
1	235739814	235739815	1	235801112	235801113	+	-	DEL	cna21	minor	sim25	Eso-AdenoCa
1	235801113	235801114	1	249250621	249250622	-	+	DUP	cna22	major	sim25	Eso-AdenoCa
1	235801113	235801114	1	249250621	249250622	+	-	DEL	cna22	minor	sim25	Eso-AdenoCa
1	246935500	249250621	20	41284665	46149837	-	+	TRA	cna22,cna183	minor,major	sim25	Eso-AdenoCa
2	1	2	2	25611860	25611861	-	+	DUP	cna23	major	sim25	Eso-AdenoCa
2	1	2	2	25611860	25611861	+	-	DEL	cna23	minor	sim25	Eso-AdenoCa
2	1	20092054	20	44376295	63025520	+	-	TRA	cna183,cna23	minor,major	sim25	Eso-AdenoCa
2	25611861	25611862	2	26927885	26927886	+	-	DEL	cna24	minor	sim25	Eso-AdenoCa
2	27199932	27199933	2	27239979	27239980	-	+	DUP	cna26	major	sim25	Eso-AdenoCa
2	27239980	27239981	2	27368414	27368415	-	+	DUP	cna27	major	sim25	Eso-AdenoCa
2	27239980	27239981	2	27368414	27368415	-	+	DUP	cna27	minor	sim25	Eso-AdenoCa
2	27368415	27368416	2	141878999	141879000	-	+	DUP	cna28	major	sim25	Eso-AdenoCa
2	27368415	39195025	20	35094162	35873096	+	+	TRA	cna180,cna28	major,major	sim25	Eso-AdenoCa
2	40960179	40960180	2	42869746	42869747	-	-	t2tINV	cna28	minor	sim25	Eso-AdenoCa
2	42324579	42324580	2	55820324	55820325	-	-	t2tINV	cna28	minor	sim25	Eso-AdenoCa
2	67527779	67527780	2	67946999	67947000	-	-	t2tINV	cna28	minor	sim25	Eso-AdenoCa
2	88878790	141878999	15	73818981	78760876	-	-	TRA	cna161,cna28	minor,minor	sim25	Eso-AdenoCa
2	89131079	89131080	2	89415035	89415036	-	-	t2tINV	cna28	minor	sim25	Eso-AdenoCa
2	102571879	102571880	2	110460240	110460241	-	-	t2tINV	cna28	minor	sim25	Eso-AdenoCa
2	141879000	141879001	2	146944730	146944731	-	+	DUP	cna29	major	sim25	Eso-AdenoCa
2	141879000	141879001	2	146944730	146944731	-	+	DUP	cna29	minor	sim25	Eso-AdenoCa
2	146944731	146944732	2	153235063	153235064	-	+	DUP	cna30	major	sim25	Eso-AdenoCa
2	153235064	153235065	2	153254680	153254681	+	-	DEL	cna31	minor	sim25	Eso-AdenoCa
2	167743279	167743280	2	174680897	174680898	+	+	h2hINV	cna32	minor	sim25	Eso-AdenoCa
2	187223579	207896452	10	120712814	127950615	-	+	TRA	cna32,cna128	minor,minor	sim25	Eso-AdenoCa
2	190799279	190799280	2	193168125	193168126	+	+	h2hINV	cna32	minor	sim25	Eso-AdenoCa
2	206144879	206144880	2	206700709	206700710	-	-	t2tINV	cna32	minor	sim25	Eso-AdenoCa
2	207896453	207896454	2	208006845	208006846	-	+	DUP	cna33	major	sim25	Eso-AdenoCa
2	208006846	208006847	2	209578651	209578652	-	+	DUP	cna34	major	sim25	Eso-AdenoCa
2	208006846	208006847	2	209578651	209578652	-	+	DUP	cna34	minor	sim25	Eso-AdenoCa
2	209578652	209578653	2	210884898	210884899	-	+	DUP	cna35	major	sim25	Eso-AdenoCa
2	210884899	210884900	2	210933300	210933301	-	+	DUP	cna36	major	sim25	Eso-AdenoCa
2	210884899	210884900	2	210933300	210933301	-	+	DUP	cna36	minor	sim25	Eso-AdenoCa
2	210933301	210933302	2	234097647	234097648	-	+	DUP	cna37	major	sim25	Eso-AdenoCa
2	210933301	210933302	2	234097647	234097648	-	+	DUP	cna37	minor	sim25	Eso-AdenoCa
2	212336579	212336580	2	212407657	212407658	+	+	h2hINV	cna37	major	sim25	Eso-AdenoCa
2	234097648	234097649	2	240569391	240569392	-	+	DUP	cna38	major	sim25	Eso-AdenoCa
2	234097648	234097649	2	240569391	240569392	+	-	DEL	cna38	minor	sim25	Eso-AdenoCa
2	239420379	239420380	2	240093998	240093999	-	-	t2tINV	cna38	major	sim25	Eso-AdenoCa
2	240569392	240569393	2	241792113	241792114	-	+	DUP	cna39	major	sim25	Eso-AdenoCa
2	240569392	240569393	2	241792113	241792114	-	+	DUP	cna39	minor	sim25	Eso-AdenoCa
2	241792114	241792115	2	241935044	241935045	-	+	DUP	cna40	major	sim25	Eso-AdenoCa
2	241935045	241935046	2	243199373	243199374	-	+	DUP	cna41	major	sim25	Eso-AdenoCa
3	1	2	3	168556784	168556785	+	-	DEL	cna42	minor	sim25	Eso-AdenoCa
3	2311006	2311007	3	2367493	2367494	-	-	t2tINV	cna42	major	sim25	Eso-AdenoCa
3	78960506	78960507	3	78970554	78970555	-	-	t2tINV	cna42	major	sim25	Eso-AdenoCa
3	87565806	87565807	3	87881986	87881987	+	+	h2hINV	cna42	major	sim25	Eso-AdenoCa
3	100329006	100329007	3	102077374	102077375	+	+	h2hINV	cna42	major	sim25	Eso-AdenoCa
3	111751406	111751407	3	112259484	112259485	+	+	h2hINV	cna42	major	sim25	Eso-AdenoCa
3	126000006	168556784	7	120554701	149480220	-	-	TRA	cna42,cna100	major,major	sim25	Eso-AdenoCa
3	126625642	168556784	12	66435294	70573983	-	-	TRA	cna137,cna42	major,minor	sim25	Eso-AdenoCa
3	132877706	132877707	3	136447290	136447291	+	+	h2hINV	cna42	major	sim25	Eso-AdenoCa
3	143229406	143229407	3	143428012	143428013	-	-	t2tINV	cna42	major	sim25	Eso-AdenoCa
3	168556785	168556786	3	169250336	169250337	-	+	DUP	cna43	major	sim25	Eso-AdenoCa
3	168556785	168556786	3	169250336	169250337	-	+	DUP	cna43	minor	sim25	Eso-AdenoCa
3	171101759	171101760	3	194678000	194678001	-	+	DUP	cna45	major	sim25	Eso-AdenoCa
3	171101759	171101760	3	194678000	194678001	+	-	DEL	cna45	minor	sim25	Eso-AdenoCa
3	175926806	175926807	3	175936807	175936808	-	-	t2tINV	cna45	major	sim25	Eso-AdenoCa
3	177834206	177834207	3	177936839	177936840	+	+	h2hINV	cna45	major	sim25	Eso-AdenoCa
3	197927497	197927498	3	198022430	198022431	+	-	DEL	cna47	minor	sim25	Eso-AdenoCa
4	1	2	4	807628	807629	+	-	DEL	cna48	minor	sim25	Eso-AdenoCa
4	807629	807630	4	10196046	10196047	-	+	DUP	cna49	major	sim25	Eso-AdenoCa
4	10196047	10196048	4	10297081	10297082	+	-	DEL	cna50	minor	sim25	Eso-AdenoCa
4	10297082	10297083	4	11957866	11957867	-	+	DUP	cna51	major	sim25	Eso-AdenoCa
4	10297082	10297083	4	11957866	11957867	-	+	DUP	cna51	minor	sim25	Eso-AdenoCa
4	18421876	18421877	4	18431877	18431878	+	+	h2hINV	cna52	minor	sim25	Eso-AdenoCa
4	24144476	24144477	4	25755803	25755804	-	-	t2tINV	cna52	major	sim25	Eso-AdenoCa
4	43221176	43221177	4	43682306	43682307	+	+	h2hINV	cna52	major	sim25	Eso-AdenoCa
4	45660876	45660877	4	47012404	47012405	+	+	h2hINV	cna52	minor	sim25	Eso-AdenoCa
4	54991376	54991377	4	55011409	55011410	+	+	h2hINV	cna52	minor	sim25	Eso-AdenoCa
4	55534876	55534877	4	63957270	63957271	-	-	t2tINV	cna52	major	sim25	Eso-AdenoCa
4	66810881	66810882	4	103182471	103182472	-	+	DUP	cna53	major	sim25	Eso-AdenoCa
4	66810881	66810882	4	103182471	103182472	-	+	DUP	cna53	minor	sim25	Eso-AdenoCa
4	98213676	98213677	4	106537364	106537365	+	+	h2hINV	cna53	major	sim25	Eso-AdenoCa
4	103182472	103182473	4	108760764	108760765	+	-	DEL	cna54	minor	sim25	Eso-AdenoCa
4	108760765	108760766	4	112288780	112288781	-	+	DUP	cna55	major	sim25	Eso-AdenoCa
4	108760765	108760766	4	112288780	112288781	-	+	DUP	cna55	minor	sim25	Eso-AdenoCa
4	112288781	112288782	4	112731200	112731201	-	+	DUP	cna56	major	sim25	Eso-AdenoCa
4	112731201	112731202	4	127763613	127763614	-	+	DUP	cna57	major	sim25	Eso-AdenoCa
4	112731201	112731202	4	127763613	127763614	+	-	DEL	cna57	minor	sim25	Eso-AdenoCa
4	113317376	113317377	4	113327381	113327382	-	-	t2tINV	cna57	major	sim25	Eso-AdenoCa
4	115077876	115077877	4	131760330	131760331	-	-	t2tINV	cna59	major	sim25	Eso-AdenoCa
4	127763614	127763615	4	128551815	128551816	-	+	DUP	cna58	major	sim25	Eso-AdenoCa
4	127763614	127763615	4	128551815	128551816	+	-	DEL	cna58	minor	sim25	Eso-AdenoCa
4	128551816	128551817	4	164348844	164348845	-	+	DUP	cna59	major	sim25	Eso-AdenoCa
4	165161379	165161380	4	166735100	166735101	-	+	DUP	cna61	major	sim25	Eso-AdenoCa
4	166735101	166735102	4	172371250	172371251	-	+	DUP	cna62	major	sim25	Eso-AdenoCa
4	166735101	166735102	4	172371250	172371251	+	-	DEL	cna62	minor	sim25	Eso-AdenoCa
4	172371251	172371252	4	173590562	173590563	-	+	DUP	cna63	major	sim25	Eso-AdenoCa
4	173590563	173590564	4	173810219	173810220	-	+	DUP	cna64	major	sim25	Eso-AdenoCa
4	173590563	173590564	4	173810219	173810220	-	+	DUP	cna64	minor	sim25	Eso-AdenoCa
4	173810220	173810221	4	191154276	191154277	-	+	DUP	cna65	major	sim25	Eso-AdenoCa
4	175256576	175256577	4	175266585	175266586	-	-	t2tINV	cna65	minor	sim25	Eso-AdenoCa
4	181204376	191154276	15	13313559	28294291	-	+	TRA	cna65,cna160	minor,major	sim25	Eso-AdenoCa
4	184793176	184793177	4	188124537	188124538	-	-	t2tINV	cna65	major	sim25	Eso-AdenoCa
5	23399000	23399001	5	25841760	25841761	+	+	h2hINV	cna66	minor	sim25	Eso-AdenoCa
5	58188519	58188520	5	58198037	58198038	-	+	DUP	cna67	major	sim25	Eso-AdenoCa
5	58198038	58198039	5	58256318	58256319	-	+	DUP	cna68	major	sim25	Eso-AdenoCa
5	58198038	58198039	5	58256318	58256319	-	+	DUP	cna68	minor	sim25	Eso-AdenoCa
5	58256319	58256320	5	74110283	74110284	+	-	DEL	cna69	minor	sim25	Eso-AdenoCa
5	73882700	73882701	5	73892704	73892705	-	-	t2tINV	cna69	major	sim25	Eso-AdenoCa
5	74110284	74110285	5	83771182	83771183	-	+	DUP	cna70	major	sim25	Eso-AdenoCa
5	84464347	84464348	5	100859569	100859570	-	+	DUP	cna72	major	sim25	Eso-AdenoCa
5	100859570	100859571	5	101181090	101181091	-	+	DUP	cna73	major	sim25	Eso-AdenoCa
5	101181091	101181092	5	110334339	110334340	-	+	DUP	cna74	major	sim25	Eso-AdenoCa
5	101181091	101181092	5	110334339	110334340	-	+	DUP	cna74	minor	sim25	Eso-AdenoCa
5	110334340	110334341	5	110571847	110571848	-	+	DUP	cna75	major	sim25	Eso-AdenoCa
5	110571848	110571849	5	127072335	127072336	-	+	DUP	cna76	major	sim25	Eso-AdenoCa
5	126288300	126288301	5	139417319	139417320	+	+	h2hINV	cna76	minor	sim25	Eso-AdenoCa
5	127072336	127072337	5	131905898	131905899	-	+	DUP	cna77	major	sim25	Eso-AdenoCa
5	127072336	127072337	5	131905898	131905899	+	-	DEL	cna77	minor	sim25	Eso-AdenoCa
5	131905899	131905900	5	131976563	131976564	-	+	DUP	cna78	major	sim25	Eso-AdenoCa
5	131976564	131976565	5	141361204	141361205	-	+	DUP	cna79	major	sim25	Eso-AdenoCa
5	141361205	141361206	5	172985378	172985379	-	+	DUP	cna80	major	sim25	Eso-AdenoCa
5	141361205	141361206	5	172985378	172985379	+	-	DEL	cna80	minor	sim25	Eso-AdenoCa
5	141361205	164938601	7	30825358	48749424	+	+	TRA	cna80,cna96	major,minor	sim25	Eso-AdenoCa
5	164396200	172985378	11	34034397	87461178	-	-	TRA	cna80,cna129	major,major	sim25	Eso-AdenoCa
6	1	2	6	10182871	10182872	+	-	DEL	cna82	minor	sim25	Eso-AdenoCa
6	12678844	12678845	6	15809764	15809765	-	+	DUP	cna84	major	sim25	Eso-AdenoCa
6	12678844	12678845	6	15809764	15809765	-	+	DUP	cna84	minor	sim25	Eso-AdenoCa
6	12848640	12848641	6	13544737	13544738	+	+	h2hINV	cna84	minor	sim25	Eso-AdenoCa
6	13104540	13104541	6	14607877	14607878	-	-	t2tINV	cna84	minor	sim25	Eso-AdenoCa
6	15537340	15537341	6	15916941	15916942	+	+	h2hINV	cna84	minor	sim25	Eso-AdenoCa
6	15794540	15794541	6	15804546	15804547	+	+	h2hINV	cna84	minor	sim25	Eso-AdenoCa
6	16218294	16218295	6	16598558	16598559	-	+	DUP	cna86	major	sim25	Eso-AdenoCa
6	16218294	16218295	6	16598558	16598559	-	+	DUP	cna86	minor	sim25	Eso-AdenoCa
6	16598559	16598560	6	16682649	16682650	-	+	DUP	cna87	major	sim25	Eso-AdenoCa
6	16598559	16598560	6	16682649	16682650	+	-	DEL	cna87	minor	sim25	Eso-AdenoCa
6	16682650	16682651	6	18307847	18307848	-	+	DUP	cna88	major	sim25	Eso-AdenoCa
6	18307848	18307849	6	57216182	57216183	-	+	DUP	cna89	major	sim25	Eso-AdenoCa
6	18307848	18307849	6	57216182	57216183	+	-	DEL	cna89	minor	sim25	Eso-AdenoCa
6	34265740	34265741	6	35010964	35010965	-	-	t2tINV	cna89	major	sim25	Eso-AdenoCa
6	50239144	57216182	X	82356788	100518015	-	+	TRA	cna188,cna89	minor,minor	sim25	Eso-AdenoCa
6	64296340	64296341	6	84216732	84216733	+	+	h2hINV	cna90	minor	sim25	Eso-AdenoCa
6	74493340	126456952	15	93117729	102531392	-	-	TRA	cna90,cna162	minor,major	sim25	Eso-AdenoCa
6	75139540	75139541	6	75235776	75235777	+	+	h2hINV	cna90	minor	sim25	Eso-AdenoCa
6	113493640	113493641	6	151904675	151904676	-	-	t2tINV	cna91	minor	sim25	Eso-AdenoCa
6	126456953	126456954	6	160561517	160561518	-	+	DUP	cna91	major	sim25	Eso-AdenoCa
6	150937040	150937041	6	150947046	150947047	-	-	t2tINV	cna91	minor	sim25	Eso-AdenoCa
6	155613640	155613641	6	157552243	157552244	-	-	t2tINV	cna91	major	sim25	Eso-AdenoCa
6	162344040	162344041	6	162354047	162354048	-	-	t2tINV	cna92	major	sim25	Eso-AdenoCa
6	164861840	164861841	6	164871850	164871851	-	-	t2tINV	cna92	minor	sim25	Eso-AdenoCa
6	167896073	167896074	6	171115067	171115068	-	+	DUP	cna93	major	sim25	Eso-AdenoCa
7	4754473	4754474	7	28645316	28645317	+	+	h2hINV	cna94	major	sim25	Eso-AdenoCa
7	9488573	9488574	7	9498576	9498577	+	+	h2hINV	cna94	major	sim25	Eso-AdenoCa
7	17011473	29403306	10	102915468	117352062	-	-	TRA	cna94,cna125	minor,major	sim25	Eso-AdenoCa
7	26453173	26453174	7	29104850	29104851	-	-	t2tINV	cna94	major	sim25	Eso-AdenoCa
7	29403307	29403308	7	30825357	30825358	-	+	DUP	cna95	major	sim25	Eso-AdenoCa
7	29594873	29594874	7	53741176	53741177	-	-	t2tINV	cna96	major	sim25	Eso-AdenoCa
7	30825358	30825359	7	81297111	81297112	+	-	DEL	cna96	minor	sim25	Eso-AdenoCa
7	31572573	31572574	7	40326538	40326539	+	+	h2hINV	cna96	major	sim25	Eso-AdenoCa
7	81297112	81297113	7	81422296	81422297	-	+	DUP	cna97	major	sim25	Eso-AdenoCa
7	94536180	94536181	7	94554444	94554445	-	+	DUP	cna99	major	sim25	Eso-AdenoCa
7	94554445	94554446	7	149480220	149480221	-	+	DUP	cna100	major	sim25	Eso-AdenoCa
7	94554445	94554446	7	149480220	149480221	+	-	DEL	cna100	minor	sim25	Eso-AdenoCa
7	99132673	99132674	7	99142685	99142686	-	-	t2tINV	cna100	major	sim25	Eso-AdenoCa
7	100403773	100403774	7	100413777	100413778	+	+	h2hINV	cna100	major	sim25	Eso-AdenoCa
7	137941873	149480220	14	49827498	84215416	-	-	TRA	cna100,cna142	major,minor	sim25	Eso-AdenoCa
8	406046	406047	8	451492	451493	+	-	DEL	cna103	minor	sim25	Eso-AdenoCa
8	451493	31441111	17	24729918	48950918	+	-	TRA	cna104,cna166	minor,minor	sim25	Eso-AdenoCa
8	20036810	20036811	8	20415639	20415640	+	+	h2hINV	cna104	minor	sim25	Eso-AdenoCa
8	33237194	33237195	8	50015551	50015552	-	+	DUP	cna105	major	sim25	Eso-AdenoCa
8	33237194	42500811	12	57139703	70573983	+	-	TRA	cna105,cna137	minor,major	sim25	Eso-AdenoCa
8	37694010	37694011	8	37714103	37714104	-	-	t2tINV	cna105	minor	sim25	Eso-AdenoCa
8	41748410	41748411	8	42039480	42039481	-	-	t2tINV	cna105	minor	sim25	Eso-AdenoCa
8	50015552	50015553	8	52447941	52447942	+	-	DEL	cna106	minor	sim25	Eso-AdenoCa
8	52447942	52447943	8	68011938	68011939	-	+	DUP	cna107	major	sim25	Eso-AdenoCa
8	63821610	63821611	8	97270175	97270176	-	-	t2tINV	cna111	major	sim25	Eso-AdenoCa
8	68011939	68011940	8	68134994	68134995	-	+	DUP	cna108	major	sim25	Eso-AdenoCa
8	68011939	68011940	8	68134994	68134995	+	-	DEL	cna108	minor	sim25	Eso-AdenoCa
8	68134995	68134996	8	83837523	83837524	-	+	DUP	cna109	major	sim25	Eso-AdenoCa
8	68134995	68134996	8	83837523	83837524	-	+	DUP	cna109	minor	sim25	Eso-AdenoCa
8	73227010	73227011	8	73287821	73287822	+	+	h2hINV	cna109	major	sim25	Eso-AdenoCa
8	74021810	74021811	8	74031813	74031814	+	+	h2hINV	cna109	major	sim25	Eso-AdenoCa
8	83837524	83837525	8	85564541	85564542	-	+	DUP	cna110	major	sim25	Eso-AdenoCa
8	85564542	85564543	8	146342142	146342143	-	+	DUP	cna111	major	sim25	Eso-AdenoCa
8	85564542	85564543	8	146342142	146342143	+	-	DEL	cna111	minor	sim25	Eso-AdenoCa
8	128375310	128375311	8	135328518	135328519	-	-	t2tINV	cna111	major	sim25	Eso-AdenoCa
8	139181610	139181611	8	141261447	141261448	+	+	h2hINV	cna111	major	sim25	Eso-AdenoCa
8	146342143	146342144	8	146364022	146364023	-	+	DUP	cna112	major	sim25	Eso-AdenoCa
8	146342143	146342144	8	146364022	146364023	-	+	DUP	cna112	minor	sim25	Eso-AdenoCa
9	1	4128289	21	1	1656424	+	+	TRA	cna113,cna184	major,minor	sim25	Eso-AdenoCa
9	6007088	6007089	9	6017092	6017093	-	-	t2tINV	cna113	minor	sim25	Eso-AdenoCa
9	8609980	8609981	9	9122460	9122461	+	-	DEL	cna114	minor	sim25	Eso-AdenoCa
9	9122461	9122462	9	12761319	12761320	-	+	DUP	cna115	major	sim25	Eso-AdenoCa
9	9122461	9122462	9	12761319	12761320	-	+	DUP	cna115	minor	sim25	Eso-AdenoCa
9	12761320	12761321	9	13740267	13740268	-	+	DUP	cna116	major	sim25	Eso-AdenoCa
9	13740268	13740269	9	141213431	141213432	-	+	DUP	cna117	major	sim25	Eso-AdenoCa
9	13740268	13740269	9	141213431	141213432	-	+	DUP	cna117	minor	sim25	Eso-AdenoCa
9	13861988	13861989	9	17181269	17181270	+	+	h2hINV	cna117	minor	sim25	Eso-AdenoCa
9	17641988	141213431	11	100369610	135006516	-	-	TRA	cna117,cna130	major,major	sim25	Eso-AdenoCa
9	19998688	19998689	9	29740699	29740700	+	+	h2hINV	cna117	major	sim25	Eso-AdenoCa
9	24528988	24528989	9	36406392	36406393	-	-	t2tINV	cna117	major	sim25	Eso-AdenoCa
9	130256288	130256289	9	130266320	130266321	+	+	h2hINV	cna117	major	sim25	Eso-AdenoCa
10	1	2	10	16676430	16676431	-	+	DUP	cna118	major	sim25	Eso-AdenoCa
10	1	2	10	16676430	16676431	-	+	DUP	cna118	minor	sim25	Eso-AdenoCa
10	13534957	13534958	10	13567612	13567613	-	-	t2tINV	cna118	major	sim25	Eso-AdenoCa
10	16676431	16676432	10	17218381	17218382	-	+	DUP	cna119	major	sim25	Eso-AdenoCa
10	16676431	16676432	10	17218381	17218382	+	-	DEL	cna119	minor	sim25	Eso-AdenoCa
10	22042952	22042953	10	90252096	90252097	-	+	DUP	cna121	major	sim25	Eso-AdenoCa
10	22042952	22042953	10	90252096	90252097	+	-	DEL	cna121	minor	sim25	Eso-AdenoCa
10	44902757	44902758	10	48434652	48434653	-	-	t2tINV	cna121	major	sim25	Eso-AdenoCa
10	72739057	72739058	10	135307329	135307330	-	-	t2tINV	cna128	major	sim25	Eso-AdenoCa
10	90252097	90252098	10	90317994	90317995	-	+	DUP	cna122	major	sim25	Eso-AdenoCa
10	90252097	90252098	10	90317994	90317995	-	+	DUP	cna122	minor	sim25	Eso-AdenoCa
10	90317995	90317996	10	97659924	97659925	-	+	DUP	cna123	major	sim25	Eso-AdenoCa
10	97659925	97659926	10	98243508	98243509	-	+	DUP	cna124	major	sim25	Eso-AdenoCa
10	97659925	97659926	10	98243508	98243509	+	-	DEL	cna124	minor	sim25	Eso-AdenoCa
10	98243509	98243510	10	117352062	117352063	+	-	DEL	cna125	minor	sim25	Eso-AdenoCa
10	102787457	102787458	10	107944289	107944290	-	-	t2tINV	cna125	major	sim25	Eso-AdenoCa
10	109795857	109795858	10	109805858	109805859	+	+	h2hINV	cna125	major	sim25	Eso-AdenoCa
10	117352063	117352064	10	117522499	117522500	-	+	DUP	cna126	major	sim25	Eso-AdenoCa
10	117522500	117522501	10	120712813	120712814	-	+	DUP	cna127	major	sim25	Eso-AdenoCa
10	117522500	117522501	10	120712813	120712814	-	+	DUP	cna127	minor	sim25	Eso-AdenoCa
10	120712814	120712815	10	135534747	135534748	+	-	DEL	cna128	minor	sim25	Eso-AdenoCa
11	1	2	11	87461178	87461179	-	+	DUP	cna129	major	sim25	Eso-AdenoCa
11	1	2	11	87461178	87461179	-	+	DUP	cna129	minor	sim25	Eso-AdenoCa
11	2179210	2179211	11	2672997	2672998	+	+	h2hINV	cna129	major	sim25	Eso-AdenoCa
11	62770210	62770211	11	63122748	63122749	-	-	t2tINV	cna129	major	sim25	Eso-AdenoCa
11	64251810	64251811	11	64627080	64627081	+	+	h2hINV	cna129	minor	sim25	Eso-AdenoCa
11	69433810	69433811	11	70033204	70033205	-	-	t2tINV	cna129	minor	sim25	Eso-AdenoCa
11	83724610	83724611	11	85014332	85014333	+	+	h2hINV	cna129	major	sim25	Eso-AdenoCa
11	87461179	87461180	11	135006516	135006517	+	-	DEL	cna130	minor	sim25	Eso-AdenoCa
11	107204110	107204111	11	107214118	107214119	-	-	t2tINV	cna130	major	sim25	Eso-AdenoCa
11	107774210	107774211	11	107818035	107818036	+	+	h2hINV	cna130	major	sim25	Eso-AdenoCa
11	118357510	118357511	11	118367513	118367514	+	+	h2hINV	cna130	major	sim25	Eso-AdenoCa
12	18153619	18153620	12	21081907	21081908	-	+	DUP	cna132	major	sim25	Eso-AdenoCa
12	21081908	21081909	12	21123454	21123455	-	+	DUP	cna133	major	sim25	Eso-AdenoCa
12	21081908	21081909	12	21123454	21123455	-	+	DUP	cna133	minor	sim25	Eso-AdenoCa
12	21123455	21123456	12	21201786	21201787	-	+	DUP	cna134	major	sim25	Eso-AdenoCa
12	21123455	21123456	12	21201786	21201787	-	+	DUP	cna134	minor	sim25	Eso-AdenoCa
12	21201787	21201788	12	21210977	21210978	-	+	DUP	cna135	major	sim25	Eso-AdenoCa
12	21926977	21926978	12	70573983	70573984	+	-	DEL	cna137	minor	sim25	Eso-AdenoCa
12	26225594	26225595	12	26235605	26235606	+	+	h2hINV	cna137	major	sim25	Eso-AdenoCa
12	27388694	27388695	12	88654727	88654728	+	+	h2hINV	cna137	major	sim25	Eso-AdenoCa
12	49286894	49286895	12	49296913	49296914	+	+	h2hINV	cna137	major	sim25	Eso-AdenoCa
12	68430094	68430095	12	77305431	77305432	+	+	h2hINV	cna137	major	sim25	Eso-AdenoCa
12	70573984	70573985	12	70870747	70870748	-	+	DUP	cna138	major	sim25	Eso-AdenoCa
12	70573984	70573985	12	70870747	70870748	-	+	DUP	cna138	minor	sim25	Eso-AdenoCa
12	70870748	70870749	12	133851895	133851896	-	+	DUP	cna139	major	sim25	Eso-AdenoCa
12	82806094	82806095	12	82816096	82816097	+	+	h2hINV	cna139	minor	sim25	Eso-AdenoCa
12	97906494	97906495	12	97916504	97916505	-	-	t2tINV	cna139	major	sim25	Eso-AdenoCa
12	120704794	120704795	12	120714797	120714798	-	-	t2tINV	cna139	minor	sim25	Eso-AdenoCa
12	124730994	124730995	12	125150825	125150826	-	-	t2tINV	cna139	major	sim25	Eso-AdenoCa
13	61547299	61547300	13	61953177	61953178	-	-	t2tINV	cna140	major	sim25	Eso-AdenoCa
14	25515398	25515399	14	84215416	84215417	-	+	DUP	cna142	major	sim25	Eso-AdenoCa
14	39372821	39372822	14	39392807	39392808	+	+	h2hINV	cna142	major	sim25	Eso-AdenoCa
14	84215417	84215418	14	90642612	90642613	+	-	DEL	cna143	minor	sim25	Eso-AdenoCa
14	90642613	90642614	14	90653174	90653175	-	+	DUP	cna144	major	sim25	Eso-AdenoCa
14	90653175	90653176	14	97074358	97074359	-	+	DUP	cna145	major	sim25	Eso-AdenoCa
14	90653175	90653176	14	97074358	97074359	+	-	DEL	cna145	minor	sim25	Eso-AdenoCa
14	93995321	93995322	14	94740283	94740284	-	-	t2tINV	cna145	major	sim25	Eso-AdenoCa
14	97074359	97074360	14	98775989	98775990	-	+	DUP	cna146	major	sim25	Eso-AdenoCa
14	98775990	98775991	14	99105426	99105427	-	+	DUP	cna147	major	sim25	Eso-AdenoCa
14	99105427	99105428	14	100039820	100039821	-	+	DUP	cna148	major	sim25	Eso-AdenoCa
14	99105427	99105428	14	100039820	100039821	+	-	DEL	cna148	minor	sim25	Eso-AdenoCa
14	100096949	100096950	14	100305826	100305827	-	+	DUP	cna150	major	sim25	Eso-AdenoCa
14	100305827	100305828	14	101968442	101968443	+	-	DEL	cna151	minor	sim25	Eso-AdenoCa
14	101968443	101968444	14	102404050	102404051	-	+	DUP	cna152	major	sim25	Eso-AdenoCa
14	101968443	101968444	14	102404050	102404051	+	-	DEL	cna152	minor	sim25	Eso-AdenoCa
14	103012947	103012948	14	103023497	103023498	+	-	DEL	cna154	minor	sim25	Eso-AdenoCa
14	103023498	103023499	14	103387752	103387753	-	+	DUP	cna155	major	sim25	Eso-AdenoCa
14	105377484	105377485	14	106236015	106236016	-	+	DUP	cna157	major	sim25	Eso-AdenoCa
14	105377484	105377485	14	106236015	106236016	-	+	DUP	cna157	minor	sim25	Eso-AdenoCa
15	1	2	15	13313558	13313559	+	-	DEL	cna159	minor	sim25	Eso-AdenoCa
15	13313559	13313560	15	52665792	52665793	-	+	DUP	cna160	major	sim25	Eso-AdenoCa
15	52665793	52665794	15	78760876	78760877	-	+	DUP	cna161	major	sim25	Eso-AdenoCa
15	52665793	52665794	15	78760876	78760877	+	-	DEL	cna161	minor	sim25	Eso-AdenoCa
15	52665793	56727982	X	104252377	153646977	+	+	TRA	cna161,cna189	minor,major	sim25	Eso-AdenoCa
15	61743081	61743082	15	68509456	68509457	-	-	t2tINV	cna161	major	sim25	Eso-AdenoCa
15	78760877	78760878	15	102531392	102531393	-	+	DUP	cna162	major	sim25	Eso-AdenoCa
15	99259381	99259382	15	99550580	99550581	-	-	t2tINV	cna162	minor	sim25	Eso-AdenoCa
16	1	2	16	88736088	88736089	-	+	DUP	cna163	major	sim25	Eso-AdenoCa
16	1	2	16	88736088	88736089	-	+	DUP	cna163	minor	sim25	Eso-AdenoCa
16	1	34712490	X	104252377	139654688	+	+	TRA	cna163,cna189	major,minor	sim25	Eso-AdenoCa
16	77841589	77841590	16	77851590	77851591	+	+	h2hINV	cna163	minor	sim25	Eso-AdenoCa
16	78663989	78663990	16	88569615	88569616	-	-	t2tINV	cna163	major	sim25	Eso-AdenoCa
16	88736089	88736090	16	90354753	90354754	-	+	DUP	cna164	major	sim25	Eso-AdenoCa
17	1	2	17	553520	553521	-	+	DUP	cna165	major	sim25	Eso-AdenoCa
17	1	2	17	553520	553521	-	+	DUP	cna165	minor	sim25	Eso-AdenoCa
17	553521	39142837	21	7996564	48129895	+	-	TRA	cna166,cna184	major,major	sim25	Eso-AdenoCa
17	38909136	38909137	17	61528791	61528792	-	-	t2tINV	cna169	major	sim25	Eso-AdenoCa
17	48950919	48950920	17	48971366	48971367	-	+	DUP	cna167	major	sim25	Eso-AdenoCa
17	48950919	48950920	17	48971366	48971367	+	-	DEL	cna167	minor	sim25	Eso-AdenoCa
17	48971367	48971368	17	49094106	49094107	+	-	DEL	cna168	minor	sim25	Eso-AdenoCa
17	49094107	49094108	17	75217907	75217908	-	+	DUP	cna169	major	sim25	Eso-AdenoCa
17	49094107	49094108	17	75217907	75217908	+	-	DEL	cna169	minor	sim25	Eso-AdenoCa
17	70815236	70815237	17	70885919	70885920	+	+	h2hINV	cna169	major	sim25	Eso-AdenoCa
17	75217908	75217909	17	75659701	75659702	-	+	DUP	cna170	major	sim25	Eso-AdenoCa
17	75659702	75659703	17	79889968	79889969	-	+	DUP	cna171	major	sim25	Eso-AdenoCa
17	75659702	75659703	17	79889968	79889969	+	-	DEL	cna171	minor	sim25	Eso-AdenoCa
17	79889969	79889970	17	81195210	81195211	-	+	DUP	cna172	major	sim25	Eso-AdenoCa
17	79889969	79889970	17	81195210	81195211	-	+	DUP	cna172	minor	sim25	Eso-AdenoCa
18	1	2	18	62822953	62822954	-	+	DUP	cna173	major	sim25	Eso-AdenoCa
18	1	2	18	62822953	62822954	-	+	DUP	cna173	minor	sim25	Eso-AdenoCa
18	8550026	8550027	18	8848958	8848959	+	+	h2hINV	cna173	minor	sim25	Eso-AdenoCa
18	61980926	61980927	18	63475434	63475435	-	-	t2tINV	cna174	major	sim25	Eso-AdenoCa
18	62822954	62822955	18	64601239	64601240	-	+	DUP	cna174	major	sim25	Eso-AdenoCa
18	62822954	62822955	18	64601239	64601240	+	-	DEL	cna174	minor	sim25	Eso-AdenoCa
18	64601240	64601241	18	65300095	65300096	+	-	DEL	cna175	minor	sim25	Eso-AdenoCa
18	65300096	65300097	18	65979453	65979454	-	+	DUP	cna176	major	sim25	Eso-AdenoCa
18	65979454	65979455	18	78077248	78077249	-	+	DUP	cna177	major	sim25	Eso-AdenoCa
18	65979454	65979455	18	78077248	78077249	-	+	DUP	cna177	minor	sim25	Eso-AdenoCa
19	1	2	19	59128983	59128984	-	+	DUP	cna178	major	sim25	Eso-AdenoCa
19	11481578	11481579	19	12885084	12885085	+	+	h2hINV	cna178	major	sim25	Eso-AdenoCa
20	15688295	15688296	20	15698298	15698299	+	+	h2hINV	cna179	major	sim25	Eso-AdenoCa
20	35094162	35094163	20	39217965	39217966	-	+	DUP	cna180	major	sim25	Eso-AdenoCa
20	39217966	39217967	20	41205778	41205779	-	+	DUP	cna181	major	sim25	Eso-AdenoCa
20	41205779	41205780	20	41284664	41284665	+	-	DEL	cna182	minor	sim25	Eso-AdenoCa
20	44460295	44460296	20	48733280	48733281	+	+	h2hINV	cna183	minor	sim25	Eso-AdenoCa
20	48861895	48861896	20	49251646	49251647	-	-	t2tINV	cna183	minor	sim25	Eso-AdenoCa
21	1	2	21	48129895	48129896	-	+	DUP	cna184	major	sim25	Eso-AdenoCa
21	18980075	18980076	21	18990084	18990085	-	-	t2tINV	cna184	major	sim25	Eso-AdenoCa
21	19830175	19830176	21	20188424	20188425	-	-	t2tINV	cna184	minor	sim25	Eso-AdenoCa
21	45495675	45495676	21	45505676	45505677	-	-	t2tINV	cna184	minor	sim25	Eso-AdenoCa
22	1	2	22	51304566	51304567	-	+	DUP	cna185	major	sim25	Eso-AdenoCa
22	32016580	32016581	22	32026581	32026582	+	+	h2hINV	cna185	major	sim25	Eso-AdenoCa
22	37612380	37612381	22	37622420	37622421	-	-	t2tINV	cna185	major	sim25	Eso-AdenoCa
X	81596368	81596369	X	82356787	82356788	-	+	DUP	cna187	major	sim25	Eso-AdenoCa
X	81596368	81596369	X	82356787	82356788	-	+	DUP	cna187	minor	sim25	Eso-AdenoCa
X	82356788	82356789	X	104252376	104252377	-	+	DUP	cna188	major	sim25	Eso-AdenoCa
X	139530714	139530715	X	139540720	139540721	-	-	t2tINV	cna189	major	sim25	Eso-AdenoCa
Y	1	2	Y	42352192	42352193	-	+	DUP	cna190	major	sim25	Eso-AdenoCa
Y	1	2	Y	42352192	42352193	+	-	DEL	cna190	minor	sim25	Eso-AdenoCa
Y	42352193	42352194	Y	57436720	57436721	-	+	DUP	cna191	major	sim25	Eso-AdenoCa
Y	57436721	57436722	Y	59373566	59373567	-	+	DUP	cna192	major	sim25	Eso-AdenoCa
Y	57436721	57436722	Y	59373566	59373567	+	-	DEL	cna192	minor	sim25	Eso-AdenoCa
