chrom	start	end	major_cn	minor_cn	donor_id	study	id
1	1	69207288	2	2	sim76	Eso-AdenoCa	cna0
1	69207289	235695299	1	0	sim76	Eso-AdenoCa	cna1
1	235695300	235707115	2	0	sim76	Eso-AdenoCa	cna2
1	235707116	235730661	4	1	sim76	Eso-AdenoCa	cna3
1	235730662	236463864	2	2	sim76	Eso-AdenoCa	cna4
1	236463865	236701127	2	1	sim76	Eso-AdenoCa	cna5
1	236701128	249250621	1	0	sim76	Eso-AdenoCa	cna6
2	1	43927262	1	0	sim76	Eso-AdenoCa	cna7
2	43927263	44780935	2	1	sim76	Eso-AdenoCa	cna8
2	44780936	47182118	1	0	sim76	Eso-AdenoCa	cna9
2	47182119	67137173	2	0	sim76	Eso-AdenoCa	cna10
2	67137174	71961379	1	0	sim76	Eso-AdenoCa	cna11
2	71961380	72093806	2	1	sim76	Eso-AdenoCa	cna12
2	72093807	89265686	2	2	sim76	Eso-AdenoCa	cna13
2	89265687	114542244	3	1	sim76	Eso-AdenoCa	cna14
2	114542245	243199373	1	0	sim76	Eso-AdenoCa	cna15
3	1	62075658	4	1	sim76	Eso-AdenoCa	cna16
3	62075659	83387370	3	1	sim76	Eso-AdenoCa	cna17
3	83387371	95393446	2	0	sim76	Eso-AdenoCa	cna18
3	95393447	95730631	5	2	sim76	Eso-AdenoCa	cna19
3	95730632	97093199	0	0	sim76	Eso-AdenoCa	cna20
3	97093200	112153434	1	0	sim76	Eso-AdenoCa	cna21
3	112153435	115628548	3	2	sim76	Eso-AdenoCa	cna22
3	115628549	159328032	4	1	sim76	Eso-AdenoCa	cna23
3	159328033	185779282	3	2	sim76	Eso-AdenoCa	cna24
3	185779283	186333312	4	0	sim76	Eso-AdenoCa	cna25
3	186333313	187731469	2	2	sim76	Eso-AdenoCa	cna26
3	187731470	189978322	2	1	sim76	Eso-AdenoCa	cna27
3	189978323	190024355	2	0	sim76	Eso-AdenoCa	cna28
3	190024356	190247773	1	0	sim76	Eso-AdenoCa	cna29
3	190247774	191716255	2	1	sim76	Eso-AdenoCa	cna30
3	191716256	198022430	1	0	sim76	Eso-AdenoCa	cna31
4	1	46192990	2	1	sim76	Eso-AdenoCa	cna32
4	46192991	46820294	4	1	sim76	Eso-AdenoCa	cna33
4	46820295	47062432	3	1	sim76	Eso-AdenoCa	cna34
4	47062433	48048257	3	0	sim76	Eso-AdenoCa	cna35
4	48048258	142433218	3	1	sim76	Eso-AdenoCa	cna36
4	142433219	156591714	3	2	sim76	Eso-AdenoCa	cna37
4	156591715	157468691	4	1	sim76	Eso-AdenoCa	cna38
4	157468692	159873934	0	0	sim76	Eso-AdenoCa	cna39
4	159873935	160893330	2	1	sim76	Eso-AdenoCa	cna40
4	160893331	176715515	2	0	sim76	Eso-AdenoCa	cna41
4	176715516	178670505	2	1	sim76	Eso-AdenoCa	cna42
4	178670506	178753206	1	0	sim76	Eso-AdenoCa	cna43
4	178753207	179547636	4	1	sim76	Eso-AdenoCa	cna44
4	179547637	187184578	2	1	sim76	Eso-AdenoCa	cna45
4	187184579	191154276	3	0	sim76	Eso-AdenoCa	cna46
5	1	180915260	4	1	sim76	Eso-AdenoCa	cna47
6	1	19829740	2	2	sim76	Eso-AdenoCa	cna48
6	19829741	60774153	3	2	sim76	Eso-AdenoCa	cna49
6	60774154	61504099	3	0	sim76	Eso-AdenoCa	cna50
6	61504100	61989310	3	2	sim76	Eso-AdenoCa	cna51
6	61989311	64700426	2	1	sim76	Eso-AdenoCa	cna52
6	64700427	64714207	4	0	sim76	Eso-AdenoCa	cna53
6	64714208	64808105	2	0	sim76	Eso-AdenoCa	cna54
6	64808106	65120841	3	2	sim76	Eso-AdenoCa	cna55
6	65120842	68539812	2	0	sim76	Eso-AdenoCa	cna56
6	68539813	163115976	2	2	sim76	Eso-AdenoCa	cna57
6	163115977	163247386	4	1	sim76	Eso-AdenoCa	cna58
6	163247387	163946801	2	1	sim76	Eso-AdenoCa	cna59
6	163946802	171115067	5	2	sim76	Eso-AdenoCa	cna60
7	1	135148800	2	0	sim76	Eso-AdenoCa	cna61
7	135148801	135457035	5	1	sim76	Eso-AdenoCa	cna62
7	135457036	138734775	4	1	sim76	Eso-AdenoCa	cna63
7	138734776	158870973	2	1	sim76	Eso-AdenoCa	cna64
7	158870974	159028994	1	0	sim76	Eso-AdenoCa	cna65
7	159028995	159138663	2	1	sim76	Eso-AdenoCa	cna66
8	1	146364022	1	1	sim76	Eso-AdenoCa	cna67
9	1	85967204	1	1	sim76	Eso-AdenoCa	cna68
9	85967205	141213431	2	0	sim76	Eso-AdenoCa	cna69
10	1	135534747	1	0	sim76	Eso-AdenoCa	cna70
11	1	133707719	2	0	sim76	Eso-AdenoCa	cna71
11	133707720	135006516	2	1	sim76	Eso-AdenoCa	cna72
12	1	23158540	2	1	sim76	Eso-AdenoCa	cna73
12	23158541	24325753	3	2	sim76	Eso-AdenoCa	cna74
12	24325754	24877005	5	2	sim76	Eso-AdenoCa	cna75
12	24877006	47904797	2	0	sim76	Eso-AdenoCa	cna76
12	47904798	114133574	2	1	sim76	Eso-AdenoCa	cna77
12	114133575	114901860	2	0	sim76	Eso-AdenoCa	cna78
12	114901861	114947252	0	0	sim76	Eso-AdenoCa	cna79
12	114947253	115201472	2	0	sim76	Eso-AdenoCa	cna80
12	115201473	115361130	2	1	sim76	Eso-AdenoCa	cna81
12	115361131	115371540	4	1	sim76	Eso-AdenoCa	cna82
12	115371541	115692063	5	1	sim76	Eso-AdenoCa	cna83
12	115692064	128110767	1	0	sim76	Eso-AdenoCa	cna84
12	128110768	133851895	2	1	sim76	Eso-AdenoCa	cna85
13	1	100346072	1	0	sim76	Eso-AdenoCa	cna86
13	100346073	115169878	2	0	sim76	Eso-AdenoCa	cna87
14	1	107049189	1	0	sim76	Eso-AdenoCa	cna88
14	107049190	107349540	2	0	sim76	Eso-AdenoCa	cna89
15	1	97432171	2	2	sim76	Eso-AdenoCa	cna90
15	97432172	102475262	2	1	sim76	Eso-AdenoCa	cna91
15	102475263	102531392	3	3	sim76	Eso-AdenoCa	cna92
16	1	11101709	2	1	sim76	Eso-AdenoCa	cna93
16	11101710	13882617	1	0	sim76	Eso-AdenoCa	cna94
16	13882618	14679678	5	1	sim76	Eso-AdenoCa	cna95
16	14679679	14735926	3	1	sim76	Eso-AdenoCa	cna96
16	14735927	82638065	2	1	sim76	Eso-AdenoCa	cna97
16	82638066	90130958	2	2	sim76	Eso-AdenoCa	cna98
16	90130959	90354753	1	0	sim76	Eso-AdenoCa	cna99
17	1	81195210	3	2	sim76	Eso-AdenoCa	cna100
18	1	6400363	3	2	sim76	Eso-AdenoCa	cna101
18	6400364	17729392	2	1	sim76	Eso-AdenoCa	cna102
18	17729393	18536856	4	2	sim76	Eso-AdenoCa	cna103
18	18536857	18612726	2	0	sim76	Eso-AdenoCa	cna104
18	18612727	42287669	2	2	sim76	Eso-AdenoCa	cna105
18	42287670	42393721	3	0	sim76	Eso-AdenoCa	cna106
18	42393722	42456815	4	2	sim76	Eso-AdenoCa	cna107
18	42456816	42631913	4	0	sim76	Eso-AdenoCa	cna108
18	42631914	42725167	2	0	sim76	Eso-AdenoCa	cna109
18	42725168	51002974	5	1	sim76	Eso-AdenoCa	cna110
18	51002975	51153289	2	1	sim76	Eso-AdenoCa	cna111
18	51153290	64792050	1	0	sim76	Eso-AdenoCa	cna112
18	64792051	77995270	2	1	sim76	Eso-AdenoCa	cna113
18	77995271	78077248	4	2	sim76	Eso-AdenoCa	cna114
19	1	59128983	1	0	sim76	Eso-AdenoCa	cna115
20	1	63025520	1	0	sim76	Eso-AdenoCa	cna116
21	1	48129895	1	0	sim76	Eso-AdenoCa	cna117
22	1	51304566	6	1	sim76	Eso-AdenoCa	cna118
X	1	37839339	6	1	sim76	Eso-AdenoCa	cna119
X	37839340	134524924	2	1	sim76	Eso-AdenoCa	cna120
X	134524925	134936697	2	0	sim76	Eso-AdenoCa	cna121
X	134936698	134946646	4	1	sim76	Eso-AdenoCa	cna122
X	134946647	135084223	2	0	sim76	Eso-AdenoCa	cna123
X	135084224	135128180	2	1	sim76	Eso-AdenoCa	cna124
X	135128181	135838261	3	2	sim76	Eso-AdenoCa	cna125
X	135838262	155270560	1	0	sim76	Eso-AdenoCa	cna126
