chrom1	start1	end1	chrom2	start2	end2	strand1	strand2	svclass	id	allele	donor_id	tumor
1	1	2	1	6902	6903	-	+	DUP	cna0	major	sim24	Eso-AdenoCa
1	1	2	1	6902	6903	-	+	DUP	cna0	minor	sim24	Eso-AdenoCa
1	2501507	2501508	1	4251273	4251274	+	-	DEL	cna2	minor	sim24	Eso-AdenoCa
1	4251274	4251275	1	4312830	4312831	-	+	DUP	cna3	major	sim24	Eso-AdenoCa
1	4312831	4312832	1	4940404	4940405	-	+	DUP	cna4	major	sim24	Eso-AdenoCa
1	4312831	4312832	1	4940404	4940405	+	-	DEL	cna4	minor	sim24	Eso-AdenoCa
1	4940405	4940406	1	4978343	4978344	-	+	DUP	cna5	major	sim24	Eso-AdenoCa
1	4940405	4940406	1	4978343	4978344	-	+	DUP	cna5	minor	sim24	Eso-AdenoCa
1	4978344	4978345	1	9088738	9088739	-	+	DUP	cna6	major	sim24	Eso-AdenoCa
1	7771900	7771901	1	40769045	40769046	-	-	t2tINV	cna10	major	sim24	Eso-AdenoCa
1	8149700	8149701	1	10301770	10301771	-	-	t2tINV	cna9	major	sim24	Eso-AdenoCa
1	9483413	9483414	1	9513643	9513644	-	+	DUP	cna8	major	sim24	Eso-AdenoCa
1	9513644	9513645	1	12603061	12603062	-	+	DUP	cna9	major	sim24	Eso-AdenoCa
1	9513644	11885201	4	185862344	186317161	+	-	TRA	cna9,cna73	minor,major	sim24	Eso-AdenoCa
1	12603062	32073701	20	1	31202195	+	+	TRA	cna10,cna329	minor,minor	sim24	Eso-AdenoCa
1	20630200	47672809	9	66734417	71974142	-	+	TRA	cna10,cna174	minor,major	sim24	Eso-AdenoCa
1	39244500	39244501	1	39295466	39295467	+	+	h2hINV	cna10	major	sim24	Eso-AdenoCa
1	47672810	47672811	1	47679704	47679705	-	+	DUP	cna11	major	sim24	Eso-AdenoCa
1	47679705	47679706	1	47693567	47693568	-	+	DUP	cna12	major	sim24	Eso-AdenoCa
1	47679705	47679706	1	47693567	47693568	+	-	DEL	cna12	minor	sim24	Eso-AdenoCa
1	47693568	47693569	1	47747096	47747097	-	+	DUP	cna13	major	sim24	Eso-AdenoCa
1	47747097	47747098	1	50774584	50774585	+	-	DEL	cna14	minor	sim24	Eso-AdenoCa
1	50774585	50774586	1	50781487	50781488	-	+	DUP	cna15	major	sim24	Eso-AdenoCa
1	50781488	50781489	1	50788395	50788396	-	+	DUP	cna16	major	sim24	Eso-AdenoCa
1	50788396	50788397	1	51026935	51026936	+	-	DEL	cna17	major	sim24	Eso-AdenoCa
1	50788396	50788397	1	51026935	51026936	+	-	DEL	cna17	minor	sim24	Eso-AdenoCa
1	51026936	51026937	1	132021527	132021528	-	+	DUP	cna18	major	sim24	Eso-AdenoCa
1	51026936	51026937	1	132021527	132021528	-	+	DUP	cna18	minor	sim24	Eso-AdenoCa
1	51026936	63041801	2	114990930	117909245	+	-	TRA	cna18,cna49	minor,major	sim24	Eso-AdenoCa
1	93297896	132021527	7	85427873	85919616	-	-	TRA	cna129,cna18	minor,major	sim24	Eso-AdenoCa
1	132021528	132021529	1	136686364	136686365	+	-	DEL	cna19	minor	sim24	Eso-AdenoCa
1	136686365	136686366	1	137918477	137918478	-	+	DUP	cna20	major	sim24	Eso-AdenoCa
1	136686365	136686366	1	137918477	137918478	-	+	DUP	cna20	minor	sim24	Eso-AdenoCa
1	137918478	137918479	1	146059733	146059734	-	+	DUP	cna21	major	sim24	Eso-AdenoCa
1	146059734	146059735	1	147172030	147172031	-	+	DUP	cna22	major	sim24	Eso-AdenoCa
1	146059734	146059735	1	147172030	147172031	-	+	DUP	cna22	minor	sim24	Eso-AdenoCa
1	147172031	147172032	1	167261820	167261821	-	+	DUP	cna23	major	sim24	Eso-AdenoCa
1	147172031	150012501	5	163878667	180915260	+	-	TRA	cna23,cna100	major,major	sim24	Eso-AdenoCa
1	167261821	167261822	1	167268720	167268721	+	-	DEL	cna24	minor	sim24	Eso-AdenoCa
1	167268721	167268722	1	171519851	171519852	-	+	DUP	cna25	major	sim24	Eso-AdenoCa
1	168235200	168235201	1	168245212	168245213	-	-	t2tINV	cna25	minor	sim24	Eso-AdenoCa
1	172155199	172155200	1	172169897	172169898	-	+	DUP	cna27	major	sim24	Eso-AdenoCa
1	172169898	172169899	1	172289545	172289546	+	-	DEL	cna28	minor	sim24	Eso-AdenoCa
1	176927300	176927301	1	176947335	176947336	+	+	h2hINV	cna29	major	sim24	Eso-AdenoCa
1	193215710	193215711	1	200201460	200201461	-	+	DUP	cna30	major	sim24	Eso-AdenoCa
1	193215710	193215711	1	200201460	200201461	+	-	DEL	cna30	minor	sim24	Eso-AdenoCa
1	196280500	196280501	1	208612429	208612430	-	-	t2tINV	cna33	major	sim24	Eso-AdenoCa
1	200201461	200201462	1	200215196	200215197	-	+	DUP	cna31	major	sim24	Eso-AdenoCa
1	200215197	200215198	1	207867811	207867812	-	+	DUP	cna32	major	sim24	Eso-AdenoCa
1	200215197	200215198	1	207867811	207867812	+	-	DEL	cna32	minor	sim24	Eso-AdenoCa
1	203894200	203894201	1	234963403	234963404	-	-	t2tINV	cna42	minor	sim24	Eso-AdenoCa
1	207867812	207867813	1	221838036	221838037	-	+	DUP	cna33	major	sim24	Eso-AdenoCa
1	207867812	211905160	3	146687106	191390171	+	-	TRA	cna57,cna33	minor,minor	sim24	Eso-AdenoCa
1	221838037	221838038	1	225191772	225191773	-	+	DUP	cna34	major	sim24	Eso-AdenoCa
1	225191773	225191774	1	226265270	226265271	-	+	DUP	cna35	major	sim24	Eso-AdenoCa
1	225191773	225191774	1	226265270	226265271	-	+	DUP	cna35	minor	sim24	Eso-AdenoCa
1	226265271	226265272	1	226393239	226393240	+	-	DEL	cna36	minor	sim24	Eso-AdenoCa
1	227408685	227408686	1	227607788	227607789	+	-	DEL	cna38	minor	sim24	Eso-AdenoCa
1	227607789	227607790	1	227614689	227614690	-	+	DUP	cna39	major	sim24	Eso-AdenoCa
1	227614690	227614691	1	230114345	230114346	-	+	DUP	cna40	major	sim24	Eso-AdenoCa
1	227614690	227614691	1	230114345	230114346	+	-	DEL	cna40	minor	sim24	Eso-AdenoCa
1	230114346	230114347	1	230546932	230546933	-	+	DUP	cna41	major	sim24	Eso-AdenoCa
1	241091500	249250621	9	109481282	130970577	-	+	TRA	cna42,cna179	major,major	sim24	Eso-AdenoCa
2	1	2	2	51973049	51973050	-	+	DUP	cna43	major	sim24	Eso-AdenoCa
2	1	7074598	13	57473712	58848500	+	+	TRA	cna230,cna43	minor,minor	sim24	Eso-AdenoCa
2	1	42477180	18	23939155	61781971	+	-	TRA	cna43,cna307	minor,major	sim24	Eso-AdenoCa
2	14642779	14642780	2	14652782	14652783	+	+	h2hINV	cna43	major	sim24	Eso-AdenoCa
2	26491979	26491980	2	26520749	26520750	+	+	h2hINV	cna43	minor	sim24	Eso-AdenoCa
2	41506479	41506480	2	42381776	42381777	+	+	h2hINV	cna43	minor	sim24	Eso-AdenoCa
2	51973050	51973051	2	53421615	53421616	-	+	DUP	cna44	major	sim24	Eso-AdenoCa
2	53421616	53421617	2	54845259	54845260	+	-	DEL	cna45	major	sim24	Eso-AdenoCa
2	53421616	53421617	2	54845259	54845260	+	-	DEL	cna45	minor	sim24	Eso-AdenoCa
2	54845260	54845261	2	57895293	57895294	-	+	DUP	cna46	major	sim24	Eso-AdenoCa
2	57895294	57895295	2	84721914	84721915	-	+	DUP	cna47	major	sim24	Eso-AdenoCa
2	57895294	57895295	2	84721914	84721915	-	+	DUP	cna47	minor	sim24	Eso-AdenoCa
2	76832179	76832180	2	79263215	79263216	-	-	t2tINV	cna47	minor	sim24	Eso-AdenoCa
2	84721915	84721916	2	84815504	84815505	-	+	DUP	cna48	major	sim24	Eso-AdenoCa
2	84721915	84721916	2	84815504	84815505	-	+	DUP	cna48	minor	sim24	Eso-AdenoCa
2	84815505	84815506	2	117909245	117909246	-	+	DUP	cna49	major	sim24	Eso-AdenoCa
2	117909246	117909247	2	118336209	118336210	+	-	DEL	cna50	major	sim24	Eso-AdenoCa
2	117909246	117909247	2	118336209	118336210	+	-	DEL	cna50	minor	sim24	Eso-AdenoCa
2	118336210	118336211	2	228314924	228314925	+	-	DEL	cna51	minor	sim24	Eso-AdenoCa
2	118336210	210938180	7	114806809	119943684	+	-	TRA	cna51,cna145	major,major	sim24	Eso-AdenoCa
2	153779879	153779880	2	154003813	154003814	+	+	h2hINV	cna51	major	sim24	Eso-AdenoCa
2	172351228	228314924	13	67959999	68826109	-	-	TRA	cna232,cna51	minor,major	sim24	Eso-AdenoCa
2	192471179	192471180	2	198626705	198626706	+	+	h2hINV	cna51	major	sim24	Eso-AdenoCa
2	228314925	228314926	2	228501923	228501924	-	+	DUP	cna52	major	sim24	Eso-AdenoCa
2	228314925	228314926	2	228501923	228501924	+	-	DEL	cna52	minor	sim24	Eso-AdenoCa
2	228501924	228501925	2	233325254	233325255	-	+	DUP	cna53	major	sim24	Eso-AdenoCa
2	233325255	233325256	2	235205075	235205076	-	+	DUP	cna54	major	sim24	Eso-AdenoCa
2	233325255	233325256	2	235205075	235205076	-	+	DUP	cna54	minor	sim24	Eso-AdenoCa
2	235205076	235205077	2	240161192	240161193	-	+	DUP	cna55	major	sim24	Eso-AdenoCa
2	240161193	240161194	2	243199373	243199374	+	-	DEL	cna56	minor	sim24	Eso-AdenoCa
3	73178106	73178107	3	73208327	73208328	-	-	t2tINV	cna57	minor	sim24	Eso-AdenoCa
3	74032506	74032507	3	75759617	75759618	-	-	t2tINV	cna57	major	sim24	Eso-AdenoCa
3	108006706	108006707	3	108016712	108016713	+	+	h2hINV	cna57	minor	sim24	Eso-AdenoCa
3	142513806	142513807	3	177897193	177897194	+	+	h2hINV	cna57	minor	sim24	Eso-AdenoCa
3	154987206	154987207	3	155536597	155536598	-	-	t2tINV	cna57	major	sim24	Eso-AdenoCa
3	175482106	175482107	3	197321563	197321564	+	+	h2hINV	cna57	minor	sim24	Eso-AdenoCa
3	191390172	191390173	3	191522425	191522426	-	+	DUP	cna58	major	sim24	Eso-AdenoCa
3	191390172	191390173	3	191522425	191522426	+	-	DEL	cna58	minor	sim24	Eso-AdenoCa
3	191522426	191522427	3	196680739	196680740	-	+	DUP	cna59	major	sim24	Eso-AdenoCa
3	191522426	191522427	3	196680739	196680740	-	+	DUP	cna59	minor	sim24	Eso-AdenoCa
3	196680740	196680741	3	196694581	196694582	-	+	DUP	cna60	major	sim24	Eso-AdenoCa
3	196694582	196694583	3	197826457	197826458	-	+	DUP	cna61	major	sim24	Eso-AdenoCa
3	196694582	196694583	3	197826457	197826458	-	+	DUP	cna61	minor	sim24	Eso-AdenoCa
3	197826458	197826459	3	198022430	198022431	-	+	DUP	cna62	major	sim24	Eso-AdenoCa
3	197826458	197826459	3	198022430	198022431	-	+	DUP	cna62	minor	sim24	Eso-AdenoCa
4	1	63589277	7	19355696	31962976	+	-	TRA	cna63,cna119	major,minor	sim24	Eso-AdenoCa
4	1	1563377	14	1	16004001	+	+	TRA	cna63,cna237	major,minor	sim24	Eso-AdenoCa
4	19019476	19019477	4	36970228	36970229	-	-	t2tINV	cna63	major	sim24	Eso-AdenoCa
4	26323976	26323977	4	37088405	37088406	+	+	h2hINV	cna63	major	sim24	Eso-AdenoCa
4	75492274	75492275	4	77580284	77580285	-	+	DUP	cna64	major	sim24	Eso-AdenoCa
4	77580285	77580286	4	95919340	95919341	-	+	DUP	cna65	major	sim24	Eso-AdenoCa
4	77580285	77580286	4	95919340	95919341	-	+	DUP	cna65	minor	sim24	Eso-AdenoCa
4	95919341	95919342	4	103352621	103352622	-	+	DUP	cna66	major	sim24	Eso-AdenoCa
4	95919341	95919342	4	103352621	103352622	+	-	DEL	cna66	minor	sim24	Eso-AdenoCa
4	103352622	103352623	4	107136655	107136656	-	+	DUP	cna67	major	sim24	Eso-AdenoCa
4	107136656	107136657	4	143350793	143350794	+	-	DEL	cna68	minor	sim24	Eso-AdenoCa
4	107136656	126741294	10	75038857	104924459	+	-	TRA	cna185,cna68	minor,major	sim24	Eso-AdenoCa
4	107905976	107905977	4	107936180	107936181	-	-	t2tINV	cna68	major	sim24	Eso-AdenoCa
4	136396476	136396477	4	136556506	136556507	+	+	h2hINV	cna68	major	sim24	Eso-AdenoCa
4	142284476	142284477	4	160130253	160130254	-	-	t2tINV	cna72	major	sim24	Eso-AdenoCa
4	143350794	143350795	4	144465639	144465640	+	-	DEL	cna69	major	sim24	Eso-AdenoCa
4	143350794	143350795	4	144465639	144465640	+	-	DEL	cna69	minor	sim24	Eso-AdenoCa
4	144465640	144465641	4	144701486	144701487	-	+	DUP	cna70	major	sim24	Eso-AdenoCa
4	144465640	144465641	4	144701486	144701487	+	-	DEL	cna70	minor	sim24	Eso-AdenoCa
4	144701487	144701488	4	153013736	153013737	-	+	DUP	cna71	major	sim24	Eso-AdenoCa
4	144701487	144701488	4	153013736	153013737	+	-	DEL	cna71	minor	sim24	Eso-AdenoCa
4	145479076	153013736	12	1	27811750	-	+	TRA	cna71,cna214	major,major	sim24	Eso-AdenoCa
4	153013737	153013738	4	169428289	169428290	+	-	DEL	cna72	minor	sim24	Eso-AdenoCa
4	153013737	164582111	10	71573357	104924459	+	-	TRA	cna185,cna72	major,major	sim24	Eso-AdenoCa
4	154218576	154218577	4	154228582	154228583	-	-	t2tINV	cna72	major	sim24	Eso-AdenoCa
4	155276176	155276177	4	156535116	156535117	+	+	h2hINV	cna72	major	sim24	Eso-AdenoCa
4	169428290	169428291	4	186317161	186317162	-	+	DUP	cna73	major	sim24	Eso-AdenoCa
4	169428290	169428291	4	186317161	186317162	-	+	DUP	cna73	minor	sim24	Eso-AdenoCa
4	186317162	186317163	4	186332353	186332354	-	+	DUP	cna74	major	sim24	Eso-AdenoCa
4	186317162	186317163	4	186332353	186332354	+	-	DEL	cna74	minor	sim24	Eso-AdenoCa
4	186332354	186332355	4	191061511	191061512	-	+	DUP	cna75	major	sim24	Eso-AdenoCa
4	186332354	186332355	4	191061511	191061512	+	-	DEL	cna75	minor	sim24	Eso-AdenoCa
4	191087339	191087340	4	191154276	191154277	+	-	DEL	cna77	minor	sim24	Eso-AdenoCa
5	5935400	5935401	5	61824088	61824089	-	-	t2tINV	cna83	major	sim24	Eso-AdenoCa
5	13128000	13128001	5	13138010	13138011	-	-	t2tINV	cna78	major	sim24	Eso-AdenoCa
5	29573500	29573501	5	29892491	29892492	-	-	t2tINV	cna78	minor	sim24	Eso-AdenoCa
5	30744320	30744321	5	30865663	30865664	-	+	DUP	cna79	major	sim24	Eso-AdenoCa
5	30744320	30744321	5	30865663	30865664	+	-	DEL	cna79	minor	sim24	Eso-AdenoCa
5	30865664	30865665	5	31032809	31032810	-	+	DUP	cna80	major	sim24	Eso-AdenoCa
5	31032810	31032811	5	32419859	32419860	-	+	DUP	cna81	major	sim24	Eso-AdenoCa
5	32419860	32419861	5	36008265	36008266	-	+	DUP	cna82	major	sim24	Eso-AdenoCa
5	32419860	32419861	5	36008265	36008266	-	+	DUP	cna82	minor	sim24	Eso-AdenoCa
5	32419860	35269201	11	14208101	47224503	+	+	TRA	cna82,cna202	minor,minor	sim24	Eso-AdenoCa
5	34212500	34212501	5	42676804	42676805	-	-	t2tINV	cna83	major	sim24	Eso-AdenoCa
5	56848500	56848501	5	67213891	67213892	+	+	h2hINV	cna83	minor	sim24	Eso-AdenoCa
5	72144235	72144236	5	76386795	76386796	-	+	DUP	cna84	major	sim24	Eso-AdenoCa
5	72144235	72144236	5	76386795	76386796	+	-	DEL	cna84	minor	sim24	Eso-AdenoCa
5	76276183	76386795	21	1	32697576	-	+	TRA	cna330,cna84	major,minor	sim24	Eso-AdenoCa
5	76386796	76386797	5	76439360	76439361	+	-	DEL	cna85	minor	sim24	Eso-AdenoCa
5	76439361	76439362	5	79415583	79415584	-	+	DUP	cna86	major	sim24	Eso-AdenoCa
5	76439361	76439362	5	79415583	79415584	+	-	DEL	cna86	minor	sim24	Eso-AdenoCa
5	79415584	79415585	5	101635207	101635208	-	+	DUP	cna87	major	sim24	Eso-AdenoCa
5	101635208	101635209	5	103625523	103625524	-	+	DUP	cna88	major	sim24	Eso-AdenoCa
5	101635208	101635209	5	103625523	103625524	+	-	DEL	cna88	minor	sim24	Eso-AdenoCa
5	103625524	103625525	5	103757644	103757645	+	-	DEL	cna89	major	sim24	Eso-AdenoCa
5	103625524	103625525	5	103757644	103757645	+	-	DEL	cna89	minor	sim24	Eso-AdenoCa
5	103757645	103757646	5	104003673	104003674	-	+	DUP	cna90	major	sim24	Eso-AdenoCa
5	103757645	103757646	5	104003673	104003674	+	-	DEL	cna90	minor	sim24	Eso-AdenoCa
5	104003674	104003675	5	104094782	104094783	-	+	DUP	cna91	major	sim24	Eso-AdenoCa
5	105084808	105084809	5	106307596	106307597	-	+	DUP	cna93	major	sim24	Eso-AdenoCa
5	105084808	105084809	5	106307596	106307597	+	-	DEL	cna93	minor	sim24	Eso-AdenoCa
5	106307597	106307598	5	112157029	112157030	-	+	DUP	cna94	major	sim24	Eso-AdenoCa
5	112157030	112157031	5	151064557	151064558	-	+	DUP	cna95	major	sim24	Eso-AdenoCa
5	112157030	112157031	5	151064557	151064558	-	+	DUP	cna95	minor	sim24	Eso-AdenoCa
5	112157030	132893501	16	33428601	36236031	+	+	TRA	cna95,cna269	minor,major	sim24	Eso-AdenoCa
5	120824400	120824401	5	148896750	148896751	+	+	h2hINV	cna95	minor	sim24	Eso-AdenoCa
5	125341300	125341301	5	138580452	138580453	-	-	t2tINV	cna95	minor	sim24	Eso-AdenoCa
5	151064558	151064559	5	151072301	151072302	-	+	DUP	cna96	major	sim24	Eso-AdenoCa
5	151072302	151072303	5	151100857	151100858	-	+	DUP	cna97	major	sim24	Eso-AdenoCa
5	151072302	151072303	5	151100857	151100858	-	+	DUP	cna97	minor	sim24	Eso-AdenoCa
5	151100858	151100859	5	151313026	151313027	-	+	DUP	cna98	major	sim24	Eso-AdenoCa
5	151313027	151313028	5	151559057	151559058	-	+	DUP	cna99	major	sim24	Eso-AdenoCa
5	151313027	151313028	5	151559057	151559058	+	-	DEL	cna99	minor	sim24	Eso-AdenoCa
5	151559058	151559059	5	180915260	180915261	-	+	DUP	cna100	major	sim24	Eso-AdenoCa
5	151559058	151559059	5	180915260	180915261	-	+	DUP	cna100	minor	sim24	Eso-AdenoCa
6	50331940	50331941	6	50659309	50659310	+	+	h2hINV	cna101	minor	sim24	Eso-AdenoCa
6	94576256	98859063	X	1	7251715	-	+	TRA	cna333,cna101	minor,major	sim24	Eso-AdenoCa
6	98859064	98859065	6	98888062	98888063	-	+	DUP	cna102	major	sim24	Eso-AdenoCa
6	98859064	98859065	6	98888062	98888063	+	-	DEL	cna102	minor	sim24	Eso-AdenoCa
6	98888063	98888064	6	101122670	101122671	-	+	DUP	cna103	major	sim24	Eso-AdenoCa
6	99443040	99443041	6	99592332	99592333	+	+	h2hINV	cna103	minor	sim24	Eso-AdenoCa
6	101122671	101122672	6	101634734	101634735	-	+	DUP	cna104	major	sim24	Eso-AdenoCa
6	101122671	101122672	6	101634734	101634735	+	-	DEL	cna104	minor	sim24	Eso-AdenoCa
6	101634735	101634736	6	102903983	102903984	+	-	DEL	cna105	minor	sim24	Eso-AdenoCa
6	101720440	101720441	6	104078815	104078816	+	+	h2hINV	cna105	major	sim24	Eso-AdenoCa
6	102903984	102903985	6	103102267	103102268	-	+	DUP	cna106	major	sim24	Eso-AdenoCa
6	103102268	103102269	6	103627395	103627396	-	+	DUP	cna107	major	sim24	Eso-AdenoCa
6	112829190	112829191	6	112857930	112857931	-	+	DUP	cna109	major	sim24	Eso-AdenoCa
6	112829190	112829191	6	112857930	112857931	+	-	DEL	cna109	minor	sim24	Eso-AdenoCa
6	112857931	112857932	6	113449064	113449065	-	+	DUP	cna110	major	sim24	Eso-AdenoCa
6	113449065	113449066	6	128567163	128567164	-	+	DUP	cna111	major	sim24	Eso-AdenoCa
6	113449065	113449066	6	128567163	128567164	+	-	DEL	cna111	minor	sim24	Eso-AdenoCa
6	128567164	128567165	6	128599425	128599426	+	-	DEL	cna112	major	sim24	Eso-AdenoCa
6	128567164	128567165	6	128599425	128599426	+	-	DEL	cna112	minor	sim24	Eso-AdenoCa
6	135845740	145160561	15	49881683	78336134	-	-	TRA	cna113,cna257	major,major	sim24	Eso-AdenoCa
6	145160562	145160563	6	166905801	166905802	+	-	DEL	cna114	minor	sim24	Eso-AdenoCa
6	166905802	166905803	6	171013662	171013663	-	+	DUP	cna115	major	sim24	Eso-AdenoCa
6	166905802	166905803	6	171013662	171013663	+	-	DEL	cna115	minor	sim24	Eso-AdenoCa
6	171013663	171013664	6	171115067	171115068	+	-	DEL	cna116	major	sim24	Eso-AdenoCa
6	171013663	171013664	6	171115067	171115068	+	-	DEL	cna116	minor	sim24	Eso-AdenoCa
7	15729544	15729545	7	15906171	15906172	-	+	DUP	cna118	major	sim24	Eso-AdenoCa
7	15729544	15729545	7	15906171	15906172	+	-	DEL	cna118	minor	sim24	Eso-AdenoCa
7	15906172	15906173	7	31962976	31962977	-	+	DUP	cna119	major	sim24	Eso-AdenoCa
7	15906172	15906173	7	31962976	31962977	+	-	DEL	cna119	minor	sim24	Eso-AdenoCa
7	19539673	19539674	7	24520010	24520011	-	-	t2tINV	cna119	major	sim24	Eso-AdenoCa
7	31962977	31962978	7	32944551	32944552	+	-	DEL	cna120	minor	sim24	Eso-AdenoCa
7	32968241	32968242	7	34947528	34947529	-	+	DUP	cna122	major	sim24	Eso-AdenoCa
7	34947529	34947530	7	35043780	35043781	+	-	DEL	cna123	minor	sim24	Eso-AdenoCa
7	35043781	35043782	7	62703246	62703247	-	+	DUP	cna124	major	sim24	Eso-AdenoCa
7	35043781	35043782	7	62703246	62703247	-	+	DUP	cna124	minor	sim24	Eso-AdenoCa
7	55872373	62703246	13	1	282020	-	+	TRA	cna124,cna223	minor,major	sim24	Eso-AdenoCa
7	62703247	62703248	7	62758628	62758629	-	+	DUP	cna125	major	sim24	Eso-AdenoCa
7	84989031	84989032	7	85035800	85035801	-	+	DUP	cna127	major	sim24	Eso-AdenoCa
7	84989031	84989032	7	85035800	85035801	+	-	DEL	cna127	minor	sim24	Eso-AdenoCa
7	85035801	85035802	7	85041950	85041951	+	-	DEL	cna128	minor	sim24	Eso-AdenoCa
7	85041951	85041952	7	85919616	85919617	-	+	DUP	cna129	major	sim24	Eso-AdenoCa
7	85041951	85041952	7	85919616	85919617	-	+	DUP	cna129	minor	sim24	Eso-AdenoCa
7	85919617	85919618	7	85987408	85987409	+	-	DEL	cna130	minor	sim24	Eso-AdenoCa
7	85987409	85987410	7	93747920	93747921	-	+	DUP	cna131	major	sim24	Eso-AdenoCa
7	85987409	85987410	7	93747920	93747921	-	+	DUP	cna131	minor	sim24	Eso-AdenoCa
7	93747921	93747922	7	93870408	93870409	-	+	DUP	cna132	major	sim24	Eso-AdenoCa
7	93747921	93747922	7	93870408	93870409	+	-	DEL	cna132	minor	sim24	Eso-AdenoCa
7	93870409	93870410	7	93936182	93936183	-	+	DUP	cna133	major	sim24	Eso-AdenoCa
7	93936183	93936184	7	94232411	94232412	-	+	DUP	cna134	major	sim24	Eso-AdenoCa
7	93936183	93936184	7	94232411	94232412	-	+	DUP	cna134	minor	sim24	Eso-AdenoCa
7	94232412	94232413	7	94774799	94774800	-	+	DUP	cna135	major	sim24	Eso-AdenoCa
7	94774800	94774801	7	97324116	97324117	+	-	DEL	cna136	minor	sim24	Eso-AdenoCa
7	97324117	97324118	7	108885046	108885047	-	+	DUP	cna137	major	sim24	Eso-AdenoCa
7	97324117	97324118	7	108885046	108885047	-	+	DUP	cna137	minor	sim24	Eso-AdenoCa
7	108885047	108885048	7	113856003	113856004	-	+	DUP	cna138	major	sim24	Eso-AdenoCa
7	113856004	113856005	7	113873968	113873969	-	+	DUP	cna139	major	sim24	Eso-AdenoCa
7	113873969	113873970	7	113912927	113912928	+	-	DEL	cna140	minor	sim24	Eso-AdenoCa
7	113912928	113912929	7	114023137	114023138	-	+	DUP	cna141	major	sim24	Eso-AdenoCa
7	113912928	113912929	7	114023137	114023138	+	-	DEL	cna141	minor	sim24	Eso-AdenoCa
7	114023138	114023139	7	114200190	114200191	-	+	DUP	cna142	major	sim24	Eso-AdenoCa
7	114200191	114200192	7	114559812	114559813	-	+	DUP	cna143	major	sim24	Eso-AdenoCa
7	114200191	114200192	7	114559812	114559813	-	+	DUP	cna143	minor	sim24	Eso-AdenoCa
7	114559813	114559814	7	114740481	114740482	-	+	DUP	cna144	major	sim24	Eso-AdenoCa
7	114740482	114740483	7	119943684	119943685	-	+	DUP	cna145	major	sim24	Eso-AdenoCa
7	114740482	114740483	7	119943684	119943685	+	-	DEL	cna145	minor	sim24	Eso-AdenoCa
7	119943685	119943686	7	120084357	120084358	+	-	DEL	cna146	major	sim24	Eso-AdenoCa
7	119943685	119943686	7	120084357	120084358	+	-	DEL	cna146	minor	sim24	Eso-AdenoCa
7	120084358	120084359	7	129173380	129173381	-	+	DUP	cna147	major	sim24	Eso-AdenoCa
7	129173381	129173382	7	155800332	155800333	+	-	DEL	cna148	minor	sim24	Eso-AdenoCa
7	155800333	155800334	7	159013466	159013467	-	+	DUP	cna149	major	sim24	Eso-AdenoCa
7	159013467	159013468	7	159138663	159138664	-	+	DUP	cna150	major	sim24	Eso-AdenoCa
8	1	2	8	1375051	1375052	+	-	DEL	cna151	minor	sim24	Eso-AdenoCa
8	1558258	1558259	8	4605031	4605032	+	-	DEL	cna153	minor	sim24	Eso-AdenoCa
8	4605032	4605033	8	5584614	5584615	-	+	DUP	cna154	major	sim24	Eso-AdenoCa
8	4605032	4605033	8	5584614	5584615	-	+	DUP	cna154	minor	sim24	Eso-AdenoCa
8	4801410	5584614	11	88245581	124863136	-	-	TRA	cna154,cna212	major,minor	sim24	Eso-AdenoCa
8	5584615	5584616	8	6136090	6136091	-	+	DUP	cna155	major	sim24	Eso-AdenoCa
8	5584615	5584616	8	6136090	6136091	-	+	DUP	cna155	minor	sim24	Eso-AdenoCa
8	6136091	6136092	8	6287469	6287470	-	+	DUP	cna156	major	sim24	Eso-AdenoCa
8	6287470	6287471	8	6293721	6293722	+	-	DEL	cna157	minor	sim24	Eso-AdenoCa
8	6293722	6293723	8	7470152	7470153	-	+	DUP	cna158	major	sim24	Eso-AdenoCa
8	6511110	6511111	8	6521113	6521114	+	+	h2hINV	cna158	minor	sim24	Eso-AdenoCa
8	7470153	7470154	8	7476405	7476406	-	+	DUP	cna159	major	sim24	Eso-AdenoCa
8	7470153	7470154	8	7476405	7476406	-	+	DUP	cna159	minor	sim24	Eso-AdenoCa
8	48877910	136531519	18	66931368	75279308	-	-	TRA	cna160,cna316	minor,major	sim24	Eso-AdenoCa
8	49554310	49554311	8	49574615	49574616	+	+	h2hINV	cna160	minor	sim24	Eso-AdenoCa
8	67199510	67199511	8	73440638	73440639	+	+	h2hINV	cna160	major	sim24	Eso-AdenoCa
8	136531520	136531521	8	136537765	136537766	-	+	DUP	cna161	major	sim24	Eso-AdenoCa
8	136531520	136531521	8	136537765	136537766	-	+	DUP	cna161	minor	sim24	Eso-AdenoCa
8	136537766	136537767	8	136702713	136702714	-	+	DUP	cna162	major	sim24	Eso-AdenoCa
8	136702714	136702715	8	146364022	146364023	-	+	DUP	cna163	major	sim24	Eso-AdenoCa
8	136702714	136702715	8	146364022	146364023	-	+	DUP	cna163	minor	sim24	Eso-AdenoCa
9	1	2	9	4280465	4280466	+	-	DEL	cna164	minor	sim24	Eso-AdenoCa
9	4280466	4280467	9	7571369	7571370	-	+	DUP	cna165	major	sim24	Eso-AdenoCa
9	4280466	4280467	9	7571369	7571370	-	+	DUP	cna165	minor	sim24	Eso-AdenoCa
9	7571370	7571371	9	19669071	19669072	+	-	DEL	cna166	minor	sim24	Eso-AdenoCa
9	10794388	10794389	9	10804400	10804401	-	-	t2tINV	cna166	major	sim24	Eso-AdenoCa
9	19669072	19669073	9	19712418	19712419	-	+	DUP	cna167	major	sim24	Eso-AdenoCa
9	19712419	19712420	9	22547206	22547207	-	+	DUP	cna168	major	sim24	Eso-AdenoCa
9	19712419	19712420	9	22547206	22547207	+	-	DEL	cna168	minor	sim24	Eso-AdenoCa
9	22547207	22547208	9	22559395	22559396	-	+	DUP	cna169	major	sim24	Eso-AdenoCa
9	22547207	22547208	9	22559395	22559396	-	+	DUP	cna169	minor	sim24	Eso-AdenoCa
9	22559396	22559397	9	22584960	22584961	+	-	DEL	cna170	minor	sim24	Eso-AdenoCa
9	22584961	22584962	9	54159687	54159688	-	+	DUP	cna171	major	sim24	Eso-AdenoCa
9	22584961	22584962	9	54159687	54159688	-	+	DUP	cna171	minor	sim24	Eso-AdenoCa
9	26989888	54159687	X	59072439	69185876	-	+	TRA	cna171,cna345	minor,minor	sim24	Eso-AdenoCa
9	66640030	66640031	9	66734416	66734417	-	+	DUP	cna173	major	sim24	Eso-AdenoCa
9	66640030	66640031	9	66734416	66734417	-	+	DUP	cna173	minor	sim24	Eso-AdenoCa
9	66734417	66734418	9	95542892	95542893	-	+	DUP	cna174	major	sim24	Eso-AdenoCa
9	66734417	66734418	9	95542892	95542893	-	+	DUP	cna174	minor	sim24	Eso-AdenoCa
9	82617588	95542892	12	42357155	55851216	-	-	TRA	cna174,cna214	minor,minor	sim24	Eso-AdenoCa
9	95542893	95542894	9	96867014	96867015	-	+	DUP	cna175	major	sim24	Eso-AdenoCa
9	95542893	95542894	9	96867014	96867015	+	-	DEL	cna175	minor	sim24	Eso-AdenoCa
9	96867015	96867016	9	97005064	97005065	-	+	DUP	cna176	major	sim24	Eso-AdenoCa
9	96867015	96867016	9	97005064	97005065	-	+	DUP	cna176	minor	sim24	Eso-AdenoCa
9	97005065	97005066	9	99048510	99048511	-	+	DUP	cna177	major	sim24	Eso-AdenoCa
9	99048511	99048512	9	109481281	109481282	-	+	DUP	cna178	major	sim24	Eso-AdenoCa
9	99048511	99048512	9	109481281	109481282	-	+	DUP	cna178	minor	sim24	Eso-AdenoCa
9	106034388	106034389	9	106323210	106323211	-	-	t2tINV	cna178	minor	sim24	Eso-AdenoCa
9	114870288	114870289	9	114880299	114880300	-	-	t2tINV	cna179	minor	sim24	Eso-AdenoCa
9	137014176	137014177	9	137690388	137690389	-	+	DUP	cna180	major	sim24	Eso-AdenoCa
9	137014176	137014177	9	137690388	137690389	-	+	DUP	cna180	minor	sim24	Eso-AdenoCa
9	137690389	137690390	9	137697206	137697207	-	+	DUP	cna181	major	sim24	Eso-AdenoCa
9	137697207	137697208	9	139141884	139141885	-	+	DUP	cna182	major	sim24	Eso-AdenoCa
9	139141885	139141886	9	140239249	140239250	-	+	DUP	cna183	major	sim24	Eso-AdenoCa
9	139141885	139141886	9	140239249	140239250	-	+	DUP	cna183	minor	sim24	Eso-AdenoCa
9	140239250	140239251	9	141213431	141213432	-	+	DUP	cna184	major	sim24	Eso-AdenoCa
9	140239250	140239251	9	141213431	141213432	-	+	DUP	cna184	minor	sim24	Eso-AdenoCa
10	1	52819658	X	99522419	104956178	+	-	TRA	cna185,cna349	major,major	sim24	Eso-AdenoCa
10	20286757	20286758	10	20427072	20427073	-	-	t2tINV	cna185	minor	sim24	Eso-AdenoCa
10	63503957	63503958	10	80441125	80441126	+	+	h2hINV	cna185	major	sim24	Eso-AdenoCa
10	84683157	84683158	10	92155890	92155891	+	+	h2hINV	cna185	major	sim24	Eso-AdenoCa
10	104924460	104924461	10	105030548	105030549	-	+	DUP	cna186	major	sim24	Eso-AdenoCa
10	104924460	104924461	10	105030548	105030549	+	-	DEL	cna186	minor	sim24	Eso-AdenoCa
10	105030549	105030550	10	105064760	105064761	+	-	DEL	cna187	minor	sim24	Eso-AdenoCa
10	105064761	105064762	10	105501263	105501264	-	+	DUP	cna188	major	sim24	Eso-AdenoCa
10	105064761	105064762	10	105501263	105501264	-	+	DUP	cna188	minor	sim24	Eso-AdenoCa
10	105863467	105863468	10	116249895	116249896	-	+	DUP	cna190	major	sim24	Eso-AdenoCa
10	122078757	122078758	10	122088759	122088760	-	-	t2tINV	cna191	major	sim24	Eso-AdenoCa
10	130070915	130070916	10	132051574	132051575	+	-	DEL	cna192	major	sim24	Eso-AdenoCa
10	130070915	130070916	10	132051574	132051575	+	-	DEL	cna192	minor	sim24	Eso-AdenoCa
10	132051575	132051576	10	132155574	132155575	-	+	DUP	cna193	major	sim24	Eso-AdenoCa
10	132155575	132155576	10	132254847	132254848	-	+	DUP	cna194	major	sim24	Eso-AdenoCa
10	132155575	132155576	10	132254847	132254848	+	-	DEL	cna194	minor	sim24	Eso-AdenoCa
10	132254848	132254849	10	132261368	132261369	-	+	DUP	cna195	major	sim24	Eso-AdenoCa
10	132254848	132254849	10	132261368	132261369	+	-	DEL	cna195	minor	sim24	Eso-AdenoCa
10	132261369	132261370	10	132274095	132274096	-	+	DUP	cna196	major	sim24	Eso-AdenoCa
10	132261369	132261370	10	132274095	132274096	+	-	DEL	cna196	minor	sim24	Eso-AdenoCa
10	132274096	132274097	10	135408860	135408861	-	+	DUP	cna197	major	sim24	Eso-AdenoCa
10	132274096	132274097	10	135408860	135408861	-	+	DUP	cna197	minor	sim24	Eso-AdenoCa
10	135408861	135408862	10	135534747	135534748	+	-	DEL	cna198	minor	sim24	Eso-AdenoCa
11	1	2	11	5007369	5007370	-	+	DUP	cna199	major	sim24	Eso-AdenoCa
11	5007370	5007371	11	5219262	5219263	-	+	DUP	cna200	major	sim24	Eso-AdenoCa
11	5219263	5219264	11	14208100	14208101	-	+	DUP	cna201	major	sim24	Eso-AdenoCa
11	5219263	5219264	11	14208100	14208101	-	+	DUP	cna201	minor	sim24	Eso-AdenoCa
11	14208101	14208102	11	58693334	58693335	-	+	DUP	cna202	major	sim24	Eso-AdenoCa
11	14208101	14208102	11	58693334	58693335	-	+	DUP	cna202	minor	sim24	Eso-AdenoCa
11	58693335	58693336	11	58722987	58722988	-	+	DUP	cna203	major	sim24	Eso-AdenoCa
11	58693335	58693336	11	58722987	58722988	-	+	DUP	cna203	minor	sim24	Eso-AdenoCa
11	58722988	58722989	11	59085918	59085919	-	+	DUP	cna204	major	sim24	Eso-AdenoCa
11	58722988	58722989	11	59085918	59085919	-	+	DUP	cna204	minor	sim24	Eso-AdenoCa
11	64123816	64123817	11	64152132	64152133	-	+	DUP	cna206	major	sim24	Eso-AdenoCa
11	64123816	64123817	11	64152132	64152133	-	+	DUP	cna206	minor	sim24	Eso-AdenoCa
11	64152133	64152134	11	64214983	64214984	-	+	DUP	cna207	major	sim24	Eso-AdenoCa
11	64152133	64152134	11	64214983	64214984	+	-	DEL	cna207	minor	sim24	Eso-AdenoCa
11	64214984	64214985	11	65647085	65647086	-	+	DUP	cna208	major	sim24	Eso-AdenoCa
11	64214984	64214985	11	65647085	65647086	+	-	DEL	cna208	minor	sim24	Eso-AdenoCa
11	65647086	65647087	11	65741753	65741754	-	+	DUP	cna209	major	sim24	Eso-AdenoCa
11	65741754	65741755	11	65927798	65927799	-	+	DUP	cna210	major	sim24	Eso-AdenoCa
11	65927799	65927800	11	66410175	66410176	-	+	DUP	cna211	major	sim24	Eso-AdenoCa
11	69040810	69040811	11	110276253	110276254	+	+	h2hINV	cna212	minor	sim24	Eso-AdenoCa
11	69195710	69195711	11	72193339	72193340	-	-	t2tINV	cna212	major	sim24	Eso-AdenoCa
11	124863137	124863138	11	135006516	135006517	-	+	DUP	cna213	major	sim24	Eso-AdenoCa
12	10653294	10653295	12	10708476	10708477	-	-	t2tINV	cna214	major	sim24	Eso-AdenoCa
12	46042494	55851216	17	23218042	35312614	-	+	TRA	cna214,cna294	major,minor	sim24	Eso-AdenoCa
12	55433194	55433195	12	60627040	60627041	-	-	t2tINV	cna217	minor	sim24	Eso-AdenoCa
12	55851217	55851218	12	55933285	55933286	+	-	DEL	cna215	minor	sim24	Eso-AdenoCa
12	55933286	55933287	12	56119509	56119510	-	+	DUP	cna216	major	sim24	Eso-AdenoCa
12	55933286	55933287	12	56119509	56119510	+	-	DEL	cna216	minor	sim24	Eso-AdenoCa
12	56119510	56119511	12	104968183	104968184	-	+	DUP	cna217	major	sim24	Eso-AdenoCa
12	56119510	99712795	X	125270751	144238983	+	-	TRA	cna217,cna353	major,minor	sim24	Eso-AdenoCa
12	57397694	57397695	12	62862891	62862892	+	+	h2hINV	cna217	minor	sim24	Eso-AdenoCa
12	67422994	104968183	21	1	31071654	-	+	TRA	cna217,cna330	minor,minor	sim24	Eso-AdenoCa
12	104968184	104968185	12	106040951	106040952	-	+	DUP	cna218	major	sim24	Eso-AdenoCa
12	104968184	104968185	12	106040951	106040952	-	+	DUP	cna218	minor	sim24	Eso-AdenoCa
12	106053039	106053040	12	127010998	127010999	-	+	DUP	cna220	major	sim24	Eso-AdenoCa
12	106053039	106053040	12	127010998	127010999	+	-	DEL	cna220	minor	sim24	Eso-AdenoCa
12	108017194	108017195	12	118452880	118452881	-	-	t2tINV	cna220	major	sim24	Eso-AdenoCa
12	125716994	125716995	12	125727000	125727001	-	-	t2tINV	cna220	major	sim24	Eso-AdenoCa
12	127010999	127011000	12	133713682	133713683	-	+	DUP	cna221	major	sim24	Eso-AdenoCa
12	133713683	133713684	12	133851895	133851896	+	-	DEL	cna222	minor	sim24	Eso-AdenoCa
13	1	2	13	2983043	2983044	-	+	DUP	cna223	major	sim24	Eso-AdenoCa
13	1	2	13	2983043	2983044	+	-	DEL	cna223	minor	sim24	Eso-AdenoCa
13	2983044	2983045	13	3104840	3104841	+	-	DEL	cna224	minor	sim24	Eso-AdenoCa
13	3104841	3104842	13	3627730	3627731	-	+	DUP	cna225	major	sim24	Eso-AdenoCa
13	3627731	3627732	13	4429517	4429518	-	+	DUP	cna226	major	sim24	Eso-AdenoCa
13	3627731	3627732	13	4429517	4429518	+	-	DEL	cna226	minor	sim24	Eso-AdenoCa
13	4429518	4429519	13	4702840	4702841	-	+	DUP	cna227	major	sim24	Eso-AdenoCa
13	4429518	4429519	13	4702840	4702841	-	+	DUP	cna227	minor	sim24	Eso-AdenoCa
13	4702841	4702842	13	11233921	11233922	-	+	DUP	cna228	major	sim24	Eso-AdenoCa
13	4702841	4702842	13	11233921	11233922	-	+	DUP	cna228	minor	sim24	Eso-AdenoCa
13	11233922	11233923	13	57473711	57473712	-	+	DUP	cna229	major	sim24	Eso-AdenoCa
13	11233922	43693700	22	1	13678562	+	+	TRA	cna229,cna331	minor,minor	sim24	Eso-AdenoCa
13	44419999	44420000	13	44440067	44440068	+	+	h2hINV	cna229	major	sim24	Eso-AdenoCa
13	57473712	57473713	13	65438040	65438041	+	-	DEL	cna230	minor	sim24	Eso-AdenoCa
13	65438041	65438042	13	65664016	65664017	-	+	DUP	cna231	major	sim24	Eso-AdenoCa
13	65438041	65438042	13	65664016	65664017	-	+	DUP	cna231	minor	sim24	Eso-AdenoCa
13	65664017	65664018	13	68826109	68826110	-	+	DUP	cna232	major	sim24	Eso-AdenoCa
13	68826110	68826111	13	68930927	68930928	-	+	DUP	cna233	major	sim24	Eso-AdenoCa
13	68930928	68930929	13	68965093	68965094	+	-	DEL	cna234	minor	sim24	Eso-AdenoCa
13	68965094	68965095	13	69952845	69952846	-	+	DUP	cna235	major	sim24	Eso-AdenoCa
13	68965094	68965095	13	69952845	69952846	+	-	DEL	cna235	minor	sim24	Eso-AdenoCa
13	69952846	69952847	13	115169878	115169879	-	+	DUP	cna236	major	sim24	Eso-AdenoCa
14	1	23119918	15	44212186	46575882	+	+	TRA	cna256,cna237	minor,minor	sim24	Eso-AdenoCa
14	38818121	38818122	14	71793544	71793545	-	-	t2tINV	cna237	minor	sim24	Eso-AdenoCa
14	45028221	107349540	15	22081646	26926153	-	-	TRA	cna237,cna244	minor,minor	sim24	Eso-AdenoCa
14	46164221	46164222	14	57914018	57914019	-	-	t2tINV	cna237	minor	sim24	Eso-AdenoCa
14	105911621	105911622	14	105986490	105986491	+	+	h2hINV	cna237	minor	sim24	Eso-AdenoCa
15	12993443	12993444	15	13001797	13001798	-	+	DUP	cna239	major	sim24	Eso-AdenoCa
15	12993443	12993444	15	13001797	13001798	+	-	DEL	cna239	minor	sim24	Eso-AdenoCa
15	13218428	13218429	15	17129928	17129929	-	+	DUP	cna241	major	sim24	Eso-AdenoCa
15	17129929	17129930	15	17138285	17138286	-	+	DUP	cna242	major	sim24	Eso-AdenoCa
15	17138286	17138287	15	17881266	17881267	-	+	DUP	cna243	major	sim24	Eso-AdenoCa
15	17881267	17881268	15	26926153	26926154	-	+	DUP	cna244	major	sim24	Eso-AdenoCa
15	26926154	26926155	15	27038634	27038635	-	+	DUP	cna245	major	sim24	Eso-AdenoCa
15	26926154	26926155	15	27038634	27038635	+	-	DEL	cna245	minor	sim24	Eso-AdenoCa
15	27038635	27038636	15	35017887	35017888	-	+	DUP	cna246	major	sim24	Eso-AdenoCa
15	27038635	27038636	15	35017887	35017888	-	+	DUP	cna246	minor	sim24	Eso-AdenoCa
15	35017888	35017889	15	40664456	40664457	-	+	DUP	cna247	major	sim24	Eso-AdenoCa
15	35017888	35017889	15	40664456	40664457	+	-	DEL	cna247	minor	sim24	Eso-AdenoCa
15	40664457	40664458	15	43961773	43961774	+	-	DEL	cna248	minor	sim24	Eso-AdenoCa
15	43961774	43961775	15	43993193	43993194	-	+	DUP	cna249	major	sim24	Eso-AdenoCa
15	43993194	43993195	15	44001562	44001563	-	+	DUP	cna250	major	sim24	Eso-AdenoCa
15	43993194	43993195	15	44001562	44001563	-	+	DUP	cna250	minor	sim24	Eso-AdenoCa
15	44001563	44001564	15	44125858	44125859	-	+	DUP	cna251	major	sim24	Eso-AdenoCa
15	44001563	44001564	15	44125858	44125859	+	-	DEL	cna251	minor	sim24	Eso-AdenoCa
15	44125859	44125860	15	44142545	44142546	-	+	DUP	cna252	major	sim24	Eso-AdenoCa
15	44156779	44156780	15	44173451	44173452	-	+	DUP	cna254	major	sim24	Eso-AdenoCa
15	44173452	44173453	15	44212185	44212186	-	+	DUP	cna255	major	sim24	Eso-AdenoCa
15	44173452	44173453	15	44212185	44212186	-	+	DUP	cna255	minor	sim24	Eso-AdenoCa
15	44212186	44212187	15	46580275	46580276	-	+	DUP	cna256	major	sim24	Eso-AdenoCa
15	44212186	44212187	15	46580275	46580276	+	-	DEL	cna256	minor	sim24	Eso-AdenoCa
15	46580276	46580277	15	78336134	78336135	-	+	DUP	cna257	major	sim24	Eso-AdenoCa
15	46580276	46580277	15	78336134	78336135	-	+	DUP	cna257	minor	sim24	Eso-AdenoCa
15	46580276	49116682	Y	3526245	37680616	+	+	TRA	cna257,cna364	minor,major	sim24	Eso-AdenoCa
15	78336135	78336136	15	86245397	86245398	-	+	DUP	cna258	major	sim24	Eso-AdenoCa
15	86245398	86245399	15	93046587	93046588	-	+	DUP	cna259	major	sim24	Eso-AdenoCa
15	93046588	93046589	15	98861006	98861007	+	-	DEL	cna260	major	sim24	Eso-AdenoCa
15	93046588	93046589	15	98861006	98861007	+	-	DEL	cna260	minor	sim24	Eso-AdenoCa
15	98861007	98861008	15	102290147	102290148	-	+	DUP	cna261	major	sim24	Eso-AdenoCa
15	98861007	98861008	15	102290147	102290148	+	-	DEL	cna261	minor	sim24	Eso-AdenoCa
15	102290148	102290149	15	102320842	102320843	-	+	DUP	cna262	major	sim24	Eso-AdenoCa
15	102290148	102290149	15	102320842	102320843	-	+	DUP	cna262	minor	sim24	Eso-AdenoCa
15	102320843	102320844	15	102523030	102523031	-	+	DUP	cna263	major	sim24	Eso-AdenoCa
15	102320843	102320844	15	102523030	102523031	-	+	DUP	cna263	minor	sim24	Eso-AdenoCa
15	102523031	102523032	15	102531392	102531393	-	+	DUP	cna264	major	sim24	Eso-AdenoCa
16	1	2	16	3790630	3790631	-	+	DUP	cna265	major	sim24	Eso-AdenoCa
16	1	2	16	3790630	3790631	-	+	DUP	cna265	minor	sim24	Eso-AdenoCa
16	3790631	3790632	16	12887004	12887005	-	+	DUP	cna266	major	sim24	Eso-AdenoCa
16	3790631	3790632	16	12887004	12887005	+	-	DEL	cna266	minor	sim24	Eso-AdenoCa
16	12887005	12887006	16	13301244	13301245	+	-	DEL	cna267	minor	sim24	Eso-AdenoCa
16	13301245	13301246	16	33428600	33428601	-	+	DUP	cna268	major	sim24	Eso-AdenoCa
16	33428601	33428602	16	38768898	38768899	-	+	DUP	cna269	major	sim24	Eso-AdenoCa
16	33428601	33428602	16	38768898	38768899	+	-	DEL	cna269	minor	sim24	Eso-AdenoCa
16	38768899	38768900	16	40791469	40791470	-	+	DUP	cna270	major	sim24	Eso-AdenoCa
16	38768899	38768900	16	40791469	40791470	-	+	DUP	cna270	minor	sim24	Eso-AdenoCa
16	40791470	40791471	16	51123192	51123193	-	+	DUP	cna271	major	sim24	Eso-AdenoCa
16	40791470	40791471	16	51123192	51123193	+	-	DEL	cna271	minor	sim24	Eso-AdenoCa
16	48452389	51123192	X	55198600	56957653	-	+	TRA	cna271,cna340	major,minor	sim24	Eso-AdenoCa
16	48642789	48642790	16	56840689	56840690	+	+	h2hINV	cna271	major	sim24	Eso-AdenoCa
16	51123193	51123194	16	51421036	51421037	+	-	DEL	cna272	major	sim24	Eso-AdenoCa
16	51123193	51123194	16	51421036	51421037	+	-	DEL	cna272	minor	sim24	Eso-AdenoCa
16	51421037	51421038	16	51617581	51617582	-	+	DUP	cna273	major	sim24	Eso-AdenoCa
16	51421037	51421038	16	51617581	51617582	+	-	DEL	cna273	minor	sim24	Eso-AdenoCa
16	68757246	68757247	16	70826136	70826137	-	+	DUP	cna275	major	sim24	Eso-AdenoCa
16	77153468	77153469	16	77161367	77161368	-	+	DUP	cna277	major	sim24	Eso-AdenoCa
16	77153468	77153469	16	77161367	77161368	-	+	DUP	cna277	minor	sim24	Eso-AdenoCa
16	77161368	77161369	16	77169292	77169293	-	+	DUP	cna278	major	sim24	Eso-AdenoCa
16	77169293	77169294	16	77331833	77331834	-	+	DUP	cna279	major	sim24	Eso-AdenoCa
16	77646335	77646336	16	81639521	81639522	-	+	DUP	cna281	major	sim24	Eso-AdenoCa
16	77646335	77646336	16	81639521	81639522	-	+	DUP	cna281	minor	sim24	Eso-AdenoCa
17	1	2	17	9238529	9238530	-	+	DUP	cna283	major	sim24	Eso-AdenoCa
17	810436	9238529	Y	31194296	59373566	-	-	TRA	cna283,cna364	major,minor	sim24	Eso-AdenoCa
17	9238530	9238531	17	9244691	9244692	-	+	DUP	cna284	major	sim24	Eso-AdenoCa
17	9238530	9238531	17	9244691	9244692	-	+	DUP	cna284	minor	sim24	Eso-AdenoCa
17	9244692	9244693	17	11311493	11311494	-	+	DUP	cna285	major	sim24	Eso-AdenoCa
17	11311494	11311495	17	13861167	13861168	-	+	DUP	cna286	major	sim24	Eso-AdenoCa
17	11311494	11311495	17	13861167	13861168	-	+	DUP	cna286	minor	sim24	Eso-AdenoCa
17	13861168	13861169	17	17882052	17882053	-	+	DUP	cna287	major	sim24	Eso-AdenoCa
17	17882053	17882054	17	18709900	18709901	-	+	DUP	cna288	major	sim24	Eso-AdenoCa
17	17882053	17882054	17	18709900	18709901	-	+	DUP	cna288	minor	sim24	Eso-AdenoCa
17	19096179	19096180	17	19615805	19615806	-	+	DUP	cna290	major	sim24	Eso-AdenoCa
17	19096179	19096180	17	19615805	19615806	+	-	DEL	cna290	minor	sim24	Eso-AdenoCa
17	19615806	19615807	17	21496327	21496328	-	+	DUP	cna291	major	sim24	Eso-AdenoCa
17	21496328	21496329	17	22254052	22254053	+	-	DEL	cna292	minor	sim24	Eso-AdenoCa
17	23218042	23218043	17	41064801	41064802	-	+	DUP	cna294	major	sim24	Eso-AdenoCa
17	23218042	23218043	17	41064801	41064802	+	-	DEL	cna294	minor	sim24	Eso-AdenoCa
17	41064802	41064803	17	41468863	41468864	-	+	DUP	cna295	major	sim24	Eso-AdenoCa
17	41468864	41468865	17	44315003	44315004	-	+	DUP	cna296	major	sim24	Eso-AdenoCa
17	41468864	41468865	17	44315003	44315004	-	+	DUP	cna296	minor	sim24	Eso-AdenoCa
17	44315004	44315005	17	44350000	44350001	+	-	DEL	cna297	minor	sim24	Eso-AdenoCa
17	44350001	44350002	17	45493300	45493301	-	+	DUP	cna298	major	sim24	Eso-AdenoCa
17	45493301	45493302	17	45520650	45520651	-	+	DUP	cna299	major	sim24	Eso-AdenoCa
17	45493301	45493302	17	45520650	45520651	+	-	DEL	cna299	minor	sim24	Eso-AdenoCa
17	45520651	45520652	17	62543877	62543878	+	-	DEL	cna300	minor	sim24	Eso-AdenoCa
17	45520651	55993837	18	1686069	20135863	+	+	TRA	cna300,cna307	minor,major	sim24	Eso-AdenoCa
17	60438336	60438337	17	60511571	60511572	+	+	h2hINV	cna300	major	sim24	Eso-AdenoCa
17	62543878	62543879	17	63289994	63289995	-	+	DUP	cna301	major	sim24	Eso-AdenoCa
17	62543878	62543879	17	63289994	63289995	-	+	DUP	cna301	minor	sim24	Eso-AdenoCa
17	65167955	65167956	17	76669807	76669808	-	+	DUP	cna303	major	sim24	Eso-AdenoCa
17	65356636	65356637	17	65609227	65609228	-	-	t2tINV	cna303	major	sim24	Eso-AdenoCa
17	71960336	71960337	17	71990757	71990758	-	-	t2tINV	cna303	major	sim24	Eso-AdenoCa
17	76669808	76669809	17	79792854	79792855	-	+	DUP	cna304	major	sim24	Eso-AdenoCa
17	76669808	76669809	17	79792854	79792855	+	-	DEL	cna304	minor	sim24	Eso-AdenoCa
17	77821036	77821037	17	77831042	77831043	+	+	h2hINV	cna304	major	sim24	Eso-AdenoCa
17	79792855	79792856	17	81195210	81195211	-	+	DUP	cna305	major	sim24	Eso-AdenoCa
18	1	2	18	1686068	1686069	-	+	DUP	cna306	major	sim24	Eso-AdenoCa
18	1	2	18	1686068	1686069	+	-	DEL	cna306	minor	sim24	Eso-AdenoCa
18	46329926	46329927	18	49299539	49299540	-	-	t2tINV	cna307	major	sim24	Eso-AdenoCa
18	61781972	61781973	18	63445065	63445066	-	+	DUP	cna308	major	sim24	Eso-AdenoCa
18	63445066	63445067	18	64429985	64429986	-	+	DUP	cna309	major	sim24	Eso-AdenoCa
18	64429986	64429987	18	64565711	64565712	+	-	DEL	cna310	major	sim24	Eso-AdenoCa
18	64429986	64429987	18	64565711	64565712	+	-	DEL	cna310	minor	sim24	Eso-AdenoCa
18	64565712	64565713	18	65445902	65445903	-	+	DUP	cna311	major	sim24	Eso-AdenoCa
18	65445903	65445904	18	65459443	65459444	+	-	DEL	cna312	minor	sim24	Eso-AdenoCa
18	65459444	65459445	18	65568035	65568036	-	+	DUP	cna313	major	sim24	Eso-AdenoCa
18	65568036	65568037	18	65608763	65608764	-	+	DUP	cna314	major	sim24	Eso-AdenoCa
18	65608764	65608765	18	66085389	66085390	-	+	DUP	cna315	major	sim24	Eso-AdenoCa
18	65608764	65608765	18	66085389	66085390	-	+	DUP	cna315	minor	sim24	Eso-AdenoCa
18	66085390	66085391	18	75279308	75279309	-	+	DUP	cna316	major	sim24	Eso-AdenoCa
18	66085390	66085391	18	75279308	75279309	-	+	DUP	cna316	minor	sim24	Eso-AdenoCa
18	75279309	75279310	18	75333182	75333183	-	+	DUP	cna317	major	sim24	Eso-AdenoCa
18	75279309	75279310	18	75333182	75333183	-	+	DUP	cna317	minor	sim24	Eso-AdenoCa
18	75333183	75333184	18	75971445	75971446	-	+	DUP	cna318	major	sim24	Eso-AdenoCa
18	75333183	75333184	18	75971445	75971446	+	-	DEL	cna318	minor	sim24	Eso-AdenoCa
18	75971446	75971447	18	76665262	76665263	+	-	DEL	cna319	minor	sim24	Eso-AdenoCa
18	76665263	76665264	18	76868439	76868440	-	+	DUP	cna320	major	sim24	Eso-AdenoCa
18	76665263	76665264	18	76868439	76868440	-	+	DUP	cna320	minor	sim24	Eso-AdenoCa
18	76868440	76868441	18	77959171	77959172	-	+	DUP	cna321	major	sim24	Eso-AdenoCa
18	77959172	77959173	18	78077248	78077249	-	+	DUP	cna322	major	sim24	Eso-AdenoCa
19	1	2	19	39958721	39958722	-	+	DUP	cna323	major	sim24	Eso-AdenoCa
19	21267778	21267779	19	26658242	26658243	-	-	t2tINV	cna323	minor	sim24	Eso-AdenoCa
19	40284324	40284325	19	42438582	42438583	-	+	DUP	cna325	major	sim24	Eso-AdenoCa
19	40284324	40284325	19	42438582	42438583	-	+	DUP	cna325	minor	sim24	Eso-AdenoCa
19	42845529	42845530	19	54815610	54815611	-	+	DUP	cna327	major	sim24	Eso-AdenoCa
19	42845529	42845530	19	54815610	54815611	+	-	DEL	cna327	minor	sim24	Eso-AdenoCa
19	54815611	54815612	19	59128983	59128984	-	+	DUP	cna328	major	sim24	Eso-AdenoCa
19	54815611	54815612	19	59128983	59128984	+	-	DEL	cna328	minor	sim24	Eso-AdenoCa
20	14747595	14747596	20	14757598	14757599	-	-	t2tINV	cna329	major	sim24	Eso-AdenoCa
20	44928095	44928096	20	44948636	44948637	+	+	h2hINV	cna329	minor	sim24	Eso-AdenoCa
21	23421575	23421576	21	44439897	44439898	-	-	t2tINV	cna330	minor	sim24	Eso-AdenoCa
22	20676180	20676181	22	20686180	20686181	-	-	t2tINV	cna331	minor	sim24	Eso-AdenoCa
22	38445980	38445981	22	45420891	45420892	+	+	h2hINV	cna331	minor	sim24	Eso-AdenoCa
22	50205355	50205356	22	51304566	51304567	+	-	DEL	cna332	minor	sim24	Eso-AdenoCa
X	1	2	X	28945334	28945335	-	+	DUP	cna333	major	sim24	Eso-AdenoCa
X	28945335	28945336	X	29086468	29086469	-	+	DUP	cna334	major	sim24	Eso-AdenoCa
X	29086469	29086470	X	29092630	29092631	+	-	DEL	cna335	minor	sim24	Eso-AdenoCa
X	29092631	29092632	X	33287573	33287574	-	+	DUP	cna336	major	sim24	Eso-AdenoCa
X	33287574	33287575	X	33711185	33711186	-	+	DUP	cna337	major	sim24	Eso-AdenoCa
X	33711186	33711187	X	49580279	49580280	+	-	DEL	cna338	minor	sim24	Eso-AdenoCa
X	48750114	48750115	X	49975412	49975413	-	-	t2tINV	cna339	minor	sim24	Eso-AdenoCa
X	49580280	49580281	X	55198599	55198600	-	+	DUP	cna339	major	sim24	Eso-AdenoCa
X	55198600	55198601	X	58478522	58478523	-	+	DUP	cna340	major	sim24	Eso-AdenoCa
X	55198600	55198601	X	58478522	58478523	+	-	DEL	cna340	minor	sim24	Eso-AdenoCa
X	58478523	58478524	X	58583826	58583827	-	+	DUP	cna341	major	sim24	Eso-AdenoCa
X	58478523	58478524	X	58583826	58583827	-	+	DUP	cna341	minor	sim24	Eso-AdenoCa
X	58663839	58663840	X	58813184	58813185	-	+	DUP	cna343	major	sim24	Eso-AdenoCa
X	58813185	58813186	X	59072438	59072439	+	-	DEL	cna344	major	sim24	Eso-AdenoCa
X	58813185	58813186	X	59072438	59072439	+	-	DEL	cna344	minor	sim24	Eso-AdenoCa
X	59072439	59072440	X	79794132	79794133	-	+	DUP	cna345	major	sim24	Eso-AdenoCa
X	59072439	59072440	X	79794132	79794133	-	+	DUP	cna345	minor	sim24	Eso-AdenoCa
X	79794133	79794134	X	79806420	79806421	-	+	DUP	cna346	major	sim24	Eso-AdenoCa
X	79794133	79794134	X	79806420	79806421	-	+	DUP	cna346	minor	sim24	Eso-AdenoCa
X	79806421	79806422	X	79834214	79834215	-	+	DUP	cna347	major	sim24	Eso-AdenoCa
X	79806421	79806422	X	79834214	79834215	-	+	DUP	cna347	minor	sim24	Eso-AdenoCa
X	79834215	79834216	X	80114499	80114500	-	+	DUP	cna348	major	sim24	Eso-AdenoCa
X	79834215	79834216	X	80114499	80114500	-	+	DUP	cna348	minor	sim24	Eso-AdenoCa
X	88949414	88949415	X	97142638	97142639	-	-	t2tINV	cna349	minor	sim24	Eso-AdenoCa
X	104956179	104956180	X	105032319	105032320	-	+	DUP	cna350	major	sim24	Eso-AdenoCa
X	105032320	105032321	X	105093642	105093643	+	-	DEL	cna351	minor	sim24	Eso-AdenoCa
X	105093643	105093644	X	107477326	107477327	-	+	DUP	cna352	major	sim24	Eso-AdenoCa
X	105093643	105093644	X	107477326	107477327	-	+	DUP	cna352	minor	sim24	Eso-AdenoCa
X	107477327	107477328	X	144238983	144238984	-	+	DUP	cna353	major	sim24	Eso-AdenoCa
X	107477327	107477328	X	144238983	144238984	+	-	DEL	cna353	minor	sim24	Eso-AdenoCa
X	139597214	139597215	X	139607220	139607221	-	-	t2tINV	cna353	major	sim24	Eso-AdenoCa
X	144238984	144238985	X	150485706	150485707	+	-	DEL	cna354	minor	sim24	Eso-AdenoCa
X	150485707	150485708	X	155270560	155270561	-	+	DUP	cna355	major	sim24	Eso-AdenoCa
X	150485707	150485708	X	155270560	155270561	-	+	DUP	cna355	minor	sim24	Eso-AdenoCa
Y	1	2	Y	220162	220163	+	-	DEL	cna356	minor	sim24	Eso-AdenoCa
Y	220163	220164	Y	1720899	1720900	-	+	DUP	cna357	major	sim24	Eso-AdenoCa
Y	220163	220164	Y	1720899	1720900	-	+	DUP	cna357	minor	sim24	Eso-AdenoCa
Y	1720900	1720901	Y	1727065	1727066	+	-	DEL	cna358	minor	sim24	Eso-AdenoCa
Y	1770019	1770020	Y	2106479	2106480	-	+	DUP	cna360	major	sim24	Eso-AdenoCa
Y	1770019	1770020	Y	2106479	2106480	-	+	DUP	cna360	minor	sim24	Eso-AdenoCa
Y	2106480	2106481	Y	2112625	2112626	-	+	DUP	cna361	major	sim24	Eso-AdenoCa
Y	3475279	3475280	Y	3526244	3526245	-	+	DUP	cna363	major	sim24	Eso-AdenoCa
Y	3475279	3475280	Y	3526244	3526245	-	+	DUP	cna363	minor	sim24	Eso-AdenoCa
Y	3526245	3526246	Y	59373566	59373567	-	+	DUP	cna364	major	sim24	Eso-AdenoCa
Y	3526245	3526246	Y	59373566	59373567	-	+	DUP	cna364	minor	sim24	Eso-AdenoCa
