chrom	start	end	major_cn	minor_cn	donor_id	study	id
1	1	130899	2	1	sim41	Eso-AdenoCa	cna0
1	130900	1798008	1	0	sim41	Eso-AdenoCa	cna1
1	1798009	3504407	2	2	sim41	Eso-AdenoCa	cna2
1	3504408	3771503	2	0	sim41	Eso-AdenoCa	cna3
1	3771504	4961928	3	0	sim41	Eso-AdenoCa	cna4
1	4961929	18294443	0	0	sim41	Eso-AdenoCa	cna5
1	18294444	19092204	1	0	sim41	Eso-AdenoCa	cna6
1	19092205	20157973	4	1	sim41	Eso-AdenoCa	cna7
1	20157974	22490875	2	2	sim41	Eso-AdenoCa	cna8
1	22490876	23940304	2	1	sim41	Eso-AdenoCa	cna9
1	23940305	24084071	1	0	sim41	Eso-AdenoCa	cna10
1	24084072	28149034	2	2	sim41	Eso-AdenoCa	cna11
1	28149035	44292638	4	1	sim41	Eso-AdenoCa	cna12
1	44292639	77447642	2	2	sim41	Eso-AdenoCa	cna13
1	77447643	77560673	3	2	sim41	Eso-AdenoCa	cna14
1	77560674	77924984	2	2	sim41	Eso-AdenoCa	cna15
1	77924985	77935847	2	3	sim41	Eso-AdenoCa	cna16
1	77935848	211897851	2	0	sim41	Eso-AdenoCa	cna17
1	211897852	212174578	3	1	sim41	Eso-AdenoCa	cna18
1	212174579	213984605	3	0	sim41	Eso-AdenoCa	cna19
1	213984606	214336871	5	1	sim41	Eso-AdenoCa	cna20
1	214336872	214599572	4	1	sim41	Eso-AdenoCa	cna21
1	214599573	217347719	2	1	sim41	Eso-AdenoCa	cna22
1	217347720	217659895	0	0	sim41	Eso-AdenoCa	cna23
1	217659896	217882607	1	1	sim41	Eso-AdenoCa	cna24
1	217882608	243965718	1	0	sim41	Eso-AdenoCa	cna25
1	243965719	249250621	2	2	sim41	Eso-AdenoCa	cna26
2	1	56836951	1	0	sim41	Eso-AdenoCa	cna27
2	56836952	66358305	2	1	sim41	Eso-AdenoCa	cna28
2	66358306	67090500	4	1	sim41	Eso-AdenoCa	cna29
2	67090501	67232677	4	0	sim41	Eso-AdenoCa	cna30
2	67232678	68132029	1	0	sim41	Eso-AdenoCa	cna31
2	68132030	68257841	3	0	sim41	Eso-AdenoCa	cna32
2	68257842	89722068	2	1	sim41	Eso-AdenoCa	cna33
2	89722069	130755330	3	1	sim41	Eso-AdenoCa	cna34
2	130755331	130888661	2	1	sim41	Eso-AdenoCa	cna35
2	130888662	138125672	4	2	sim41	Eso-AdenoCa	cna36
2	138125673	184402415	2	0	sim41	Eso-AdenoCa	cna37
2	184402416	184798006	2	1	sim41	Eso-AdenoCa	cna38
2	184798007	184899841	3	1	sim41	Eso-AdenoCa	cna39
2	184899842	185483542	2	2	sim41	Eso-AdenoCa	cna40
2	185483543	185788560	6	3	sim41	Eso-AdenoCa	cna41
2	185788561	198564729	2	1	sim41	Eso-AdenoCa	cna42
2	198564730	209909466	4	1	sim41	Eso-AdenoCa	cna43
2	209909467	226640936	2	0	sim41	Eso-AdenoCa	cna44
2	226640937	227264056	4	2	sim41	Eso-AdenoCa	cna45
2	227264057	231506451	2	1	sim41	Eso-AdenoCa	cna46
2	231506452	233114322	2	0	sim41	Eso-AdenoCa	cna47
2	233114323	233162262	3	1	sim41	Eso-AdenoCa	cna48
2	233162263	233172394	2	1	sim41	Eso-AdenoCa	cna49
2	233172395	233434537	3	1	sim41	Eso-AdenoCa	cna50
2	233434538	237669458	3	2	sim41	Eso-AdenoCa	cna51
2	237669459	242847324	2	0	sim41	Eso-AdenoCa	cna52
2	242847325	243010065	3	1	sim41	Eso-AdenoCa	cna53
2	243010066	243139578	4	0	sim41	Eso-AdenoCa	cna54
2	243139579	243199373	2	1	sim41	Eso-AdenoCa	cna55
3	1	32769620	2	1	sim41	Eso-AdenoCa	cna56
3	32769621	32801426	1	0	sim41	Eso-AdenoCa	cna57
3	32801427	32841867	2	0	sim41	Eso-AdenoCa	cna58
3	32841868	44385188	1	0	sim41	Eso-AdenoCa	cna59
3	44385189	44645338	2	1	sim41	Eso-AdenoCa	cna60
3	44645339	71256873	2	2	sim41	Eso-AdenoCa	cna61
3	71256874	196096485	2	0	sim41	Eso-AdenoCa	cna62
3	196096486	198022430	2	1	sim41	Eso-AdenoCa	cna63
4	1	191154276	1	1	sim41	Eso-AdenoCa	cna64
5	1	3967230	1	1	sim41	Eso-AdenoCa	cna65
5	3967231	8275791	2	0	sim41	Eso-AdenoCa	cna66
5	8275792	22713363	2	1	sim41	Eso-AdenoCa	cna67
5	22713364	27445179	2	0	sim41	Eso-AdenoCa	cna68
5	27445180	27716397	0	0	sim41	Eso-AdenoCa	cna69
5	27716398	27790182	2	0	sim41	Eso-AdenoCa	cna70
5	27790183	40287979	1	0	sim41	Eso-AdenoCa	cna71
5	40287980	40337233	4	1	sim41	Eso-AdenoCa	cna72
5	40337234	43988646	2	2	sim41	Eso-AdenoCa	cna73
5	43988647	44130969	2	1	sim41	Eso-AdenoCa	cna74
5	44130970	46269729	1	0	sim41	Eso-AdenoCa	cna75
5	46269730	57004935	2	0	sim41	Eso-AdenoCa	cna76
5	57004936	57016681	1	0	sim41	Eso-AdenoCa	cna77
5	57016682	57041695	0	0	sim41	Eso-AdenoCa	cna78
5	57041696	58897602	2	2	sim41	Eso-AdenoCa	cna79
5	58897603	80332046	2	0	sim41	Eso-AdenoCa	cna80
5	80332047	94297900	1	0	sim41	Eso-AdenoCa	cna81
5	94297901	94952702	1	1	sim41	Eso-AdenoCa	cna82
5	94952703	95090018	2	1	sim41	Eso-AdenoCa	cna83
5	95090019	95308294	2	2	sim41	Eso-AdenoCa	cna84
5	95308295	97139696	3	3	sim41	Eso-AdenoCa	cna85
5	97139697	97233256	2	1	sim41	Eso-AdenoCa	cna86
5	97233257	97527045	3	1	sim41	Eso-AdenoCa	cna87
5	97527046	103231088	5	1	sim41	Eso-AdenoCa	cna88
5	103231089	159816262	2	0	sim41	Eso-AdenoCa	cna89
5	159816263	160501160	5	1	sim41	Eso-AdenoCa	cna90
5	160501161	162317590	2	1	sim41	Eso-AdenoCa	cna91
5	162317591	164391033	2	0	sim41	Eso-AdenoCa	cna92
5	164391034	170963647	4	2	sim41	Eso-AdenoCa	cna93
5	170963648	180915260	2	1	sim41	Eso-AdenoCa	cna94
6	1	111648829	4	1	sim41	Eso-AdenoCa	cna95
6	111648830	111677155	2	1	sim41	Eso-AdenoCa	cna96
6	111677156	171052979	2	0	sim41	Eso-AdenoCa	cna97
6	171052980	171115067	4	3	sim41	Eso-AdenoCa	cna98
7	1	18768096	2	1	sim41	Eso-AdenoCa	cna99
7	18768097	64009699	2	0	sim41	Eso-AdenoCa	cna100
7	64009700	64116278	1	0	sim41	Eso-AdenoCa	cna101
7	64116279	64283838	0	0	sim41	Eso-AdenoCa	cna102
7	64283839	98789260	3	0	sim41	Eso-AdenoCa	cna103
7	98789261	98800175	1	0	sim41	Eso-AdenoCa	cna104
7	98800176	99648315	0	1	sim41	Eso-AdenoCa	cna105
7	99648316	104588449	1	0	sim41	Eso-AdenoCa	cna106
7	104588450	113498144	4	0	sim41	Eso-AdenoCa	cna107
7	113498145	113551808	3	1	sim41	Eso-AdenoCa	cna108
7	113551809	121671898	1	0	sim41	Eso-AdenoCa	cna109
7	121671899	121682775	2	0	sim41	Eso-AdenoCa	cna110
7	121682776	121815207	1	0	sim41	Eso-AdenoCa	cna111
7	121815208	130980851	2	1	sim41	Eso-AdenoCa	cna112
7	130980852	131419321	3	0	sim41	Eso-AdenoCa	cna113
7	131419322	145478091	2	0	sim41	Eso-AdenoCa	cna114
7	145478092	145498811	3	1	sim41	Eso-AdenoCa	cna115
7	145498812	146375620	2	1	sim41	Eso-AdenoCa	cna116
7	146375621	146548995	4	1	sim41	Eso-AdenoCa	cna117
7	146548996	146741633	2	1	sim41	Eso-AdenoCa	cna118
7	146741634	146789915	3	1	sim41	Eso-AdenoCa	cna119
7	146789916	146946464	2	0	sim41	Eso-AdenoCa	cna120
7	146946465	148956293	7	1	sim41	Eso-AdenoCa	cna121
7	148956294	158392583	1	1	sim41	Eso-AdenoCa	cna122
7	158392584	158403465	4	1	sim41	Eso-AdenoCa	cna123
7	158403466	159108089	2	0	sim41	Eso-AdenoCa	cna124
7	159108090	159138663	3	1	sim41	Eso-AdenoCa	cna125
8	1	9406708	2	0	sim41	Eso-AdenoCa	cna126
8	9406709	11861759	4	1	sim41	Eso-AdenoCa	cna127
8	11861760	11906007	4	3	sim41	Eso-AdenoCa	cna128
8	11906008	12269413	4	1	sim41	Eso-AdenoCa	cna129
8	12269414	17251272	1	0	sim41	Eso-AdenoCa	cna130
8	17251273	29267694	2	1	sim41	Eso-AdenoCa	cna131
8	29267695	38395486	1	0	sim41	Eso-AdenoCa	cna132
8	38395487	58458424	2	0	sim41	Eso-AdenoCa	cna133
8	58458425	61337363	2	2	sim41	Eso-AdenoCa	cna134
8	61337364	61392570	6	1	sim41	Eso-AdenoCa	cna135
8	61392571	61554646	2	0	sim41	Eso-AdenoCa	cna136
8	61554647	66348133	2	2	sim41	Eso-AdenoCa	cna137
8	66348134	68911541	0	0	sim41	Eso-AdenoCa	cna138
8	68911542	108496643	2	2	sim41	Eso-AdenoCa	cna139
8	108496644	118339827	4	1	sim41	Eso-AdenoCa	cna140
8	118339828	131282675	2	0	sim41	Eso-AdenoCa	cna141
8	131282676	145960635	2	1	sim41	Eso-AdenoCa	cna142
8	145960636	146003558	3	1	sim41	Eso-AdenoCa	cna143
8	146003559	146175778	2	0	sim41	Eso-AdenoCa	cna144
8	146175779	146250518	3	1	sim41	Eso-AdenoCa	cna145
8	146250519	146364022	4	1	sim41	Eso-AdenoCa	cna146
9	1	652151	3	1	sim41	Eso-AdenoCa	cna147
9	652152	2228722	2	1	sim41	Eso-AdenoCa	cna148
9	2228723	39105930	2	0	sim41	Eso-AdenoCa	cna149
9	39105931	41445239	1	0	sim41	Eso-AdenoCa	cna150
9	41445240	41514268	3	2	sim41	Eso-AdenoCa	cna151
9	41514269	55364261	2	1	sim41	Eso-AdenoCa	cna152
9	55364262	114963011	2	0	sim41	Eso-AdenoCa	cna153
9	114963012	114997274	2	3	sim41	Eso-AdenoCa	cna154
9	114997275	139678083	1	0	sim41	Eso-AdenoCa	cna155
9	139678084	141213431	2	1	sim41	Eso-AdenoCa	cna156
10	1	4007695	2	1	sim41	Eso-AdenoCa	cna157
10	4007696	22470808	4	2	sim41	Eso-AdenoCa	cna158
10	22470809	22589984	3	0	sim41	Eso-AdenoCa	cna159
10	22589985	22673550	3	1	sim41	Eso-AdenoCa	cna160
10	22673551	23848203	1	0	sim41	Eso-AdenoCa	cna161
10	23848204	24150121	2	1	sim41	Eso-AdenoCa	cna162
10	24150122	24897754	3	1	sim41	Eso-AdenoCa	cna163
10	24897755	25199833	0	0	sim41	Eso-AdenoCa	cna164
10	25199834	25213336	2	1	sim41	Eso-AdenoCa	cna165
10	25213337	59883455	2	2	sim41	Eso-AdenoCa	cna166
10	59883456	60039550	2	0	sim41	Eso-AdenoCa	cna167
10	60039551	68610156	3	1	sim41	Eso-AdenoCa	cna168
10	68610157	110804136	1	0	sim41	Eso-AdenoCa	cna169
10	110804137	110847864	3	3	sim41	Eso-AdenoCa	cna170
10	110847865	110874817	0	0	sim41	Eso-AdenoCa	cna171
10	110874818	135051395	2	2	sim41	Eso-AdenoCa	cna172
10	135051396	135534747	2	1	sim41	Eso-AdenoCa	cna173
11	1	4113128	2	1	sim41	Eso-AdenoCa	cna174
11	4113129	14894263	2	2	sim41	Eso-AdenoCa	cna175
11	14894264	15620844	1	0	sim41	Eso-AdenoCa	cna176
11	15620845	72898503	2	1	sim41	Eso-AdenoCa	cna177
11	72898504	72907764	4	1	sim41	Eso-AdenoCa	cna178
11	72907765	73698465	1	0	sim41	Eso-AdenoCa	cna179
11	73698466	73707736	4	1	sim41	Eso-AdenoCa	cna180
11	73707737	73749310	1	0	sim41	Eso-AdenoCa	cna181
11	73749311	73885296	2	1	sim41	Eso-AdenoCa	cna182
11	73885297	73894563	4	1	sim41	Eso-AdenoCa	cna183
11	73894564	73903829	3	2	sim41	Eso-AdenoCa	cna184
11	73903830	73946063	2	1	sim41	Eso-AdenoCa	cna185
11	73946064	77327886	2	2	sim41	Eso-AdenoCa	cna186
11	77327887	97743012	2	1	sim41	Eso-AdenoCa	cna187
11	97743013	103686213	3	2	sim41	Eso-AdenoCa	cna188
11	103686214	103815149	4	0	sim41	Eso-AdenoCa	cna189
11	103815150	103872244	2	0	sim41	Eso-AdenoCa	cna190
11	103872245	104367820	4	1	sim41	Eso-AdenoCa	cna191
11	104367821	104719752	4	2	sim41	Eso-AdenoCa	cna192
11	104719753	105677619	2	1	sim41	Eso-AdenoCa	cna193
11	105677620	105757308	3	1	sim41	Eso-AdenoCa	cna194
11	105757309	113027670	2	2	sim41	Eso-AdenoCa	cna195
11	113027671	113124444	2	0	sim41	Eso-AdenoCa	cna196
11	113124445	113296581	4	1	sim41	Eso-AdenoCa	cna197
11	113296582	114759918	4	3	sim41	Eso-AdenoCa	cna198
11	114759919	114821002	2	1	sim41	Eso-AdenoCa	cna199
11	114821003	114864581	1	0	sim41	Eso-AdenoCa	cna200
11	114864582	130051064	2	1	sim41	Eso-AdenoCa	cna201
11	130051065	135006516	1	0	sim41	Eso-AdenoCa	cna202
12	1	3651474	1	0	sim41	Eso-AdenoCa	cna203
12	3651475	3964435	2	1	sim41	Eso-AdenoCa	cna204
12	3964436	5045528	1	0	sim41	Eso-AdenoCa	cna205
12	5045529	6153516	2	2	sim41	Eso-AdenoCa	cna206
12	6153517	23361676	1	1	sim41	Eso-AdenoCa	cna207
12	23361677	23371099	3	2	sim41	Eso-AdenoCa	cna208
12	23371100	31632666	2	2	sim41	Eso-AdenoCa	cna209
12	31632667	45412500	2	1	sim41	Eso-AdenoCa	cna210
12	45412501	45470629	3	1	sim41	Eso-AdenoCa	cna211
12	45470630	45480038	4	2	sim41	Eso-AdenoCa	cna212
12	45480039	45524273	1	0	sim41	Eso-AdenoCa	cna213
12	45524274	57424209	2	2	sim41	Eso-AdenoCa	cna214
12	57424210	58234271	0	0	sim41	Eso-AdenoCa	cna215
12	58234272	68692749	2	0	sim41	Eso-AdenoCa	cna216
12	68692750	69615730	2	1	sim41	Eso-AdenoCa	cna217
12	69615731	81597962	1	0	sim41	Eso-AdenoCa	cna218
12	81597963	81823732	2	0	sim41	Eso-AdenoCa	cna219
12	81823733	81833137	1	0	sim41	Eso-AdenoCa	cna220
12	81833138	125499385	2	2	sim41	Eso-AdenoCa	cna221
12	125499386	125766042	2	1	sim41	Eso-AdenoCa	cna222
12	125766043	127110623	3	1	sim41	Eso-AdenoCa	cna223
12	127110624	131523354	2	1	sim41	Eso-AdenoCa	cna224
12	131523355	133717656	1	0	sim41	Eso-AdenoCa	cna225
12	133717657	133851895	2	1	sim41	Eso-AdenoCa	cna226
13	1	971011	3	3	sim41	Eso-AdenoCa	cna227
13	971012	11141811	2	2	sim41	Eso-AdenoCa	cna228
13	11141812	15757108	2	0	sim41	Eso-AdenoCa	cna229
13	15757109	16087653	2	1	sim41	Eso-AdenoCa	cna230
13	16087654	16172733	3	2	sim41	Eso-AdenoCa	cna231
13	16172734	16757438	3	1	sim41	Eso-AdenoCa	cna232
13	16757439	16788434	2	2	sim41	Eso-AdenoCa	cna233
13	16788435	16908253	2	1	sim41	Eso-AdenoCa	cna234
13	16908254	21440189	1	0	sim41	Eso-AdenoCa	cna235
13	21440190	21530313	3	3	sim41	Eso-AdenoCa	cna236
13	21530314	21549212	4	1	sim41	Eso-AdenoCa	cna237
13	21549213	25859156	2	1	sim41	Eso-AdenoCa	cna238
13	25859157	26841132	1	0	sim41	Eso-AdenoCa	cna239
13	26841133	57739615	2	0	sim41	Eso-AdenoCa	cna240
13	57739616	57886291	4	0	sim41	Eso-AdenoCa	cna241
13	57886292	58015456	2	2	sim41	Eso-AdenoCa	cna242
13	58015457	58505320	1	0	sim41	Eso-AdenoCa	cna243
13	58505321	63247645	4	2	sim41	Eso-AdenoCa	cna244
13	63247646	67326723	1	0	sim41	Eso-AdenoCa	cna245
13	67326724	67664812	2	2	sim41	Eso-AdenoCa	cna246
13	67664813	68759121	3	1	sim41	Eso-AdenoCa	cna247
13	68759122	68768592	4	1	sim41	Eso-AdenoCa	cna248
13	68768593	69124619	1	1	sim41	Eso-AdenoCa	cna249
13	69124620	69228423	3	2	sim41	Eso-AdenoCa	cna250
13	69228424	72233261	6	2	sim41	Eso-AdenoCa	cna251
13	72233262	72383667	7	1	sim41	Eso-AdenoCa	cna252
13	72383668	87697186	2	1	sim41	Eso-AdenoCa	cna253
13	87697187	97518379	3	1	sim41	Eso-AdenoCa	cna254
13	97518380	98062819	4	3	sim41	Eso-AdenoCa	cna255
13	98062820	114699580	2	1	sim41	Eso-AdenoCa	cna256
13	114699581	115092148	4	1	sim41	Eso-AdenoCa	cna257
13	115092149	115169878	3	0	sim41	Eso-AdenoCa	cna258
14	1	107349540	1	0	sim41	Eso-AdenoCa	cna259
15	1	1834384	1	0	sim41	Eso-AdenoCa	cna260
15	1834385	1982422	6	2	sim41	Eso-AdenoCa	cna261
15	1982423	5006652	2	1	sim41	Eso-AdenoCa	cna262
15	5006653	5202230	1	0	sim41	Eso-AdenoCa	cna263
15	5202231	69146921	2	0	sim41	Eso-AdenoCa	cna264
15	69146922	80627524	1	0	sim41	Eso-AdenoCa	cna265
15	80627525	102506566	3	2	sim41	Eso-AdenoCa	cna266
15	102506567	102531392	2	0	sim41	Eso-AdenoCa	cna267
16	1	10449015	1	0	sim41	Eso-AdenoCa	cna268
16	10449016	11995836	2	0	sim41	Eso-AdenoCa	cna269
16	11995837	12058543	2	1	sim41	Eso-AdenoCa	cna270
16	12058544	32618237	1	0	sim41	Eso-AdenoCa	cna271
16	32618238	90107640	2	1	sim41	Eso-AdenoCa	cna272
16	90107641	90354753	1	0	sim41	Eso-AdenoCa	cna273
17	1	42821392	1	0	sim41	Eso-AdenoCa	cna274
17	42821393	42831826	2	0	sim41	Eso-AdenoCa	cna275
17	42831827	42947753	4	1	sim41	Eso-AdenoCa	cna276
17	42947754	43054831	0	0	sim41	Eso-AdenoCa	cna277
17	43054832	43755139	4	0	sim41	Eso-AdenoCa	cna278
17	43755140	61819470	2	1	sim41	Eso-AdenoCa	cna279
17	61819471	61886929	1	0	sim41	Eso-AdenoCa	cna280
17	61886930	62960433	3	3	sim41	Eso-AdenoCa	cna281
17	62960434	63135284	3	1	sim41	Eso-AdenoCa	cna282
17	63135285	63316573	2	1	sim41	Eso-AdenoCa	cna283
17	63316574	80592026	3	1	sim41	Eso-AdenoCa	cna284
17	80592027	81128225	2	1	sim41	Eso-AdenoCa	cna285
17	81128226	81195210	2	0	sim41	Eso-AdenoCa	cna286
18	1	927701	2	2	sim41	Eso-AdenoCa	cna287
18	927702	71971782	2	1	sim41	Eso-AdenoCa	cna288
18	71971783	74182551	5	2	sim41	Eso-AdenoCa	cna289
18	74182552	78077248	2	0	sim41	Eso-AdenoCa	cna290
19	1	59128983	1	0	sim41	Eso-AdenoCa	cna291
20	1	63025520	1	0	sim41	Eso-AdenoCa	cna292
21	1	32646042	1	0	sim41	Eso-AdenoCa	cna293
21	32646043	39799009	3	1	sim41	Eso-AdenoCa	cna294
21	39799010	41262597	2	0	sim41	Eso-AdenoCa	cna295
21	41262598	42393316	1	0	sim41	Eso-AdenoCa	cna296
21	42393317	42577554	0	0	sim41	Eso-AdenoCa	cna297
21	42577555	43008787	2	1	sim41	Eso-AdenoCa	cna298
21	43008788	43279157	5	1	sim41	Eso-AdenoCa	cna299
21	43279158	43603944	1	0	sim41	Eso-AdenoCa	cna300
21	43603945	44480245	2	2	sim41	Eso-AdenoCa	cna301
21	44480246	48129895	2	0	sim41	Eso-AdenoCa	cna302
22	1	16133233	4	2	sim41	Eso-AdenoCa	cna303
22	16133234	19802348	4	1	sim41	Eso-AdenoCa	cna304
22	19802349	20030807	2	1	sim41	Eso-AdenoCa	cna305
22	20030808	35459664	3	0	sim41	Eso-AdenoCa	cna306
22	35459665	35760643	3	1	sim41	Eso-AdenoCa	cna307
22	35760644	51304566	1	0	sim41	Eso-AdenoCa	cna308
X	1	2660378	2	1	sim41	Eso-AdenoCa	cna309
X	2660379	3513993	3	1	sim41	Eso-AdenoCa	cna310
X	3513994	3618073	2	0	sim41	Eso-AdenoCa	cna311
X	3618074	16878837	2	1	sim41	Eso-AdenoCa	cna312
X	16878838	16976425	3	0	sim41	Eso-AdenoCa	cna313
X	16976426	18489362	2	0	sim41	Eso-AdenoCa	cna314
X	18489363	20204338	3	2	sim41	Eso-AdenoCa	cna315
X	20204339	24460821	4	2	sim41	Eso-AdenoCa	cna316
X	24460822	96507463	2	1	sim41	Eso-AdenoCa	cna317
X	96507464	113310424	4	0	sim41	Eso-AdenoCa	cna318
X	113310425	113461734	0	0	sim41	Eso-AdenoCa	cna319
X	113461735	138724967	2	0	sim41	Eso-AdenoCa	cna320
X	138724968	147930180	2	1	sim41	Eso-AdenoCa	cna321
X	147930181	149696024	2	3	sim41	Eso-AdenoCa	cna322
X	149696025	155270560	2	0	sim41	Eso-AdenoCa	cna323
Y	1	51979730	4	0	sim41	Eso-AdenoCa	cna324
Y	51979731	59373566	2	1	sim41	Eso-AdenoCa	cna325
