chrom1	start1	end1	chrom2	start2	end2	strand1	strand2	svclass	id	allele	donor_id	tumor
1	1	2	1	218271	218272	-	+	DUP	cna0	major	sim35	Eso-AdenoCa
1	218272	218273	1	39511631	39511632	-	+	DUP	cna1	major	sim35	Eso-AdenoCa
1	218272	9953401	10	1433941	23902053	+	-	TRA	cna1,cna139	minor,major	sim35	Eso-AdenoCa
1	218272	6174757	19	35425578	59128983	+	-	TRA	cna248,cna1	major,major	sim35	Eso-AdenoCa
1	25070200	25070201	1	25080202	25080203	+	+	h2hINV	cna1	minor	sim35	Eso-AdenoCa
1	27366900	27366901	1	27441338	27441339	+	+	h2hINV	cna1	major	sim35	Eso-AdenoCa
1	27379600	27379601	1	27389600	27389601	+	+	h2hINV	cna1	major	sim35	Eso-AdenoCa
1	32267100	32267101	1	32277108	32277109	+	+	h2hINV	cna1	minor	sim35	Eso-AdenoCa
1	38162700	38162701	1	38172706	38172707	+	+	h2hINV	cna1	minor	sim35	Eso-AdenoCa
1	39511632	39511633	1	39581780	39581781	-	+	DUP	cna2	major	sim35	Eso-AdenoCa
1	39511632	39511633	1	39581780	39581781	+	-	DEL	cna2	minor	sim35	Eso-AdenoCa
1	39581781	39581782	1	63489004	63489005	+	-	DEL	cna3	minor	sim35	Eso-AdenoCa
1	39581781	54306844	12	107073906	111074895	+	+	TRA	cna194,cna3	minor,major	sim35	Eso-AdenoCa
1	49195800	49195801	1	49205812	49205813	-	-	t2tINV	cna3	major	sim35	Eso-AdenoCa
1	52854700	63489004	7	41612680	72699502	-	-	TRA	cna3,cna115	major,minor	sim35	Eso-AdenoCa
1	63489005	63489006	1	63543282	63543283	-	+	DUP	cna4	major	sim35	Eso-AdenoCa
1	63489005	63489006	1	63543282	63543283	+	-	DEL	cna4	minor	sim35	Eso-AdenoCa
1	63543283	63543284	1	65025005	65025006	+	-	DEL	cna5	minor	sim35	Eso-AdenoCa
1	65025006	65025007	1	69218937	69218938	-	+	DUP	cna6	major	sim35	Eso-AdenoCa
1	65025006	65025007	1	69218937	69218938	-	+	DUP	cna6	minor	sim35	Eso-AdenoCa
1	69218938	69218939	1	69634599	69634600	+	-	DEL	cna7	minor	sim35	Eso-AdenoCa
1	69634600	69634601	1	73496462	73496463	-	+	DUP	cna8	major	sim35	Eso-AdenoCa
1	73496463	73496464	1	101960054	101960055	-	+	DUP	cna9	major	sim35	Eso-AdenoCa
1	73496463	73496464	1	101960054	101960055	+	-	DEL	cna9	minor	sim35	Eso-AdenoCa
1	101960055	101960056	1	213244790	213244791	-	+	DUP	cna10	major	sim35	Eso-AdenoCa
1	153807400	153807401	1	156746793	156746794	+	+	h2hINV	cna10	major	sim35	Eso-AdenoCa
1	156817800	156817801	1	159053828	159053829	+	+	h2hINV	cna10	major	sim35	Eso-AdenoCa
1	159325200	159325201	1	162739268	162739269	-	-	t2tINV	cna10	major	sim35	Eso-AdenoCa
1	165163500	165163501	1	166125500	166125501	+	+	h2hINV	cna10	minor	sim35	Eso-AdenoCa
1	167432000	167432001	1	176843547	176843548	+	+	h2hINV	cna10	minor	sim35	Eso-AdenoCa
1	169209800	169209801	1	169229848	169229849	-	-	t2tINV	cna10	major	sim35	Eso-AdenoCa
1	170172600	170172601	1	171551790	171551791	-	-	t2tINV	cna10	major	sim35	Eso-AdenoCa
1	189767900	189767901	1	190785465	190785466	+	+	h2hINV	cna10	minor	sim35	Eso-AdenoCa
1	192915000	192915001	1	192925013	192925014	+	+	h2hINV	cna10	minor	sim35	Eso-AdenoCa
1	213359352	213359353	1	213420474	213420475	-	+	DUP	cna12	major	sim35	Eso-AdenoCa
1	213359352	213359353	1	213420474	213420475	+	-	DEL	cna12	minor	sim35	Eso-AdenoCa
1	213420475	213420476	1	213486769	213486770	-	+	DUP	cna13	major	sim35	Eso-AdenoCa
1	213486770	213486771	1	217679367	217679368	-	+	DUP	cna14	major	sim35	Eso-AdenoCa
1	213486770	213486771	1	217679367	217679368	+	-	DEL	cna14	minor	sim35	Eso-AdenoCa
1	214555600	214555601	1	214565605	214565606	+	+	h2hINV	cna14	major	sim35	Eso-AdenoCa
1	217679368	217679369	1	229916974	229916975	-	+	DUP	cna15	major	sim35	Eso-AdenoCa
1	228632100	228632101	1	228652180	228652181	+	+	h2hINV	cna15	major	sim35	Eso-AdenoCa
1	230582582	230582583	1	231110080	231110081	+	-	DEL	cna17	minor	sim35	Eso-AdenoCa
1	231110081	231110082	1	231261418	231261419	+	-	DEL	cna18	major	sim35	Eso-AdenoCa
1	231110081	231110082	1	231261418	231261419	+	-	DEL	cna18	minor	sim35	Eso-AdenoCa
1	231261419	231261420	1	247033711	247033712	-	+	DUP	cna19	major	sim35	Eso-AdenoCa
1	231261419	246843901	12	92339386	97762836	+	+	TRA	cna19,cna186	major,major	sim35	Eso-AdenoCa
1	247033712	247033713	1	248766604	248766605	-	+	DUP	cna20	major	sim35	Eso-AdenoCa
1	247033712	247033713	1	248766604	248766605	-	+	DUP	cna20	minor	sim35	Eso-AdenoCa
1	248766605	248766606	1	249250621	249250622	+	-	DEL	cna21	minor	sim35	Eso-AdenoCa
2	1	2	2	46260257	46260258	-	+	DUP	cna22	major	sim35	Eso-AdenoCa
2	6101879	6101880	2	47809022	47809023	+	+	h2hINV	cna22	major	sim35	Eso-AdenoCa
2	17974779	17974780	2	19682099	19682100	+	+	h2hINV	cna22	minor	sim35	Eso-AdenoCa
2	25026879	25026880	2	37762293	37762294	+	+	h2hINV	cna22	major	sim35	Eso-AdenoCa
2	46260258	46260259	2	46279001	46279002	-	+	DUP	cna23	major	sim35	Eso-AdenoCa
2	46279002	46279003	2	57427072	57427073	-	+	DUP	cna24	major	sim35	Eso-AdenoCa
2	46279002	46279003	2	57427072	57427073	-	+	DUP	cna24	minor	sim35	Eso-AdenoCa
2	48607879	48607880	2	48617880	48617881	+	+	h2hINV	cna24	major	sim35	Eso-AdenoCa
2	54156611	57427072	12	60395494	64019804	-	-	TRA	cna180,cna24	major,minor	sim35	Eso-AdenoCa
2	56394179	56394180	2	60480146	60480147	-	-	t2tINV	cna25	major	sim35	Eso-AdenoCa
2	57427073	57427074	2	84904521	84904522	-	+	DUP	cna25	major	sim35	Eso-AdenoCa
2	57427073	57427074	2	84904521	84904522	+	-	DEL	cna25	minor	sim35	Eso-AdenoCa
2	70187479	84904521	4	51754472	59044039	-	-	TRA	cna25,cna91	minor,major	sim35	Eso-AdenoCa
2	84904522	84904523	2	163664399	163664400	-	+	DUP	cna26	major	sim35	Eso-AdenoCa
2	84904522	140774416	20	45726695	62711661	+	-	TRA	cna249,cna26	minor,minor	sim35	Eso-AdenoCa
2	127253879	163664399	5	99307717	133791582	-	-	TRA	cna26,cna109	minor,minor	sim35	Eso-AdenoCa
2	163664400	163664401	2	163801905	163801906	-	+	DUP	cna27	major	sim35	Eso-AdenoCa
2	163801906	163801907	2	163811287	163811288	-	+	DUP	cna28	major	sim35	Eso-AdenoCa
2	163801906	163801907	2	163811287	163811288	+	-	DEL	cna28	minor	sim35	Eso-AdenoCa
2	163811288	163811289	2	164093608	164093609	-	+	DUP	cna29	major	sim35	Eso-AdenoCa
2	164209906	164209907	2	165580815	165580816	-	+	DUP	cna31	major	sim35	Eso-AdenoCa
2	165580816	165580817	2	171321775	171321776	-	+	DUP	cna32	major	sim35	Eso-AdenoCa
2	165580816	165580817	2	171321775	171321776	+	-	DEL	cna32	minor	sim35	Eso-AdenoCa
2	171321776	171321777	2	171764293	171764294	+	-	DEL	cna33	minor	sim35	Eso-AdenoCa
2	176404479	176404480	2	176414484	176414485	-	-	t2tINV	cna34	minor	sim35	Eso-AdenoCa
2	179848113	179848114	2	181276719	181276720	-	+	DUP	cna35	major	sim35	Eso-AdenoCa
2	181276720	181276721	2	194026259	194026260	+	-	DEL	cna36	minor	sim35	Eso-AdenoCa
2	184922479	184922480	2	215369077	215369078	-	-	t2tINV	cna40	minor	sim35	Eso-AdenoCa
2	191381179	191381180	2	194630264	194630265	-	-	t2tINV	cna38	major	sim35	Eso-AdenoCa
2	194026260	194026261	2	194289699	194289700	-	+	DUP	cna37	major	sim35	Eso-AdenoCa
2	194026260	194026261	2	194289699	194289700	+	-	DEL	cna37	minor	sim35	Eso-AdenoCa
2	194289700	194289701	2	200097025	200097026	+	-	DEL	cna38	minor	sim35	Eso-AdenoCa
2	196719579	196719580	2	217752026	217752027	-	-	t2tINV	cna40	major	sim35	Eso-AdenoCa
2	200097026	200097027	2	200914690	200914691	-	+	DUP	cna39	major	sim35	Eso-AdenoCa
2	200097026	200097027	2	200914690	200914691	+	-	DEL	cna39	minor	sim35	Eso-AdenoCa
2	237127595	237127596	2	237316836	237316837	-	+	DUP	cna41	major	sim35	Eso-AdenoCa
2	237316837	237316838	2	237868951	237868952	+	-	DEL	cna42	minor	sim35	Eso-AdenoCa
2	237868952	237868953	2	239024490	239024491	-	+	DUP	cna43	major	sim35	Eso-AdenoCa
2	239024491	239024492	2	239437910	239437911	+	-	DEL	cna44	minor	sim35	Eso-AdenoCa
2	239437911	239437912	2	239559344	239559345	-	+	DUP	cna45	major	sim35	Eso-AdenoCa
2	239559345	239559346	2	239705370	239705371	-	+	DUP	cna46	major	sim35	Eso-AdenoCa
2	239559345	239559346	2	239705370	239705371	-	+	DUP	cna46	minor	sim35	Eso-AdenoCa
2	239705371	239705372	2	242345908	242345909	-	+	DUP	cna47	major	sim35	Eso-AdenoCa
2	239705371	239705372	2	242345908	242345909	+	-	DEL	cna47	minor	sim35	Eso-AdenoCa
2	242345909	242345910	2	243189999	243190000	+	-	DEL	cna48	minor	sim35	Eso-AdenoCa
2	243190000	243190001	2	243199373	243199374	-	+	DUP	cna49	major	sim35	Eso-AdenoCa
2	243190000	243190001	2	243199373	243199374	-	+	DUP	cna49	minor	sim35	Eso-AdenoCa
3	1	2	3	847966	847967	-	+	DUP	cna50	major	sim35	Eso-AdenoCa
3	1	2	3	847966	847967	-	+	DUP	cna50	minor	sim35	Eso-AdenoCa
3	847967	847968	3	14500686	14500687	+	-	DEL	cna51	minor	sim35	Eso-AdenoCa
3	2494706	2494707	3	11737448	11737449	+	+	h2hINV	cna51	major	sim35	Eso-AdenoCa
3	4286606	4286607	3	6749242	6749243	-	-	t2tINV	cna51	major	sim35	Eso-AdenoCa
3	14500687	14500688	3	21832707	21832708	-	+	DUP	cna52	major	sim35	Eso-AdenoCa
3	14500687	14500688	3	21832707	21832708	-	+	DUP	cna52	minor	sim35	Eso-AdenoCa
3	21832708	21832709	3	31295428	31295429	-	+	DUP	cna53	major	sim35	Eso-AdenoCa
3	25572506	25572507	3	25582522	25582523	-	-	t2tINV	cna53	major	sim35	Eso-AdenoCa
3	31295429	31295430	3	32748422	32748423	-	+	DUP	cna54	major	sim35	Eso-AdenoCa
3	31295429	31295430	3	32748422	32748423	-	+	DUP	cna54	minor	sim35	Eso-AdenoCa
3	32748423	32748424	3	33049524	33049525	-	+	DUP	cna55	major	sim35	Eso-AdenoCa
3	33049525	33049526	3	39499417	39499418	-	+	DUP	cna56	major	sim35	Eso-AdenoCa
3	39499418	39499419	3	39551815	39551816	+	-	DEL	cna57	minor	sim35	Eso-AdenoCa
3	39551816	39551817	3	46226618	46226619	-	+	DUP	cna58	major	sim35	Eso-AdenoCa
3	39551816	39551817	3	46226618	46226619	+	-	DEL	cna58	minor	sim35	Eso-AdenoCa
3	46226619	46226620	3	47449674	47449675	+	-	DEL	cna59	minor	sim35	Eso-AdenoCa
3	47449675	47449676	3	47499081	47499082	-	+	DUP	cna60	major	sim35	Eso-AdenoCa
3	47499082	47499083	3	50150674	50150675	+	-	DEL	cna61	minor	sim35	Eso-AdenoCa
3	47554106	47554107	3	48175082	48175083	-	-	t2tINV	cna61	major	sim35	Eso-AdenoCa
3	50150675	50150676	3	55429193	55429194	-	+	DUP	cna62	major	sim35	Eso-AdenoCa
3	50150675	50150676	3	55429193	55429194	+	-	DEL	cna62	minor	sim35	Eso-AdenoCa
3	55429194	55429195	3	55616294	55616295	-	+	DUP	cna63	major	sim35	Eso-AdenoCa
3	55429194	55429195	3	55616294	55616295	-	+	DUP	cna63	minor	sim35	Eso-AdenoCa
3	55616295	55616296	3	56282243	56282244	-	+	DUP	cna64	major	sim35	Eso-AdenoCa
3	56282244	56282245	3	56522893	56522894	+	-	DEL	cna65	minor	sim35	Eso-AdenoCa
3	56522894	56522895	3	56566941	56566942	-	+	DUP	cna66	major	sim35	Eso-AdenoCa
3	56566942	56566943	3	62910845	62910846	-	+	DUP	cna67	major	sim35	Eso-AdenoCa
3	56566942	56566943	3	62910845	62910846	+	-	DEL	cna67	minor	sim35	Eso-AdenoCa
3	62910846	62910847	3	67320208	67320209	-	+	DUP	cna68	major	sim35	Eso-AdenoCa
3	66694606	66694607	3	79994698	79994699	+	+	h2hINV	cna68	minor	sim35	Eso-AdenoCa
3	67320209	67320210	3	70067223	70067224	-	+	DUP	cna69	major	sim35	Eso-AdenoCa
3	70067224	70067225	3	78021461	78021462	-	+	DUP	cna70	major	sim35	Eso-AdenoCa
3	70067224	70067225	3	78021461	78021462	+	-	DEL	cna70	minor	sim35	Eso-AdenoCa
3	70684106	70684107	3	80084496	80084497	-	-	t2tINV	cna73	major	sim35	Eso-AdenoCa
3	78021462	78021463	3	78652523	78652524	-	+	DUP	cna71	major	sim35	Eso-AdenoCa
3	78021462	78021463	3	78652523	78652524	+	-	DEL	cna71	minor	sim35	Eso-AdenoCa
3	78652524	78652525	3	79233880	79233881	-	+	DUP	cna72	major	sim35	Eso-AdenoCa
3	79233881	79233882	3	83526019	83526020	+	-	DEL	cna73	minor	sim35	Eso-AdenoCa
3	83526020	83526021	3	85211420	85211421	-	+	DUP	cna74	major	sim35	Eso-AdenoCa
3	85211421	85211422	3	85523574	85523575	-	+	DUP	cna75	major	sim35	Eso-AdenoCa
3	85523575	85523576	3	147873534	147873535	-	+	DUP	cna76	major	sim35	Eso-AdenoCa
3	88941406	88941407	3	88961434	88961435	+	+	h2hINV	cna76	minor	sim35	Eso-AdenoCa
3	103326606	103326607	3	108282501	108282502	-	-	t2tINV	cna76	major	sim35	Eso-AdenoCa
3	129755406	129755407	3	131287728	131287729	+	+	h2hINV	cna76	minor	sim35	Eso-AdenoCa
3	145269706	145269707	3	147232191	147232192	+	+	h2hINV	cna76	major	sim35	Eso-AdenoCa
3	147873535	147873536	3	148476805	148476806	+	-	DEL	cna77	major	sim35	Eso-AdenoCa
3	151408407	151408408	3	151759948	151759949	-	+	DUP	cna79	major	sim35	Eso-AdenoCa
3	151408407	151408408	3	151759948	151759949	-	+	DUP	cna79	minor	sim35	Eso-AdenoCa
3	151759949	151759950	3	152980320	152980321	-	+	DUP	cna80	major	sim35	Eso-AdenoCa
3	152980321	152980322	3	194522413	194522414	-	+	DUP	cna81	major	sim35	Eso-AdenoCa
3	152980321	152980322	3	194522413	194522414	-	+	DUP	cna81	minor	sim35	Eso-AdenoCa
3	171637306	171637307	3	179687799	179687800	+	+	h2hINV	cna81	minor	sim35	Eso-AdenoCa
3	181594306	181594307	3	181604308	181604309	+	+	h2hINV	cna81	minor	sim35	Eso-AdenoCa
3	194522414	194522415	3	196473252	196473253	+	-	DEL	cna82	minor	sim35	Eso-AdenoCa
3	196473253	196473254	3	198022430	198022431	-	+	DUP	cna83	major	sim35	Eso-AdenoCa
4	1	2	4	407801	407802	-	+	DUP	cna84	major	sim35	Eso-AdenoCa
4	1	2	4	407801	407802	-	+	DUP	cna84	minor	sim35	Eso-AdenoCa
4	407802	407803	4	13418454	13418455	+	-	DEL	cna85	minor	sim35	Eso-AdenoCa
4	4535776	4535777	4	4545800	4545801	-	-	t2tINV	cna85	major	sim35	Eso-AdenoCa
4	13418455	13418456	4	14946734	14946735	-	+	DUP	cna86	major	sim35	Eso-AdenoCa
4	13418455	13418456	4	14946734	14946735	-	+	DUP	cna86	minor	sim35	Eso-AdenoCa
4	14946735	14946736	4	27787409	27787410	+	-	DEL	cna87	major	sim35	Eso-AdenoCa
4	27787410	27787411	4	27848994	27848995	-	+	DUP	cna88	major	sim35	Eso-AdenoCa
4	27787410	27787411	4	27848994	27848995	-	+	DUP	cna88	minor	sim35	Eso-AdenoCa
4	27848995	27848996	4	49497509	49497510	-	+	DUP	cna89	major	sim35	Eso-AdenoCa
4	47847376	47847377	4	50819341	50819342	+	+	h2hINV	cna89	minor	sim35	Eso-AdenoCa
4	49497510	49497511	4	50200098	50200099	+	-	DEL	cna90	minor	sim35	Eso-AdenoCa
4	50200099	50200100	4	59044039	59044040	-	+	DUP	cna91	major	sim35	Eso-AdenoCa
4	59044040	59044041	4	73620326	73620327	-	+	DUP	cna92	major	sim35	Eso-AdenoCa
4	66507676	66507677	4	67996130	67996131	+	+	h2hINV	cna92	major	sim35	Eso-AdenoCa
4	73620327	73620328	4	76250902	76250903	-	+	DUP	cna93	major	sim35	Eso-AdenoCa
4	73620327	73620328	4	76250902	76250903	+	-	DEL	cna93	minor	sim35	Eso-AdenoCa
4	76943026	76943027	4	78114171	78114172	-	+	DUP	cna95	major	sim35	Eso-AdenoCa
4	76943026	76943027	4	78114171	78114172	+	-	DEL	cna95	minor	sim35	Eso-AdenoCa
4	78114172	78114173	4	79930482	79930483	-	+	DUP	cna96	major	sim35	Eso-AdenoCa
4	79119076	79119077	4	110518434	110518435	-	-	t2tINV	cna99	major	sim35	Eso-AdenoCa
4	79930483	79930484	4	92825302	92825303	-	+	DUP	cna97	major	sim35	Eso-AdenoCa
4	79930483	79930484	4	92825302	92825303	-	+	DUP	cna97	minor	sim35	Eso-AdenoCa
4	92261776	92261777	4	92548382	92548383	-	-	t2tINV	cna97	minor	sim35	Eso-AdenoCa
4	92825303	92825304	4	92848644	92848645	-	+	DUP	cna98	major	sim35	Eso-AdenoCa
4	92848645	92848646	4	121229563	121229564	-	+	DUP	cna99	major	sim35	Eso-AdenoCa
4	92848645	92848646	4	121229563	121229564	+	-	DEL	cna99	minor	sim35	Eso-AdenoCa
4	121229564	121229565	4	121241301	121241302	+	-	DEL	cna100	minor	sim35	Eso-AdenoCa
4	121241302	121241303	4	121253008	121253009	-	+	DUP	cna101	major	sim35	Eso-AdenoCa
4	121241302	121241303	4	121253008	121253009	+	-	DEL	cna101	minor	sim35	Eso-AdenoCa
4	121253009	121253010	4	161102263	161102264	-	+	DUP	cna102	major	sim35	Eso-AdenoCa
4	126416876	126416877	4	169812130	169812131	+	+	h2hINV	cna102	minor	sim35	Eso-AdenoCa
4	146216676	146216677	4	146226689	146226690	+	+	h2hINV	cna102	major	sim35	Eso-AdenoCa
4	149535676	149535677	4	151796071	151796072	+	+	h2hINV	cna102	minor	sim35	Eso-AdenoCa
4	161102264	161102265	4	164086205	164086206	+	-	DEL	cna103	minor	sim35	Eso-AdenoCa
4	163011176	163011177	4	166121221	166121222	+	+	h2hINV	cna103	major	sim35	Eso-AdenoCa
4	164086206	164086207	4	164665489	164665490	-	+	DUP	cna104	major	sim35	Eso-AdenoCa
4	164086206	164086207	4	164665489	164665490	+	-	DEL	cna104	minor	sim35	Eso-AdenoCa
4	164665490	164665491	4	191154276	191154277	-	+	DUP	cna105	major	sim35	Eso-AdenoCa
4	164665490	164665491	4	191154276	191154277	+	-	DEL	cna105	minor	sim35	Eso-AdenoCa
4	168046776	168046777	4	168056779	168056780	-	-	t2tINV	cna105	major	sim35	Eso-AdenoCa
4	174020276	174020277	4	174030281	174030282	+	+	h2hINV	cna105	major	sim35	Eso-AdenoCa
5	1	2	5	76586475	76586476	-	+	DUP	cna106	major	sim35	Eso-AdenoCa
5	4513300	4513301	5	8567002	8567003	+	+	h2hINV	cna106	minor	sim35	Eso-AdenoCa
5	8570000	8570001	5	16390045	16390046	+	+	h2hINV	cna106	major	sim35	Eso-AdenoCa
5	12373700	12373701	5	13380907	13380908	-	-	t2tINV	cna106	major	sim35	Eso-AdenoCa
5	23182900	23182901	5	23552595	23552596	+	+	h2hINV	cna106	major	sim35	Eso-AdenoCa
5	28349000	28349001	5	36158653	36158654	-	-	t2tINV	cna106	major	sim35	Eso-AdenoCa
5	60183900	60183901	5	61422625	61422626	-	-	t2tINV	cna106	minor	sim35	Eso-AdenoCa
5	67551465	76586475	X	112862814	155270560	-	-	TRA	cna280,cna106	major,minor	sim35	Eso-AdenoCa
5	75788600	75788601	5	89631613	89631614	+	+	h2hINV	cna106	major	sim35	Eso-AdenoCa
5	76586476	76586477	5	87954611	87954612	+	-	DEL	cna107	minor	sim35	Eso-AdenoCa
5	76586476	85742358	22	27112835	41965981	+	+	TRA	cna257,cna107	minor,major	sim35	Eso-AdenoCa
5	81757700	81757701	5	82204047	82204048	+	+	h2hINV	cna107	major	sim35	Eso-AdenoCa
5	87954612	87954613	5	88001636	88001637	-	+	DUP	cna108	major	sim35	Eso-AdenoCa
5	88001637	88001638	5	133791582	133791583	-	+	DUP	cna109	major	sim35	Eso-AdenoCa
5	88001637	88001638	5	133791582	133791583	+	-	DEL	cna109	minor	sim35	Eso-AdenoCa
5	91618500	91618501	5	121563708	121563709	+	+	h2hINV	cna109	major	sim35	Eso-AdenoCa
5	93791200	93791201	5	93801206	93801207	+	+	h2hINV	cna109	major	sim35	Eso-AdenoCa
5	95913700	95913701	5	95923703	95923704	+	+	h2hINV	cna109	major	sim35	Eso-AdenoCa
5	105813400	105813401	5	107871938	107871939	+	+	h2hINV	cna109	major	sim35	Eso-AdenoCa
5	164579400	177662259	8	54933216	102501071	-	+	TRA	cna110,cna127	minor,minor	sim35	Eso-AdenoCa
5	165754500	165754501	5	165774720	165774721	+	+	h2hINV	cna110	major	sim35	Eso-AdenoCa
5	177662260	177662261	5	180915260	180915261	-	+	DUP	cna111	major	sim35	Eso-AdenoCa
6	1	2	6	169706959	169706960	-	+	DUP	cna112	major	sim35	Eso-AdenoCa
6	31954740	31954741	6	32739516	32739517	+	+	h2hINV	cna112	minor	sim35	Eso-AdenoCa
6	32358640	32358641	6	43694475	43694476	+	+	h2hINV	cna112	major	sim35	Eso-AdenoCa
6	50823140	50823141	6	51589854	51589855	+	+	h2hINV	cna112	minor	sim35	Eso-AdenoCa
6	58343140	58343141	6	58353149	58353150	-	-	t2tINV	cna112	minor	sim35	Eso-AdenoCa
6	64074940	64074941	6	64084947	64084948	+	+	h2hINV	cna112	minor	sim35	Eso-AdenoCa
6	69010940	69010941	6	99485881	99485882	+	+	h2hINV	cna112	minor	sim35	Eso-AdenoCa
6	76626540	76626541	6	89095991	89095992	+	+	h2hINV	cna112	minor	sim35	Eso-AdenoCa
6	102009340	102009341	6	102963994	102963995	+	+	h2hINV	cna112	major	sim35	Eso-AdenoCa
6	104227947	169706959	7	2544881	52113174	-	+	TRA	cna115,cna112	major,major	sim35	Eso-AdenoCa
6	108387840	108387841	6	146787447	146787448	+	+	h2hINV	cna112	major	sim35	Eso-AdenoCa
6	116309840	116309841	6	116319846	116319847	-	-	t2tINV	cna112	major	sim35	Eso-AdenoCa
6	121370340	121370341	6	121380351	121380352	+	+	h2hINV	cna112	major	sim35	Eso-AdenoCa
6	130755940	169706959	14	70128691	70659830	-	-	TRA	cna112,cna207	major,major	sim35	Eso-AdenoCa
6	139730240	139730241	6	148642831	148642832	+	+	h2hINV	cna112	minor	sim35	Eso-AdenoCa
6	169706960	169706961	6	171115067	171115068	-	+	DUP	cna113	major	sim35	Eso-AdenoCa
7	1	2	7	2544880	2544881	-	+	DUP	cna114	major	sim35	Eso-AdenoCa
7	2544881	2544882	7	72699502	72699503	+	-	DEL	cna115	minor	sim35	Eso-AdenoCa
7	16724473	16724474	7	28802598	28802599	+	+	h2hINV	cna115	major	sim35	Eso-AdenoCa
7	57661973	57661974	7	57671979	57671980	-	-	t2tINV	cna115	major	sim35	Eso-AdenoCa
7	72699503	72699504	7	105671531	105671532	-	+	DUP	cna116	major	sim35	Eso-AdenoCa
7	72699503	72699504	7	105671531	105671532	+	-	DEL	cna116	minor	sim35	Eso-AdenoCa
7	77690673	105671531	11	100467097	103810214	-	+	TRA	cna116,cna171	major,major	sim35	Eso-AdenoCa
7	85638373	85638374	7	98916446	98916447	+	+	h2hINV	cna116	major	sim35	Eso-AdenoCa
7	91377673	91377674	7	92038979	92038980	-	-	t2tINV	cna116	major	sim35	Eso-AdenoCa
7	92129373	92129374	7	95825874	95825875	+	+	h2hINV	cna116	major	sim35	Eso-AdenoCa
7	99110273	99110274	7	111820543	111820544	-	-	t2tINV	cna119	major	sim35	Eso-AdenoCa
7	105671532	105671533	7	105829352	105829353	-	+	DUP	cna117	major	sim35	Eso-AdenoCa
7	105829353	105829354	7	106375172	106375173	-	+	DUP	cna118	major	sim35	Eso-AdenoCa
7	106375173	106375174	7	137627703	137627704	+	-	DEL	cna119	minor	sim35	Eso-AdenoCa
7	137627704	137627705	7	154434280	154434281	-	+	DUP	cna120	major	sim35	Eso-AdenoCa
7	137627704	137627705	7	154434280	154434281	+	-	DEL	cna120	minor	sim35	Eso-AdenoCa
7	137627704	151554674	15	83958155	84959670	+	+	TRA	cna120,cna221	minor,minor	sim35	Eso-AdenoCa
7	147515373	154434280	10	127356905	128676245	-	-	TRA	cna120,cna152	major,major	sim35	Eso-AdenoCa
7	154434281	154434282	7	158975145	158975146	-	+	DUP	cna121	major	sim35	Eso-AdenoCa
7	154434281	154434282	7	158975145	158975146	+	-	DEL	cna121	minor	sim35	Eso-AdenoCa
7	158975146	158975147	7	159128382	159128383	+	-	DEL	cna122	minor	sim35	Eso-AdenoCa
7	159128383	159128384	7	159138663	159138664	-	+	DUP	cna123	major	sim35	Eso-AdenoCa
8	1	2	8	42853307	42853308	+	-	DEL	cna124	minor	sim35	Eso-AdenoCa
8	23789910	23789911	8	38080480	38080481	+	+	h2hINV	cna124	major	sim35	Eso-AdenoCa
8	26939010	26939011	8	26949025	26949026	+	+	h2hINV	cna124	major	sim35	Eso-AdenoCa
8	38317810	38317811	8	38327815	38327816	+	+	h2hINV	cna124	major	sim35	Eso-AdenoCa
8	42853308	42853309	8	47796083	47796084	-	+	DUP	cna125	major	sim35	Eso-AdenoCa
8	47209510	47209511	8	55577650	55577651	-	-	t2tINV	cna127	major	sim35	Eso-AdenoCa
8	47796084	47796085	8	54933215	54933216	-	+	DUP	cna126	major	sim35	Eso-AdenoCa
8	54933216	54933217	8	146364022	146364023	+	-	DEL	cna127	minor	sim35	Eso-AdenoCa
8	65218510	65218511	8	70029841	70029842	+	+	h2hINV	cna127	major	sim35	Eso-AdenoCa
8	81610110	146364022	11	134137683	135006516	-	-	TRA	cna127,cna176	major,minor	sim35	Eso-AdenoCa
8	118927710	118927711	8	119228567	119228568	-	-	t2tINV	cna127	major	sim35	Eso-AdenoCa
9	1	2	9	63797331	63797332	-	+	DUP	cna128	major	sim35	Eso-AdenoCa
9	1	2	9	63797331	63797332	-	+	DUP	cna128	minor	sim35	Eso-AdenoCa
9	1626988	1626989	9	2850847	2850848	+	+	h2hINV	cna128	major	sim35	Eso-AdenoCa
9	4529288	4529289	9	9563887	9563888	+	+	h2hINV	cna128	minor	sim35	Eso-AdenoCa
9	6549268	63797331	12	34662294	46822402	-	-	TRA	cna177,cna128	minor,minor	sim35	Eso-AdenoCa
9	7359288	7359289	9	7390492	7390493	+	+	h2hINV	cna128	minor	sim35	Eso-AdenoCa
9	8105488	8105489	9	16350442	16350443	+	+	h2hINV	cna128	major	sim35	Eso-AdenoCa
9	29245488	29245489	9	33460489	33460490	-	-	t2tINV	cna128	major	sim35	Eso-AdenoCa
9	73761588	73761589	9	110956557	110956558	+	+	h2hINV	cna129	major	sim35	Eso-AdenoCa
9	78306788	78306789	9	81031174	81031175	-	-	t2tINV	cna129	minor	sim35	Eso-AdenoCa
9	94210912	94210913	9	94452029	94452030	-	+	DUP	cna130	major	sim35	Eso-AdenoCa
9	94210912	94210913	9	94452029	94452030	+	-	DEL	cna130	minor	sim35	Eso-AdenoCa
9	94452030	94452031	9	95167461	95167462	-	+	DUP	cna131	major	sim35	Eso-AdenoCa
9	94452030	94452031	9	95167461	95167462	-	+	DUP	cna131	minor	sim35	Eso-AdenoCa
9	95167462	95167463	9	95556530	95556531	-	+	DUP	cna132	major	sim35	Eso-AdenoCa
9	101990150	101990151	9	102123561	102123562	-	+	DUP	cna134	major	sim35	Eso-AdenoCa
9	101990150	101990151	9	102123561	102123562	+	-	DEL	cna134	minor	sim35	Eso-AdenoCa
9	102123562	102123563	9	102679247	102679248	-	+	DUP	cna135	major	sim35	Eso-AdenoCa
9	102679248	102679249	9	107526624	107526625	+	-	DEL	cna136	minor	sim35	Eso-AdenoCa
9	107526625	107526626	9	116021267	116021268	-	+	DUP	cna137	major	sim35	Eso-AdenoCa
9	115280888	116021267	11	82601697	95268377	-	+	TRA	cna137,cna168	minor,major	sim35	Eso-AdenoCa
9	116021268	116021269	9	141213431	141213432	+	-	DEL	cna138	minor	sim35	Eso-AdenoCa
9	116021268	121922289	13	42543110	50364992	+	+	TRA	cna138,cna205	minor,minor	sim35	Eso-AdenoCa
10	1	2	10	23902053	23902054	+	-	DEL	cna139	minor	sim35	Eso-AdenoCa
10	4569557	4569558	10	7017064	7017065	-	-	t2tINV	cna139	major	sim35	Eso-AdenoCa
10	23902054	23902055	10	23967729	23967730	-	+	DUP	cna140	major	sim35	Eso-AdenoCa
10	23967730	23967731	10	26384203	26384204	-	+	DUP	cna141	major	sim35	Eso-AdenoCa
10	23967730	23967731	10	26384203	26384204	+	-	DEL	cna141	minor	sim35	Eso-AdenoCa
10	26384204	26384205	10	46206118	46206119	-	+	DUP	cna142	major	sim35	Eso-AdenoCa
10	26384204	26384205	10	46206118	46206119	-	+	DUP	cna142	minor	sim35	Eso-AdenoCa
10	27998057	27998058	10	28008061	28008062	+	+	h2hINV	cna142	minor	sim35	Eso-AdenoCa
10	46206119	46206120	10	46947567	46947568	-	+	DUP	cna143	major	sim35	Eso-AdenoCa
10	46206119	46206120	10	46947567	46947568	-	+	DUP	cna143	minor	sim35	Eso-AdenoCa
10	46947568	46947569	10	47756657	47756658	-	+	DUP	cna144	major	sim35	Eso-AdenoCa
10	47756658	47756659	10	47935546	47935547	-	+	DUP	cna145	major	sim35	Eso-AdenoCa
10	47935547	47935548	10	60425559	60425560	-	+	DUP	cna146	major	sim35	Eso-AdenoCa
10	47935547	54718858	11	115217467	125623229	+	+	TRA	cna146,cna176	minor,minor	sim35	Eso-AdenoCa
10	55508757	55508758	10	63852257	63852258	+	+	h2hINV	cna146	major	sim35	Eso-AdenoCa
10	67386057	67386058	10	72546498	72546499	-	-	t2tINV	cna147	major	sim35	Eso-AdenoCa
10	77038357	92132644	12	8955351	46822402	-	-	TRA	cna147,cna177	minor,minor	sim35	Eso-AdenoCa
10	79349157	79349158	10	85294290	85294291	+	+	h2hINV	cna147	major	sim35	Eso-AdenoCa
10	81798857	81798858	10	87084000	87084001	+	+	h2hINV	cna147	minor	sim35	Eso-AdenoCa
10	92132645	92132646	10	104517161	104517162	-	+	DUP	cna148	major	sim35	Eso-AdenoCa
10	104517162	104517163	10	105371375	105371376	-	+	DUP	cna149	major	sim35	Eso-AdenoCa
10	104517162	104517163	10	105371375	105371376	+	-	DEL	cna149	minor	sim35	Eso-AdenoCa
10	105371376	105371377	10	111446543	111446544	-	+	DUP	cna150	major	sim35	Eso-AdenoCa
10	111446544	111446545	10	126195225	126195226	-	+	DUP	cna151	major	sim35	Eso-AdenoCa
10	111446544	111446545	10	126195225	126195226	+	-	DEL	cna151	minor	sim35	Eso-AdenoCa
10	126195226	126195227	10	128676245	128676246	+	-	DEL	cna152	minor	sim35	Eso-AdenoCa
10	128676246	128676247	10	129176941	129176942	-	+	DUP	cna153	major	sim35	Eso-AdenoCa
10	129176942	129176943	10	134446879	134446880	+	-	DEL	cna154	minor	sim35	Eso-AdenoCa
10	134446880	134446881	10	134961270	134961271	-	+	DUP	cna155	major	sim35	Eso-AdenoCa
10	134961271	134961272	10	135208976	135208977	+	-	DEL	cna156	minor	sim35	Eso-AdenoCa
10	135208977	135208978	10	135534747	135534748	-	+	DUP	cna157	major	sim35	Eso-AdenoCa
11	1	2	11	5769613	5769614	-	+	DUP	cna158	major	sim35	Eso-AdenoCa
11	5769614	5769615	11	6270301	6270302	-	+	DUP	cna159	major	sim35	Eso-AdenoCa
11	6008810	6008811	11	7256950	7256951	+	+	h2hINV	cna159	major	sim35	Eso-AdenoCa
11	6270302	6270303	11	6542584	6542585	+	-	DEL	cna160	minor	sim35	Eso-AdenoCa
11	8995310	8995311	11	10613140	10613141	-	-	t2tINV	cna161	major	sim35	Eso-AdenoCa
11	19718423	42994894	17	28354936	58504409	-	-	TRA	cna239,cna161	minor,major	sim35	Eso-AdenoCa
11	24233310	24233311	11	24829284	24829285	-	-	t2tINV	cna161	minor	sim35	Eso-AdenoCa
11	36543810	36543811	11	36597293	36597294	-	-	t2tINV	cna161	major	sim35	Eso-AdenoCa
11	42994895	42994896	11	49838352	49838353	-	+	DUP	cna162	major	sim35	Eso-AdenoCa
11	42994895	42994896	11	49838352	49838353	-	+	DUP	cna162	minor	sim35	Eso-AdenoCa
11	49838353	49838354	11	69126316	69126317	-	+	DUP	cna163	major	sim35	Eso-AdenoCa
11	49838353	49838354	11	69126316	69126317	-	+	DUP	cna163	minor	sim35	Eso-AdenoCa
11	63259310	63259311	11	63269315	63269316	+	+	h2hINV	cna163	major	sim35	Eso-AdenoCa
11	69126317	69126318	11	69731206	69731207	-	+	DUP	cna164	major	sim35	Eso-AdenoCa
11	69731207	69731208	11	69919243	69919244	-	+	DUP	cna165	major	sim35	Eso-AdenoCa
11	69919244	69919245	11	71578936	71578937	-	+	DUP	cna166	major	sim35	Eso-AdenoCa
11	69919244	70123911	13	23868985	33859653	+	+	TRA	cna166,cna204	minor,minor	sim35	Eso-AdenoCa
11	71578937	71578938	11	82601696	82601697	-	+	DUP	cna167	major	sim35	Eso-AdenoCa
11	71578937	71578938	11	82601696	82601697	+	-	DEL	cna167	minor	sim35	Eso-AdenoCa
11	76037010	76037011	11	76047012	76047013	+	+	h2hINV	cna167	major	sim35	Eso-AdenoCa
11	80460910	80460911	11	86793466	86793467	+	+	h2hINV	cna167	major	sim35	Eso-AdenoCa
11	82029010	82029011	11	82039017	82039018	-	-	t2tINV	cna167	major	sim35	Eso-AdenoCa
11	82601697	82601698	11	99962629	99962630	-	+	DUP	cna168	major	sim35	Eso-AdenoCa
11	82601697	82601698	11	99962629	99962630	+	-	DEL	cna168	minor	sim35	Eso-AdenoCa
11	85295810	85295811	11	114915381	114915382	+	+	h2hINV	cna168	major	sim35	Eso-AdenoCa
11	99962630	99962631	11	100313709	100313710	+	-	DEL	cna169	minor	sim35	Eso-AdenoCa
11	100313710	100313711	11	100467096	100467097	-	+	DUP	cna170	major	sim35	Eso-AdenoCa
11	100467097	100467098	11	113794622	113794623	+	-	DEL	cna171	minor	sim35	Eso-AdenoCa
11	113794623	113794624	11	113892515	113892516	-	+	DUP	cna172	major	sim35	Eso-AdenoCa
11	113794623	113794624	11	113892515	113892516	+	-	DEL	cna172	minor	sim35	Eso-AdenoCa
11	113892516	113892517	11	114973292	114973293	-	+	DUP	cna173	major	sim35	Eso-AdenoCa
11	113892516	113892517	11	114973292	114973293	-	+	DUP	cna173	minor	sim35	Eso-AdenoCa
11	114973293	114973294	11	115171040	115171041	+	-	DEL	cna174	minor	sim35	Eso-AdenoCa
11	115171041	115171042	11	115217466	115217467	-	+	DUP	cna175	major	sim35	Eso-AdenoCa
11	115171041	115171042	11	115217466	115217467	+	-	DEL	cna175	minor	sim35	Eso-AdenoCa
11	115217467	115217468	11	135006516	135006517	-	+	DUP	cna176	major	sim35	Eso-AdenoCa
11	115217467	115217468	11	135006516	135006517	-	+	DUP	cna176	minor	sim35	Eso-AdenoCa
11	125755348	135006516	13	15595298	20933700	-	+	TRA	cna200,cna176	major,minor	sim35	Eso-AdenoCa
12	1	2	12	46822402	46822403	-	+	DUP	cna177	major	sim35	Eso-AdenoCa
12	22581494	22581495	12	31893392	31893393	+	+	h2hINV	cna177	major	sim35	Eso-AdenoCa
12	30585494	30585495	12	32015548	32015549	+	+	h2hINV	cna177	minor	sim35	Eso-AdenoCa
12	33528094	33528095	12	33538096	33538097	+	+	h2hINV	cna177	major	sim35	Eso-AdenoCa
12	44363294	44363295	12	44535224	44535225	-	-	t2tINV	cna177	major	sim35	Eso-AdenoCa
12	46749194	46749195	12	115254898	115254899	+	+	h2hINV	cna177	minor	sim35	Eso-AdenoCa
12	46822403	46822404	12	47006140	47006141	+	-	DEL	cna178	minor	sim35	Eso-AdenoCa
12	47006141	47006142	12	50604461	50604462	-	+	DUP	cna179	major	sim35	Eso-AdenoCa
12	50604462	50604463	12	64019804	64019805	-	+	DUP	cna180	major	sim35	Eso-AdenoCa
12	50604462	50604463	12	64019804	64019805	-	+	DUP	cna180	minor	sim35	Eso-AdenoCa
12	54860694	54860695	12	54940459	54940460	-	-	t2tINV	cna180	major	sim35	Eso-AdenoCa
12	56765194	56765195	12	56775208	56775209	-	-	t2tINV	cna180	minor	sim35	Eso-AdenoCa
12	57487594	57487595	12	57676809	57676810	-	-	t2tINV	cna180	major	sim35	Eso-AdenoCa
12	59120494	64019804	19	29194115	59128983	-	-	TRA	cna180,cna248	minor,minor	sim35	Eso-AdenoCa
12	64019805	64019806	12	64341904	64341905	-	+	DUP	cna181	major	sim35	Eso-AdenoCa
12	64019805	64019806	12	64341904	64341905	+	-	DEL	cna181	minor	sim35	Eso-AdenoCa
12	64341905	64341906	12	64487720	64487721	-	+	DUP	cna182	major	sim35	Eso-AdenoCa
12	64487721	64487722	12	65011928	65011929	-	+	DUP	cna183	major	sim35	Eso-AdenoCa
12	65011929	65011930	12	91658182	91658183	-	+	DUP	cna184	major	sim35	Eso-AdenoCa
12	70515694	70515695	12	70960044	70960045	+	+	h2hINV	cna184	minor	sim35	Eso-AdenoCa
12	71672094	71672095	12	71682101	71682102	-	-	t2tINV	cna184	minor	sim35	Eso-AdenoCa
12	91658183	91658184	12	92339385	92339386	+	-	DEL	cna185	minor	sim35	Eso-AdenoCa
12	92339386	92339387	12	101224035	101224036	-	+	DUP	cna186	major	sim35	Eso-AdenoCa
12	101224036	101224037	12	104252321	104252322	+	-	DEL	cna187	minor	sim35	Eso-AdenoCa
12	104252322	104252323	12	104935908	104935909	-	+	DUP	cna188	major	sim35	Eso-AdenoCa
12	104935909	104935910	12	105107810	105107811	-	+	DUP	cna189	major	sim35	Eso-AdenoCa
12	104935909	104935910	12	105107810	105107811	+	-	DEL	cna189	minor	sim35	Eso-AdenoCa
12	105107811	105107812	12	105136592	105136593	-	+	DUP	cna190	major	sim35	Eso-AdenoCa
12	105107811	105107812	12	105136592	105136593	+	-	DEL	cna190	minor	sim35	Eso-AdenoCa
12	105136593	105136594	12	106911885	106911886	-	+	DUP	cna191	major	sim35	Eso-AdenoCa
12	106911886	106911887	12	106921299	106921300	-	+	DUP	cna192	major	sim35	Eso-AdenoCa
12	106911886	106911887	12	106921299	106921300	-	+	DUP	cna192	minor	sim35	Eso-AdenoCa
12	106921300	106921301	12	107073905	107073906	-	+	DUP	cna193	major	sim35	Eso-AdenoCa
12	107073906	107073907	12	132628641	132628642	+	-	DEL	cna194	minor	sim35	Eso-AdenoCa
12	132628642	132628643	12	133851895	133851896	-	+	DUP	cna195	major	sim35	Eso-AdenoCa
13	1	2	13	1146324	1146325	-	+	DUP	cna196	major	sim35	Eso-AdenoCa
13	1	2	13	1146324	1146325	-	+	DUP	cna196	minor	sim35	Eso-AdenoCa
13	1146325	1146326	13	2059377	2059378	+	-	DEL	cna197	minor	sim35	Eso-AdenoCa
13	2059378	2059379	13	12692580	12692581	-	+	DUP	cna198	major	sim35	Eso-AdenoCa
13	12692581	12692582	13	15595297	15595298	-	+	DUP	cna199	major	sim35	Eso-AdenoCa
13	12692581	12692582	13	15595297	15595298	-	+	DUP	cna199	minor	sim35	Eso-AdenoCa
13	15595298	15595299	13	21182011	21182012	-	+	DUP	cna200	major	sim35	Eso-AdenoCa
13	21182012	21182013	13	21251283	21251284	+	-	DEL	cna201	minor	sim35	Eso-AdenoCa
13	21251284	21251285	13	23287554	23287555	-	+	DUP	cna202	major	sim35	Eso-AdenoCa
13	23287555	23287556	13	23868984	23868985	-	+	DUP	cna203	major	sim35	Eso-AdenoCa
13	23868985	23868986	13	42543109	42543110	-	+	DUP	cna204	major	sim35	Eso-AdenoCa
13	23868985	23868986	13	42543109	42543110	+	-	DEL	cna204	minor	sim35	Eso-AdenoCa
13	38025999	38026000	13	62526535	62526536	-	-	t2tINV	cna205	minor	sim35	Eso-AdenoCa
13	103757531	103757532	13	115169878	115169879	+	-	DEL	cna206	major	sim35	Eso-AdenoCa
13	103757531	103757532	13	115169878	115169879	+	-	DEL	cna206	minor	sim35	Eso-AdenoCa
14	1	2	14	70659830	70659831	-	+	DUP	cna207	major	sim35	Eso-AdenoCa
14	34180921	34180922	14	36268213	36268214	-	-	t2tINV	cna207	major	sim35	Eso-AdenoCa
14	45405021	45405022	14	92810030	92810031	+	+	h2hINV	cna207	minor	sim35	Eso-AdenoCa
14	48525221	70659830	18	1	9623596	-	+	TRA	cna207,cna246	minor,major	sim35	Eso-AdenoCa
14	58976821	58976822	14	61229404	61229405	+	+	h2hINV	cna207	minor	sim35	Eso-AdenoCa
14	70659831	70659832	14	107349540	107349541	-	+	DUP	cna208	major	sim35	Eso-AdenoCa
14	70659831	70659832	14	107349540	107349541	-	+	DUP	cna208	minor	sim35	Eso-AdenoCa
14	90953721	90953722	14	90963730	90963731	+	+	h2hINV	cna208	minor	sim35	Eso-AdenoCa
15	1	2	15	43440373	43440374	-	+	DUP	cna209	major	sim35	Eso-AdenoCa
15	1	2	15	43440373	43440374	+	-	DEL	cna209	minor	sim35	Eso-AdenoCa
15	43440374	43440375	15	43622824	43622825	-	+	DUP	cna210	major	sim35	Eso-AdenoCa
15	43440374	43440375	15	43622824	43622825	-	+	DUP	cna210	minor	sim35	Eso-AdenoCa
15	43622825	43622826	15	43876016	43876017	-	+	DUP	cna211	major	sim35	Eso-AdenoCa
15	43876017	43876018	15	45864662	45864663	-	+	DUP	cna212	major	sim35	Eso-AdenoCa
15	43876017	43876018	15	45864662	45864663	+	-	DEL	cna212	minor	sim35	Eso-AdenoCa
15	45864663	45864664	15	46241560	46241561	-	+	DUP	cna213	major	sim35	Eso-AdenoCa
15	46241561	46241562	15	51822838	51822839	+	-	DEL	cna214	minor	sim35	Eso-AdenoCa
15	51822839	51822840	15	59669614	59669615	-	+	DUP	cna215	major	sim35	Eso-AdenoCa
15	57705681	57705682	15	57782469	57782470	+	+	h2hINV	cna215	minor	sim35	Eso-AdenoCa
15	59669615	59669616	15	81684999	81685000	-	+	DUP	cna216	major	sim35	Eso-AdenoCa
15	59669615	59669616	15	81684999	81685000	-	+	DUP	cna216	minor	sim35	Eso-AdenoCa
15	75118281	75118282	15	75128283	75128284	+	+	h2hINV	cna216	minor	sim35	Eso-AdenoCa
15	80797681	80797682	15	96074380	96074381	-	-	t2tINV	cna225	major	sim35	Eso-AdenoCa
15	81685000	81685001	15	82148090	82148091	-	+	DUP	cna217	major	sim35	Eso-AdenoCa
15	81685000	81685001	15	82148090	82148091	+	-	DEL	cna217	minor	sim35	Eso-AdenoCa
15	82148091	82148092	15	82280632	82280633	+	-	DEL	cna218	minor	sim35	Eso-AdenoCa
15	82280633	82280634	15	83027593	83027594	-	+	DUP	cna219	major	sim35	Eso-AdenoCa
15	83027594	83027595	15	83958154	83958155	-	+	DUP	cna220	major	sim35	Eso-AdenoCa
15	83027594	83027595	15	83958154	83958155	+	-	DEL	cna220	minor	sim35	Eso-AdenoCa
15	83958155	83958156	15	93776102	93776103	-	+	DUP	cna221	major	sim35	Eso-AdenoCa
15	93776103	93776104	15	94152549	94152550	+	-	DEL	cna222	minor	sim35	Eso-AdenoCa
15	94152550	94152551	15	95194881	95194882	-	+	DUP	cna223	major	sim35	Eso-AdenoCa
15	94152550	94152551	15	95194881	95194882	+	-	DEL	cna223	minor	sim35	Eso-AdenoCa
15	95194882	95194883	15	95291792	95291793	-	+	DUP	cna224	major	sim35	Eso-AdenoCa
15	95194882	95194883	15	95291792	95291793	+	-	DEL	cna224	minor	sim35	Eso-AdenoCa
15	95291793	95291794	15	96686183	96686184	-	+	DUP	cna225	major	sim35	Eso-AdenoCa
15	96686184	96686185	15	96781492	96781493	+	-	DEL	cna226	minor	sim35	Eso-AdenoCa
15	96781493	96781494	15	99375471	99375472	-	+	DUP	cna227	major	sim35	Eso-AdenoCa
15	99375472	99375473	15	99682829	99682830	+	-	DEL	cna228	minor	sim35	Eso-AdenoCa
15	99682830	99682831	15	99747033	99747034	-	+	DUP	cna229	major	sim35	Eso-AdenoCa
15	99682830	99682831	15	99747033	99747034	-	+	DUP	cna229	minor	sim35	Eso-AdenoCa
15	99747034	99747035	15	102531392	102531393	+	-	DEL	cna230	minor	sim35	Eso-AdenoCa
16	1	2	16	18514700	18514701	-	+	DUP	cna231	major	sim35	Eso-AdenoCa
16	18514701	18514702	16	22433609	22433610	-	+	DUP	cna232	major	sim35	Eso-AdenoCa
16	18514701	18514702	16	22433609	22433610	-	+	DUP	cna232	minor	sim35	Eso-AdenoCa
16	22433610	22433611	16	25532228	25532229	-	+	DUP	cna233	major	sim35	Eso-AdenoCa
16	25532229	25532230	16	56217058	56217059	-	+	DUP	cna234	major	sim35	Eso-AdenoCa
16	25532229	25532230	16	56217058	56217059	+	-	DEL	cna234	minor	sim35	Eso-AdenoCa
16	55405689	55405690	16	55415744	55415745	-	-	t2tINV	cna234	major	sim35	Eso-AdenoCa
16	56217059	56217060	16	56440246	56440247	-	+	DUP	cna235	major	sim35	Eso-AdenoCa
16	56217059	56217060	16	56440246	56440247	-	+	DUP	cna235	minor	sim35	Eso-AdenoCa
16	56440247	56440248	16	90277275	90277276	-	+	DUP	cna236	major	sim35	Eso-AdenoCa
16	90277276	90277277	16	90334232	90334233	-	+	DUP	cna237	major	sim35	Eso-AdenoCa
16	90277276	90277277	16	90334232	90334233	-	+	DUP	cna237	minor	sim35	Eso-AdenoCa
16	90334233	90334234	16	90354753	90354754	-	+	DUP	cna238	major	sim35	Eso-AdenoCa
16	90334233	90334234	16	90354753	90354754	+	-	DEL	cna238	minor	sim35	Eso-AdenoCa
17	1	2	17	58504409	58504410	-	+	DUP	cna239	major	sim35	Eso-AdenoCa
17	1	2	17	58504409	58504410	-	+	DUP	cna239	minor	sim35	Eso-AdenoCa
17	936736	936737	17	23334239	23334240	+	+	h2hINV	cna239	major	sim35	Eso-AdenoCa
17	18377736	58504409	22	1	6887946	-	+	TRA	cna239,cna255	minor,major	sim35	Eso-AdenoCa
17	47447736	47447737	17	49332319	49332320	-	-	t2tINV	cna239	major	sim35	Eso-AdenoCa
17	58504410	58504411	17	63805073	63805074	-	+	DUP	cna240	major	sim35	Eso-AdenoCa
17	63805074	63805075	17	70828457	70828458	+	-	DEL	cna241	minor	sim35	Eso-AdenoCa
17	70828458	70828459	17	70860394	70860395	-	+	DUP	cna242	major	sim35	Eso-AdenoCa
17	70860395	70860396	17	71211270	71211271	+	-	DEL	cna243	minor	sim35	Eso-AdenoCa
17	71211271	71211272	17	72933316	72933317	-	+	DUP	cna244	major	sim35	Eso-AdenoCa
17	71211271	71211272	17	72933316	72933317	+	-	DEL	cna244	minor	sim35	Eso-AdenoCa
17	72933317	72933318	17	81195210	81195211	-	+	DUP	cna245	major	sim35	Eso-AdenoCa
17	72933317	72933318	17	81195210	81195211	-	+	DUP	cna245	minor	sim35	Eso-AdenoCa
17	77398636	77398637	17	77408637	77408638	+	+	h2hINV	cna245	minor	sim35	Eso-AdenoCa
18	1	2	18	65454034	65454035	-	+	DUP	cna246	major	sim35	Eso-AdenoCa
18	1	2	18	65454034	65454035	+	-	DEL	cna246	minor	sim35	Eso-AdenoCa
18	2733626	2733627	18	4836855	4836856	+	+	h2hINV	cna246	major	sim35	Eso-AdenoCa
18	20575326	20575327	18	42204726	42204727	+	+	h2hINV	cna246	major	sim35	Eso-AdenoCa
18	47732826	47732827	18	65296088	65296089	+	+	h2hINV	cna246	major	sim35	Eso-AdenoCa
18	65454035	65454036	18	78077248	78077249	-	+	DUP	cna247	major	sim35	Eso-AdenoCa
18	65454035	65454036	18	78077248	78077249	+	-	DEL	cna247	minor	sim35	Eso-AdenoCa
19	1	2	19	59128983	59128984	+	-	DEL	cna248	minor	sim35	Eso-AdenoCa
19	7501678	7501679	19	7511680	7511681	+	+	h2hINV	cna248	major	sim35	Eso-AdenoCa
19	17237878	17237879	19	21280924	21280925	+	+	h2hINV	cna248	major	sim35	Eso-AdenoCa
19	37435378	37435379	19	37455454	37455455	+	+	h2hINV	cna248	major	sim35	Eso-AdenoCa
19	49113378	49113379	19	51650998	51650999	-	-	t2tINV	cna248	major	sim35	Eso-AdenoCa
20	1	2	20	62711661	62711662	+	-	DEL	cna249	minor	sim35	Eso-AdenoCa
20	16612495	16612496	20	32558894	32558895	+	+	h2hINV	cna249	major	sim35	Eso-AdenoCa
20	43078395	43078396	20	43294553	43294554	+	+	h2hINV	cna249	major	sim35	Eso-AdenoCa
20	62711662	62711663	20	63025520	63025521	-	+	DUP	cna250	major	sim35	Eso-AdenoCa
21	47664850	47664851	21	47676221	47676222	-	+	DUP	cna252	major	sim35	Eso-AdenoCa
21	47664850	47664851	21	47676221	47676222	+	-	DEL	cna252	minor	sim35	Eso-AdenoCa
21	47676222	47676223	21	47981537	47981538	-	+	DUP	cna253	major	sim35	Eso-AdenoCa
21	47981538	47981539	21	48129895	48129896	-	+	DUP	cna254	major	sim35	Eso-AdenoCa
21	47981538	47981539	21	48129895	48129896	+	-	DEL	cna254	minor	sim35	Eso-AdenoCa
22	1	2	22	26828222	26828223	-	+	DUP	cna255	major	sim35	Eso-AdenoCa
22	1	2	22	26828222	26828223	+	-	DEL	cna255	minor	sim35	Eso-AdenoCa
22	26828223	26828224	22	27112834	27112835	-	+	DUP	cna256	major	sim35	Eso-AdenoCa
22	26828223	26828224	22	27112834	27112835	-	+	DUP	cna256	minor	sim35	Eso-AdenoCa
22	27112835	27112836	22	43992365	43992366	-	+	DUP	cna257	major	sim35	Eso-AdenoCa
22	27112835	27112836	22	43992365	43992366	+	-	DEL	cna257	minor	sim35	Eso-AdenoCa
22	27903080	27903081	22	42869087	42869088	+	+	h2hINV	cna257	major	sim35	Eso-AdenoCa
22	43992366	43992367	22	44572497	44572498	-	+	DUP	cna258	major	sim35	Eso-AdenoCa
22	44572498	44572499	22	44615700	44615701	-	+	DUP	cna259	major	sim35	Eso-AdenoCa
22	44572498	44572499	22	44615700	44615701	-	+	DUP	cna259	minor	sim35	Eso-AdenoCa
22	44615701	44615702	22	44805853	44805854	+	-	DEL	cna260	major	sim35	Eso-AdenoCa
22	44615701	44615702	22	44805853	44805854	+	-	DEL	cna260	minor	sim35	Eso-AdenoCa
22	44805854	44805855	22	47977490	47977491	+	-	DEL	cna261	minor	sim35	Eso-AdenoCa
22	47977491	47977492	22	48557605	48557606	-	+	DUP	cna262	major	sim35	Eso-AdenoCa
22	47977491	47977492	22	48557605	48557606	+	-	DEL	cna262	minor	sim35	Eso-AdenoCa
22	48557606	48557607	22	49231338	49231339	-	+	DUP	cna263	major	sim35	Eso-AdenoCa
22	48557606	48557607	22	49231338	49231339	-	+	DUP	cna263	minor	sim35	Eso-AdenoCa
22	49231339	49231340	22	49672977	49672978	-	+	DUP	cna264	major	sim35	Eso-AdenoCa
22	49231339	49231340	22	49672977	49672978	+	-	DEL	cna264	minor	sim35	Eso-AdenoCa
22	49672978	49672979	22	51304566	51304567	-	+	DUP	cna265	major	sim35	Eso-AdenoCa
22	49672978	49672979	22	51304566	51304567	+	-	DEL	cna265	minor	sim35	Eso-AdenoCa
X	1	2	X	27837671	27837672	-	+	DUP	cna266	major	sim35	Eso-AdenoCa
X	10694814	10694815	X	12619660	12619661	+	+	h2hINV	cna266	major	sim35	Eso-AdenoCa
X	23334714	23334715	X	26156984	26156985	+	+	h2hINV	cna266	minor	sim35	Eso-AdenoCa
X	27837672	27837673	X	44870159	44870160	-	+	DUP	cna267	major	sim35	Eso-AdenoCa
X	27837672	27837673	X	44870159	44870160	+	-	DEL	cna267	minor	sim35	Eso-AdenoCa
X	31765714	31765715	X	33088651	33088652	-	-	t2tINV	cna267	major	sim35	Eso-AdenoCa
X	44870160	44870161	X	45015586	45015587	-	+	DUP	cna268	major	sim35	Eso-AdenoCa
X	44870160	44870161	X	45015586	45015587	-	+	DUP	cna268	minor	sim35	Eso-AdenoCa
X	45015587	45015588	X	45051756	45051757	-	+	DUP	cna269	major	sim35	Eso-AdenoCa
X	45051757	45051758	X	50762097	50762098	-	+	DUP	cna270	major	sim35	Eso-AdenoCa
X	45051757	45051758	X	50762097	50762098	-	+	DUP	cna270	minor	sim35	Eso-AdenoCa
X	50762098	50762099	X	71652430	71652431	-	+	DUP	cna271	major	sim35	Eso-AdenoCa
X	71652431	71652432	X	73435497	73435498	+	-	DEL	cna272	minor	sim35	Eso-AdenoCa
X	73435498	73435499	X	74044169	74044170	-	+	DUP	cna273	major	sim35	Eso-AdenoCa
X	73435498	73435499	X	74044169	74044170	+	-	DEL	cna273	minor	sim35	Eso-AdenoCa
X	74044170	74044171	X	86548938	86548939	-	+	DUP	cna274	major	sim35	Eso-AdenoCa
X	86548939	86548940	X	88622705	88622706	-	+	DUP	cna275	major	sim35	Eso-AdenoCa
X	86548939	86548940	X	88622705	88622706	+	-	DEL	cna275	minor	sim35	Eso-AdenoCa
X	88622706	88622707	X	88680050	88680051	+	-	DEL	cna276	minor	sim35	Eso-AdenoCa
X	88680051	88680052	X	88886710	88886711	-	+	DUP	cna277	major	sim35	Eso-AdenoCa
X	88886711	88886712	X	88944701	88944702	-	+	DUP	cna278	major	sim35	Eso-AdenoCa
X	88944702	88944703	X	89510933	89510934	+	-	DEL	cna279	minor	sim35	Eso-AdenoCa
X	89510934	89510935	X	155270560	155270561	-	+	DUP	cna280	major	sim35	Eso-AdenoCa
X	89510934	89510935	X	155270560	155270561	+	-	DEL	cna280	minor	sim35	Eso-AdenoCa
X	145401414	145401415	X	145411419	145411420	+	+	h2hINV	cna280	major	sim35	Eso-AdenoCa
