chrom	start	end	major_cn	minor_cn	donor_id	study	id
1	1	1138973	1	0	sim5	Eso-AdenoCa	cna0
1	1138974	13427354	2	0	sim5	Eso-AdenoCa	cna1
1	13427355	13462067	5	2	sim5	Eso-AdenoCa	cna2
1	13462068	17293182	3	3	sim5	Eso-AdenoCa	cna3
1	17293183	18666872	2	0	sim5	Eso-AdenoCa	cna4
1	18666873	18958154	4	2	sim5	Eso-AdenoCa	cna5
1	18958155	49564612	2	0	sim5	Eso-AdenoCa	cna6
1	49564613	78885706	3	2	sim5	Eso-AdenoCa	cna7
1	78885707	79529183	2	1	sim5	Eso-AdenoCa	cna8
1	79529184	133149709	1	0	sim5	Eso-AdenoCa	cna9
1	133149710	133304269	2	1	sim5	Eso-AdenoCa	cna10
1	133304270	147488469	2	2	sim5	Eso-AdenoCa	cna11
1	147488470	243907579	4	1	sim5	Eso-AdenoCa	cna12
1	243907580	244382605	4	2	sim5	Eso-AdenoCa	cna13
1	244382606	249019152	2	1	sim5	Eso-AdenoCa	cna14
1	249019153	249223828	1	0	sim5	Eso-AdenoCa	cna15
1	249223829	249250621	3	3	sim5	Eso-AdenoCa	cna16
2	1	7126990	2	0	sim5	Eso-AdenoCa	cna17
2	7126991	109637823	2	1	sim5	Eso-AdenoCa	cna18
2	109637824	155498198	2	0	sim5	Eso-AdenoCa	cna19
2	155498199	155717151	2	2	sim5	Eso-AdenoCa	cna20
2	155717152	155946391	2	1	sim5	Eso-AdenoCa	cna21
2	155946392	170680081	2	0	sim5	Eso-AdenoCa	cna22
2	170680082	170738039	3	2	sim5	Eso-AdenoCa	cna23
2	170738040	221888312	2	2	sim5	Eso-AdenoCa	cna24
2	221888313	231380064	4	1	sim5	Eso-AdenoCa	cna25
2	231380065	239892560	2	0	sim5	Eso-AdenoCa	cna26
2	239892561	242948658	2	1	sim5	Eso-AdenoCa	cna27
2	242948659	243174520	1	0	sim5	Eso-AdenoCa	cna28
2	243174521	243199373	3	0	sim5	Eso-AdenoCa	cna29
3	1	17954783	2	1	sim5	Eso-AdenoCa	cna30
3	17954784	18003840	3	0	sim5	Eso-AdenoCa	cna31
3	18003841	50786245	3	1	sim5	Eso-AdenoCa	cna32
3	50786246	99588778	1	0	sim5	Eso-AdenoCa	cna33
3	99588779	113963276	2	1	sim5	Eso-AdenoCa	cna34
3	113963277	179874835	2	0	sim5	Eso-AdenoCa	cna35
3	179874836	179949916	4	1	sim5	Eso-AdenoCa	cna36
3	179949917	180662028	2	1	sim5	Eso-AdenoCa	cna37
3	180662029	180862959	2	0	sim5	Eso-AdenoCa	cna38
3	180862960	186254484	4	1	sim5	Eso-AdenoCa	cna39
3	186254485	190784878	2	2	sim5	Eso-AdenoCa	cna40
3	190784879	198022430	2	1	sim5	Eso-AdenoCa	cna41
4	1	134992697	1	1	sim5	Eso-AdenoCa	cna42
4	134992698	146407845	2	1	sim5	Eso-AdenoCa	cna43
4	146407846	146619468	2	0	sim5	Eso-AdenoCa	cna44
4	146619469	167324938	4	1	sim5	Eso-AdenoCa	cna45
4	167324939	167382561	5	1	sim5	Eso-AdenoCa	cna46
4	167382562	167478061	4	1	sim5	Eso-AdenoCa	cna47
4	167478062	171830172	4	3	sim5	Eso-AdenoCa	cna48
4	171830173	171905910	0	0	sim5	Eso-AdenoCa	cna49
4	171905911	172266284	1	0	sim5	Eso-AdenoCa	cna50
4	172266285	187856885	2	1	sim5	Eso-AdenoCa	cna51
4	187856886	188067396	2	0	sim5	Eso-AdenoCa	cna52
4	188067397	188590370	1	0	sim5	Eso-AdenoCa	cna53
4	188590371	188611390	4	0	sim5	Eso-AdenoCa	cna54
4	188611391	189991211	3	1	sim5	Eso-AdenoCa	cna55
4	189991212	191154276	2	0	sim5	Eso-AdenoCa	cna56
5	1	2242123	3	0	sim5	Eso-AdenoCa	cna57
5	2242124	6986618	2	1	sim5	Eso-AdenoCa	cna58
5	6986619	7376559	4	1	sim5	Eso-AdenoCa	cna59
5	7376560	7412843	4	3	sim5	Eso-AdenoCa	cna60
5	7412844	8383399	3	2	sim5	Eso-AdenoCa	cna61
5	8383400	41287752	1	0	sim5	Eso-AdenoCa	cna62
5	41287753	180915260	4	1	sim5	Eso-AdenoCa	cna63
6	1	5106105	2	1	sim5	Eso-AdenoCa	cna64
6	5106106	5935447	2	2	sim5	Eso-AdenoCa	cna65
6	5935448	13583473	2	1	sim5	Eso-AdenoCa	cna66
6	13583474	83475158	2	0	sim5	Eso-AdenoCa	cna67
6	83475159	93138431	2	1	sim5	Eso-AdenoCa	cna68
6	93138432	93224397	3	0	sim5	Eso-AdenoCa	cna69
6	93224398	102546594	1	0	sim5	Eso-AdenoCa	cna70
6	102546595	103647746	3	0	sim5	Eso-AdenoCa	cna71
6	103647747	104227689	3	1	sim5	Eso-AdenoCa	cna72
6	104227690	106551894	2	1	sim5	Eso-AdenoCa	cna73
6	106551895	106740433	3	0	sim5	Eso-AdenoCa	cna74
6	106740434	126662360	2	1	sim5	Eso-AdenoCa	cna75
6	126662361	140113158	1	0	sim5	Eso-AdenoCa	cna76
6	140113159	144983303	2	2	sim5	Eso-AdenoCa	cna77
6	144983304	146333168	2	1	sim5	Eso-AdenoCa	cna78
6	146333169	146345457	4	1	sim5	Eso-AdenoCa	cna79
6	146345458	147052856	3	0	sim5	Eso-AdenoCa	cna80
6	147052857	156998178	3	2	sim5	Eso-AdenoCa	cna81
6	156998179	157587691	2	0	sim5	Eso-AdenoCa	cna82
6	157587692	171115067	2	1	sim5	Eso-AdenoCa	cna83
7	1	4906084	1	0	sim5	Eso-AdenoCa	cna84
7	4906085	28525620	2	1	sim5	Eso-AdenoCa	cna85
7	28525621	34174748	2	0	sim5	Eso-AdenoCa	cna86
7	34174749	34203737	1	0	sim5	Eso-AdenoCa	cna87
7	34203738	34230433	2	0	sim5	Eso-AdenoCa	cna88
7	34230434	35229793	3	0	sim5	Eso-AdenoCa	cna89
7	35229794	35282909	2	1	sim5	Eso-AdenoCa	cna90
7	35282910	36429491	3	1	sim5	Eso-AdenoCa	cna91
7	36429492	36823816	2	0	sim5	Eso-AdenoCa	cna92
7	36823817	42447548	1	0	sim5	Eso-AdenoCa	cna93
7	42447549	45375717	2	0	sim5	Eso-AdenoCa	cna94
7	45375718	115736907	4	2	sim5	Eso-AdenoCa	cna95
7	115736908	158665532	1	0	sim5	Eso-AdenoCa	cna96
7	158665533	159138663	2	1	sim5	Eso-AdenoCa	cna97
8	1	103297433	2	1	sim5	Eso-AdenoCa	cna98
8	103297434	103323789	3	2	sim5	Eso-AdenoCa	cna99
8	103323790	121669049	1	0	sim5	Eso-AdenoCa	cna100
8	121669050	146364022	2	1	sim5	Eso-AdenoCa	cna101
9	1	2570809	3	3	sim5	Eso-AdenoCa	cna102
9	2570810	54902605	2	2	sim5	Eso-AdenoCa	cna103
9	54902606	101684274	2	0	sim5	Eso-AdenoCa	cna104
9	101684275	102965065	2	1	sim5	Eso-AdenoCa	cna105
9	102965066	102988907	0	0	sim5	Eso-AdenoCa	cna106
9	102988908	103044536	4	1	sim5	Eso-AdenoCa	cna107
9	103044537	110194578	2	1	sim5	Eso-AdenoCa	cna108
9	110194579	112470478	2	0	sim5	Eso-AdenoCa	cna109
9	112470479	112482449	4	0	sim5	Eso-AdenoCa	cna110
9	112482450	141213431	2	1	sim5	Eso-AdenoCa	cna111
10	1	81766194	3	3	sim5	Eso-AdenoCa	cna112
10	81766195	81777870	2	1	sim5	Eso-AdenoCa	cna113
10	81777871	88655578	4	0	sim5	Eso-AdenoCa	cna114
10	88655579	95463546	2	2	sim5	Eso-AdenoCa	cna115
10	95463547	95475220	1	3	sim5	Eso-AdenoCa	cna116
10	95475221	95677286	3	0	sim5	Eso-AdenoCa	cna117
10	95677287	103149231	2	2	sim5	Eso-AdenoCa	cna118
10	103149232	117969356	1	0	sim5	Eso-AdenoCa	cna119
10	117969357	135364796	2	1	sim5	Eso-AdenoCa	cna120
10	135364797	135534747	1	0	sim5	Eso-AdenoCa	cna121
11	1	130657386	2	1	sim5	Eso-AdenoCa	cna122
11	130657387	133047718	2	2	sim5	Eso-AdenoCa	cna123
11	133047719	134379176	2	0	sim5	Eso-AdenoCa	cna124
11	134379177	134538353	1	0	sim5	Eso-AdenoCa	cna125
11	134538354	134652719	2	1	sim5	Eso-AdenoCa	cna126
11	134652720	135006516	2	0	sim5	Eso-AdenoCa	cna127
12	1	2056109	2	0	sim5	Eso-AdenoCa	cna128
12	2056110	2989027	2	1	sim5	Eso-AdenoCa	cna129
12	2989028	128361647	2	2	sim5	Eso-AdenoCa	cna130
12	128361648	129149015	3	0	sim5	Eso-AdenoCa	cna131
12	129149016	133851895	2	1	sim5	Eso-AdenoCa	cna132
13	1	3394897	2	1	sim5	Eso-AdenoCa	cna133
13	3394898	5200749	4	1	sim5	Eso-AdenoCa	cna134
13	5200750	36647927	2	1	sim5	Eso-AdenoCa	cna135
13	36647928	40943536	4	2	sim5	Eso-AdenoCa	cna136
13	40943537	115169878	1	0	sim5	Eso-AdenoCa	cna137
14	1	5157845	2	3	sim5	Eso-AdenoCa	cna138
14	5157846	17306511	2	1	sim5	Eso-AdenoCa	cna139
14	17306512	39374569	1	0	sim5	Eso-AdenoCa	cna140
14	39374570	45544031	2	0	sim5	Eso-AdenoCa	cna141
14	45544032	45620978	3	3	sim5	Eso-AdenoCa	cna142
14	45620979	84874604	1	0	sim5	Eso-AdenoCa	cna143
14	84874605	85038855	3	1	sim5	Eso-AdenoCa	cna144
14	85038856	85087179	2	1	sim5	Eso-AdenoCa	cna145
14	85087180	107261116	1	0	sim5	Eso-AdenoCa	cna146
14	107261117	107349540	0	0	sim5	Eso-AdenoCa	cna147
15	1	35893788	1	0	sim5	Eso-AdenoCa	cna148
15	35893789	101422970	2	0	sim5	Eso-AdenoCa	cna149
15	101422971	102273600	4	2	sim5	Eso-AdenoCa	cna150
15	102273601	102531392	2	1	sim5	Eso-AdenoCa	cna151
16	1	90354753	4	1	sim5	Eso-AdenoCa	cna152
17	1	38012515	4	1	sim5	Eso-AdenoCa	cna153
17	38012516	81084343	2	0	sim5	Eso-AdenoCa	cna154
17	81084344	81195210	2	1	sim5	Eso-AdenoCa	cna155
18	1	70005237	2	0	sim5	Eso-AdenoCa	cna156
18	70005238	77850253	3	2	sim5	Eso-AdenoCa	cna157
18	77850254	77923829	2	0	sim5	Eso-AdenoCa	cna158
18	77923830	77937346	2	1	sim5	Eso-AdenoCa	cna159
18	77937347	78077248	2	2	sim5	Eso-AdenoCa	cna160
19	1	59128983	3	2	sim5	Eso-AdenoCa	cna161
20	1	48262334	7	0	sim5	Eso-AdenoCa	cna162
20	48262335	59991501	4	2	sim5	Eso-AdenoCa	cna163
20	59991502	60778119	4	0	sim5	Eso-AdenoCa	cna164
20	60778120	60832832	1	0	sim5	Eso-AdenoCa	cna165
20	60832833	61637095	3	2	sim5	Eso-AdenoCa	cna166
20	61637096	63025520	1	0	sim5	Eso-AdenoCa	cna167
21	1	48129895	2	2	sim5	Eso-AdenoCa	cna168
22	1	51304566	2	2	sim5	Eso-AdenoCa	cna169
X	1	13102686	3	1	sim5	Eso-AdenoCa	cna170
X	13102687	13290408	2	0	sim5	Eso-AdenoCa	cna171
X	13290409	13325747	3	0	sim5	Eso-AdenoCa	cna172
X	13325748	31222163	2	1	sim5	Eso-AdenoCa	cna173
X	31222164	31232173	2	0	sim5	Eso-AdenoCa	cna174
X	31232174	31280688	1	0	sim5	Eso-AdenoCa	cna175
X	31280689	31300679	3	1	sim5	Eso-AdenoCa	cna176
X	31300680	51358044	2	2	sim5	Eso-AdenoCa	cna177
X	51358045	51403554	2	0	sim5	Eso-AdenoCa	cna178
X	51403555	91605063	2	1	sim5	Eso-AdenoCa	cna179
X	91605064	91807338	1	0	sim5	Eso-AdenoCa	cna180
X	91807339	92234500	4	2	sim5	Eso-AdenoCa	cna181
X	92234501	103992060	2	0	sim5	Eso-AdenoCa	cna182
X	103992061	104119874	1	0	sim5	Eso-AdenoCa	cna183
X	104119875	104525880	2	0	sim5	Eso-AdenoCa	cna184
X	104525881	105442964	2	1	sim5	Eso-AdenoCa	cna185
X	105442965	153696016	2	0	sim5	Eso-AdenoCa	cna186
X	153696017	155270560	2	1	sim5	Eso-AdenoCa	cna187
Y	1	5193803	2	2	sim5	Eso-AdenoCa	cna188
Y	5193804	5604382	3	2	sim5	Eso-AdenoCa	cna189
Y	5604383	47163676	1	0	sim5	Eso-AdenoCa	cna190
Y	47163677	59373566	2	2	sim5	Eso-AdenoCa	cna191
