chrom1	start1	end1	chrom2	start2	end2	strand1	strand2	svclass	id	allele	donor_id	tumor
1	1	2	1	21111338	21111339	-	+	DUP	cna0	major	sim4	Eso-AdenoCa
1	15019100	15019101	1	22885962	22885963	+	+	h2hINV	cna0	major	sim4	Eso-AdenoCa
1	21111339	21111340	1	249250621	249250622	-	+	DUP	cna1	major	sim4	Eso-AdenoCa
1	95547600	95547601	1	116008044	116008045	+	+	h2hINV	cna1	minor	sim4	Eso-AdenoCa
1	96240200	96240201	1	102813749	102813750	-	-	t2tINV	cna1	major	sim4	Eso-AdenoCa
1	119525200	119525201	1	123458106	123458107	+	+	h2hINV	cna1	major	sim4	Eso-AdenoCa
1	197548600	249250621	8	74367181	93463574	-	-	TRA	cna1,cna112	major,major	sim4	Eso-AdenoCa
1	222915900	249250621	6	126004419	147156318	-	-	TRA	cna1,cna70	major,major	sim4	Eso-AdenoCa
1	235911600	235911601	1	236038763	236038764	-	-	t2tINV	cna1	major	sim4	Eso-AdenoCa
2	1	2	2	4120281	4120282	+	-	DEL	cna2	minor	sim4	Eso-AdenoCa
2	4120282	4120283	2	5568422	5568423	-	+	DUP	cna3	major	sim4	Eso-AdenoCa
2	4120282	4120283	2	5568422	5568423	-	+	DUP	cna3	minor	sim4	Eso-AdenoCa
2	5568423	5568424	2	5588825	5588826	+	-	DEL	cna4	minor	sim4	Eso-AdenoCa
2	5588826	5588827	2	9959258	9959259	-	+	DUP	cna5	major	sim4	Eso-AdenoCa
2	9959259	9959260	2	50246648	50246649	-	+	DUP	cna6	major	sim4	Eso-AdenoCa
2	9959259	9959260	2	50246648	50246649	+	-	DEL	cna6	minor	sim4	Eso-AdenoCa
2	15005718	50246648	9	21989588	65347156	-	-	TRA	cna119,cna6	major,minor	sim4	Eso-AdenoCa
2	50246649	50246650	2	50324083	50324084	-	+	DUP	cna7	major	sim4	Eso-AdenoCa
2	50324084	50324085	2	136200598	136200599	+	-	DEL	cna8	minor	sim4	Eso-AdenoCa
2	50324084	70993880	10	96205219	99834239	+	-	TRA	cna8,cna139	minor,major	sim4	Eso-AdenoCa
2	53112879	53112880	2	55746715	55746716	-	-	t2tINV	cna8	major	sim4	Eso-AdenoCa
2	65514379	136200598	7	72191468	99925918	-	+	TRA	cna8,cna88	minor,minor	sim4	Eso-AdenoCa
2	136200599	136200600	2	148784874	148784875	-	+	DUP	cna9	major	sim4	Eso-AdenoCa
2	136200599	136200600	2	148784874	148784875	-	+	DUP	cna9	minor	sim4	Eso-AdenoCa
2	148784875	148784876	2	149870919	149870920	-	+	DUP	cna10	major	sim4	Eso-AdenoCa
2	149870920	149870921	2	162321168	162321169	-	+	DUP	cna11	major	sim4	Eso-AdenoCa
2	149870920	149870921	2	162321168	162321169	-	+	DUP	cna11	minor	sim4	Eso-AdenoCa
2	162321169	162321170	2	162562838	162562839	-	+	DUP	cna12	major	sim4	Eso-AdenoCa
2	162321169	162321170	2	162562838	162562839	-	+	DUP	cna12	minor	sim4	Eso-AdenoCa
2	162562839	162562840	2	162628791	162628792	-	+	DUP	cna13	major	sim4	Eso-AdenoCa
2	162628792	162628793	2	167664899	167664900	+	-	DEL	cna14	minor	sim4	Eso-AdenoCa
2	167664900	167664901	2	167675122	167675123	-	+	DUP	cna15	major	sim4	Eso-AdenoCa
2	167675123	167675124	2	167685334	167685335	-	+	DUP	cna16	major	sim4	Eso-AdenoCa
2	167675123	167675124	2	167685334	167685335	+	-	DEL	cna16	minor	sim4	Eso-AdenoCa
2	167685335	167685336	2	234807184	234807185	+	-	DEL	cna17	minor	sim4	Eso-AdenoCa
2	167685335	216308080	7	121659404	138634267	+	+	TRA	cna17,cna92	major,minor	sim4	Eso-AdenoCa
2	174769979	174769980	2	174941974	174941975	-	-	t2tINV	cna17	major	sim4	Eso-AdenoCa
2	186855479	186855480	2	187198821	187198822	-	-	t2tINV	cna17	major	sim4	Eso-AdenoCa
2	234807185	234807186	2	234827490	234827491	-	+	DUP	cna18	major	sim4	Eso-AdenoCa
2	234807185	234807186	2	234827490	234827491	-	+	DUP	cna18	minor	sim4	Eso-AdenoCa
2	234827491	234827492	2	235049760	235049761	-	+	DUP	cna19	major	sim4	Eso-AdenoCa
2	235049761	235049762	2	235419428	235419429	-	+	DUP	cna20	major	sim4	Eso-AdenoCa
2	235049761	235049762	2	235419428	235419429	+	-	DEL	cna20	minor	sim4	Eso-AdenoCa
2	235419429	235419430	2	237031432	237031433	-	+	DUP	cna21	major	sim4	Eso-AdenoCa
2	235419429	235419430	2	237031432	237031433	-	+	DUP	cna21	minor	sim4	Eso-AdenoCa
2	237031433	237031434	2	243199373	243199374	-	+	DUP	cna22	major	sim4	Eso-AdenoCa
2	237031433	237031434	2	243199373	243199374	+	-	DEL	cna22	minor	sim4	Eso-AdenoCa
3	1	2	3	1450875	1450876	-	+	DUP	cna23	major	sim4	Eso-AdenoCa
3	1450876	1450877	3	6808406	6808407	-	+	DUP	cna24	major	sim4	Eso-AdenoCa
3	1450876	1450877	3	6808406	6808407	+	-	DEL	cna24	minor	sim4	Eso-AdenoCa
3	6808407	6808408	3	7671608	7671609	-	+	DUP	cna25	major	sim4	Eso-AdenoCa
3	6808407	6808408	3	7671608	7671609	-	+	DUP	cna25	minor	sim4	Eso-AdenoCa
3	7671609	7671610	3	11124077	11124078	-	+	DUP	cna26	major	sim4	Eso-AdenoCa
3	7671609	7671610	3	11124077	11124078	-	+	DUP	cna26	minor	sim4	Eso-AdenoCa
3	11124078	11124079	3	27403259	27403260	+	-	DEL	cna27	minor	sim4	Eso-AdenoCa
3	11959706	11959707	3	11969711	11969712	-	-	t2tINV	cna27	major	sim4	Eso-AdenoCa
3	16598306	16598307	3	17093635	17093636	-	-	t2tINV	cna27	major	sim4	Eso-AdenoCa
3	20334106	20334107	3	20344119	20344120	+	+	h2hINV	cna27	major	sim4	Eso-AdenoCa
3	27403260	27403261	3	68094822	68094823	-	+	DUP	cna28	major	sim4	Eso-AdenoCa
3	27403260	27403261	3	68094822	68094823	-	+	DUP	cna28	minor	sim4	Eso-AdenoCa
3	27403260	34462763	19	39784978	48507119	+	-	TRA	cna233,cna28	minor,major	sim4	Eso-AdenoCa
3	30325606	30325607	3	30396016	30396017	-	-	t2tINV	cna28	minor	sim4	Eso-AdenoCa
3	89283306	89283307	3	112987290	112987291	+	+	h2hINV	cna29	major	sim4	Eso-AdenoCa
3	133108973	133108974	3	148705069	148705070	+	-	DEL	cna30	minor	sim4	Eso-AdenoCa
3	148705070	148705071	3	198011043	198011044	-	+	DUP	cna31	major	sim4	Eso-AdenoCa
3	184156052	198011043	14	28814821	74380715	-	-	TRA	cna198,cna31	major,minor	sim4	Eso-AdenoCa
3	198011044	198011045	3	198022430	198022431	+	-	DEL	cna32	major	sim4	Eso-AdenoCa
3	198011044	198011045	3	198022430	198022431	+	-	DEL	cna32	minor	sim4	Eso-AdenoCa
4	1	226877	8	286929	30819235	+	+	TRA	cna33,cna107	major,major	sim4	Eso-AdenoCa
4	5611676	5611677	4	8397131	8397132	-	-	t2tINV	cna33	major	sim4	Eso-AdenoCa
4	57306476	57306477	4	63223209	63223210	-	-	t2tINV	cna33	minor	sim4	Eso-AdenoCa
4	66592376	66592377	4	98317687	98317688	-	-	t2tINV	cna33	major	sim4	Eso-AdenoCa
4	100789876	100789877	4	104707852	104707853	-	-	t2tINV	cna33	minor	sim4	Eso-AdenoCa
4	170713676	170713677	4	179824494	179824495	-	-	t2tINV	cna33	major	sim4	Eso-AdenoCa
4	190523376	190523377	4	190533389	190533390	-	-	t2tINV	cna33	minor	sim4	Eso-AdenoCa
4	191102707	191102708	4	191154276	191154277	-	+	DUP	cna34	major	sim4	Eso-AdenoCa
4	191102707	191102708	4	191154276	191154277	-	+	DUP	cna34	minor	sim4	Eso-AdenoCa
5	1	2	5	1919457	1919458	-	+	DUP	cna35	major	sim4	Eso-AdenoCa
5	1775800	1775801	5	4996363	4996364	+	+	h2hINV	cna35	major	sim4	Eso-AdenoCa
5	1919458	1919459	5	94834457	94834458	-	+	DUP	cna36	major	sim4	Eso-AdenoCa
5	1919458	1919459	5	94834457	94834458	+	-	DEL	cna36	minor	sim4	Eso-AdenoCa
5	1919458	2470001	9	46711418	65347156	+	-	TRA	cna36,cna119	major,minor	sim4	Eso-AdenoCa
5	1919458	18723701	11	41515440	48257549	+	+	TRA	cna36,cna152	major,major	sim4	Eso-AdenoCa
5	4151300	4151301	5	4334153	4334154	-	-	t2tINV	cna36	major	sim4	Eso-AdenoCa
5	57630700	57630701	5	57640706	57640707	-	-	t2tINV	cna36	major	sim4	Eso-AdenoCa
5	61680700	61680701	5	61710898	61710899	-	-	t2tINV	cna36	major	sim4	Eso-AdenoCa
5	61772249	94834457	17	47353783	58837337	-	+	TRA	cna216,cna36	minor,major	sim4	Eso-AdenoCa
5	68227300	68227301	5	125881542	125881543	+	+	h2hINV	cna36	major	sim4	Eso-AdenoCa
5	87662900	87662901	5	92888260	92888261	-	-	t2tINV	cna36	major	sim4	Eso-AdenoCa
5	94834458	94834459	5	94844888	94844889	-	+	DUP	cna37	major	sim4	Eso-AdenoCa
5	94844889	94844890	5	107338094	107338095	-	+	DUP	cna38	major	sim4	Eso-AdenoCa
5	107338095	107338096	5	107674319	107674320	-	+	DUP	cna39	major	sim4	Eso-AdenoCa
5	107674320	107674321	5	107726324	107726325	+	-	DEL	cna40	minor	sim4	Eso-AdenoCa
5	107726325	107726326	5	107775261	107775262	-	+	DUP	cna41	major	sim4	Eso-AdenoCa
5	107726325	107726326	5	107775261	107775262	-	+	DUP	cna41	minor	sim4	Eso-AdenoCa
5	107775262	107775263	5	107835434	107835435	-	+	DUP	cna42	major	sim4	Eso-AdenoCa
5	107835435	107835436	5	108806285	108806286	-	+	DUP	cna43	major	sim4	Eso-AdenoCa
5	107835435	107835436	5	108806285	108806286	+	-	DEL	cna43	minor	sim4	Eso-AdenoCa
5	107857000	108806285	9	1	19024031	-	+	TRA	cna43,cna119	major,minor	sim4	Eso-AdenoCa
5	108806286	108806287	5	109203695	109203696	-	+	DUP	cna44	major	sim4	Eso-AdenoCa
5	109203696	109203697	5	115529906	115529907	-	+	DUP	cna45	major	sim4	Eso-AdenoCa
5	115529907	115529908	5	115676658	115676659	-	+	DUP	cna46	major	sim4	Eso-AdenoCa
5	115676659	115676660	5	115722865	115722866	-	+	DUP	cna47	major	sim4	Eso-AdenoCa
5	115722866	115722867	5	151334296	151334297	+	-	DEL	cna48	minor	sim4	Eso-AdenoCa
5	127398300	127398301	5	127408311	127408312	-	-	t2tINV	cna48	major	sim4	Eso-AdenoCa
5	151334297	151334298	5	155809893	155809894	-	+	DUP	cna49	major	sim4	Eso-AdenoCa
5	151334297	151334298	5	155809893	155809894	+	-	DEL	cna49	minor	sim4	Eso-AdenoCa
5	155809894	155809895	5	155820318	155820319	-	+	DUP	cna50	major	sim4	Eso-AdenoCa
5	155809894	155809895	5	155820318	155820319	+	-	DEL	cna50	minor	sim4	Eso-AdenoCa
5	155820319	155820320	5	175677941	175677942	-	+	DUP	cna51	major	sim4	Eso-AdenoCa
5	175677942	175677943	5	180750614	180750615	-	+	DUP	cna52	major	sim4	Eso-AdenoCa
5	175677942	175677943	5	180750614	180750615	+	-	DEL	cna52	minor	sim4	Eso-AdenoCa
5	180236500	180236501	5	180328776	180328777	-	-	t2tINV	cna52	major	sim4	Eso-AdenoCa
5	180750615	180750616	5	180915260	180915261	-	+	DUP	cna53	major	sim4	Eso-AdenoCa
5	180750615	180750616	5	180915260	180915261	-	+	DUP	cna53	minor	sim4	Eso-AdenoCa
6	1	2	6	2206197	2206198	+	-	DEL	cna54	minor	sim4	Eso-AdenoCa
6	2206198	2206199	6	2858628	2858629	-	+	DUP	cna55	major	sim4	Eso-AdenoCa
6	2858629	2858630	6	3302607	3302608	-	+	DUP	cna56	major	sim4	Eso-AdenoCa
6	3302608	3302609	6	5135195	5135196	-	+	DUP	cna57	major	sim4	Eso-AdenoCa
6	3302608	3302609	6	5135195	5135196	+	-	DEL	cna57	minor	sim4	Eso-AdenoCa
6	5135196	5135197	6	22226506	22226507	-	+	DUP	cna58	major	sim4	Eso-AdenoCa
6	22226507	22226508	6	22248297	22248298	-	+	DUP	cna59	major	sim4	Eso-AdenoCa
6	22248298	22248299	6	22887987	22887988	+	-	DEL	cna60	major	sim4	Eso-AdenoCa
6	22248298	22248299	6	22887987	22887988	+	-	DEL	cna60	minor	sim4	Eso-AdenoCa
6	22887988	22887989	6	37622882	37622883	+	-	DEL	cna61	minor	sim4	Eso-AdenoCa
6	37622883	37622884	6	39333391	39333392	-	+	DUP	cna62	major	sim4	Eso-AdenoCa
6	37622883	37622884	6	39333391	39333392	-	+	DUP	cna62	minor	sim4	Eso-AdenoCa
6	39333392	39333393	6	67991470	67991471	-	+	DUP	cna63	major	sim4	Eso-AdenoCa
6	66281440	66281441	6	66301519	66301520	-	-	t2tINV	cna63	minor	sim4	Eso-AdenoCa
6	67991471	67991472	6	78748613	78748614	+	-	DEL	cna64	minor	sim4	Eso-AdenoCa
6	78748614	78748615	6	78888244	78888245	-	+	DUP	cna65	major	sim4	Eso-AdenoCa
6	78748614	78748615	6	78888244	78888245	-	+	DUP	cna65	minor	sim4	Eso-AdenoCa
6	78888245	78888246	6	78963833	78963834	-	+	DUP	cna66	major	sim4	Eso-AdenoCa
6	78888245	78888246	6	78963833	78963834	+	-	DEL	cna66	minor	sim4	Eso-AdenoCa
6	78963834	78963835	6	79880375	79880376	-	+	DUP	cna67	major	sim4	Eso-AdenoCa
6	78963834	78963835	6	79880375	79880376	-	+	DUP	cna67	minor	sim4	Eso-AdenoCa
6	79880376	79880377	6	81313104	81313105	-	+	DUP	cna68	major	sim4	Eso-AdenoCa
6	79880376	79880377	6	81313104	81313105	+	-	DEL	cna68	minor	sim4	Eso-AdenoCa
6	81313105	81313106	6	81408272	81408273	-	+	DUP	cna69	major	sim4	Eso-AdenoCa
6	81408273	81408274	6	147156318	147156319	-	+	DUP	cna70	major	sim4	Eso-AdenoCa
6	81408273	81408274	6	147156318	147156319	+	-	DEL	cna70	minor	sim4	Eso-AdenoCa
6	81408273	93129565	17	1	21281637	+	+	TRA	cna215,cna70	minor,major	sim4	Eso-AdenoCa
6	96422340	96422341	6	132006221	132006222	+	+	h2hINV	cna70	major	sim4	Eso-AdenoCa
6	147156319	147156320	6	147878604	147878605	-	+	DUP	cna71	major	sim4	Eso-AdenoCa
6	147156319	147156320	6	147878604	147878605	-	+	DUP	cna71	minor	sim4	Eso-AdenoCa
6	147878605	147878606	6	171115067	171115068	-	+	DUP	cna72	major	sim4	Eso-AdenoCa
6	147878605	147878606	6	171115067	171115068	-	+	DUP	cna72	minor	sim4	Eso-AdenoCa
7	1	2	7	27611332	27611333	-	+	DUP	cna73	major	sim4	Eso-AdenoCa
7	1967773	27611332	11	87993277	98330288	-	-	TRA	cna73,cna157	major,major	sim4	Eso-AdenoCa
7	27611333	27611334	7	27647711	27647712	-	+	DUP	cna74	major	sim4	Eso-AdenoCa
7	27647712	27647713	7	31992794	31992795	-	+	DUP	cna75	major	sim4	Eso-AdenoCa
7	29896273	31992794	11	12376247	36168344	-	-	TRA	cna75,cna146	minor,major	sim4	Eso-AdenoCa
7	31992795	31992796	7	32158339	32158340	+	-	DEL	cna76	minor	sim4	Eso-AdenoCa
7	32158340	32158341	7	32168525	32168526	-	+	DUP	cna77	major	sim4	Eso-AdenoCa
7	32168526	32168527	7	50372037	50372038	+	-	DEL	cna78	minor	sim4	Eso-AdenoCa
7	48762473	48762474	7	81569825	81569826	-	-	t2tINV	cna88	major	sim4	Eso-AdenoCa
7	50372038	50372039	7	54318613	54318614	-	+	DUP	cna79	major	sim4	Eso-AdenoCa
7	50372038	50372039	7	54318613	54318614	+	-	DEL	cna79	minor	sim4	Eso-AdenoCa
7	54318614	54318615	7	56455381	56455382	-	+	DUP	cna80	major	sim4	Eso-AdenoCa
7	54318614	54318615	7	56455381	56455382	+	-	DEL	cna80	minor	sim4	Eso-AdenoCa
7	56455382	56455383	7	56728098	56728099	-	+	DUP	cna81	major	sim4	Eso-AdenoCa
7	56455382	56455383	7	56728098	56728099	-	+	DUP	cna81	minor	sim4	Eso-AdenoCa
7	56728099	56728100	7	57052480	57052481	-	+	DUP	cna82	major	sim4	Eso-AdenoCa
7	57052481	57052482	7	57908201	57908202	-	+	DUP	cna83	major	sim4	Eso-AdenoCa
7	57052481	57052482	7	57908201	57908202	+	-	DEL	cna83	minor	sim4	Eso-AdenoCa
7	57908202	57908203	7	58185822	58185823	-	+	DUP	cna84	major	sim4	Eso-AdenoCa
7	57908202	57908203	7	58185822	58185823	-	+	DUP	cna84	minor	sim4	Eso-AdenoCa
7	58185823	58185824	7	66314724	66314725	-	+	DUP	cna85	major	sim4	Eso-AdenoCa
7	66314725	66314726	7	71200141	71200142	-	+	DUP	cna86	major	sim4	Eso-AdenoCa
7	71200142	71200143	7	72191467	72191468	-	+	DUP	cna87	major	sim4	Eso-AdenoCa
7	71200142	71200143	7	72191467	72191468	+	-	DEL	cna87	minor	sim4	Eso-AdenoCa
7	72191468	72191469	7	119057734	119057735	-	+	DUP	cna88	major	sim4	Eso-AdenoCa
7	72191468	72191469	7	119057734	119057735	-	+	DUP	cna88	minor	sim4	Eso-AdenoCa
7	97189873	97189874	7	98278336	98278337	-	-	t2tINV	cna88	minor	sim4	Eso-AdenoCa
7	100310873	100310874	7	100950018	100950019	+	+	h2hINV	cna88	major	sim4	Eso-AdenoCa
7	119057735	119057736	7	119469225	119469226	-	+	DUP	cna89	major	sim4	Eso-AdenoCa
7	119469226	119469227	7	120302425	120302426	+	-	DEL	cna90	minor	sim4	Eso-AdenoCa
7	120302426	120302427	7	121659403	121659404	-	+	DUP	cna91	major	sim4	Eso-AdenoCa
7	121659404	121659405	7	138747596	138747597	-	+	DUP	cna92	major	sim4	Eso-AdenoCa
7	121659404	121659405	7	138747596	138747597	+	-	DEL	cna92	minor	sim4	Eso-AdenoCa
7	128813273	128813274	7	146092201	146092202	-	-	t2tINV	cna99	major	sim4	Eso-AdenoCa
7	138747597	138747598	7	139194444	139194445	-	+	DUP	cna93	major	sim4	Eso-AdenoCa
7	138747597	138747598	7	139194444	139194445	-	+	DUP	cna93	minor	sim4	Eso-AdenoCa
7	139194445	139194446	7	139433209	139433210	-	+	DUP	cna94	major	sim4	Eso-AdenoCa
7	139433210	139433211	7	139453506	139453507	+	-	DEL	cna95	major	sim4	Eso-AdenoCa
7	139433210	139433211	7	139453506	139453507	+	-	DEL	cna95	minor	sim4	Eso-AdenoCa
7	139453507	139453508	7	139876919	139876920	-	+	DUP	cna96	major	sim4	Eso-AdenoCa
7	139876920	139876921	7	142913774	142913775	-	+	DUP	cna97	major	sim4	Eso-AdenoCa
7	142913775	142913776	7	144900912	144900913	-	+	DUP	cna98	major	sim4	Eso-AdenoCa
7	142913775	142913776	7	144900912	144900913	+	-	DEL	cna98	minor	sim4	Eso-AdenoCa
7	144900913	144900914	7	156591077	156591078	-	+	DUP	cna99	major	sim4	Eso-AdenoCa
7	144900913	144900914	7	156591077	156591078	+	-	DEL	cna99	minor	sim4	Eso-AdenoCa
7	156591078	156591079	7	156611392	156611393	+	-	DEL	cna100	major	sim4	Eso-AdenoCa
7	156591078	156591079	7	156611392	156611393	+	-	DEL	cna100	minor	sim4	Eso-AdenoCa
7	156611393	156611394	7	158958448	158958449	+	-	DEL	cna101	minor	sim4	Eso-AdenoCa
7	158958449	158958450	7	159138663	159138664	-	+	DUP	cna102	major	sim4	Eso-AdenoCa
8	1	2	8	105064	105065	-	+	DUP	cna103	major	sim4	Eso-AdenoCa
8	105065	105066	8	128124	128125	-	+	DUP	cna104	major	sim4	Eso-AdenoCa
8	105065	105066	8	128124	128125	+	-	DEL	cna104	minor	sim4	Eso-AdenoCa
8	128125	128126	8	197933	197934	-	+	DUP	cna105	major	sim4	Eso-AdenoCa
8	128125	128126	8	197933	197934	-	+	DUP	cna105	minor	sim4	Eso-AdenoCa
8	197934	197935	8	286928	286929	+	-	DEL	cna106	major	sim4	Eso-AdenoCa
8	197934	197935	8	286928	286929	+	-	DEL	cna106	minor	sim4	Eso-AdenoCa
8	286929	286930	8	38146625	38146626	-	+	DUP	cna107	major	sim4	Eso-AdenoCa
8	286929	286930	8	38146625	38146626	+	-	DEL	cna107	minor	sim4	Eso-AdenoCa
8	1325210	38146625	12	49620862	53911797	-	-	TRA	cna107,cna168	major,minor	sim4	Eso-AdenoCa
8	9413910	9413911	8	9474204	9474205	-	-	t2tINV	cna107	major	sim4	Eso-AdenoCa
8	18397610	18397611	8	27722346	27722347	-	-	t2tINV	cna107	major	sim4	Eso-AdenoCa
8	38146626	38146627	8	38416036	38416037	+	-	DEL	cna108	minor	sim4	Eso-AdenoCa
8	38416037	38416038	8	39710490	39710491	-	+	DUP	cna109	major	sim4	Eso-AdenoCa
8	39710491	39710492	8	54868425	54868426	-	+	DUP	cna110	major	sim4	Eso-AdenoCa
8	39710491	39710492	8	54868425	54868426	-	+	DUP	cna110	minor	sim4	Eso-AdenoCa
8	54868426	54868427	8	54985453	54985454	+	-	DEL	cna111	minor	sim4	Eso-AdenoCa
8	54985454	54985455	8	93463574	93463575	-	+	DUP	cna112	major	sim4	Eso-AdenoCa
8	56220610	56220611	8	56230615	56230616	-	-	t2tINV	cna112	minor	sim4	Eso-AdenoCa
8	65081710	65081711	8	65111894	65111895	-	-	t2tINV	cna112	major	sim4	Eso-AdenoCa
8	93463575	93463576	8	93586476	93586477	-	+	DUP	cna113	major	sim4	Eso-AdenoCa
8	93463575	93463576	8	93586476	93586477	-	+	DUP	cna113	minor	sim4	Eso-AdenoCa
8	93586477	93586478	8	94319662	94319663	-	+	DUP	cna114	major	sim4	Eso-AdenoCa
8	93586477	93586478	8	94319662	94319663	+	-	DEL	cna114	minor	sim4	Eso-AdenoCa
8	94319663	94319664	8	96432167	96432168	-	+	DUP	cna115	major	sim4	Eso-AdenoCa
8	94319663	94319664	8	96432167	96432168	-	+	DUP	cna115	minor	sim4	Eso-AdenoCa
8	96432168	96432169	8	96538095	96538096	-	+	DUP	cna116	major	sim4	Eso-AdenoCa
8	96432168	96432169	8	96538095	96538096	-	+	DUP	cna116	minor	sim4	Eso-AdenoCa
8	96538096	96538097	8	144821166	144821167	-	+	DUP	cna117	major	sim4	Eso-AdenoCa
8	96538096	96538097	8	144821166	144821167	-	+	DUP	cna117	minor	sim4	Eso-AdenoCa
8	133097910	133097911	8	133107918	133107919	-	-	t2tINV	cna117	major	sim4	Eso-AdenoCa
8	144821167	144821168	8	146364022	146364023	-	+	DUP	cna118	major	sim4	Eso-AdenoCa
8	144821167	144821168	8	146364022	146364023	-	+	DUP	cna118	minor	sim4	Eso-AdenoCa
9	1	2	9	65347156	65347157	-	+	DUP	cna119	major	sim4	Eso-AdenoCa
9	9521288	9521289	9	9588441	9588442	+	+	h2hINV	cna119	major	sim4	Eso-AdenoCa
9	22385988	22385989	9	26758045	26758046	-	-	t2tINV	cna119	major	sim4	Eso-AdenoCa
9	26333188	26333189	9	26363387	26363388	-	-	t2tINV	cna119	major	sim4	Eso-AdenoCa
9	26983188	26983189	9	27003303	27003304	+	+	h2hINV	cna119	minor	sim4	Eso-AdenoCa
9	32279588	32279589	9	48910456	48910457	+	+	h2hINV	cna119	major	sim4	Eso-AdenoCa
9	65347157	65347158	9	84136839	84136840	-	+	DUP	cna120	major	sim4	Eso-AdenoCa
9	65347157	65347158	9	84136839	84136840	-	+	DUP	cna120	minor	sim4	Eso-AdenoCa
9	84136840	84136841	9	86027673	86027674	-	+	DUP	cna121	major	sim4	Eso-AdenoCa
9	86027674	86027675	9	87386958	87386959	-	+	DUP	cna122	major	sim4	Eso-AdenoCa
9	86027674	86027675	9	87386958	87386959	-	+	DUP	cna122	minor	sim4	Eso-AdenoCa
9	87386959	87386960	9	101647373	101647374	-	+	DUP	cna123	major	sim4	Eso-AdenoCa
9	101647374	101647375	9	102017930	102017931	-	+	DUP	cna124	major	sim4	Eso-AdenoCa
9	102017931	102017932	9	140995552	140995553	-	+	DUP	cna125	major	sim4	Eso-AdenoCa
9	140995553	140995554	9	141213431	141213432	-	+	DUP	cna126	major	sim4	Eso-AdenoCa
9	140995553	140995554	9	141213431	141213432	-	+	DUP	cna126	minor	sim4	Eso-AdenoCa
10	1	2	10	62563357	62563358	-	+	DUP	cna127	major	sim4	Eso-AdenoCa
10	1	2	10	62563357	62563358	-	+	DUP	cna127	minor	sim4	Eso-AdenoCa
10	1323557	62563357	21	34106570	47953950	-	-	TRA	cna127,cna249	minor,minor	sim4	Eso-AdenoCa
10	27562357	27562358	10	80352734	80352735	-	-	t2tINV	cna133	major	sim4	Eso-AdenoCa
10	62563358	62563359	10	63356545	63356546	-	+	DUP	cna128	major	sim4	Eso-AdenoCa
10	62563358	62563359	10	63356545	63356546	+	-	DEL	cna128	minor	sim4	Eso-AdenoCa
10	63356546	63356547	10	67083439	67083440	+	-	DEL	cna129	minor	sim4	Eso-AdenoCa
10	67083440	67083441	10	77081950	77081951	-	+	DUP	cna130	major	sim4	Eso-AdenoCa
10	67083440	67083441	10	77081950	77081951	-	+	DUP	cna130	minor	sim4	Eso-AdenoCa
10	75554157	77081950	18	33281543	37628690	-	-	TRA	cna130,cna228	minor,minor	sim4	Eso-AdenoCa
10	77081951	77081952	10	77137871	77137872	-	+	DUP	cna131	major	sim4	Eso-AdenoCa
10	77081951	77081952	10	77137871	77137872	-	+	DUP	cna131	minor	sim4	Eso-AdenoCa
10	77137872	77137873	10	77292117	77292118	-	+	DUP	cna132	major	sim4	Eso-AdenoCa
10	77292118	77292119	10	87052746	87052747	+	-	DEL	cna133	minor	sim4	Eso-AdenoCa
10	87052747	87052748	10	87216847	87216848	-	+	DUP	cna134	major	sim4	Eso-AdenoCa
10	87216848	87216849	10	89830479	89830480	-	+	DUP	cna135	major	sim4	Eso-AdenoCa
10	89830480	89830481	10	89876712	89876713	-	+	DUP	cna136	major	sim4	Eso-AdenoCa
10	89830480	89830481	10	89876712	89876713	-	+	DUP	cna136	minor	sim4	Eso-AdenoCa
10	89876713	89876714	10	90641054	90641055	-	+	DUP	cna137	major	sim4	Eso-AdenoCa
10	90641055	90641056	10	90804788	90804789	+	-	DEL	cna138	major	sim4	Eso-AdenoCa
10	90641055	90641056	10	90804788	90804789	+	-	DEL	cna138	minor	sim4	Eso-AdenoCa
10	90804789	90804790	10	99834239	99834240	-	+	DUP	cna139	major	sim4	Eso-AdenoCa
10	90804789	90804790	10	99834239	99834240	-	+	DUP	cna139	minor	sim4	Eso-AdenoCa
10	99834240	99834241	10	112282543	112282544	-	+	DUP	cna140	major	sim4	Eso-AdenoCa
10	112282544	112282545	10	112320931	112320932	-	+	DUP	cna141	major	sim4	Eso-AdenoCa
10	112320932	112320933	10	112934511	112934512	-	+	DUP	cna142	major	sim4	Eso-AdenoCa
10	112320932	112320933	10	112934511	112934512	+	-	DEL	cna142	minor	sim4	Eso-AdenoCa
10	112934512	112934513	10	113098676	113098677	-	+	DUP	cna143	major	sim4	Eso-AdenoCa
10	113098677	113098678	10	123704000	123704001	-	+	DUP	cna144	major	sim4	Eso-AdenoCa
10	113098677	113098678	10	123704000	123704001	+	-	DEL	cna144	minor	sim4	Eso-AdenoCa
10	116118557	123704000	15	47002000	91808338	-	-	TRA	cna144,cna209	major,major	sim4	Eso-AdenoCa
10	123704001	123704002	10	135534747	135534748	+	-	DEL	cna145	minor	sim4	Eso-AdenoCa
11	1	2	11	36168344	36168345	-	+	DUP	cna146	major	sim4	Eso-AdenoCa
11	1	2	11	36168344	36168345	+	-	DEL	cna146	minor	sim4	Eso-AdenoCa
11	11981710	11981711	11	12012754	12012755	-	-	t2tINV	cna146	major	sim4	Eso-AdenoCa
11	36168345	36168346	11	36612059	36612060	+	-	DEL	cna147	minor	sim4	Eso-AdenoCa
11	36612060	36612061	11	36695293	36695294	-	+	DUP	cna148	major	sim4	Eso-AdenoCa
11	36695294	36695295	11	36728563	36728564	-	+	DUP	cna149	major	sim4	Eso-AdenoCa
11	36695294	36695295	11	36728563	36728564	+	-	DEL	cna149	minor	sim4	Eso-AdenoCa
11	36728564	36728565	11	37612937	37612938	+	-	DEL	cna150	minor	sim4	Eso-AdenoCa
11	37612938	37612939	11	41515439	41515440	-	+	DUP	cna151	major	sim4	Eso-AdenoCa
11	41515440	41515441	11	64791938	64791939	-	+	DUP	cna152	major	sim4	Eso-AdenoCa
11	64791939	64791940	11	65632099	65632100	-	+	DUP	cna153	major	sim4	Eso-AdenoCa
11	64791939	64791940	11	65632099	65632100	-	+	DUP	cna153	minor	sim4	Eso-AdenoCa
11	65632100	65632101	11	67888718	67888719	+	-	DEL	cna154	major	sim4	Eso-AdenoCa
11	65632100	65632101	11	67888718	67888719	+	-	DEL	cna154	minor	sim4	Eso-AdenoCa
11	67888719	67888720	11	67936449	67936450	-	+	DUP	cna155	major	sim4	Eso-AdenoCa
11	67936450	67936451	11	70519612	70519613	-	+	DUP	cna156	major	sim4	Eso-AdenoCa
11	67936450	67936451	11	70519612	70519613	+	-	DEL	cna156	minor	sim4	Eso-AdenoCa
11	69937310	69937311	11	70007233	70007234	-	-	t2tINV	cna156	major	sim4	Eso-AdenoCa
11	70519613	70519614	11	98330288	98330289	-	+	DUP	cna157	major	sim4	Eso-AdenoCa
11	98330289	98330290	11	98425166	98425167	-	+	DUP	cna158	major	sim4	Eso-AdenoCa
11	98330289	98330290	11	98425166	98425167	-	+	DUP	cna158	minor	sim4	Eso-AdenoCa
11	98425167	98425168	11	98619263	98619264	-	+	DUP	cna159	major	sim4	Eso-AdenoCa
11	98425167	98425168	11	98619263	98619264	-	+	DUP	cna159	minor	sim4	Eso-AdenoCa
11	98619264	98619265	11	98709338	98709339	-	+	DUP	cna160	major	sim4	Eso-AdenoCa
11	98709339	98709340	11	119755176	119755177	-	+	DUP	cna161	major	sim4	Eso-AdenoCa
11	98709339	98709340	11	119755176	119755177	-	+	DUP	cna161	minor	sim4	Eso-AdenoCa
11	113759110	119755176	13	103973275	112111446	-	+	TRA	cna161,cna194	minor,major	sim4	Eso-AdenoCa
11	115097310	115097311	11	115127623	115127624	+	+	h2hINV	cna161	major	sim4	Eso-AdenoCa
11	119755177	119755178	11	119771874	119771875	-	+	DUP	cna162	major	sim4	Eso-AdenoCa
11	119771875	119771876	11	119877583	119877584	+	-	DEL	cna163	minor	sim4	Eso-AdenoCa
11	119877584	119877585	11	121403567	121403568	-	+	DUP	cna164	major	sim4	Eso-AdenoCa
11	119877584	119877585	11	121403567	121403568	+	-	DEL	cna164	minor	sim4	Eso-AdenoCa
11	121403568	121403569	11	122832753	122832754	-	+	DUP	cna165	major	sim4	Eso-AdenoCa
11	122832754	122832755	11	135006516	135006517	+	-	DEL	cna166	minor	sim4	Eso-AdenoCa
12	1	2	12	18182390	18182391	-	+	DUP	cna167	major	sim4	Eso-AdenoCa
12	1	2	12	18182390	18182391	+	-	DEL	cna167	minor	sim4	Eso-AdenoCa
12	18182391	18182392	12	53911797	53911798	-	+	DUP	cna168	major	sim4	Eso-AdenoCa
12	18182391	18182392	12	53911797	53911798	-	+	DUP	cna168	minor	sim4	Eso-AdenoCa
12	24790894	24790895	12	24800898	24800899	+	+	h2hINV	cna168	minor	sim4	Eso-AdenoCa
12	24859394	24859395	12	61896619	61896620	+	+	h2hINV	cna168	major	sim4	Eso-AdenoCa
12	29634594	29634595	12	30104616	30104617	-	-	t2tINV	cna168	minor	sim4	Eso-AdenoCa
12	41857094	53911797	17	47353783	63868282	-	+	TRA	cna168,cna216	minor,minor	sim4	Eso-AdenoCa
12	53911798	53911799	12	54789886	54789887	-	+	DUP	cna169	major	sim4	Eso-AdenoCa
12	54789887	54789888	12	55150352	55150353	-	+	DUP	cna170	major	sim4	Eso-AdenoCa
12	54789887	54789888	12	55150352	55150353	+	-	DEL	cna170	minor	sim4	Eso-AdenoCa
12	55150353	55150354	12	58791969	58791970	+	-	DEL	cna171	minor	sim4	Eso-AdenoCa
12	58791970	58791971	12	60210250	60210251	-	+	DUP	cna172	major	sim4	Eso-AdenoCa
12	58791970	58791971	12	60210250	60210251	+	-	DEL	cna172	minor	sim4	Eso-AdenoCa
12	60210251	60210252	12	66763439	66763440	-	+	DUP	cna173	major	sim4	Eso-AdenoCa
12	66763440	66763441	12	114416622	114416623	+	-	DEL	cna174	minor	sim4	Eso-AdenoCa
12	67955294	67955295	12	92516583	92516584	-	-	t2tINV	cna174	major	sim4	Eso-AdenoCa
12	114416623	114416624	12	114574324	114574325	-	+	DUP	cna175	major	sim4	Eso-AdenoCa
12	114574325	114574326	12	116071789	116071790	-	+	DUP	cna176	major	sim4	Eso-AdenoCa
12	114574325	114574326	12	116071789	116071790	-	+	DUP	cna176	minor	sim4	Eso-AdenoCa
12	116071790	116071791	12	116081991	116081992	-	+	DUP	cna177	major	sim4	Eso-AdenoCa
12	116081992	116081993	12	116200567	116200568	-	+	DUP	cna178	major	sim4	Eso-AdenoCa
12	116081992	116081993	12	116200567	116200568	-	+	DUP	cna178	minor	sim4	Eso-AdenoCa
12	116200568	116200569	12	133851895	133851896	-	+	DUP	cna179	major	sim4	Eso-AdenoCa
13	1	2	13	24047608	24047609	-	+	DUP	cna180	major	sim4	Eso-AdenoCa
13	24047609	24047610	13	24207527	24207528	-	+	DUP	cna181	major	sim4	Eso-AdenoCa
13	24047609	24047610	13	24207527	24207528	+	-	DEL	cna181	minor	sim4	Eso-AdenoCa
13	24207528	24207529	13	29400482	29400483	-	+	DUP	cna182	major	sim4	Eso-AdenoCa
13	29400483	29400484	13	29438388	29438389	-	+	DUP	cna183	major	sim4	Eso-AdenoCa
13	29400483	29400484	13	29438388	29438389	+	-	DEL	cna183	minor	sim4	Eso-AdenoCa
13	29438389	29438390	13	41008094	41008095	-	+	DUP	cna184	major	sim4	Eso-AdenoCa
13	41008095	41008096	13	41543049	41543050	-	+	DUP	cna185	major	sim4	Eso-AdenoCa
13	41543050	41543051	13	57685556	57685557	+	-	DEL	cna186	minor	sim4	Eso-AdenoCa
13	41543050	48637500	X	119431111	122825810	+	+	TRA	cna186,cna269	major,minor	sim4	Eso-AdenoCa
13	57685557	57685558	13	57730979	57730980	-	+	DUP	cna187	major	sim4	Eso-AdenoCa
13	57730980	57730981	13	64433479	64433480	-	+	DUP	cna188	major	sim4	Eso-AdenoCa
13	57730980	57730981	13	64433479	64433480	-	+	DUP	cna188	minor	sim4	Eso-AdenoCa
13	62174199	62174200	13	70592004	70592005	+	+	h2hINV	cna188	minor	sim4	Eso-AdenoCa
13	64433480	64433481	13	65572038	65572039	-	+	DUP	cna189	major	sim4	Eso-AdenoCa
13	65572039	65572040	13	73472770	73472771	-	+	DUP	cna190	major	sim4	Eso-AdenoCa
13	65572039	65572040	13	73472770	73472771	+	-	DEL	cna190	minor	sim4	Eso-AdenoCa
13	73472771	73472772	13	81068885	81068886	-	+	DUP	cna191	major	sim4	Eso-AdenoCa
13	77994999	77995000	13	78005009	78005010	-	-	t2tINV	cna191	minor	sim4	Eso-AdenoCa
13	81068886	81068887	13	96288381	96288382	-	+	DUP	cna192	major	sim4	Eso-AdenoCa
13	81068886	81068887	13	96288381	96288382	-	+	DUP	cna192	minor	sim4	Eso-AdenoCa
13	96288382	96288383	13	103973274	103973275	+	-	DEL	cna193	minor	sim4	Eso-AdenoCa
13	103973275	103973276	13	115169878	115169879	-	+	DUP	cna194	major	sim4	Eso-AdenoCa
14	1	2	14	15003303	15003304	+	-	DEL	cna195	minor	sim4	Eso-AdenoCa
14	15003304	15003305	14	17411097	17411098	-	+	DUP	cna196	major	sim4	Eso-AdenoCa
14	15003304	15003305	14	17411097	17411098	-	+	DUP	cna196	minor	sim4	Eso-AdenoCa
14	17411098	17411099	14	19081243	19081244	-	+	DUP	cna197	major	sim4	Eso-AdenoCa
14	19081244	19081245	14	74380715	74380716	-	+	DUP	cna198	major	sim4	Eso-AdenoCa
14	19081244	44678622	X	119431111	130248259	+	+	TRA	cna198,cna269	minor,minor	sim4	Eso-AdenoCa
14	74380716	74380717	14	74619500	74619501	-	+	DUP	cna199	major	sim4	Eso-AdenoCa
14	74619501	74619502	14	74794908	74794909	+	-	DEL	cna200	minor	sim4	Eso-AdenoCa
14	74794909	74794910	14	77245136	77245137	-	+	DUP	cna201	major	sim4	Eso-AdenoCa
14	74794909	74794910	14	77245136	77245137	+	-	DEL	cna201	minor	sim4	Eso-AdenoCa
14	77245137	77245138	14	77277269	77277270	-	+	DUP	cna202	major	sim4	Eso-AdenoCa
14	77277270	77277271	14	77849255	77849256	-	+	DUP	cna203	major	sim4	Eso-AdenoCa
14	77849256	77849257	14	83753640	83753641	+	-	DEL	cna204	minor	sim4	Eso-AdenoCa
14	83753641	83753642	14	84033665	84033666	-	+	DUP	cna205	major	sim4	Eso-AdenoCa
14	83753641	83753642	14	84033665	84033666	+	-	DEL	cna205	minor	sim4	Eso-AdenoCa
14	84033666	84033667	14	84147522	84147523	-	+	DUP	cna206	major	sim4	Eso-AdenoCa
14	84033666	84033667	14	84147522	84147523	-	+	DUP	cna206	minor	sim4	Eso-AdenoCa
14	84147523	84147524	14	107333388	107333389	+	-	DEL	cna207	minor	sim4	Eso-AdenoCa
14	107333389	107333390	14	107349540	107349541	-	+	DUP	cna208	major	sim4	Eso-AdenoCa
15	1	2	15	91808338	91808339	+	-	DEL	cna209	minor	sim4	Eso-AdenoCa
15	91808339	91808340	15	92671837	92671838	-	+	DUP	cna210	major	sim4	Eso-AdenoCa
15	91808339	91808340	15	92671837	92671838	-	+	DUP	cna210	minor	sim4	Eso-AdenoCa
15	92671838	92671839	15	102531392	102531393	+	-	DEL	cna211	minor	sim4	Eso-AdenoCa
16	1	2	16	78111649	78111650	-	+	DUP	cna212	major	sim4	Eso-AdenoCa
16	75056989	75056990	16	84776916	84776917	+	+	h2hINV	cna212	major	sim4	Eso-AdenoCa
16	78111650	78111651	16	88574134	88574135	-	+	DUP	cna213	major	sim4	Eso-AdenoCa
16	81746189	81746190	16	81756195	81756196	-	-	t2tINV	cna213	minor	sim4	Eso-AdenoCa
16	88574135	88574136	16	90354753	90354754	-	+	DUP	cna214	major	sim4	Eso-AdenoCa
16	88574135	88574136	16	90354753	90354754	+	-	DEL	cna214	minor	sim4	Eso-AdenoCa
16	88710689	88710690	16	88950189	88950190	-	-	t2tINV	cna214	major	sim4	Eso-AdenoCa
17	1	2	17	47353782	47353783	-	+	DUP	cna215	major	sim4	Eso-AdenoCa
17	1	2	17	47353782	47353783	+	-	DEL	cna215	minor	sim4	Eso-AdenoCa
17	36890236	36890237	17	36900273	36900274	-	-	t2tINV	cna215	major	sim4	Eso-AdenoCa
17	37042936	47353782	22	46359708	46495787	-	+	TRA	cna215,cna255	minor,major	sim4	Eso-AdenoCa
17	40213236	40213237	17	40223237	40223238	+	+	h2hINV	cna215	major	sim4	Eso-AdenoCa
17	47353783	47353784	17	67734574	67734575	-	+	DUP	cna216	major	sim4	Eso-AdenoCa
17	59460736	59460737	17	59470747	59470748	-	-	t2tINV	cna216	major	sim4	Eso-AdenoCa
17	67734575	67734576	17	68212025	68212026	+	-	DEL	cna217	minor	sim4	Eso-AdenoCa
17	68212026	68212027	17	73128284	73128285	-	+	DUP	cna218	major	sim4	Eso-AdenoCa
17	73128285	73128286	17	73252444	73252445	-	+	DUP	cna219	major	sim4	Eso-AdenoCa
17	73128285	73128286	17	73252444	73252445	-	+	DUP	cna219	minor	sim4	Eso-AdenoCa
17	73252445	73252446	17	81195210	81195211	-	+	DUP	cna220	major	sim4	Eso-AdenoCa
18	1	2	18	30177739	30177740	-	+	DUP	cna221	major	sim4	Eso-AdenoCa
18	30177740	30177741	18	31257683	31257684	-	+	DUP	cna222	major	sim4	Eso-AdenoCa
18	31257684	31257685	18	31566428	31566429	-	+	DUP	cna223	major	sim4	Eso-AdenoCa
18	31257684	31257685	18	31566428	31566429	+	-	DEL	cna223	minor	sim4	Eso-AdenoCa
18	31566429	31566430	18	31718563	31718564	-	+	DUP	cna224	major	sim4	Eso-AdenoCa
18	31718564	31718565	18	31738855	31738856	-	+	DUP	cna225	major	sim4	Eso-AdenoCa
18	31718564	31718565	18	31738855	31738856	-	+	DUP	cna225	minor	sim4	Eso-AdenoCa
18	31738856	31738857	18	31796102	31796103	-	+	DUP	cna226	major	sim4	Eso-AdenoCa
18	31796103	31796104	18	31815816	31815817	-	+	DUP	cna227	major	sim4	Eso-AdenoCa
18	31796103	31796104	18	31815816	31815817	-	+	DUP	cna227	minor	sim4	Eso-AdenoCa
18	31815817	31815818	18	37628690	37628691	-	+	DUP	cna228	major	sim4	Eso-AdenoCa
18	37628691	37628692	18	78077248	78077249	-	+	DUP	cna229	major	sim4	Eso-AdenoCa
18	37628691	37628692	18	78077248	78077249	-	+	DUP	cna229	minor	sim4	Eso-AdenoCa
19	1	2	19	1100049	1100050	-	+	DUP	cna230	major	sim4	Eso-AdenoCa
19	1100050	1100051	19	2153213	2153214	+	-	DEL	cna231	minor	sim4	Eso-AdenoCa
19	2153214	2153215	19	2191402	2191403	-	+	DUP	cna232	minor	sim4	Eso-AdenoCa
19	2153214	2153215	19	2191402	2191403	+	-	DEL	cna232	major	sim4	Eso-AdenoCa
19	2191403	2191404	19	48507119	48507120	-	+	DUP	cna233	major	sim4	Eso-AdenoCa
19	48507120	48507121	19	48703563	48703564	+	-	DEL	cna234	minor	sim4	Eso-AdenoCa
19	48703564	48703565	19	49301717	49301718	-	+	DUP	cna235	major	sim4	Eso-AdenoCa
19	48703564	48703565	19	49301717	49301718	+	-	DEL	cna235	minor	sim4	Eso-AdenoCa
19	49301718	49301719	19	51089522	51089523	+	-	DEL	cna236	minor	sim4	Eso-AdenoCa
19	51089523	51089524	19	51317673	51317674	-	+	DUP	cna237	major	sim4	Eso-AdenoCa
19	51317674	51317675	19	56066556	56066557	-	+	DUP	cna238	major	sim4	Eso-AdenoCa
19	51317674	51317675	19	56066556	56066557	+	-	DEL	cna238	minor	sim4	Eso-AdenoCa
19	56066557	56066558	19	58954134	58954135	-	+	DUP	cna239	major	sim4	Eso-AdenoCa
19	58954135	58954136	19	59128983	59128984	-	+	DUP	cna240	major	sim4	Eso-AdenoCa
19	58954135	58954136	19	59128983	59128984	-	+	DUP	cna240	minor	sim4	Eso-AdenoCa
20	1	2	20	1622080	1622081	-	+	DUP	cna241	major	sim4	Eso-AdenoCa
20	1	2	20	1622080	1622081	+	-	DEL	cna241	minor	sim4	Eso-AdenoCa
20	1622081	1622082	20	1708155	1708156	-	+	DUP	cna242	major	sim4	Eso-AdenoCa
20	1622081	1622082	20	1708155	1708156	-	+	DUP	cna242	minor	sim4	Eso-AdenoCa
20	1708156	1708157	20	1839227	1839228	-	+	DUP	cna243	major	sim4	Eso-AdenoCa
20	1708156	1708157	20	1839227	1839228	+	-	DEL	cna243	minor	sim4	Eso-AdenoCa
20	1839228	1839229	20	62296007	62296008	-	+	DUP	cna244	major	sim4	Eso-AdenoCa
20	14648395	14648396	20	31097958	31097959	+	+	h2hINV	cna244	major	sim4	Eso-AdenoCa
20	62296008	62296009	20	62404082	62404083	+	-	DEL	cna245	minor	sim4	Eso-AdenoCa
20	62404083	62404084	20	62791141	62791142	-	+	DUP	cna246	major	sim4	Eso-AdenoCa
20	62791142	62791143	20	63025520	63025521	-	+	DUP	cna247	major	sim4	Eso-AdenoCa
20	62791142	62791143	20	63025520	63025521	-	+	DUP	cna247	minor	sim4	Eso-AdenoCa
21	1	2	21	32439031	32439032	+	-	DEL	cna248	minor	sim4	Eso-AdenoCa
21	32439032	32439033	21	47953950	47953951	-	+	DUP	cna249	major	sim4	Eso-AdenoCa
21	47953951	47953952	21	48129895	48129896	-	+	DUP	cna250	major	sim4	Eso-AdenoCa
21	47953951	47953952	21	48129895	48129896	+	-	DEL	cna250	minor	sim4	Eso-AdenoCa
22	1	2	22	25731485	25731486	-	+	DUP	cna251	major	sim4	Eso-AdenoCa
22	1	2	22	25731485	25731486	-	+	DUP	cna251	minor	sim4	Eso-AdenoCa
22	23634080	23634081	22	23962372	23962373	-	-	t2tINV	cna251	minor	sim4	Eso-AdenoCa
22	25731486	25731487	22	26289204	26289205	-	+	DUP	cna252	major	sim4	Eso-AdenoCa
22	26289205	26289206	22	42023233	42023234	-	+	DUP	cna253	major	sim4	Eso-AdenoCa
22	26289205	26289206	22	42023233	42023234	-	+	DUP	cna253	minor	sim4	Eso-AdenoCa
22	42023234	42023235	22	46359707	46359708	-	+	DUP	cna254	major	sim4	Eso-AdenoCa
22	42023234	42023235	22	46359707	46359708	+	-	DEL	cna254	minor	sim4	Eso-AdenoCa
22	46359708	46359709	22	50944785	50944786	-	+	DUP	cna255	major	sim4	Eso-AdenoCa
22	46359708	46359709	22	50944785	50944786	-	+	DUP	cna255	minor	sim4	Eso-AdenoCa
22	50944786	50944787	22	51304566	51304567	-	+	DUP	cna256	major	sim4	Eso-AdenoCa
X	1	2	X	24273611	24273612	-	+	DUP	cna257	major	sim4	Eso-AdenoCa
X	580914	580915	X	70254487	70254488	-	-	t2tINV	cna267	major	sim4	Eso-AdenoCa
X	24273612	24273613	X	26141921	26141922	+	-	DEL	cna258	minor	sim4	Eso-AdenoCa
X	26141922	26141923	X	26152768	26152769	-	+	DUP	cna259	major	sim4	Eso-AdenoCa
X	26152769	26152770	X	32279904	32279905	-	+	DUP	cna260	major	sim4	Eso-AdenoCa
X	32279905	32279906	X	32525433	32525434	-	+	DUP	cna261	major	sim4	Eso-AdenoCa
X	32525434	32525435	X	32825397	32825398	+	-	DEL	cna262	minor	sim4	Eso-AdenoCa
X	32825398	32825399	X	33366965	33366966	-	+	DUP	cna263	major	sim4	Eso-AdenoCa
X	33366966	33366967	X	33561440	33561441	-	+	DUP	cna264	major	sim4	Eso-AdenoCa
X	33561441	33561442	X	36073273	36073274	+	-	DEL	cna265	minor	sim4	Eso-AdenoCa
X	36073274	36073275	X	37013389	37013390	-	+	DUP	cna266	major	sim4	Eso-AdenoCa
X	37013390	37013391	X	116429803	116429804	-	+	DUP	cna267	major	sim4	Eso-AdenoCa
X	37013390	37013391	X	116429803	116429804	-	+	DUP	cna267	minor	sim4	Eso-AdenoCa
X	66320414	66320415	X	68146910	68146911	+	+	h2hINV	cna267	major	sim4	Eso-AdenoCa
X	96583514	96583515	X	99171460	99171461	-	-	t2tINV	cna267	major	sim4	Eso-AdenoCa
X	116429804	116429805	X	119431110	119431111	-	+	DUP	cna268	major	sim4	Eso-AdenoCa
X	116429804	116429805	X	119431110	119431111	+	-	DEL	cna268	minor	sim4	Eso-AdenoCa
X	119431111	119431112	X	152502232	152502233	-	+	DUP	cna269	major	sim4	Eso-AdenoCa
X	119431111	119431112	X	152502232	152502233	-	+	DUP	cna269	minor	sim4	Eso-AdenoCa
X	152502233	152502234	X	155270560	155270561	-	+	DUP	cna270	major	sim4	Eso-AdenoCa
Y	1	2	Y	7159382	7159383	-	+	DUP	cna271	major	sim4	Eso-AdenoCa
Y	7159383	7159384	Y	11949521	11949522	-	+	DUP	cna272	major	sim4	Eso-AdenoCa
Y	11949522	11949523	Y	12678814	12678815	-	+	DUP	cna273	major	sim4	Eso-AdenoCa
Y	11949522	11949523	Y	12678814	12678815	+	-	DEL	cna273	minor	sim4	Eso-AdenoCa
Y	12678815	12678816	Y	28419579	28419580	-	+	DUP	cna274	major	sim4	Eso-AdenoCa
Y	12678815	12678816	Y	28419579	28419580	-	+	DUP	cna274	minor	sim4	Eso-AdenoCa
Y	28419580	28419581	Y	57356745	57356746	-	+	DUP	cna275	major	sim4	Eso-AdenoCa
Y	28419580	28419581	Y	57356745	57356746	+	-	DEL	cna275	minor	sim4	Eso-AdenoCa
Y	57356746	57356747	Y	57402488	57402489	-	+	DUP	cna276	major	sim4	Eso-AdenoCa
Y	57402489	57402490	Y	58805784	58805785	+	-	DEL	cna277	minor	sim4	Eso-AdenoCa
Y	58805785	58805786	Y	59310562	59310563	-	+	DUP	cna278	major	sim4	Eso-AdenoCa
Y	58805785	58805786	Y	59310562	59310563	-	+	DUP	cna278	minor	sim4	Eso-AdenoCa
Y	59310563	59310564	Y	59373566	59373567	+	-	DEL	cna279	minor	sim4	Eso-AdenoCa
