chrom	start	end	major_cn	minor_cn	donor_id	study	id
1	1	12918690	4	1	sim40	Eso-AdenoCa	cna0
1	12918691	14257763	2	0	sim40	Eso-AdenoCa	cna1
1	14257764	15348377	4	1	sim40	Eso-AdenoCa	cna2
1	15348378	147654185	1	1	sim40	Eso-AdenoCa	cna3
1	147654186	149322728	3	1	sim40	Eso-AdenoCa	cna4
1	149322729	212981377	2	0	sim40	Eso-AdenoCa	cna5
1	212981378	213063521	2	1	sim40	Eso-AdenoCa	cna6
1	213063522	213205841	1	1	sim40	Eso-AdenoCa	cna7
1	213205842	213246605	3	2	sim40	Eso-AdenoCa	cna8
1	213246606	213380459	3	1	sim40	Eso-AdenoCa	cna9
1	213380460	213412721	0	0	sim40	Eso-AdenoCa	cna10
1	213412722	237341893	2	1	sim40	Eso-AdenoCa	cna11
1	237341894	237538499	4	2	sim40	Eso-AdenoCa	cna12
1	237538500	242913772	2	1	sim40	Eso-AdenoCa	cna13
1	242913773	243060821	1	0	sim40	Eso-AdenoCa	cna14
1	243060822	243080548	2	1	sim40	Eso-AdenoCa	cna15
1	243080549	249025140	2	0	sim40	Eso-AdenoCa	cna16
1	249025141	249079622	2	1	sim40	Eso-AdenoCa	cna17
1	249079623	249086789	3	0	sim40	Eso-AdenoCa	cna18
1	249086790	249250621	6	1	sim40	Eso-AdenoCa	cna19
2	1	39176038	1	1	sim40	Eso-AdenoCa	cna20
2	39176039	39539029	2	1	sim40	Eso-AdenoCa	cna21
2	39539030	145005325	1	1	sim40	Eso-AdenoCa	cna22
2	145005326	145049202	2	1	sim40	Eso-AdenoCa	cna23
2	145049203	145182751	1	0	sim40	Eso-AdenoCa	cna24
2	145182752	183545586	2	1	sim40	Eso-AdenoCa	cna25
2	183545587	183585519	2	2	sim40	Eso-AdenoCa	cna26
2	183585520	191267972	2	0	sim40	Eso-AdenoCa	cna27
2	191267973	200315516	2	2	sim40	Eso-AdenoCa	cna28
2	200315517	200631514	4	1	sim40	Eso-AdenoCa	cna29
2	200631515	210090647	4	2	sim40	Eso-AdenoCa	cna30
2	210090648	210123428	2	1	sim40	Eso-AdenoCa	cna31
2	210123429	210245245	1	0	sim40	Eso-AdenoCa	cna32
2	210245246	210886148	2	0	sim40	Eso-AdenoCa	cna33
2	210886149	211104408	1	0	sim40	Eso-AdenoCa	cna34
2	211104409	213820234	4	2	sim40	Eso-AdenoCa	cna35
2	213820235	236256768	2	1	sim40	Eso-AdenoCa	cna36
2	236256769	236297286	4	3	sim40	Eso-AdenoCa	cna37
2	236297287	243199373	2	2	sim40	Eso-AdenoCa	cna38
3	1	49154150	1	1	sim40	Eso-AdenoCa	cna39
3	49154151	49262585	2	2	sim40	Eso-AdenoCa	cna40
3	49262586	49352059	1	0	sim40	Eso-AdenoCa	cna41
3	49352060	50656220	2	1	sim40	Eso-AdenoCa	cna42
3	50656221	50782814	3	1	sim40	Eso-AdenoCa	cna43
3	50782815	55394039	2	1	sim40	Eso-AdenoCa	cna44
3	55394040	55560134	2	0	sim40	Eso-AdenoCa	cna45
3	55560135	63962094	2	1	sim40	Eso-AdenoCa	cna46
3	63962095	63986365	1	1	sim40	Eso-AdenoCa	cna47
3	63986366	72812830	2	1	sim40	Eso-AdenoCa	cna48
3	72812831	73150732	1	0	sim40	Eso-AdenoCa	cna49
3	73150733	83630851	4	1	sim40	Eso-AdenoCa	cna50
3	83630852	92835604	1	0	sim40	Eso-AdenoCa	cna51
3	92835605	92861218	4	0	sim40	Eso-AdenoCa	cna52
3	92861219	93109658	3	0	sim40	Eso-AdenoCa	cna53
3	93109659	197603606	1	1	sim40	Eso-AdenoCa	cna54
3	197603607	197716477	4	2	sim40	Eso-AdenoCa	cna55
3	197716478	198022430	3	2	sim40	Eso-AdenoCa	cna56
4	1	11673750	1	1	sim40	Eso-AdenoCa	cna57
4	11673751	11752245	3	0	sim40	Eso-AdenoCa	cna58
4	11752246	12628759	1	0	sim40	Eso-AdenoCa	cna59
4	12628760	163370185	1	1	sim40	Eso-AdenoCa	cna60
4	163370186	163377781	3	1	sim40	Eso-AdenoCa	cna61
4	163377782	168049187	1	1	sim40	Eso-AdenoCa	cna62
4	168049188	176903446	4	3	sim40	Eso-AdenoCa	cna63
4	176903447	178666043	3	1	sim40	Eso-AdenoCa	cna64
4	178666044	191129412	2	1	sim40	Eso-AdenoCa	cna65
4	191129413	191154276	4	1	sim40	Eso-AdenoCa	cna66
5	1	31483805	1	1	sim40	Eso-AdenoCa	cna67
5	31483806	31729362	2	2	sim40	Eso-AdenoCa	cna68
5	31729363	32134312	3	1	sim40	Eso-AdenoCa	cna69
5	32134313	38310384	1	0	sim40	Eso-AdenoCa	cna70
5	38310385	38711579	3	2	sim40	Eso-AdenoCa	cna71
5	38711580	52623355	2	1	sim40	Eso-AdenoCa	cna72
5	52623356	65530394	1	1	sim40	Eso-AdenoCa	cna73
5	65530395	65758739	3	1	sim40	Eso-AdenoCa	cna74
5	65758740	65868008	2	0	sim40	Eso-AdenoCa	cna75
5	65868009	75658806	2	1	sim40	Eso-AdenoCa	cna76
5	75658807	77806771	7	1	sim40	Eso-AdenoCa	cna77
5	77806772	77875647	2	1	sim40	Eso-AdenoCa	cna78
5	77875648	83923909	2	2	sim40	Eso-AdenoCa	cna79
5	83923910	84224535	2	0	sim40	Eso-AdenoCa	cna80
5	84224536	85084549	2	1	sim40	Eso-AdenoCa	cna81
5	85084550	85553001	4	2	sim40	Eso-AdenoCa	cna82
5	85553002	92147733	3	1	sim40	Eso-AdenoCa	cna83
5	92147734	94655435	2	1	sim40	Eso-AdenoCa	cna84
5	94655436	94797399	7	1	sim40	Eso-AdenoCa	cna85
5	94797400	95128663	3	2	sim40	Eso-AdenoCa	cna86
5	95128664	95134815	2	3	sim40	Eso-AdenoCa	cna87
5	95134816	95245071	1	0	sim40	Eso-AdenoCa	cna88
5	95245072	95318656	2	0	sim40	Eso-AdenoCa	cna89
5	95318657	95366968	2	1	sim40	Eso-AdenoCa	cna90
5	95366969	96376629	1	1	sim40	Eso-AdenoCa	cna91
5	96376630	96535113	2	2	sim40	Eso-AdenoCa	cna92
5	96535114	96752422	3	2	sim40	Eso-AdenoCa	cna93
5	96752423	96858380	2	1	sim40	Eso-AdenoCa	cna94
5	96858381	98062837	1	0	sim40	Eso-AdenoCa	cna95
5	98062838	98613938	2	1	sim40	Eso-AdenoCa	cna96
5	98613939	98645069	4	3	sim40	Eso-AdenoCa	cna97
5	98645070	104622735	3	3	sim40	Eso-AdenoCa	cna98
5	104622736	104763028	1	0	sim40	Eso-AdenoCa	cna99
5	104763029	109211693	2	3	sim40	Eso-AdenoCa	cna100
5	109211694	109250677	0	0	sim40	Eso-AdenoCa	cna101
5	109250678	171569424	1	1	sim40	Eso-AdenoCa	cna102
5	171569425	173969006	2	2	sim40	Eso-AdenoCa	cna103
5	173969007	174097370	1	0	sim40	Eso-AdenoCa	cna104
5	174097371	180915260	1	1	sim40	Eso-AdenoCa	cna105
6	1	13202592	2	0	sim40	Eso-AdenoCa	cna106
6	13202593	41477411	1	0	sim40	Eso-AdenoCa	cna107
6	41477412	41632240	2	1	sim40	Eso-AdenoCa	cna108
6	41632241	95344598	3	0	sim40	Eso-AdenoCa	cna109
6	95344599	95415435	3	1	sim40	Eso-AdenoCa	cna110
6	95415436	95941249	2	1	sim40	Eso-AdenoCa	cna111
6	95941250	95968992	0	0	sim40	Eso-AdenoCa	cna112
6	95968993	96069890	1	0	sim40	Eso-AdenoCa	cna113
6	96069891	96852451	2	1	sim40	Eso-AdenoCa	cna114
6	96852452	98291605	3	1	sim40	Eso-AdenoCa	cna115
6	98291606	108153948	4	1	sim40	Eso-AdenoCa	cna116
6	108153949	143877094	1	1	sim40	Eso-AdenoCa	cna117
6	143877095	143927120	3	1	sim40	Eso-AdenoCa	cna118
6	143927121	144991558	2	0	sim40	Eso-AdenoCa	cna119
6	144991559	155268724	2	2	sim40	Eso-AdenoCa	cna120
6	155268725	155370585	3	1	sim40	Eso-AdenoCa	cna121
6	155370586	155698683	2	1	sim40	Eso-AdenoCa	cna122
6	155698684	155901450	1	0	sim40	Eso-AdenoCa	cna123
6	155901451	161947621	1	1	sim40	Eso-AdenoCa	cna124
6	161947622	162410410	2	1	sim40	Eso-AdenoCa	cna125
6	162410411	162498086	1	0	sim40	Eso-AdenoCa	cna126
6	162498087	162529384	4	2	sim40	Eso-AdenoCa	cna127
6	162529385	162692223	3	0	sim40	Eso-AdenoCa	cna128
6	162692224	165380876	1	1	sim40	Eso-AdenoCa	cna129
6	165380877	165441274	3	2	sim40	Eso-AdenoCa	cna130
6	165441275	165447847	1	0	sim40	Eso-AdenoCa	cna131
6	165447848	171054143	1	1	sim40	Eso-AdenoCa	cna132
6	171054144	171115067	0	0	sim40	Eso-AdenoCa	cna133
7	1	19916927	1	1	sim40	Eso-AdenoCa	cna134
7	19916928	19989343	4	1	sim40	Eso-AdenoCa	cna135
7	19989344	25044548	1	0	sim40	Eso-AdenoCa	cna136
7	25044549	25387506	2	0	sim40	Eso-AdenoCa	cna137
7	25387507	71190320	1	1	sim40	Eso-AdenoCa	cna138
7	71190321	71994085	2	2	sim40	Eso-AdenoCa	cna139
7	71994086	73965890	1	1	sim40	Eso-AdenoCa	cna140
7	73965891	73994320	3	1	sim40	Eso-AdenoCa	cna141
7	73994321	74290590	5	1	sim40	Eso-AdenoCa	cna142
7	74290591	87176040	2	1	sim40	Eso-AdenoCa	cna143
7	87176041	87259200	3	0	sim40	Eso-AdenoCa	cna144
7	87259201	95925897	3	1	sim40	Eso-AdenoCa	cna145
7	95925898	96045588	3	2	sim40	Eso-AdenoCa	cna146
7	96045589	111579403	4	2	sim40	Eso-AdenoCa	cna147
7	111579404	111591581	1	0	sim40	Eso-AdenoCa	cna148
7	111591582	116734790	3	1	sim40	Eso-AdenoCa	cna149
7	116734791	159138663	3	2	sim40	Eso-AdenoCa	cna150
8	1	3565997	1	1	sim40	Eso-AdenoCa	cna151
8	3565998	3764822	0	0	sim40	Eso-AdenoCa	cna152
8	3764823	26757993	2	1	sim40	Eso-AdenoCa	cna153
8	26757994	30962506	4	2	sim40	Eso-AdenoCa	cna154
8	30962507	41545946	1	0	sim40	Eso-AdenoCa	cna155
8	41545947	54721088	2	1	sim40	Eso-AdenoCa	cna156
8	54721089	146364022	1	1	sim40	Eso-AdenoCa	cna157
9	1	24380871	1	1	sim40	Eso-AdenoCa	cna158
9	24380872	24386824	1	0	sim40	Eso-AdenoCa	cna159
9	24386825	24459334	3	1	sim40	Eso-AdenoCa	cna160
9	24459335	29881858	2	1	sim40	Eso-AdenoCa	cna161
9	29881859	49474736	2	0	sim40	Eso-AdenoCa	cna162
9	49474737	49567857	1	0	sim40	Eso-AdenoCa	cna163
9	49567858	49587304	4	0	sim40	Eso-AdenoCa	cna164
9	49587305	77037276	2	2	sim40	Eso-AdenoCa	cna165
9	77037277	77105400	1	0	sim40	Eso-AdenoCa	cna166
9	77105401	79056974	3	0	sim40	Eso-AdenoCa	cna167
9	79056975	79086829	4	1	sim40	Eso-AdenoCa	cna168
9	79086830	111526242	2	1	sim40	Eso-AdenoCa	cna169
9	111526243	111644457	3	0	sim40	Eso-AdenoCa	cna170
9	111644458	115286191	1	0	sim40	Eso-AdenoCa	cna171
9	115286192	131381973	2	2	sim40	Eso-AdenoCa	cna172
9	131381974	133255450	1	0	sim40	Eso-AdenoCa	cna173
9	133255451	133346792	0	1	sim40	Eso-AdenoCa	cna174
9	133346793	138994663	1	0	sim40	Eso-AdenoCa	cna175
9	138994664	139549728	2	0	sim40	Eso-AdenoCa	cna176
9	139549729	140735007	2	1	sim40	Eso-AdenoCa	cna177
9	140735008	141035511	4	0	sim40	Eso-AdenoCa	cna178
9	141035512	141180182	2	1	sim40	Eso-AdenoCa	cna179
9	141180183	141192173	3	1	sim40	Eso-AdenoCa	cna180
9	141192174	141213431	1	1	sim40	Eso-AdenoCa	cna181
10	1	510593	1	0	sim40	Eso-AdenoCa	cna182
10	510594	9979814	4	2	sim40	Eso-AdenoCa	cna183
10	9979815	12375454	2	2	sim40	Eso-AdenoCa	cna184
10	12375455	135534747	1	1	sim40	Eso-AdenoCa	cna185
11	1	645126	3	2	sim40	Eso-AdenoCa	cna186
11	645127	7787715	1	0	sim40	Eso-AdenoCa	cna187
11	7787716	7833859	4	3	sim40	Eso-AdenoCa	cna188
11	7833860	21601411	1	1	sim40	Eso-AdenoCa	cna189
11	21601412	22702956	2	1	sim40	Eso-AdenoCa	cna190
11	22702957	108532652	1	1	sim40	Eso-AdenoCa	cna191
11	108532653	108689142	2	1	sim40	Eso-AdenoCa	cna192
11	108689143	121644651	2	0	sim40	Eso-AdenoCa	cna193
11	121644652	134295449	2	1	sim40	Eso-AdenoCa	cna194
11	134295450	134995467	3	1	sim40	Eso-AdenoCa	cna195
11	134995468	135006516	2	1	sim40	Eso-AdenoCa	cna196
12	1	103548688	1	1	sim40	Eso-AdenoCa	cna197
12	103548689	103822655	2	0	sim40	Eso-AdenoCa	cna198
12	103822656	103916325	3	1	sim40	Eso-AdenoCa	cna199
12	103916326	104333486	1	1	sim40	Eso-AdenoCa	cna200
12	104333487	113423391	1	0	sim40	Eso-AdenoCa	cna201
12	113423392	113678739	0	0	sim40	Eso-AdenoCa	cna202
12	113678740	114404397	2	1	sim40	Eso-AdenoCa	cna203
12	114404398	115232757	1	1	sim40	Eso-AdenoCa	cna204
12	115232758	133851895	2	1	sim40	Eso-AdenoCa	cna205
13	1	39854111	1	1	sim40	Eso-AdenoCa	cna206
13	39854112	40622044	3	1	sim40	Eso-AdenoCa	cna207
13	40622045	40882219	2	1	sim40	Eso-AdenoCa	cna208
13	40882220	40976591	2	0	sim40	Eso-AdenoCa	cna209
13	40976592	44375896	2	1	sim40	Eso-AdenoCa	cna210
13	44375897	44537435	4	2	sim40	Eso-AdenoCa	cna211
13	44537436	53352992	1	1	sim40	Eso-AdenoCa	cna212
13	53352993	53359362	6	1	sim40	Eso-AdenoCa	cna213
13	53359363	53372288	2	1	sim40	Eso-AdenoCa	cna214
13	53372289	53559597	3	1	sim40	Eso-AdenoCa	cna215
13	53559598	53881804	2	0	sim40	Eso-AdenoCa	cna216
13	53881805	53977033	4	1	sim40	Eso-AdenoCa	cna217
13	53977034	61223316	1	0	sim40	Eso-AdenoCa	cna218
13	61223317	76962664	2	2	sim40	Eso-AdenoCa	cna219
13	76962665	79104600	2	1	sim40	Eso-AdenoCa	cna220
13	79104601	79920657	2	0	sim40	Eso-AdenoCa	cna221
13	79920658	82798590	3	1	sim40	Eso-AdenoCa	cna222
13	82798591	86225100	4	0	sim40	Eso-AdenoCa	cna223
13	86225101	88387805	1	1	sim40	Eso-AdenoCa	cna224
13	88387806	94280421	1	0	sim40	Eso-AdenoCa	cna225
13	94280422	99870257	2	2	sim40	Eso-AdenoCa	cna226
13	99870258	108177944	3	2	sim40	Eso-AdenoCa	cna227
13	108177945	108774186	2	0	sim40	Eso-AdenoCa	cna228
13	108774187	109257809	2	2	sim40	Eso-AdenoCa	cna229
13	109257810	109264177	3	1	sim40	Eso-AdenoCa	cna230
13	109264178	112909320	2	1	sim40	Eso-AdenoCa	cna231
13	112909321	114880296	3	1	sim40	Eso-AdenoCa	cna232
13	114880297	115169878	1	1	sim40	Eso-AdenoCa	cna233
14	1	2213547	2	1	sim40	Eso-AdenoCa	cna234
14	2213548	102472795	1	1	sim40	Eso-AdenoCa	cna235
14	102472796	102911440	2	1	sim40	Eso-AdenoCa	cna236
14	102911441	104940025	2	0	sim40	Eso-AdenoCa	cna237
14	104940026	105302355	1	0	sim40	Eso-AdenoCa	cna238
14	105302356	107349540	2	0	sim40	Eso-AdenoCa	cna239
15	1	102531392	1	1	sim40	Eso-AdenoCa	cna240
16	1	49700017	1	1	sim40	Eso-AdenoCa	cna241
16	49700018	52146789	3	3	sim40	Eso-AdenoCa	cna242
16	52146790	73343013	1	1	sim40	Eso-AdenoCa	cna243
16	73343014	73661494	2	0	sim40	Eso-AdenoCa	cna244
16	73661495	73670054	3	0	sim40	Eso-AdenoCa	cna245
16	73670055	76582843	2	2	sim40	Eso-AdenoCa	cna246
16	76582844	76743871	1	0	sim40	Eso-AdenoCa	cna247
16	76743872	76760917	2	1	sim40	Eso-AdenoCa	cna248
16	76760918	89833028	1	1	sim40	Eso-AdenoCa	cna249
16	89833029	89889791	5	0	sim40	Eso-AdenoCa	cna250
16	89889792	90170299	3	1	sim40	Eso-AdenoCa	cna251
16	90170300	90215264	0	0	sim40	Eso-AdenoCa	cna252
16	90215265	90277627	1	1	sim40	Eso-AdenoCa	cna253
16	90277628	90294771	4	1	sim40	Eso-AdenoCa	cna254
16	90294772	90314458	5	1	sim40	Eso-AdenoCa	cna255
16	90314459	90354753	2	1	sim40	Eso-AdenoCa	cna256
17	1	51334868	1	1	sim40	Eso-AdenoCa	cna257
17	51334869	52068131	2	1	sim40	Eso-AdenoCa	cna258
17	52068132	52263211	2	2	sim40	Eso-AdenoCa	cna259
17	52263212	55027284	4	3	sim40	Eso-AdenoCa	cna260
17	55027285	57563894	3	1	sim40	Eso-AdenoCa	cna261
17	57563895	66584663	1	0	sim40	Eso-AdenoCa	cna262
17	66584664	66873999	2	2	sim40	Eso-AdenoCa	cna263
17	66874000	73676651	2	0	sim40	Eso-AdenoCa	cna264
17	73676652	76148974	1	1	sim40	Eso-AdenoCa	cna265
17	76148975	76180483	2	1	sim40	Eso-AdenoCa	cna266
17	76180484	76323077	0	0	sim40	Eso-AdenoCa	cna267
17	76323078	80089685	4	2	sim40	Eso-AdenoCa	cna268
17	80089686	81188189	2	0	sim40	Eso-AdenoCa	cna269
17	81188190	81195210	3	1	sim40	Eso-AdenoCa	cna270
18	1	6205701	2	1	sim40	Eso-AdenoCa	cna271
18	6205702	63597032	1	1	sim40	Eso-AdenoCa	cna272
18	63597033	69697657	2	1	sim40	Eso-AdenoCa	cna273
18	69697658	69723536	1	1	sim40	Eso-AdenoCa	cna274
18	69723537	69998276	2	1	sim40	Eso-AdenoCa	cna275
18	69998277	70035663	1	0	sim40	Eso-AdenoCa	cna276
18	70035664	70166545	4	1	sim40	Eso-AdenoCa	cna277
18	70166546	71122360	1	1	sim40	Eso-AdenoCa	cna278
18	71122361	76074504	3	1	sim40	Eso-AdenoCa	cna279
18	76074505	76766445	1	1	sim40	Eso-AdenoCa	cna280
18	76766446	76816305	3	2	sim40	Eso-AdenoCa	cna281
18	76816306	77959689	2	0	sim40	Eso-AdenoCa	cna282
18	77959690	78077248	2	1	sim40	Eso-AdenoCa	cna283
19	1	53911678	1	1	sim40	Eso-AdenoCa	cna284
19	53911679	55269223	2	0	sim40	Eso-AdenoCa	cna285
19	55269224	55347208	1	0	sim40	Eso-AdenoCa	cna286
19	55347209	58076999	4	0	sim40	Eso-AdenoCa	cna287
19	58077000	58936261	1	1	sim40	Eso-AdenoCa	cna288
19	58936262	59128983	1	0	sim40	Eso-AdenoCa	cna289
20	1	63025520	1	1	sim40	Eso-AdenoCa	cna290
21	1	47576230	1	1	sim40	Eso-AdenoCa	cna291
21	47576231	48085060	4	2	sim40	Eso-AdenoCa	cna292
21	48085061	48129895	1	1	sim40	Eso-AdenoCa	cna293
22	1	28343496	1	1	sim40	Eso-AdenoCa	cna294
22	28343497	28504253	2	1	sim40	Eso-AdenoCa	cna295
22	28504254	28807556	3	0	sim40	Eso-AdenoCa	cna296
22	28807557	28859593	4	2	sim40	Eso-AdenoCa	cna297
22	28859594	44426666	1	0	sim40	Eso-AdenoCa	cna298
22	44426667	51304566	2	0	sim40	Eso-AdenoCa	cna299
X	1	21490118	2	0	sim40	Eso-AdenoCa	cna300
X	21490119	30343947	1	0	sim40	Eso-AdenoCa	cna301
X	30343948	30381316	6	1	sim40	Eso-AdenoCa	cna302
X	30381317	31180977	2	0	sim40	Eso-AdenoCa	cna303
X	31180978	43934604	1	0	sim40	Eso-AdenoCa	cna304
X	43934605	44259529	2	0	sim40	Eso-AdenoCa	cna305
X	44259530	48394493	2	2	sim40	Eso-AdenoCa	cna306
X	48394494	61035481	2	1	sim40	Eso-AdenoCa	cna307
X	61035482	61069771	3	0	sim40	Eso-AdenoCa	cna308
X	61069772	120836844	1	1	sim40	Eso-AdenoCa	cna309
X	120836845	130098887	1	0	sim40	Eso-AdenoCa	cna310
X	130098888	130110691	3	2	sim40	Eso-AdenoCa	cna311
X	130110692	130154951	1	0	sim40	Eso-AdenoCa	cna312
X	130154952	130192774	7	1	sim40	Eso-AdenoCa	cna313
X	130192775	155149042	0	0	sim40	Eso-AdenoCa	cna314
X	155149043	155270560	1	0	sim40	Eso-AdenoCa	cna315
