chrom	start	end	major_cn	minor_cn	donor_id	study	id
1	1	219874	4	0	sim88	Eso-AdenoCa	cna0
1	219875	19627516	1	1	sim88	Eso-AdenoCa	cna1
1	19627517	25567865	1	0	sim88	Eso-AdenoCa	cna2
1	25567866	30323119	2	0	sim88	Eso-AdenoCa	cna3
1	30323120	30397601	1	0	sim88	Eso-AdenoCa	cna4
1	30397602	38358448	2	1	sim88	Eso-AdenoCa	cna5
1	38358449	38820201	3	2	sim88	Eso-AdenoCa	cna6
1	38820202	58118561	1	1	sim88	Eso-AdenoCa	cna7
1	58118562	65800925	2	1	sim88	Eso-AdenoCa	cna8
1	65800926	66392832	1	0	sim88	Eso-AdenoCa	cna9
1	66392833	97878266	1	1	sim88	Eso-AdenoCa	cna10
1	97878267	98121842	2	1	sim88	Eso-AdenoCa	cna11
1	98121843	98539113	2	2	sim88	Eso-AdenoCa	cna12
1	98539114	98564633	1	0	sim88	Eso-AdenoCa	cna13
1	98564634	164969886	1	1	sim88	Eso-AdenoCa	cna14
1	164969887	164985260	6	2	sim88	Eso-AdenoCa	cna15
1	164985261	165005741	4	1	sim88	Eso-AdenoCa	cna16
1	165005742	214861459	4	2	sim88	Eso-AdenoCa	cna17
1	214861460	214866299	2	1	sim88	Eso-AdenoCa	cna18
1	214866300	219855754	2	0	sim88	Eso-AdenoCa	cna19
1	219855755	220839214	2	2	sim88	Eso-AdenoCa	cna20
1	220839215	220848998	2	1	sim88	Eso-AdenoCa	cna21
1	220848999	222141297	2	0	sim88	Eso-AdenoCa	cna22
1	222141298	227288982	0	0	sim88	Eso-AdenoCa	cna23
1	227288983	248642890	2	1	sim88	Eso-AdenoCa	cna24
1	248642891	249250621	1	1	sim88	Eso-AdenoCa	cna25
2	1	10389821	3	0	sim88	Eso-AdenoCa	cna26
2	10389822	10452330	2	1	sim88	Eso-AdenoCa	cna27
2	10452331	10777642	1	1	sim88	Eso-AdenoCa	cna28
2	10777643	18724170	3	1	sim88	Eso-AdenoCa	cna29
2	18724171	19618372	3	2	sim88	Eso-AdenoCa	cna30
2	19618373	19856984	2	0	sim88	Eso-AdenoCa	cna31
2	19856985	19982274	0	0	sim88	Eso-AdenoCa	cna32
2	19982275	20443356	1	0	sim88	Eso-AdenoCa	cna33
2	20443357	20515801	2	1	sim88	Eso-AdenoCa	cna34
2	20515802	20627121	4	1	sim88	Eso-AdenoCa	cna35
2	20627122	74450436	1	1	sim88	Eso-AdenoCa	cna36
2	74450437	74464692	0	0	sim88	Eso-AdenoCa	cna37
2	74464693	77939907	3	1	sim88	Eso-AdenoCa	cna38
2	77939908	81078522	2	0	sim88	Eso-AdenoCa	cna39
2	81078523	81088130	1	0	sim88	Eso-AdenoCa	cna40
2	81088131	83946113	1	1	sim88	Eso-AdenoCa	cna41
2	83946114	84812371	2	0	sim88	Eso-AdenoCa	cna42
2	84812372	85149686	7	1	sim88	Eso-AdenoCa	cna43
2	85149687	85235449	0	0	sim88	Eso-AdenoCa	cna44
2	85235450	87473526	2	1	sim88	Eso-AdenoCa	cna45
2	87473527	88267189	2	0	sim88	Eso-AdenoCa	cna46
2	88267190	95982426	1	1	sim88	Eso-AdenoCa	cna47
2	95982427	96917096	2	1	sim88	Eso-AdenoCa	cna48
2	96917097	97748331	3	1	sim88	Eso-AdenoCa	cna49
2	97748332	102784594	1	0	sim88	Eso-AdenoCa	cna50
2	102784595	136146850	3	2	sim88	Eso-AdenoCa	cna51
2	136146851	137187773	2	2	sim88	Eso-AdenoCa	cna52
2	137187774	137262523	2	0	sim88	Eso-AdenoCa	cna53
2	137262524	137440670	6	2	sim88	Eso-AdenoCa	cna54
2	137440671	138204183	1	1	sim88	Eso-AdenoCa	cna55
2	138204184	141940875	2	0	sim88	Eso-AdenoCa	cna56
2	141940876	144467590	1	1	sim88	Eso-AdenoCa	cna57
2	144467591	144773295	2	2	sim88	Eso-AdenoCa	cna58
2	144773296	144801560	3	1	sim88	Eso-AdenoCa	cna59
2	144801561	158933689	2	1	sim88	Eso-AdenoCa	cna60
2	158933690	213895754	1	1	sim88	Eso-AdenoCa	cna61
2	213895755	214988064	2	1	sim88	Eso-AdenoCa	cna62
2	214988065	215348267	3	2	sim88	Eso-AdenoCa	cna63
2	215348268	215422593	2	0	sim88	Eso-AdenoCa	cna64
2	215422594	223528846	1	0	sim88	Eso-AdenoCa	cna65
2	223528847	223581607	2	1	sim88	Eso-AdenoCa	cna66
2	223581608	225228961	1	1	sim88	Eso-AdenoCa	cna67
2	225228962	226790599	2	2	sim88	Eso-AdenoCa	cna68
2	226790600	227486980	3	2	sim88	Eso-AdenoCa	cna69
2	227486981	231842421	2	1	sim88	Eso-AdenoCa	cna70
2	231842422	234685999	2	2	sim88	Eso-AdenoCa	cna71
2	234686000	241480218	2	1	sim88	Eso-AdenoCa	cna72
2	241480219	241735490	1	1	sim88	Eso-AdenoCa	cna73
2	241735491	243199373	2	0	sim88	Eso-AdenoCa	cna74
3	1	46263737	1	1	sim88	Eso-AdenoCa	cna75
3	46263738	46553884	4	0	sim88	Eso-AdenoCa	cna76
3	46553885	53908156	2	0	sim88	Eso-AdenoCa	cna77
3	53908157	53925496	1	0	sim88	Eso-AdenoCa	cna78
3	53925497	93186331	1	1	sim88	Eso-AdenoCa	cna79
3	93186332	93429744	2	2	sim88	Eso-AdenoCa	cna80
3	93429745	93675157	2	0	sim88	Eso-AdenoCa	cna81
3	93675158	94050262	2	1	sim88	Eso-AdenoCa	cna82
3	94050263	94485738	2	2	sim88	Eso-AdenoCa	cna83
3	94485739	95313425	2	1	sim88	Eso-AdenoCa	cna84
3	95313426	97043680	1	1	sim88	Eso-AdenoCa	cna85
3	97043681	101669004	2	1	sim88	Eso-AdenoCa	cna86
3	101669005	101709225	3	1	sim88	Eso-AdenoCa	cna87
3	101709226	101969938	1	1	sim88	Eso-AdenoCa	cna88
3	101969939	102559855	3	0	sim88	Eso-AdenoCa	cna89
3	102559856	104318384	2	1	sim88	Eso-AdenoCa	cna90
3	104318385	105564531	3	2	sim88	Eso-AdenoCa	cna91
3	105564532	105569626	2	1	sim88	Eso-AdenoCa	cna92
3	105569627	113253635	2	2	sim88	Eso-AdenoCa	cna93
3	113253636	115275806	3	2	sim88	Eso-AdenoCa	cna94
3	115275807	115750369	4	1	sim88	Eso-AdenoCa	cna95
3	115750370	122121094	3	1	sim88	Eso-AdenoCa	cna96
3	122121095	153142853	1	1	sim88	Eso-AdenoCa	cna97
3	153142854	153722758	2	1	sim88	Eso-AdenoCa	cna98
3	153722759	157020249	1	0	sim88	Eso-AdenoCa	cna99
3	157020250	191550777	1	1	sim88	Eso-AdenoCa	cna100
3	191550778	198022430	2	0	sim88	Eso-AdenoCa	cna101
4	1	53098765	1	1	sim88	Eso-AdenoCa	cna102
4	53098766	66042604	2	1	sim88	Eso-AdenoCa	cna103
4	66042605	66708391	3	1	sim88	Eso-AdenoCa	cna104
4	66708392	66715124	7	2	sim88	Eso-AdenoCa	cna105
4	66715125	67984125	1	1	sim88	Eso-AdenoCa	cna106
4	67984126	68512770	2	1	sim88	Eso-AdenoCa	cna107
4	68512771	68519491	2	0	sim88	Eso-AdenoCa	cna108
4	68519492	69773036	3	1	sim88	Eso-AdenoCa	cna109
4	69773037	190054728	1	1	sim88	Eso-AdenoCa	cna110
4	190054729	190953448	4	2	sim88	Eso-AdenoCa	cna111
4	190953449	191154276	3	0	sim88	Eso-AdenoCa	cna112
5	1	172055565	1	1	sim88	Eso-AdenoCa	cna113
5	172055566	180907791	2	0	sim88	Eso-AdenoCa	cna114
5	180907792	180915260	2	1	sim88	Eso-AdenoCa	cna115
6	1	128387282	1	1	sim88	Eso-AdenoCa	cna116
6	128387283	136599310	3	2	sim88	Eso-AdenoCa	cna117
6	136599311	142950898	2	0	sim88	Eso-AdenoCa	cna118
6	142950899	143487529	4	3	sim88	Eso-AdenoCa	cna119
6	143487530	143518997	4	1	sim88	Eso-AdenoCa	cna120
6	143518998	147420464	2	1	sim88	Eso-AdenoCa	cna121
6	147420465	147893400	4	1	sim88	Eso-AdenoCa	cna122
6	147893401	148751119	3	1	sim88	Eso-AdenoCa	cna123
6	148751120	164421314	4	1	sim88	Eso-AdenoCa	cna124
6	164421315	171115067	2	2	sim88	Eso-AdenoCa	cna125
7	1	65292017	2	0	sim88	Eso-AdenoCa	cna126
7	65292018	87378608	2	1	sim88	Eso-AdenoCa	cna127
7	87378609	87441214	3	1	sim88	Eso-AdenoCa	cna128
7	87441215	87565813	0	0	sim88	Eso-AdenoCa	cna129
7	87565814	87648300	2	1	sim88	Eso-AdenoCa	cna130
7	87648301	88227860	1	0	sim88	Eso-AdenoCa	cna131
7	88227861	88256875	2	1	sim88	Eso-AdenoCa	cna132
7	88256876	156496537	1	1	sim88	Eso-AdenoCa	cna133
7	156496538	157234858	2	2	sim88	Eso-AdenoCa	cna134
7	157234859	158960631	3	1	sim88	Eso-AdenoCa	cna135
7	158960632	159084943	4	1	sim88	Eso-AdenoCa	cna136
7	159084944	159138663	2	1	sim88	Eso-AdenoCa	cna137
8	1	1397672	2	2	sim88	Eso-AdenoCa	cna138
8	1397673	67655694	1	1	sim88	Eso-AdenoCa	cna139
8	67655695	67705141	2	1	sim88	Eso-AdenoCa	cna140
8	67705142	96731362	3	0	sim88	Eso-AdenoCa	cna141
8	96731363	127603568	2	1	sim88	Eso-AdenoCa	cna142
8	127603569	127879339	3	2	sim88	Eso-AdenoCa	cna143
8	127879340	128645629	4	2	sim88	Eso-AdenoCa	cna144
8	128645630	129049827	2	1	sim88	Eso-AdenoCa	cna145
8	129049828	129394794	2	0	sim88	Eso-AdenoCa	cna146
8	129394795	146364022	1	1	sim88	Eso-AdenoCa	cna147
9	1	42675691	1	1	sim88	Eso-AdenoCa	cna148
9	42675692	42683667	2	2	sim88	Eso-AdenoCa	cna149
9	42683668	69065240	2	0	sim88	Eso-AdenoCa	cna150
9	69065241	69173475	5	0	sim88	Eso-AdenoCa	cna151
9	69173476	77788045	2	2	sim88	Eso-AdenoCa	cna152
9	77788046	79712047	1	0	sim88	Eso-AdenoCa	cna153
9	79712048	80071046	2	1	sim88	Eso-AdenoCa	cna154
9	80071047	80086970	2	0	sim88	Eso-AdenoCa	cna155
9	80086971	80459641	3	2	sim88	Eso-AdenoCa	cna156
9	80459642	84641984	1	1	sim88	Eso-AdenoCa	cna157
9	84641985	84820014	3	3	sim88	Eso-AdenoCa	cna158
9	84820015	91748359	2	1	sim88	Eso-AdenoCa	cna159
9	91748360	91756348	1	0	sim88	Eso-AdenoCa	cna160
9	91756349	102839551	2	1	sim88	Eso-AdenoCa	cna161
9	102839552	130823921	2	0	sim88	Eso-AdenoCa	cna162
9	130823922	131601662	1	1	sim88	Eso-AdenoCa	cna163
9	131601663	131762228	1	0	sim88	Eso-AdenoCa	cna164
9	131762229	132200195	2	0	sim88	Eso-AdenoCa	cna165
9	132200196	132329216	1	1	sim88	Eso-AdenoCa	cna166
9	132329217	132345705	1	0	sim88	Eso-AdenoCa	cna167
9	132345706	132655446	2	2	sim88	Eso-AdenoCa	cna168
9	132655447	133024644	1	1	sim88	Eso-AdenoCa	cna169
9	133024645	133427424	1	0	sim88	Eso-AdenoCa	cna170
9	133427425	133435407	0	0	sim88	Eso-AdenoCa	cna171
9	133435408	133832056	2	0	sim88	Eso-AdenoCa	cna172
9	133832057	141213431	3	0	sim88	Eso-AdenoCa	cna173
10	1	81257521	1	1	sim88	Eso-AdenoCa	cna174
10	81257522	105983184	2	1	sim88	Eso-AdenoCa	cna175
10	105983185	106214637	4	2	sim88	Eso-AdenoCa	cna176
10	106214638	126009636	2	1	sim88	Eso-AdenoCa	cna177
10	126009637	126123642	7	1	sim88	Eso-AdenoCa	cna178
10	126123643	126128510	4	1	sim88	Eso-AdenoCa	cna179
10	126128511	135245578	1	1	sim88	Eso-AdenoCa	cna180
10	135245579	135366251	3	2	sim88	Eso-AdenoCa	cna181
10	135366252	135534747	1	1	sim88	Eso-AdenoCa	cna182
11	1	132992876	2	1	sim88	Eso-AdenoCa	cna183
11	132992877	133477477	3	2	sim88	Eso-AdenoCa	cna184
11	133477478	135006516	1	0	sim88	Eso-AdenoCa	cna185
12	1	32797100	1	1	sim88	Eso-AdenoCa	cna186
12	32797101	32967580	2	0	sim88	Eso-AdenoCa	cna187
12	32967581	33254436	3	1	sim88	Eso-AdenoCa	cna188
12	33254437	33261292	2	1	sim88	Eso-AdenoCa	cna189
12	33261293	33637518	1	0	sim88	Eso-AdenoCa	cna190
12	33637519	41829735	3	0	sim88	Eso-AdenoCa	cna191
12	41829736	62997891	2	2	sim88	Eso-AdenoCa	cna192
12	62997892	69256309	1	1	sim88	Eso-AdenoCa	cna193
12	69256310	69290197	4	3	sim88	Eso-AdenoCa	cna194
12	69290198	128643690	1	1	sim88	Eso-AdenoCa	cna195
12	128643691	131181471	3	2	sim88	Eso-AdenoCa	cna196
12	131181472	131620260	0	0	sim88	Eso-AdenoCa	cna197
12	131620261	133851895	2	1	sim88	Eso-AdenoCa	cna198
13	1	8810253	1	1	sim88	Eso-AdenoCa	cna199
13	8810254	8822099	3	0	sim88	Eso-AdenoCa	cna200
13	8822100	8883447	2	1	sim88	Eso-AdenoCa	cna201
13	8883448	9006377	1	0	sim88	Eso-AdenoCa	cna202
13	9006378	10992566	4	1	sim88	Eso-AdenoCa	cna203
13	10992567	11040450	2	0	sim88	Eso-AdenoCa	cna204
13	11040451	13749560	5	1	sim88	Eso-AdenoCa	cna205
13	13749561	13777295	3	1	sim88	Eso-AdenoCa	cna206
13	13777296	14116529	2	1	sim88	Eso-AdenoCa	cna207
13	14116530	14122482	3	3	sim88	Eso-AdenoCa	cna208
13	14122483	14269987	1	0	sim88	Eso-AdenoCa	cna209
13	14269988	14357834	2	1	sim88	Eso-AdenoCa	cna210
13	14357835	14753625	1	0	sim88	Eso-AdenoCa	cna211
13	14753626	67816350	1	1	sim88	Eso-AdenoCa	cna212
13	67816351	74002451	1	0	sim88	Eso-AdenoCa	cna213
13	74002452	74321831	2	1	sim88	Eso-AdenoCa	cna214
13	74321832	74993069	3	2	sim88	Eso-AdenoCa	cna215
13	74993070	75130150	2	2	sim88	Eso-AdenoCa	cna216
13	75130151	77598528	5	2	sim88	Eso-AdenoCa	cna217
13	77598529	77610210	2	1	sim88	Eso-AdenoCa	cna218
13	77610211	108573439	1	1	sim88	Eso-AdenoCa	cna219
13	108573440	109208130	3	1	sim88	Eso-AdenoCa	cna220
13	109208131	109435399	2	2	sim88	Eso-AdenoCa	cna221
13	109435400	109534422	1	0	sim88	Eso-AdenoCa	cna222
13	109534423	114277590	2	0	sim88	Eso-AdenoCa	cna223
13	114277591	115169878	2	1	sim88	Eso-AdenoCa	cna224
14	1	16153146	2	2	sim88	Eso-AdenoCa	cna225
14	16153147	16212416	4	1	sim88	Eso-AdenoCa	cna226
14	16212417	16285696	1	0	sim88	Eso-AdenoCa	cna227
14	16285697	16358424	2	1	sim88	Eso-AdenoCa	cna228
14	16358425	16563830	3	2	sim88	Eso-AdenoCa	cna229
14	16563831	17781287	3	1	sim88	Eso-AdenoCa	cna230
14	17781288	17786065	3	2	sim88	Eso-AdenoCa	cna231
14	17786066	22475872	1	1	sim88	Eso-AdenoCa	cna232
14	22475873	23135372	2	1	sim88	Eso-AdenoCa	cna233
14	23135373	23247334	0	0	sim88	Eso-AdenoCa	cna234
14	23247335	23354992	2	1	sim88	Eso-AdenoCa	cna235
14	23354993	24238547	2	2	sim88	Eso-AdenoCa	cna236
14	24238548	28214356	1	1	sim88	Eso-AdenoCa	cna237
14	28214357	28219143	2	1	sim88	Eso-AdenoCa	cna238
14	28219144	29224202	6	2	sim88	Eso-AdenoCa	cna239
14	29224203	29491486	4	2	sim88	Eso-AdenoCa	cna240
14	29491487	29916170	2	1	sim88	Eso-AdenoCa	cna241
14	29916171	30386940	5	2	sim88	Eso-AdenoCa	cna242
14	30386941	30396898	2	1	sim88	Eso-AdenoCa	cna243
14	30396899	47542334	4	1	sim88	Eso-AdenoCa	cna244
14	47542335	47974730	4	0	sim88	Eso-AdenoCa	cna245
14	47974731	48281391	2	2	sim88	Eso-AdenoCa	cna246
14	48281392	48411897	5	1	sim88	Eso-AdenoCa	cna247
14	48411898	48462113	2	1	sim88	Eso-AdenoCa	cna248
14	48462114	58248259	1	1	sim88	Eso-AdenoCa	cna249
14	58248260	58557910	4	0	sim88	Eso-AdenoCa	cna250
14	58557911	61118994	2	1	sim88	Eso-AdenoCa	cna251
14	61118995	61191947	4	0	sim88	Eso-AdenoCa	cna252
14	61191948	61219573	1	0	sim88	Eso-AdenoCa	cna253
14	61219574	61941243	2	1	sim88	Eso-AdenoCa	cna254
14	61941244	63592760	1	0	sim88	Eso-AdenoCa	cna255
14	63592761	82050602	1	1	sim88	Eso-AdenoCa	cna256
14	82050603	82556080	3	1	sim88	Eso-AdenoCa	cna257
14	82556081	90731943	1	1	sim88	Eso-AdenoCa	cna258
14	90731944	91455173	2	1	sim88	Eso-AdenoCa	cna259
14	91455174	107349540	1	0	sim88	Eso-AdenoCa	cna260
15	1	99534954	3	2	sim88	Eso-AdenoCa	cna261
15	99534955	102531392	2	0	sim88	Eso-AdenoCa	cna262
16	1	90354753	1	1	sim88	Eso-AdenoCa	cna263
17	1	18349468	1	1	sim88	Eso-AdenoCa	cna264
17	18349469	18436636	7	1	sim88	Eso-AdenoCa	cna265
17	18436637	36245390	1	1	sim88	Eso-AdenoCa	cna266
17	36245391	36275645	2	1	sim88	Eso-AdenoCa	cna267
17	36275646	53022601	2	0	sim88	Eso-AdenoCa	cna268
17	53022602	53145076	2	1	sim88	Eso-AdenoCa	cna269
17	53145077	56710462	2	0	sim88	Eso-AdenoCa	cna270
17	56710463	58975300	3	0	sim88	Eso-AdenoCa	cna271
17	58975301	59115296	2	2	sim88	Eso-AdenoCa	cna272
17	59115297	64981081	3	0	sim88	Eso-AdenoCa	cna273
17	64981082	79592520	1	1	sim88	Eso-AdenoCa	cna274
17	79592521	81089147	1	0	sim88	Eso-AdenoCa	cna275
17	81089148	81167120	2	1	sim88	Eso-AdenoCa	cna276
17	81167121	81195210	6	1	sim88	Eso-AdenoCa	cna277
18	1	4196468	1	0	sim88	Eso-AdenoCa	cna278
18	4196469	71813965	1	1	sim88	Eso-AdenoCa	cna279
18	71813966	71885756	2	0	sim88	Eso-AdenoCa	cna280
18	71885757	73165939	3	1	sim88	Eso-AdenoCa	cna281
18	73165940	73187531	4	0	sim88	Eso-AdenoCa	cna282
18	73187532	77372477	1	1	sim88	Eso-AdenoCa	cna283
18	77372478	77378071	2	0	sim88	Eso-AdenoCa	cna284
18	77378072	77624047	4	0	sim88	Eso-AdenoCa	cna285
18	77624048	77895524	2	0	sim88	Eso-AdenoCa	cna286
18	77895525	78077248	2	1	sim88	Eso-AdenoCa	cna287
19	1	59128983	1	1	sim88	Eso-AdenoCa	cna288
20	1	29001542	1	1	sim88	Eso-AdenoCa	cna289
20	29001543	29349228	2	1	sim88	Eso-AdenoCa	cna290
20	29349229	30021442	1	0	sim88	Eso-AdenoCa	cna291
20	30021443	32085865	2	1	sim88	Eso-AdenoCa	cna292
20	32085866	33815265	1	1	sim88	Eso-AdenoCa	cna293
20	33815266	63025520	2	1	sim88	Eso-AdenoCa	cna294
21	1	12870784	2	0	sim88	Eso-AdenoCa	cna295
21	12870785	21052607	2	1	sim88	Eso-AdenoCa	cna296
21	21052608	25128501	2	2	sim88	Eso-AdenoCa	cna297
21	25128502	29247875	2	0	sim88	Eso-AdenoCa	cna298
21	29247876	29272399	2	1	sim88	Eso-AdenoCa	cna299
21	29272400	30905325	2	0	sim88	Eso-AdenoCa	cna300
21	30905326	30943667	1	0	sim88	Eso-AdenoCa	cna301
21	30943668	31473810	1	1	sim88	Eso-AdenoCa	cna302
21	31473811	32847552	5	1	sim88	Eso-AdenoCa	cna303
21	32847553	32914729	4	2	sim88	Eso-AdenoCa	cna304
21	32914730	35086474	1	0	sim88	Eso-AdenoCa	cna305
21	35086475	35145803	4	1	sim88	Eso-AdenoCa	cna306
21	35145804	48129895	2	1	sim88	Eso-AdenoCa	cna307
22	1	50095486	1	1	sim88	Eso-AdenoCa	cna308
22	50095487	51304566	1	0	sim88	Eso-AdenoCa	cna309
X	1	2198070	1	1	sim88	Eso-AdenoCa	cna310
X	2198071	2585162	2	2	sim88	Eso-AdenoCa	cna311
X	2585163	2636853	2	1	sim88	Eso-AdenoCa	cna312
X	2636854	2747440	3	2	sim88	Eso-AdenoCa	cna313
X	2747441	2814684	1	1	sim88	Eso-AdenoCa	cna314
X	2814685	48345900	2	1	sim88	Eso-AdenoCa	cna315
X	48345901	50241279	2	0	sim88	Eso-AdenoCa	cna316
X	50241280	50920880	3	1	sim88	Eso-AdenoCa	cna317
X	50920881	55448031	2	1	sim88	Eso-AdenoCa	cna318
X	55448032	55466709	3	2	sim88	Eso-AdenoCa	cna319
X	55466710	55762501	4	1	sim88	Eso-AdenoCa	cna320
X	55762502	55885721	1	0	sim88	Eso-AdenoCa	cna321
X	55885722	56448893	2	2	sim88	Eso-AdenoCa	cna322
X	56448894	93943924	1	1	sim88	Eso-AdenoCa	cna323
X	93943925	94311465	3	2	sim88	Eso-AdenoCa	cna324
X	94311466	102201039	1	0	sim88	Eso-AdenoCa	cna325
X	102201040	102720088	1	1	sim88	Eso-AdenoCa	cna326
X	102720089	120130661	2	0	sim88	Eso-AdenoCa	cna327
X	120130662	120285907	0	1	sim88	Eso-AdenoCa	cna328
X	120285908	129316266	1	0	sim88	Eso-AdenoCa	cna329
X	129316267	129948932	3	1	sim88	Eso-AdenoCa	cna330
X	129948933	130127643	2	0	sim88	Eso-AdenoCa	cna331
X	130127644	130318981	1	1	sim88	Eso-AdenoCa	cna332
X	130318982	130597458	2	2	sim88	Eso-AdenoCa	cna333
X	130597459	130603048	6	1	sim88	Eso-AdenoCa	cna334
X	130603049	130725722	0	0	sim88	Eso-AdenoCa	cna335
X	130725723	131243308	2	0	sim88	Eso-AdenoCa	cna336
X	131243309	132363156	1	0	sim88	Eso-AdenoCa	cna337
X	132363157	132368742	4	3	sim88	Eso-AdenoCa	cna338
X	132368743	145450263	2	2	sim88	Eso-AdenoCa	cna339
X	145450264	155270560	1	0	sim88	Eso-AdenoCa	cna340
Y	1	58535964	1	1	sim88	Eso-AdenoCa	cna341
Y	58535965	58569886	4	1	sim88	Eso-AdenoCa	cna342
Y	58569887	58670072	3	2	sim88	Eso-AdenoCa	cna343
Y	58670073	58855532	2	1	sim88	Eso-AdenoCa	cna344
Y	58855533	59114510	3	1	sim88	Eso-AdenoCa	cna345
Y	59114511	59125839	2	3	sim88	Eso-AdenoCa	cna346
Y	59125840	59373566	4	1	sim88	Eso-AdenoCa	cna347
