chrom	start	end	major_cn	minor_cn	donor_id	study	id
1	1	386171	2	1	sim73	Eso-AdenoCa	cna0
1	386172	562174	1	1	sim73	Eso-AdenoCa	cna1
1	562175	38561126	1	0	sim73	Eso-AdenoCa	cna2
1	38561127	42578844	2	0	sim73	Eso-AdenoCa	cna3
1	42578845	48597584	2	1	sim73	Eso-AdenoCa	cna4
1	48597585	111680590	1	0	sim73	Eso-AdenoCa	cna5
1	111680591	119168744	2	1	sim73	Eso-AdenoCa	cna6
1	119168745	121337791	4	1	sim73	Eso-AdenoCa	cna7
1	121337792	132086374	2	2	sim73	Eso-AdenoCa	cna8
1	132086375	132222263	2	1	sim73	Eso-AdenoCa	cna9
1	132222264	132694072	2	2	sim73	Eso-AdenoCa	cna10
1	132694073	132803715	5	1	sim73	Eso-AdenoCa	cna11
1	132803716	182954331	3	1	sim73	Eso-AdenoCa	cna12
1	182954332	184787870	1	1	sim73	Eso-AdenoCa	cna13
1	184787871	185954678	1	0	sim73	Eso-AdenoCa	cna14
1	185954679	186612056	3	1	sim73	Eso-AdenoCa	cna15
1	186612057	187187087	2	1	sim73	Eso-AdenoCa	cna16
1	187187088	187201048	1	1	sim73	Eso-AdenoCa	cna17
1	187201049	187213922	5	2	sim73	Eso-AdenoCa	cna18
1	187213923	198055538	5	1	sim73	Eso-AdenoCa	cna19
1	198055539	198570715	3	2	sim73	Eso-AdenoCa	cna20
1	198570716	227734223	2	1	sim73	Eso-AdenoCa	cna21
1	227734224	227849687	3	1	sim73	Eso-AdenoCa	cna22
1	227849688	230590807	2	1	sim73	Eso-AdenoCa	cna23
1	230590808	247401080	1	0	sim73	Eso-AdenoCa	cna24
1	247401081	248488230	4	3	sim73	Eso-AdenoCa	cna25
1	248488231	248716431	2	0	sim73	Eso-AdenoCa	cna26
1	248716432	249237754	2	1	sim73	Eso-AdenoCa	cna27
1	249237755	249250621	2	0	sim73	Eso-AdenoCa	cna28
2	1	50019116	2	1	sim73	Eso-AdenoCa	cna29
2	50019117	50457073	6	1	sim73	Eso-AdenoCa	cna30
2	50457074	113815948	1	1	sim73	Eso-AdenoCa	cna31
2	113815949	113879951	1	0	sim73	Eso-AdenoCa	cna32
2	113879952	113899637	4	2	sim73	Eso-AdenoCa	cna33
2	113899638	113909482	4	1	sim73	Eso-AdenoCa	cna34
2	113909483	113919336	1	0	sim73	Eso-AdenoCa	cna35
2	113919337	120965020	4	1	sim73	Eso-AdenoCa	cna36
2	120965021	160460140	2	0	sim73	Eso-AdenoCa	cna37
2	160460141	160882631	4	1	sim73	Eso-AdenoCa	cna38
2	160882632	172679384	7	1	sim73	Eso-AdenoCa	cna39
2	172679385	173044876	0	0	sim73	Eso-AdenoCa	cna40
2	173044877	188291526	2	1	sim73	Eso-AdenoCa	cna41
2	188291527	190761873	3	1	sim73	Eso-AdenoCa	cna42
2	190761874	190936881	2	1	sim73	Eso-AdenoCa	cna43
2	190936882	198605750	0	0	sim73	Eso-AdenoCa	cna44
2	198605751	198850339	1	0	sim73	Eso-AdenoCa	cna45
2	198850340	199712493	2	2	sim73	Eso-AdenoCa	cna46
2	199712494	209842385	1	0	sim73	Eso-AdenoCa	cna47
2	209842386	210505102	2	1	sim73	Eso-AdenoCa	cna48
2	210505103	218495244	2	2	sim73	Eso-AdenoCa	cna49
2	218495245	219303747	0	0	sim73	Eso-AdenoCa	cna50
2	219303748	219313633	4	1	sim73	Eso-AdenoCa	cna51
2	219313634	232111469	4	2	sim73	Eso-AdenoCa	cna52
2	232111470	242491836	2	1	sim73	Eso-AdenoCa	cna53
2	242491837	242785436	2	0	sim73	Eso-AdenoCa	cna54
2	242785437	243199373	2	1	sim73	Eso-AdenoCa	cna55
3	1	4306942	1	0	sim73	Eso-AdenoCa	cna56
3	4306943	37370181	1	1	sim73	Eso-AdenoCa	cna57
3	37370182	37536874	2	1	sim73	Eso-AdenoCa	cna58
3	37536875	37556793	4	0	sim73	Eso-AdenoCa	cna59
3	37556794	74718433	2	0	sim73	Eso-AdenoCa	cna60
3	74718434	74874342	2	1	sim73	Eso-AdenoCa	cna61
3	74874343	85741607	3	2	sim73	Eso-AdenoCa	cna62
3	85741608	85751550	2	2	sim73	Eso-AdenoCa	cna63
3	85751551	96057472	4	2	sim73	Eso-AdenoCa	cna64
3	96057473	96101465	2	1	sim73	Eso-AdenoCa	cna65
3	96101466	96140857	4	2	sim73	Eso-AdenoCa	cna66
3	96140858	98401687	2	2	sim73	Eso-AdenoCa	cna67
3	98401688	99468724	1	0	sim73	Eso-AdenoCa	cna68
3	99468725	115871448	4	1	sim73	Eso-AdenoCa	cna69
3	115871449	116022665	3	2	sim73	Eso-AdenoCa	cna70
3	116022666	116065618	3	1	sim73	Eso-AdenoCa	cna71
3	116065619	116358708	3	0	sim73	Eso-AdenoCa	cna72
3	116358709	119802260	4	1	sim73	Eso-AdenoCa	cna73
3	119802261	120002439	4	2	sim73	Eso-AdenoCa	cna74
3	120002440	136042193	1	0	sim73	Eso-AdenoCa	cna75
3	136042194	150074462	2	0	sim73	Eso-AdenoCa	cna76
3	150074463	150084411	3	1	sim73	Eso-AdenoCa	cna77
3	150084412	156354001	3	0	sim73	Eso-AdenoCa	cna78
3	156354002	166105156	2	1	sim73	Eso-AdenoCa	cna79
3	166105157	178267049	3	0	sim73	Eso-AdenoCa	cna80
3	178267050	194777128	5	1	sim73	Eso-AdenoCa	cna81
3	194777129	197808274	1	0	sim73	Eso-AdenoCa	cna82
3	197808275	198022430	3	1	sim73	Eso-AdenoCa	cna83
4	1	88138	3	0	sim73	Eso-AdenoCa	cna84
4	88139	2132532	2	2	sim73	Eso-AdenoCa	cna85
4	2132533	4770086	2	1	sim73	Eso-AdenoCa	cna86
4	4770087	52671310	1	0	sim73	Eso-AdenoCa	cna87
4	52671311	94763892	2	1	sim73	Eso-AdenoCa	cna88
4	94763893	153566207	1	0	sim73	Eso-AdenoCa	cna89
4	153566208	154913866	3	1	sim73	Eso-AdenoCa	cna90
4	154913867	166142425	1	0	sim73	Eso-AdenoCa	cna91
4	166142426	188233057	2	2	sim73	Eso-AdenoCa	cna92
4	188233058	191154276	1	0	sim73	Eso-AdenoCa	cna93
5	1	128894330	1	1	sim73	Eso-AdenoCa	cna94
5	128894331	180317631	2	2	sim73	Eso-AdenoCa	cna95
5	180317632	180356449	1	0	sim73	Eso-AdenoCa	cna96
5	180356450	180915260	2	1	sim73	Eso-AdenoCa	cna97
6	1	171115067	2	0	sim73	Eso-AdenoCa	cna98
7	1	12009080	2	0	sim73	Eso-AdenoCa	cna99
7	12009081	12199480	3	1	sim73	Eso-AdenoCa	cna100
7	12199481	33623269	3	0	sim73	Eso-AdenoCa	cna101
7	33623270	48910489	4	0	sim73	Eso-AdenoCa	cna102
7	48910490	56715044	2	0	sim73	Eso-AdenoCa	cna103
7	56715045	159138663	1	1	sim73	Eso-AdenoCa	cna104
8	1	62767558	2	2	sim73	Eso-AdenoCa	cna105
8	62767559	71996812	2	1	sim73	Eso-AdenoCa	cna106
8	71996813	125240682	1	0	sim73	Eso-AdenoCa	cna107
8	125240683	126253541	2	1	sim73	Eso-AdenoCa	cna108
8	126253542	141174704	1	0	sim73	Eso-AdenoCa	cna109
8	141174705	142002174	3	1	sim73	Eso-AdenoCa	cna110
8	142002175	142114815	2	1	sim73	Eso-AdenoCa	cna111
8	142114816	146167935	3	1	sim73	Eso-AdenoCa	cna112
8	146167936	146364022	4	1	sim73	Eso-AdenoCa	cna113
9	1	141213431	2	0	sim73	Eso-AdenoCa	cna114
10	1	51900713	3	1	sim73	Eso-AdenoCa	cna115
10	51900714	52458688	4	2	sim73	Eso-AdenoCa	cna116
10	52458689	53978729	1	0	sim73	Eso-AdenoCa	cna117
10	53978730	79282467	3	1	sim73	Eso-AdenoCa	cna118
10	79282468	82970798	3	2	sim73	Eso-AdenoCa	cna119
10	82970799	84066592	2	0	sim73	Eso-AdenoCa	cna120
10	84066593	103341030	2	1	sim73	Eso-AdenoCa	cna121
10	103341031	103499752	2	0	sim73	Eso-AdenoCa	cna122
10	103499753	135534747	2	1	sim73	Eso-AdenoCa	cna123
11	1	3408563	4	0	sim73	Eso-AdenoCa	cna124
11	3408564	3533142	1	1	sim73	Eso-AdenoCa	cna125
11	3533143	48840169	3	1	sim73	Eso-AdenoCa	cna126
11	48840170	51574151	2	2	sim73	Eso-AdenoCa	cna127
11	51574152	53113919	4	1	sim73	Eso-AdenoCa	cna128
11	53113920	53134088	2	0	sim73	Eso-AdenoCa	cna129
11	53134089	53144197	1	0	sim73	Eso-AdenoCa	cna130
11	53144198	89838153	2	1	sim73	Eso-AdenoCa	cna131
11	89838154	132738490	1	1	sim73	Eso-AdenoCa	cna132
11	132738491	133333313	3	1	sim73	Eso-AdenoCa	cna133
11	133333314	133343426	1	0	sim73	Eso-AdenoCa	cna134
11	133343427	133353537	2	1	sim73	Eso-AdenoCa	cna135
11	133353538	134785157	2	2	sim73	Eso-AdenoCa	cna136
11	134785158	135006516	3	2	sim73	Eso-AdenoCa	cna137
12	1	132835215	2	1	sim73	Eso-AdenoCa	cna138
12	132835216	133821307	0	0	sim73	Eso-AdenoCa	cna139
12	133821308	133851895	4	2	sim73	Eso-AdenoCa	cna140
13	1	3549642	2	0	sim73	Eso-AdenoCa	cna141
13	3549643	3872790	3	0	sim73	Eso-AdenoCa	cna142
13	3872791	3930965	2	1	sim73	Eso-AdenoCa	cna143
13	3930966	3957661	2	0	sim73	Eso-AdenoCa	cna144
13	3957662	4011237	2	1	sim73	Eso-AdenoCa	cna145
13	4011238	5599259	1	0	sim73	Eso-AdenoCa	cna146
13	5599260	51770155	2	1	sim73	Eso-AdenoCa	cna147
13	51770156	113745064	1	0	sim73	Eso-AdenoCa	cna148
13	113745065	113948809	2	1	sim73	Eso-AdenoCa	cna149
13	113948810	115169878	2	0	sim73	Eso-AdenoCa	cna150
14	1	81675972	1	0	sim73	Eso-AdenoCa	cna151
14	81675973	90654379	2	0	sim73	Eso-AdenoCa	cna152
14	90654380	92181219	1	0	sim73	Eso-AdenoCa	cna153
14	92181220	107349540	2	0	sim73	Eso-AdenoCa	cna154
15	1	88194271	2	1	sim73	Eso-AdenoCa	cna155
15	88194272	88879844	2	0	sim73	Eso-AdenoCa	cna156
15	88879845	88899632	3	0	sim73	Eso-AdenoCa	cna157
15	88899633	93641659	2	1	sim73	Eso-AdenoCa	cna158
15	93641660	94738102	1	0	sim73	Eso-AdenoCa	cna159
15	94738103	95501953	2	2	sim73	Eso-AdenoCa	cna160
15	95501954	95564965	3	2	sim73	Eso-AdenoCa	cna161
15	95564966	99656953	2	1	sim73	Eso-AdenoCa	cna162
15	99656954	102531392	4	1	sim73	Eso-AdenoCa	cna163
16	1	1312527	3	1	sim73	Eso-AdenoCa	cna164
16	1312528	1463683	3	0	sim73	Eso-AdenoCa	cna165
16	1463684	1700983	1	0	sim73	Eso-AdenoCa	cna166
16	1700984	19343388	2	0	sim73	Eso-AdenoCa	cna167
16	19343389	88497813	2	1	sim73	Eso-AdenoCa	cna168
16	88497814	88563639	2	0	sim73	Eso-AdenoCa	cna169
16	88563640	89296992	2	1	sim73	Eso-AdenoCa	cna170
16	89296993	89475496	1	0	sim73	Eso-AdenoCa	cna171
16	89475497	90354753	2	1	sim73	Eso-AdenoCa	cna172
17	1	81195210	1	1	sim73	Eso-AdenoCa	cna173
18	1	4475536	1	0	sim73	Eso-AdenoCa	cna174
18	4475537	73744119	4	2	sim73	Eso-AdenoCa	cna175
18	73744120	74050741	2	1	sim73	Eso-AdenoCa	cna176
18	74050742	77952090	1	0	sim73	Eso-AdenoCa	cna177
18	77952091	78051539	2	0	sim73	Eso-AdenoCa	cna178
18	78051540	78077248	3	1	sim73	Eso-AdenoCa	cna179
19	1	29559069	3	2	sim73	Eso-AdenoCa	cna180
19	29559070	29605239	1	0	sim73	Eso-AdenoCa	cna181
19	29605240	29926140	2	0	sim73	Eso-AdenoCa	cna182
19	29926141	47088617	1	0	sim73	Eso-AdenoCa	cna183
19	47088618	47177227	2	2	sim73	Eso-AdenoCa	cna184
19	47177228	58075090	3	2	sim73	Eso-AdenoCa	cna185
19	58075091	58238290	1	1	sim73	Eso-AdenoCa	cna186
19	58238291	59128983	2	1	sim73	Eso-AdenoCa	cna187
20	1	3976720	3	0	sim73	Eso-AdenoCa	cna188
20	3976721	12947303	2	0	sim73	Eso-AdenoCa	cna189
20	12947304	44682395	3	1	sim73	Eso-AdenoCa	cna190
20	44682396	62069888	2	2	sim73	Eso-AdenoCa	cna191
20	62069889	62651908	2	0	sim73	Eso-AdenoCa	cna192
20	62651909	63025520	1	0	sim73	Eso-AdenoCa	cna193
21	1	48129895	1	0	sim73	Eso-AdenoCa	cna194
22	1	51304566	1	0	sim73	Eso-AdenoCa	cna195
X	1	13455798	1	0	sim73	Eso-AdenoCa	cna196
X	13455799	13580285	3	2	sim73	Eso-AdenoCa	cna197
X	13580286	16059021	4	0	sim73	Eso-AdenoCa	cna198
X	16059022	57128734	1	0	sim73	Eso-AdenoCa	cna199
X	57128735	57148400	4	1	sim73	Eso-AdenoCa	cna200
X	57148401	65383593	2	1	sim73	Eso-AdenoCa	cna201
X	65383594	65393437	2	0	sim73	Eso-AdenoCa	cna202
X	65393438	81096110	1	0	sim73	Eso-AdenoCa	cna203
X	81096111	89284541	2	1	sim73	Eso-AdenoCa	cna204
X	89284542	95737151	2	0	sim73	Eso-AdenoCa	cna205
X	95737152	96190729	2	1	sim73	Eso-AdenoCa	cna206
X	96190730	120520276	2	2	sim73	Eso-AdenoCa	cna207
X	120520277	121573720	1	0	sim73	Eso-AdenoCa	cna208
X	121573721	123260593	2	1	sim73	Eso-AdenoCa	cna209
X	123260594	134163811	3	1	sim73	Eso-AdenoCa	cna210
X	134163812	134184802	1	1	sim73	Eso-AdenoCa	cna211
X	134184803	155270560	2	2	sim73	Eso-AdenoCa	cna212
