chrom1	start1	end1	chrom2	start2	end2	strand1	strand2	svclass	id	allele	donor_id	tumor
1	1	2	1	83582822	83582823	-	+	DUP	cna0	major	sim63	Eso-AdenoCa
1	1	2	1	83582822	83582823	+	-	DEL	cna0	minor	sim63	Eso-AdenoCa
1	32409100	32409101	1	33317826	33317827	-	-	t2tINV	cna0	major	sim63	Eso-AdenoCa
1	41043300	41043301	1	41613367	41613368	-	-	t2tINV	cna0	major	sim63	Eso-AdenoCa
1	69298300	69298301	1	91361856	91361857	-	-	t2tINV	cna2	major	sim63	Eso-AdenoCa
1	83582823	83582824	1	83666819	83666820	-	+	DUP	cna1	major	sim63	Eso-AdenoCa
1	83666820	83666821	1	138995556	138995557	-	+	DUP	cna2	major	sim63	Eso-AdenoCa
1	83666820	83666821	1	138995556	138995557	-	+	DUP	cna2	minor	sim63	Eso-AdenoCa
1	138995557	138995558	1	139107933	139107934	+	-	DEL	cna3	minor	sim63	Eso-AdenoCa
1	139107934	139107935	1	139491989	139491990	-	+	DUP	cna4	major	sim63	Eso-AdenoCa
1	139107934	139107935	1	139491989	139491990	+	-	DEL	cna4	minor	sim63	Eso-AdenoCa
1	139491990	139491991	1	150728893	150728894	-	+	DUP	cna5	major	sim63	Eso-AdenoCa
1	145210751	150728893	11	22569418	80080611	-	+	TRA	cna222,cna5	major,minor	sim63	Eso-AdenoCa
1	150728894	150728895	1	155247740	155247741	-	+	DUP	cna6	major	sim63	Eso-AdenoCa
1	150728894	150728895	1	155247740	155247741	+	-	DEL	cna6	minor	sim63	Eso-AdenoCa
1	155247741	155247742	1	155501504	155501505	-	+	DUP	cna7	major	sim63	Eso-AdenoCa
1	155247741	155247742	1	155501504	155501505	+	-	DEL	cna7	minor	sim63	Eso-AdenoCa
1	155501505	155501506	1	169794730	169794731	-	+	DUP	cna8	major	sim63	Eso-AdenoCa
1	155501505	155501506	1	169794730	169794731	-	+	DUP	cna8	minor	sim63	Eso-AdenoCa
1	168241000	168241001	1	168734902	168734903	-	-	t2tINV	cna8	major	sim63	Eso-AdenoCa
1	169794731	169794732	1	170038943	170038944	-	+	DUP	cna9	major	sim63	Eso-AdenoCa
1	169794731	169794732	1	170038943	170038944	+	-	DEL	cna9	minor	sim63	Eso-AdenoCa
1	170038944	170038945	1	182129967	182129968	-	+	DUP	cna10	major	sim63	Eso-AdenoCa
1	182129968	182129969	1	182859059	182859060	-	+	DUP	cna11	major	sim63	Eso-AdenoCa
1	182129968	182129969	1	182859059	182859060	+	-	DEL	cna11	minor	sim63	Eso-AdenoCa
1	182859060	182859061	1	185157087	185157088	-	+	DUP	cna12	major	sim63	Eso-AdenoCa
1	185157088	185157089	1	199095607	199095608	-	+	DUP	cna13	major	sim63	Eso-AdenoCa
1	185157088	185157089	1	199095607	199095608	+	-	DEL	cna13	minor	sim63	Eso-AdenoCa
1	185157088	190791801	3	118565982	119334747	+	-	TRA	cna13,cna75	minor,major	sim63	Eso-AdenoCa
1	186335300	186335301	1	186345307	186345308	-	-	t2tINV	cna13	major	sim63	Eso-AdenoCa
1	193847000	193847001	1	193857006	193857007	+	+	h2hINV	cna13	major	sim63	Eso-AdenoCa
1	198264050	199095607	X	96890514	98040010	-	-	TRA	cna361,cna13	major,major	sim63	Eso-AdenoCa
1	199095608	199095609	1	199139113	199139114	-	+	DUP	cna14	major	sim63	Eso-AdenoCa
1	199095608	199095609	1	199139113	199139114	+	-	DEL	cna14	minor	sim63	Eso-AdenoCa
1	199139114	199139115	1	209307828	209307829	-	+	DUP	cna15	major	sim63	Eso-AdenoCa
1	203685700	203685701	1	246320757	246320758	-	-	t2tINV	cna20	minor	sim63	Eso-AdenoCa
1	209601889	209601890	1	221336765	221336766	-	+	DUP	cna17	major	sim63	Eso-AdenoCa
1	221336766	221336767	1	223338922	223338923	-	+	DUP	cna18	major	sim63	Eso-AdenoCa
1	221336766	221336767	1	223338922	223338923	+	-	DEL	cna18	minor	sim63	Eso-AdenoCa
1	223338923	223338924	1	224498847	224498848	-	+	DUP	cna19	major	sim63	Eso-AdenoCa
1	223338923	223338924	1	224498847	224498848	+	-	DEL	cna19	minor	sim63	Eso-AdenoCa
1	224498848	224498849	1	249250621	249250622	-	+	DUP	cna20	major	sim63	Eso-AdenoCa
1	224498848	224498849	1	249250621	249250622	-	+	DUP	cna20	minor	sim63	Eso-AdenoCa
1	238530200	238530201	1	238540206	238540207	+	+	h2hINV	cna20	major	sim63	Eso-AdenoCa
2	1	2	2	5432589	5432590	-	+	DUP	cna21	major	sim63	Eso-AdenoCa
2	5432590	5432591	2	9443989	9443990	-	+	DUP	cna22	major	sim63	Eso-AdenoCa
2	5432590	5432591	2	9443989	9443990	+	-	DEL	cna22	minor	sim63	Eso-AdenoCa
2	9443990	9443991	2	9645214	9645215	-	+	DUP	cna23	major	sim63	Eso-AdenoCa
2	9645215	9645216	2	19574494	19574495	+	-	DEL	cna24	minor	sim63	Eso-AdenoCa
2	19574495	19574496	2	39246778	39246779	-	+	DUP	cna25	major	sim63	Eso-AdenoCa
2	19574495	19574496	2	39246778	39246779	-	+	DUP	cna25	minor	sim63	Eso-AdenoCa
2	24955679	24955680	2	54549308	54549309	-	-	t2tINV	cna31	major	sim63	Eso-AdenoCa
2	39246779	39246780	2	45618334	45618335	-	+	DUP	cna26	major	sim63	Eso-AdenoCa
2	45618335	45618336	2	45717267	45717268	-	+	DUP	cna27	major	sim63	Eso-AdenoCa
2	45618335	45618336	2	45717267	45717268	-	+	DUP	cna27	minor	sim63	Eso-AdenoCa
2	45717268	45717269	2	45801784	45801785	-	+	DUP	cna28	major	sim63	Eso-AdenoCa
2	49665714	49665715	2	53491112	53491113	-	+	DUP	cna30	major	sim63	Eso-AdenoCa
2	49665714	49665715	2	53491112	53491113	+	-	DEL	cna30	minor	sim63	Eso-AdenoCa
2	53491113	53491114	2	97934685	97934686	-	+	DUP	cna31	major	sim63	Eso-AdenoCa
2	80697579	80697580	2	91792526	91792527	-	-	t2tINV	cna31	minor	sim63	Eso-AdenoCa
2	97934686	97934687	2	98146756	98146757	-	+	DUP	cna32	major	sim63	Eso-AdenoCa
2	97934686	97934687	2	98146756	98146757	+	-	DEL	cna32	minor	sim63	Eso-AdenoCa
2	98146757	98146758	2	98183508	98183509	+	-	DEL	cna33	minor	sim63	Eso-AdenoCa
2	98183509	98183510	2	104836775	104836776	-	+	DUP	cna34	major	sim63	Eso-AdenoCa
2	104836776	104836777	2	105584307	105584308	-	+	DUP	cna35	major	sim63	Eso-AdenoCa
2	105584308	105584309	2	105621230	105621231	-	+	DUP	cna36	major	sim63	Eso-AdenoCa
2	105621231	105621232	2	118585408	118585409	-	+	DUP	cna37	major	sim63	Eso-AdenoCa
2	105621231	105621232	2	118585408	118585409	+	-	DEL	cna37	minor	sim63	Eso-AdenoCa
2	118585409	118585410	2	118944843	118944844	-	+	DUP	cna38	major	sim63	Eso-AdenoCa
2	118585409	118585410	2	118944843	118944844	-	+	DUP	cna38	minor	sim63	Eso-AdenoCa
2	118944844	118944845	2	119340825	119340826	-	+	DUP	cna39	major	sim63	Eso-AdenoCa
2	118944844	118944845	2	119340825	119340826	+	-	DEL	cna39	minor	sim63	Eso-AdenoCa
2	119340826	119340827	2	119356933	119356934	-	+	DUP	cna40	major	sim63	Eso-AdenoCa
2	119356934	119356935	2	147620714	147620715	+	-	DEL	cna41	minor	sim63	Eso-AdenoCa
2	145346179	145346180	2	150457602	150457603	-	-	t2tINV	cna47	major	sim63	Eso-AdenoCa
2	147620715	147620716	2	147926474	147926475	-	+	DUP	cna42	major	sim63	Eso-AdenoCa
2	147620715	147620716	2	147926474	147926475	+	-	DEL	cna42	minor	sim63	Eso-AdenoCa
2	147926475	147926476	2	148011576	148011577	-	+	DUP	cna43	major	sim63	Eso-AdenoCa
2	148011577	148011578	2	148239856	148239857	-	+	DUP	cna44	major	sim63	Eso-AdenoCa
2	148011577	148011578	2	148239856	148239857	+	-	DEL	cna44	minor	sim63	Eso-AdenoCa
2	148239857	148239858	2	148431057	148431058	-	+	DUP	cna45	major	sim63	Eso-AdenoCa
2	150165617	150165618	2	153489509	153489510	-	+	DUP	cna47	major	sim63	Eso-AdenoCa
2	150165617	150165618	2	153489509	153489510	+	-	DEL	cna47	minor	sim63	Eso-AdenoCa
2	153511091	153511092	2	156132497	156132498	-	+	DUP	cna49	major	sim63	Eso-AdenoCa
2	153511091	153511092	2	156132497	156132498	+	-	DEL	cna49	minor	sim63	Eso-AdenoCa
2	156132498	156132499	2	156148548	156148549	-	+	DUP	cna50	major	sim63	Eso-AdenoCa
2	156148549	156148550	2	157091697	157091698	-	+	DUP	cna51	major	sim63	Eso-AdenoCa
2	156148549	156148550	2	157091697	157091698	-	+	DUP	cna51	minor	sim63	Eso-AdenoCa
2	157091698	157091699	2	157621839	157621840	-	+	DUP	cna52	major	sim63	Eso-AdenoCa
2	157621840	157621841	2	158814018	158814019	-	+	DUP	cna53	major	sim63	Eso-AdenoCa
2	158814019	158814020	2	158851514	158851515	-	+	DUP	cna54	major	sim63	Eso-AdenoCa
2	158814019	158814020	2	158851514	158851515	+	-	DEL	cna54	minor	sim63	Eso-AdenoCa
2	158851515	158851516	2	158889656	158889657	-	+	DUP	cna55	major	sim63	Eso-AdenoCa
2	158851515	158851516	2	158889656	158889657	-	+	DUP	cna55	minor	sim63	Eso-AdenoCa
2	158889657	158889658	2	163531709	163531710	-	+	DUP	cna56	major	sim63	Eso-AdenoCa
2	163531710	163531711	2	163578813	163578814	+	-	DEL	cna57	major	sim63	Eso-AdenoCa
2	163531710	163531711	2	163578813	163578814	+	-	DEL	cna57	minor	sim63	Eso-AdenoCa
2	163578814	163578815	2	164939053	164939054	-	+	DUP	cna58	major	sim63	Eso-AdenoCa
2	163578814	163578815	2	164939053	164939054	-	+	DUP	cna58	minor	sim63	Eso-AdenoCa
2	164939054	164939055	2	164964095	164964096	-	+	DUP	cna59	major	sim63	Eso-AdenoCa
2	164964096	164964097	2	166214038	166214039	+	-	DEL	cna60	minor	sim63	Eso-AdenoCa
2	166214039	166214040	2	174443222	174443223	-	+	DUP	cna61	major	sim63	Eso-AdenoCa
2	174443223	174443224	2	178343170	178343171	-	+	DUP	cna62	major	sim63	Eso-AdenoCa
2	174443223	174443224	2	178343170	178343171	+	-	DEL	cna62	minor	sim63	Eso-AdenoCa
2	178343171	178343172	2	240580228	240580229	-	+	DUP	cna63	major	sim63	Eso-AdenoCa
2	178343171	178343172	2	240580228	240580229	-	+	DUP	cna63	minor	sim63	Eso-AdenoCa
2	180611579	180611580	2	180621586	180621587	-	-	t2tINV	cna63	major	sim63	Eso-AdenoCa
2	194006979	194006980	2	229346120	229346121	-	-	t2tINV	cna63	major	sim63	Eso-AdenoCa
2	241392717	241392718	2	241685130	241685131	-	+	DUP	cna65	major	sim63	Eso-AdenoCa
2	241685131	241685132	2	243154808	243154809	-	+	DUP	cna66	major	sim63	Eso-AdenoCa
2	241685131	241685132	2	243154808	243154809	+	-	DEL	cna66	minor	sim63	Eso-AdenoCa
2	243154809	243154810	2	243199373	243199374	-	+	DUP	cna67	major	sim63	Eso-AdenoCa
3	14086206	14086207	3	14268862	14268863	-	-	t2tINV	cna68	minor	sim63	Eso-AdenoCa
3	65392614	65392615	3	65811828	65811829	-	+	DUP	cna69	major	sim63	Eso-AdenoCa
3	65392614	65392615	3	65811828	65811829	-	+	DUP	cna69	minor	sim63	Eso-AdenoCa
3	65811829	65811830	3	95994452	95994453	-	+	DUP	cna70	major	sim63	Eso-AdenoCa
3	65811829	65811830	3	95994452	95994453	+	-	DEL	cna70	minor	sim63	Eso-AdenoCa
3	84140306	84140307	3	84372673	84372674	-	-	t2tINV	cna70	major	sim63	Eso-AdenoCa
3	95994453	95994454	3	96854224	96854225	+	-	DEL	cna71	minor	sim63	Eso-AdenoCa
3	96854225	96854226	3	97028280	97028281	-	+	DUP	cna72	major	sim63	Eso-AdenoCa
3	97028281	97028282	3	97104199	97104200	+	-	DEL	cna73	minor	sim63	Eso-AdenoCa
3	97104200	97104201	3	98667211	98667212	-	+	DUP	cna74	major	sim63	Eso-AdenoCa
3	97104200	97104201	3	98667211	98667212	-	+	DUP	cna74	minor	sim63	Eso-AdenoCa
3	98667212	98667213	3	119334747	119334748	-	+	DUP	cna75	major	sim63	Eso-AdenoCa
3	98667212	98667213	3	119334747	119334748	+	-	DEL	cna75	minor	sim63	Eso-AdenoCa
3	105197906	105197907	3	106185057	106185058	+	+	h2hINV	cna75	major	sim63	Eso-AdenoCa
3	105462006	105462007	3	116993335	116993336	+	+	h2hINV	cna75	major	sim63	Eso-AdenoCa
3	119334748	119334749	3	131432073	131432074	-	+	DUP	cna76	major	sim63	Eso-AdenoCa
3	119334748	119334749	3	131432073	131432074	-	+	DUP	cna76	minor	sim63	Eso-AdenoCa
3	131432074	154405307	8	144150134	145520349	+	+	TRA	cna77,cna202	major,minor	sim63	Eso-AdenoCa
3	175968706	175968707	3	175978721	175978722	-	-	t2tINV	cna77	major	sim63	Eso-AdenoCa
3	183211854	183211855	3	183299580	183299581	-	+	DUP	cna78	major	sim63	Eso-AdenoCa
3	183341602	183341603	3	183358157	183358158	+	-	DEL	cna80	minor	sim63	Eso-AdenoCa
3	183358158	183358159	3	183887277	183887278	-	+	DUP	cna81	major	sim63	Eso-AdenoCa
3	183887278	183887279	3	183982375	183982376	+	-	DEL	cna82	minor	sim63	Eso-AdenoCa
3	183982376	183982377	3	191055680	191055681	-	+	DUP	cna83	major	sim63	Eso-AdenoCa
3	188768806	188768807	3	188778819	188778820	+	+	h2hINV	cna83	minor	sim63	Eso-AdenoCa
3	191055681	191055682	3	196097097	196097098	-	+	DUP	cna84	major	sim63	Eso-AdenoCa
3	196097098	196097099	3	196678031	196678032	-	+	DUP	cna85	major	sim63	Eso-AdenoCa
3	196097098	196097099	3	196678031	196678032	+	-	DEL	cna85	minor	sim63	Eso-AdenoCa
3	196678032	196678033	3	197774035	197774036	-	+	DUP	cna86	major	sim63	Eso-AdenoCa
3	197774036	197774037	3	197821345	197821346	+	-	DEL	cna87	minor	sim63	Eso-AdenoCa
3	197821346	197821347	3	197838102	197838103	-	+	DUP	cna88	major	sim63	Eso-AdenoCa
3	197838103	197838104	3	197997297	197997298	-	+	DUP	cna89	major	sim63	Eso-AdenoCa
3	197838103	197838104	3	197997297	197997298	+	-	DEL	cna89	minor	sim63	Eso-AdenoCa
3	197997298	197997299	3	198014020	198014021	-	+	DUP	cna90	major	sim63	Eso-AdenoCa
3	198014021	198014022	3	198022430	198022431	-	+	DUP	cna91	major	sim63	Eso-AdenoCa
3	198014021	198014022	3	198022430	198022431	-	+	DUP	cna91	minor	sim63	Eso-AdenoCa
4	1	2	4	6302649	6302650	+	-	DEL	cna92	minor	sim63	Eso-AdenoCa
4	6302650	6302651	4	7037148	7037149	-	+	DUP	cna93	major	sim63	Eso-AdenoCa
4	6302650	6302651	4	7037148	7037149	-	+	DUP	cna93	minor	sim63	Eso-AdenoCa
4	7037149	7037150	4	7087027	7087028	-	+	DUP	cna94	major	sim63	Eso-AdenoCa
4	7037149	7037150	4	7087027	7087028	-	+	DUP	cna94	minor	sim63	Eso-AdenoCa
4	7087028	7087029	4	36757708	36757709	-	+	DUP	cna95	major	sim63	Eso-AdenoCa
4	36757709	36757710	4	47801584	47801585	-	+	DUP	cna96	major	sim63	Eso-AdenoCa
4	36757709	36757710	4	47801584	47801585	+	-	DEL	cna96	minor	sim63	Eso-AdenoCa
4	36757709	42534163	20	1	15119796	+	+	TRA	cna306,cna96	major,major	sim63	Eso-AdenoCa
4	38094176	38094177	4	61771815	61771816	+	+	h2hINV	cna96	major	sim63	Eso-AdenoCa
4	47801585	47801586	4	48104478	48104479	-	+	DUP	cna97	major	sim63	Eso-AdenoCa
4	47801585	47801586	4	48104478	48104479	-	+	DUP	cna97	minor	sim63	Eso-AdenoCa
4	48104479	48104480	4	51819719	51819720	+	-	DEL	cna98	minor	sim63	Eso-AdenoCa
4	51819720	51819721	4	51865353	51865354	-	+	DUP	cna99	major	sim63	Eso-AdenoCa
4	51865354	51865355	4	61763596	61763597	+	-	DEL	cna100	minor	sim63	Eso-AdenoCa
4	55747376	61763596	8	113938516	114521511	-	-	TRA	cna100,cna187	major,major	sim63	Eso-AdenoCa
4	61763597	61763598	4	67683886	67683887	-	+	DUP	cna101	major	sim63	Eso-AdenoCa
4	61763597	61763598	4	67683886	67683887	-	+	DUP	cna101	minor	sim63	Eso-AdenoCa
4	64509676	64509677	4	70192696	70192697	-	-	t2tINV	cna102	minor	sim63	Eso-AdenoCa
4	85249709	85249710	4	85285765	85285766	+	-	DEL	cna103	minor	sim63	Eso-AdenoCa
4	85285766	85285767	4	137246415	137246416	-	+	DUP	cna104	major	sim63	Eso-AdenoCa
4	109430376	109430377	4	109440385	109440386	-	-	t2tINV	cna104	major	sim63	Eso-AdenoCa
4	137246416	137246417	4	137338951	137338952	-	+	DUP	cna105	major	sim63	Eso-AdenoCa
4	137246416	137246417	4	137338951	137338952	-	+	DUP	cna105	minor	sim63	Eso-AdenoCa
4	137338952	137338953	4	142012332	142012333	-	+	DUP	cna106	major	sim63	Eso-AdenoCa
4	138585576	138585577	4	145417149	145417150	+	+	h2hINV	cna106	minor	sim63	Eso-AdenoCa
4	142012333	142012334	4	142773472	142773473	-	+	DUP	cna107	major	sim63	Eso-AdenoCa
4	142012333	142012334	4	142773472	142773473	+	-	DEL	cna107	minor	sim63	Eso-AdenoCa
4	142773473	142773474	4	143190617	143190618	-	+	DUP	cna108	major	sim63	Eso-AdenoCa
4	143190618	143190619	4	143198830	143198831	-	+	DUP	cna109	major	sim63	Eso-AdenoCa
4	143190618	143190619	4	143198830	143198831	-	+	DUP	cna109	minor	sim63	Eso-AdenoCa
4	143198831	143198832	4	145761101	145761102	-	+	DUP	cna110	major	sim63	Eso-AdenoCa
4	145761102	145761103	4	145888746	145888747	-	+	DUP	cna111	major	sim63	Eso-AdenoCa
4	145761102	145761103	4	145888746	145888747	+	-	DEL	cna111	minor	sim63	Eso-AdenoCa
4	145888747	145888748	4	146173678	146173679	+	-	DEL	cna112	major	sim63	Eso-AdenoCa
4	145888747	145888748	4	146173678	146173679	+	-	DEL	cna112	minor	sim63	Eso-AdenoCa
4	146173679	146173680	4	146352500	146352501	-	+	DUP	cna113	major	sim63	Eso-AdenoCa
4	146352501	146352502	4	156420814	156420815	-	+	DUP	cna114	major	sim63	Eso-AdenoCa
4	146352501	146352502	4	156420814	156420815	+	-	DEL	cna114	minor	sim63	Eso-AdenoCa
4	156420815	156420816	4	157249711	157249712	-	+	DUP	cna115	major	sim63	Eso-AdenoCa
4	156420815	156420816	4	157249711	157249712	+	-	DEL	cna115	minor	sim63	Eso-AdenoCa
4	157249712	157249713	4	157352449	157352450	-	+	DUP	cna116	major	sim63	Eso-AdenoCa
4	157352450	157352451	4	166026108	166026109	-	+	DUP	cna117	major	sim63	Eso-AdenoCa
4	157352450	157352451	4	166026108	166026109	+	-	DEL	cna117	minor	sim63	Eso-AdenoCa
4	166026109	166026110	4	166090521	166090522	-	+	DUP	cna118	major	sim63	Eso-AdenoCa
4	166026109	166026110	4	166090521	166090522	-	+	DUP	cna118	minor	sim63	Eso-AdenoCa
4	166090522	166090523	4	177727564	177727565	-	+	DUP	cna119	major	sim63	Eso-AdenoCa
4	166090522	166090523	4	177727564	177727565	+	-	DEL	cna119	minor	sim63	Eso-AdenoCa
4	177727565	177727566	4	191154276	191154277	-	+	DUP	cna120	major	sim63	Eso-AdenoCa
4	177727565	177727566	4	191154276	191154277	-	+	DUP	cna120	minor	sim63	Eso-AdenoCa
4	185006876	185006877	4	185910222	185910223	+	+	h2hINV	cna120	major	sim63	Eso-AdenoCa
5	1	2	5	8563804	8563805	+	-	DEL	cna121	minor	sim63	Eso-AdenoCa
5	8563805	8563806	5	46295183	46295184	-	+	DUP	cna122	major	sim63	Eso-AdenoCa
5	19950800	19950801	5	19960802	19960803	+	+	h2hINV	cna122	major	sim63	Eso-AdenoCa
5	44076500	44076501	5	44310746	44310747	-	-	t2tINV	cna122	minor	sim63	Eso-AdenoCa
5	46295184	46295185	5	91020594	91020595	+	-	DEL	cna123	minor	sim63	Eso-AdenoCa
5	91020595	91020596	5	102030591	102030592	-	+	DUP	cna124	major	sim63	Eso-AdenoCa
5	94698800	94698801	5	94783901	94783902	+	+	h2hINV	cna124	minor	sim63	Eso-AdenoCa
5	102030592	102030593	5	106726968	106726969	-	+	DUP	cna125	major	sim63	Eso-AdenoCa
5	106726969	106726970	5	113066445	113066446	+	-	DEL	cna126	minor	sim63	Eso-AdenoCa
5	113066446	113066447	5	113149397	113149398	-	+	DUP	cna127	major	sim63	Eso-AdenoCa
5	113066446	113066447	5	113149397	113149398	+	-	DEL	cna127	minor	sim63	Eso-AdenoCa
5	113149398	113149399	5	113359487	113359488	-	+	DUP	cna128	major	sim63	Eso-AdenoCa
5	113359488	113359489	5	113614092	113614093	-	+	DUP	cna129	major	sim63	Eso-AdenoCa
5	113359488	113359489	5	113614092	113614093	+	-	DEL	cna129	minor	sim63	Eso-AdenoCa
5	113614093	113614094	5	114049080	114049081	-	+	DUP	cna130	major	sim63	Eso-AdenoCa
5	114049081	114049082	5	114058387	114058388	-	+	DUP	cna131	major	sim63	Eso-AdenoCa
5	114049081	114049082	5	114058387	114058388	-	+	DUP	cna131	minor	sim63	Eso-AdenoCa
5	114058388	114058389	5	114067704	114067705	-	+	DUP	cna132	major	sim63	Eso-AdenoCa
5	114067705	157625120	8	120848710	135506577	+	-	TRA	cna194,cna133	major,major	sim63	Eso-AdenoCa
5	114067705	125312301	17	73546606	81195210	+	-	TRA	cna133,cna290	major,major	sim63	Eso-AdenoCa
5	153355600	153355601	5	153466350	153466351	-	-	t2tINV	cna133	minor	sim63	Eso-AdenoCa
5	166926094	166926095	5	167072225	167072226	-	+	DUP	cna134	major	sim63	Eso-AdenoCa
5	167072226	167072227	5	179788341	179788342	-	+	DUP	cna135	major	sim63	Eso-AdenoCa
5	179788342	179788343	5	180151350	180151351	-	+	DUP	cna136	major	sim63	Eso-AdenoCa
5	180151351	180151352	5	180287463	180287464	-	+	DUP	cna137	major	sim63	Eso-AdenoCa
5	180151351	180151352	5	180287463	180287464	-	+	DUP	cna137	minor	sim63	Eso-AdenoCa
5	180287464	180287465	5	180536169	180536170	-	+	DUP	cna138	major	sim63	Eso-AdenoCa
5	180536170	180536171	5	180554722	180554723	+	-	DEL	cna139	minor	sim63	Eso-AdenoCa
5	180554723	180554724	5	180606146	180606147	-	+	DUP	cna140	major	sim63	Eso-AdenoCa
5	180554723	180554724	5	180606146	180606147	+	-	DEL	cna140	minor	sim63	Eso-AdenoCa
5	180606147	180606148	5	180915260	180915261	-	+	DUP	cna141	major	sim63	Eso-AdenoCa
6	1	2	6	2817694	2817695	-	+	DUP	cna142	major	sim63	Eso-AdenoCa
6	1	2	6	2817694	2817695	+	-	DEL	cna142	minor	sim63	Eso-AdenoCa
6	2817695	2817696	6	6875430	6875431	+	-	DEL	cna143	minor	sim63	Eso-AdenoCa
6	6875431	6875432	6	9380325	9380326	-	+	DUP	cna144	major	sim63	Eso-AdenoCa
6	6875431	8727641	17	45736343	81195210	+	-	TRA	cna144,cna290	major,major	sim63	Eso-AdenoCa
6	9380326	9380327	6	9498879	9498880	-	+	DUP	cna145	major	sim63	Eso-AdenoCa
6	9380326	9380327	6	9498879	9498880	+	-	DEL	cna145	minor	sim63	Eso-AdenoCa
6	9498880	9498881	6	10736078	10736079	+	-	DEL	cna146	minor	sim63	Eso-AdenoCa
6	10736079	10736080	6	28097376	28097377	-	+	DUP	cna147	major	sim63	Eso-AdenoCa
6	28097377	28097378	6	28113864	28113865	-	+	DUP	cna148	major	sim63	Eso-AdenoCa
6	28113865	28113866	6	28249925	28249926	-	+	DUP	cna149	major	sim63	Eso-AdenoCa
6	28113865	28113866	6	28249925	28249926	+	-	DEL	cna149	minor	sim63	Eso-AdenoCa
6	28249926	28249927	6	28266450	28266451	-	+	DUP	cna150	major	sim63	Eso-AdenoCa
6	28266451	28266452	6	28328203	28328204	-	+	DUP	cna151	major	sim63	Eso-AdenoCa
6	28328204	28328205	6	28483898	28483899	-	+	DUP	cna152	major	sim63	Eso-AdenoCa
6	28483899	28483900	6	33337462	33337463	-	+	DUP	cna153	major	sim63	Eso-AdenoCa
6	28483899	28483900	6	33337462	33337463	-	+	DUP	cna153	minor	sim63	Eso-AdenoCa
6	33337463	33337464	6	33505679	33505680	+	-	DEL	cna154	minor	sim63	Eso-AdenoCa
6	33505680	33505681	6	71755159	71755160	-	+	DUP	cna155	major	sim63	Eso-AdenoCa
6	33505680	33505681	6	71755159	71755160	-	+	DUP	cna155	minor	sim63	Eso-AdenoCa
6	71755160	80003941	11	64544916	135006516	+	-	TRA	cna156,cna222	major,major	sim63	Eso-AdenoCa
6	81505359	81505360	6	85574612	85574613	-	+	DUP	cna157	major	sim63	Eso-AdenoCa
6	84905940	84905941	6	94003422	94003423	+	+	h2hINV	cna157	major	sim63	Eso-AdenoCa
6	85574613	85574614	6	85851742	85851743	-	+	DUP	cna158	major	sim63	Eso-AdenoCa
6	85737340	85737341	6	98490762	98490763	+	+	h2hINV	cna158	major	sim63	Eso-AdenoCa
6	85851743	85851744	6	94062861	94062862	+	-	DEL	cna159	minor	sim63	Eso-AdenoCa
6	94062862	94062863	6	95328018	95328019	+	-	DEL	cna160	major	sim63	Eso-AdenoCa
6	94062862	94062863	6	95328018	95328019	+	-	DEL	cna160	minor	sim63	Eso-AdenoCa
6	95328019	95328020	6	95366493	95366494	-	+	DUP	cna161	major	sim63	Eso-AdenoCa
6	95328019	95328020	6	95366493	95366494	-	+	DUP	cna161	minor	sim63	Eso-AdenoCa
6	95366494	95366495	6	171115067	171115068	-	+	DUP	cna162	major	sim63	Eso-AdenoCa
6	95366494	95366495	6	171115067	171115068	+	-	DEL	cna162	minor	sim63	Eso-AdenoCa
6	108784240	171115067	10	16136112	43140876	-	-	TRA	cna162,cna210	major,major	sim63	Eso-AdenoCa
6	129307540	129307541	6	129317544	129317545	-	-	t2tINV	cna162	major	sim63	Eso-AdenoCa
7	1	2	7	8911794	8911795	-	+	DUP	cna163	major	sim63	Eso-AdenoCa
7	8911795	8911796	7	35637347	35637348	-	+	DUP	cna164	major	sim63	Eso-AdenoCa
7	8911795	8911796	7	35637347	35637348	+	-	DEL	cna164	minor	sim63	Eso-AdenoCa
7	35637348	35637349	7	49472913	49472914	-	+	DUP	cna165	major	sim63	Eso-AdenoCa
7	49472914	49472915	7	49530298	49530299	-	+	DUP	cna166	major	sim63	Eso-AdenoCa
7	49472914	49472915	7	49530298	49530299	-	+	DUP	cna166	minor	sim63	Eso-AdenoCa
7	49530299	49530300	7	57114183	57114184	-	+	DUP	cna167	major	sim63	Eso-AdenoCa
7	57114184	57114185	7	62137843	62137844	-	+	DUP	cna168	major	sim63	Eso-AdenoCa
7	57114184	57114185	7	62137843	62137844	-	+	DUP	cna168	minor	sim63	Eso-AdenoCa
7	81208173	81208174	7	86337775	86337776	+	+	h2hINV	cna169	major	sim63	Eso-AdenoCa
7	110663773	110663774	7	110905087	110905088	-	-	t2tINV	cna169	minor	sim63	Eso-AdenoCa
7	121045932	121045933	7	121235276	121235277	-	+	DUP	cna170	major	sim63	Eso-AdenoCa
7	121045932	121045933	7	121235276	121235277	+	-	DEL	cna170	minor	sim63	Eso-AdenoCa
7	121235277	121235278	7	121277181	121277182	-	+	DUP	cna171	major	sim63	Eso-AdenoCa
7	121277182	121277183	7	121565069	121565070	-	+	DUP	cna172	major	sim63	Eso-AdenoCa
7	121565070	121565071	7	144143222	144143223	-	+	DUP	cna173	major	sim63	Eso-AdenoCa
7	121565070	121565071	7	144143222	144143223	+	-	DEL	cna173	minor	sim63	Eso-AdenoCa
7	135368473	135368474	7	135747784	135747785	-	-	t2tINV	cna173	major	sim63	Eso-AdenoCa
7	144143223	144143224	7	145125143	145125144	-	+	DUP	cna174	major	sim63	Eso-AdenoCa
7	145125144	145125145	7	148361968	148361969	+	-	DEL	cna175	minor	sim63	Eso-AdenoCa
7	148361969	148361970	7	148913770	148913771	-	+	DUP	cna176	major	sim63	Eso-AdenoCa
7	148361969	148361970	7	148913770	148913771	-	+	DUP	cna176	minor	sim63	Eso-AdenoCa
7	148913771	148913772	7	149058225	149058226	+	-	DEL	cna177	major	sim63	Eso-AdenoCa
7	148913771	148913772	7	149058225	149058226	+	-	DEL	cna177	minor	sim63	Eso-AdenoCa
7	149058226	149058227	7	152290552	152290553	-	+	DUP	cna178	major	sim63	Eso-AdenoCa
7	152290553	152290554	7	153332532	153332533	-	+	DUP	cna179	major	sim63	Eso-AdenoCa
7	152290553	152290554	7	153332532	153332533	+	-	DEL	cna179	minor	sim63	Eso-AdenoCa
7	152290553	152575874	10	108852289	120528666	+	-	TRA	cna179,cna211	minor,major	sim63	Eso-AdenoCa
7	153332533	153332534	7	158200411	158200412	-	+	DUP	cna180	major	sim63	Eso-AdenoCa
7	153332533	153332534	7	158200411	158200412	+	-	DEL	cna180	minor	sim63	Eso-AdenoCa
7	157627873	158200411	10	111609286	120528666	-	-	TRA	cna180,cna211	minor,major	sim63	Eso-AdenoCa
7	158200412	158200413	7	159112872	159112873	-	+	DUP	cna181	major	sim63	Eso-AdenoCa
7	159112873	159112874	7	159138663	159138664	-	+	DUP	cna182	major	sim63	Eso-AdenoCa
8	1	53358011	20	25608776	51265312	+	+	TRA	cna183,cna307	major,major	sim63	Eso-AdenoCa
8	72980610	72980611	8	72990613	72990614	+	+	h2hINV	cna183	minor	sim63	Eso-AdenoCa
8	80741192	80741193	8	81853113	81853114	-	+	DUP	cna184	major	sim63	Eso-AdenoCa
8	80741192	80741193	8	81853113	81853114	-	+	DUP	cna184	minor	sim63	Eso-AdenoCa
8	81853114	81853115	8	109488290	109488291	-	+	DUP	cna185	major	sim63	Eso-AdenoCa
8	81853114	81853115	8	109488290	109488291	+	-	DEL	cna185	minor	sim63	Eso-AdenoCa
8	109488291	109488292	8	109533582	109533583	-	+	DUP	cna186	major	sim63	Eso-AdenoCa
8	109488291	109488292	8	109533582	109533583	-	+	DUP	cna186	minor	sim63	Eso-AdenoCa
8	109533583	109533584	8	114521511	114521512	-	+	DUP	cna187	major	sim63	Eso-AdenoCa
8	114521512	114521513	8	114678573	114678574	-	+	DUP	cna188	major	sim63	Eso-AdenoCa
8	114521512	114521513	8	114678573	114678574	-	+	DUP	cna188	minor	sim63	Eso-AdenoCa
8	114678574	114678575	8	114981629	114981630	-	+	DUP	cna189	major	sim63	Eso-AdenoCa
8	114981630	114981631	8	116570081	116570082	-	+	DUP	cna190	major	sim63	Eso-AdenoCa
8	114981630	114981631	8	116570081	116570082	-	+	DUP	cna190	minor	sim63	Eso-AdenoCa
8	116570082	116570083	8	116700439	116700440	+	-	DEL	cna191	minor	sim63	Eso-AdenoCa
8	116700440	116700441	8	116720843	116720844	-	+	DUP	cna192	major	sim63	Eso-AdenoCa
8	116720844	116720845	8	118337920	118337921	-	+	DUP	cna193	major	sim63	Eso-AdenoCa
8	116720844	116720845	8	118337920	118337921	+	-	DEL	cna193	minor	sim63	Eso-AdenoCa
8	118337921	118337922	8	135506577	135506578	-	+	DUP	cna194	major	sim63	Eso-AdenoCa
8	135506578	135506579	8	135689938	135689939	-	+	DUP	cna195	major	sim63	Eso-AdenoCa
8	135506578	135506579	8	135689938	135689939	-	+	DUP	cna195	minor	sim63	Eso-AdenoCa
8	135689939	135689940	8	135745639	135745640	+	-	DEL	cna196	minor	sim63	Eso-AdenoCa
8	135745640	135745641	8	138022770	138022771	-	+	DUP	cna197	major	sim63	Eso-AdenoCa
8	135745640	135745641	8	138022770	138022771	+	-	DEL	cna197	minor	sim63	Eso-AdenoCa
8	138022771	138022772	8	138565591	138565592	-	+	DUP	cna198	major	sim63	Eso-AdenoCa
8	138565592	138565593	8	138762805	138762806	-	+	DUP	cna199	major	sim63	Eso-AdenoCa
8	138565592	138565593	8	138762805	138762806	-	+	DUP	cna199	minor	sim63	Eso-AdenoCa
8	138762806	138762807	8	143748029	143748030	-	+	DUP	cna200	major	sim63	Eso-AdenoCa
8	138762806	138762807	8	143748029	143748030	+	-	DEL	cna200	minor	sim63	Eso-AdenoCa
8	143748030	143748031	8	144150133	144150134	-	+	DUP	cna201	major	sim63	Eso-AdenoCa
8	143748030	143748031	8	144150133	144150134	-	+	DUP	cna201	minor	sim63	Eso-AdenoCa
8	144150134	144150135	8	145556715	145556716	-	+	DUP	cna202	major	sim63	Eso-AdenoCa
8	145556716	145556717	8	145832715	145832716	-	+	DUP	cna203	major	sim63	Eso-AdenoCa
8	145556716	145556717	8	145832715	145832716	-	+	DUP	cna203	minor	sim63	Eso-AdenoCa
8	145832716	145832717	8	146115762	146115763	-	+	DUP	cna204	major	sim63	Eso-AdenoCa
8	146115763	146115764	8	146136157	146136158	-	+	DUP	cna205	major	sim63	Eso-AdenoCa
8	146115763	146115764	8	146136157	146136158	+	-	DEL	cna205	minor	sim63	Eso-AdenoCa
8	146136158	146136159	8	146364022	146364023	-	+	DUP	cna206	major	sim63	Eso-AdenoCa
8	146136158	146136159	8	146364022	146364023	-	+	DUP	cna206	minor	sim63	Eso-AdenoCa
9	37352688	141213431	16	49540164	49542243	-	-	TRA	cna207,cna283	minor,minor	sim63	Eso-AdenoCa
9	82487188	82487189	9	105091703	105091704	-	-	t2tINV	cna207	minor	sim63	Eso-AdenoCa
10	12233970	12233971	10	12388563	12388564	-	+	DUP	cna209	major	sim63	Eso-AdenoCa
10	12388564	12388565	10	43140876	43140877	-	+	DUP	cna210	major	sim63	Eso-AdenoCa
10	12388564	12388565	10	43140876	43140877	+	-	DEL	cna210	minor	sim63	Eso-AdenoCa
10	20073157	20073158	10	21375395	21375396	-	-	t2tINV	cna210	major	sim63	Eso-AdenoCa
10	31069957	31069958	10	31079965	31079966	-	-	t2tINV	cna210	major	sim63	Eso-AdenoCa
10	34655357	34655358	10	34665366	34665367	-	-	t2tINV	cna210	major	sim63	Eso-AdenoCa
10	43140877	43140878	10	120528666	120528667	+	-	DEL	cna211	minor	sim63	Eso-AdenoCa
10	61662557	61662558	10	61672566	61672567	+	+	h2hINV	cna211	major	sim63	Eso-AdenoCa
10	93559357	93559358	10	93569360	93569361	+	+	h2hINV	cna211	major	sim63	Eso-AdenoCa
10	96500057	96500058	10	96510064	96510065	-	-	t2tINV	cna211	major	sim63	Eso-AdenoCa
10	114219457	114219458	10	115462107	115462108	-	-	t2tINV	cna211	major	sim63	Eso-AdenoCa
10	120528667	120528668	10	120544371	120544372	-	+	DUP	cna212	major	sim63	Eso-AdenoCa
10	120528667	120528668	10	120544371	120544372	-	+	DUP	cna212	minor	sim63	Eso-AdenoCa
10	120544372	120544373	10	126453740	126453741	-	+	DUP	cna213	major	sim63	Eso-AdenoCa
10	120544372	120544373	10	126453740	126453741	+	-	DEL	cna213	minor	sim63	Eso-AdenoCa
10	126453741	126453742	10	126461728	126461729	-	+	DUP	cna214	major	sim63	Eso-AdenoCa
10	126461729	126461730	10	128684395	128684396	-	+	DUP	cna215	major	sim63	Eso-AdenoCa
10	126461729	126461730	10	128684395	128684396	+	-	DEL	cna215	minor	sim63	Eso-AdenoCa
10	128684396	128684397	10	135099867	135099868	-	+	DUP	cna216	major	sim63	Eso-AdenoCa
10	135099868	135099869	10	135339056	135339057	-	+	DUP	cna217	major	sim63	Eso-AdenoCa
10	135339057	135339058	10	135534747	135534748	+	-	DEL	cna218	major	sim63	Eso-AdenoCa
10	135339057	135339058	10	135534747	135534748	+	-	DEL	cna218	minor	sim63	Eso-AdenoCa
11	1	2	11	6559972	6559973	-	+	DUP	cna219	major	sim63	Eso-AdenoCa
11	1	2	11	6559972	6559973	-	+	DUP	cna219	minor	sim63	Eso-AdenoCa
11	6559973	6559974	11	22261916	22261917	+	-	DEL	cna220	minor	sim63	Eso-AdenoCa
11	22261917	22261918	11	22569417	22569418	-	+	DUP	cna221	major	sim63	Eso-AdenoCa
11	22261917	22261918	11	22569417	22569418	-	+	DUP	cna221	minor	sim63	Eso-AdenoCa
11	52797210	52797211	11	54268311	54268312	+	+	h2hINV	cna222	major	sim63	Eso-AdenoCa
11	68646010	68646011	11	113859165	113859166	-	-	t2tINV	cna222	minor	sim63	Eso-AdenoCa
11	82485010	82485011	11	82495022	82495023	-	-	t2tINV	cna222	minor	sim63	Eso-AdenoCa
12	1	2	12	12051658	12051659	-	+	DUP	cna223	major	sim63	Eso-AdenoCa
12	1	2	12	12051658	12051659	+	-	DEL	cna223	minor	sim63	Eso-AdenoCa
12	12051659	12051660	12	12334570	12334571	-	+	DUP	cna224	major	sim63	Eso-AdenoCa
12	12051659	12051660	12	12334570	12334571	+	-	DEL	cna224	minor	sim63	Eso-AdenoCa
12	12334571	12334572	12	12405163	12405164	-	+	DUP	cna225	major	sim63	Eso-AdenoCa
12	12334571	12334572	12	12405163	12405164	+	-	DEL	cna225	minor	sim63	Eso-AdenoCa
12	12405164	12405165	12	17982638	17982639	-	+	DUP	cna226	major	sim63	Eso-AdenoCa
12	17982639	17982640	12	22545676	22545677	+	-	DEL	cna227	major	sim63	Eso-AdenoCa
12	17982639	17982640	12	22545676	22545677	+	-	DEL	cna227	minor	sim63	Eso-AdenoCa
12	22545677	22545678	12	22562703	22562704	+	-	DEL	cna228	minor	sim63	Eso-AdenoCa
12	22562704	22562705	12	23012091	23012092	-	+	DUP	cna229	major	sim63	Eso-AdenoCa
12	23012092	23012093	12	23020633	23020634	-	+	DUP	cna230	major	sim63	Eso-AdenoCa
12	23020634	23020635	12	23341192	23341193	-	+	DUP	cna231	major	sim63	Eso-AdenoCa
12	23020634	23020635	12	23341192	23341193	+	-	DEL	cna231	minor	sim63	Eso-AdenoCa
12	23341193	23341194	12	25027701	25027702	-	+	DUP	cna232	major	sim63	Eso-AdenoCa
12	23341193	23341194	12	25027701	25027702	-	+	DUP	cna232	minor	sim63	Eso-AdenoCa
12	25027702	25027703	12	25159900	25159901	-	+	DUP	cna233	major	sim63	Eso-AdenoCa
12	25159901	25159902	12	41955905	41955906	+	-	DEL	cna234	minor	sim63	Eso-AdenoCa
12	41955906	41955907	12	43235288	43235289	-	+	DUP	cna235	major	sim63	Eso-AdenoCa
12	43235289	43235290	12	58249937	58249938	-	+	DUP	cna236	major	sim63	Eso-AdenoCa
12	43235289	43235290	12	58249937	58249938	-	+	DUP	cna236	minor	sim63	Eso-AdenoCa
12	58249938	58249939	12	59541494	59541495	-	+	DUP	cna237	major	sim63	Eso-AdenoCa
12	59541495	59541496	12	59550036	59550037	-	+	DUP	cna238	major	sim63	Eso-AdenoCa
12	59541495	59541496	12	59550036	59550037	-	+	DUP	cna238	minor	sim63	Eso-AdenoCa
12	59550037	59550038	12	64352269	64352270	+	-	DEL	cna239	minor	sim63	Eso-AdenoCa
12	64352270	64352271	12	64389910	64389911	-	+	DUP	cna240	major	sim63	Eso-AdenoCa
12	106377294	106377295	12	106387302	106387303	-	-	t2tINV	cna241	minor	sim63	Eso-AdenoCa
12	133741475	133741476	12	133851895	133851896	-	+	DUP	cna242	major	sim63	Eso-AdenoCa
13	1	2	13	23154514	23154515	-	+	DUP	cna243	major	sim63	Eso-AdenoCa
13	23154515	23154516	13	34105285	34105286	-	+	DUP	cna244	major	sim63	Eso-AdenoCa
13	23154515	23154516	13	34105285	34105286	+	-	DEL	cna244	minor	sim63	Eso-AdenoCa
13	28800199	28800200	13	93019552	93019553	+	+	h2hINV	cna244	major	sim63	Eso-AdenoCa
13	34105286	34105287	13	34329864	34329865	-	+	DUP	cna245	major	sim63	Eso-AdenoCa
13	34105286	34105287	13	34329864	34329865	-	+	DUP	cna245	minor	sim63	Eso-AdenoCa
13	34329865	34329866	13	74461507	74461508	-	+	DUP	cna246	major	sim63	Eso-AdenoCa
13	35008999	35009000	13	37191141	37191142	-	-	t2tINV	cna246	minor	sim63	Eso-AdenoCa
13	40986299	40986300	13	42490136	42490137	-	-	t2tINV	cna246	minor	sim63	Eso-AdenoCa
13	74461508	74461509	13	74874149	74874150	-	+	DUP	cna247	major	sim63	Eso-AdenoCa
13	74461508	74461509	13	74874149	74874150	+	-	DEL	cna247	minor	sim63	Eso-AdenoCa
13	74874150	74874151	13	74893807	74893808	+	-	DEL	cna248	minor	sim63	Eso-AdenoCa
13	74893808	74893809	13	75125910	75125911	-	+	DUP	cna249	major	sim63	Eso-AdenoCa
13	75125911	75125912	13	77024575	77024576	+	-	DEL	cna250	minor	sim63	Eso-AdenoCa
13	77024576	77024577	13	77163910	77163911	-	+	DUP	cna251	major	sim63	Eso-AdenoCa
13	77163911	77163912	13	87995391	87995392	-	+	DUP	cna252	major	sim63	Eso-AdenoCa
13	87995392	87995393	13	90538185	90538186	+	-	DEL	cna253	minor	sim63	Eso-AdenoCa
13	90538186	90538187	13	90699369	90699370	-	+	DUP	cna254	major	sim63	Eso-AdenoCa
13	90538186	90538187	13	90699369	90699370	-	+	DUP	cna254	minor	sim63	Eso-AdenoCa
13	90699370	90699371	13	92097869	92097870	-	+	DUP	cna255	major	sim63	Eso-AdenoCa
13	90699370	90699371	13	92097869	92097870	-	+	DUP	cna255	minor	sim63	Eso-AdenoCa
13	92097870	92097871	13	96781095	96781096	-	+	DUP	cna256	major	sim63	Eso-AdenoCa
13	92097870	92097871	13	96781095	96781096	+	-	DEL	cna256	minor	sim63	Eso-AdenoCa
13	94298199	94298200	13	96535811	96535812	+	+	h2hINV	cna256	major	sim63	Eso-AdenoCa
13	96781096	96781097	13	97112932	97112933	-	+	DUP	cna257	major	sim63	Eso-AdenoCa
13	97112933	97112934	13	97367629	97367630	-	+	DUP	cna258	major	sim63	Eso-AdenoCa
13	97112933	97112934	13	97367629	97367630	-	+	DUP	cna258	minor	sim63	Eso-AdenoCa
13	97367630	97367631	13	98925083	98925084	-	+	DUP	cna259	major	sim63	Eso-AdenoCa
13	97367630	97367631	13	98925083	98925084	+	-	DEL	cna259	minor	sim63	Eso-AdenoCa
13	98925084	98925085	13	99677806	99677807	-	+	DUP	cna260	major	sim63	Eso-AdenoCa
13	98925084	98925085	13	99677806	99677807	+	-	DEL	cna260	minor	sim63	Eso-AdenoCa
13	99677807	99677808	13	99697326	99697327	-	+	DUP	cna261	major	sim63	Eso-AdenoCa
13	99677807	99677808	13	99697326	99697327	+	-	DEL	cna261	minor	sim63	Eso-AdenoCa
13	99697327	99697328	13	99801468	99801469	+	-	DEL	cna262	major	sim63	Eso-AdenoCa
13	99697327	99697328	13	99801468	99801469	+	-	DEL	cna262	minor	sim63	Eso-AdenoCa
13	99801469	99801470	13	101315228	101315229	-	+	DUP	cna263	major	sim63	Eso-AdenoCa
13	99801469	99801470	13	101315228	101315229	-	+	DUP	cna263	minor	sim63	Eso-AdenoCa
13	101315229	101315230	13	115169878	115169879	-	+	DUP	cna264	major	sim63	Eso-AdenoCa
13	101315229	101315230	13	115169878	115169879	+	-	DEL	cna264	minor	sim63	Eso-AdenoCa
14	1	2	14	1345989	1345990	+	-	DEL	cna265	minor	sim63	Eso-AdenoCa
14	1345990	1345991	14	1353786	1353787	-	+	DUP	cna266	major	sim63	Eso-AdenoCa
14	1345990	1345991	14	1353786	1353787	-	+	DUP	cna266	minor	sim63	Eso-AdenoCa
14	1353787	1353788	14	4967516	4967517	-	+	DUP	cna267	major	sim63	Eso-AdenoCa
14	1353787	1353788	14	4967516	4967517	+	-	DEL	cna267	minor	sim63	Eso-AdenoCa
14	4967517	4967518	14	5005611	5005612	-	+	DUP	cna268	major	sim63	Eso-AdenoCa
14	5005612	5005613	14	5285344	5285345	-	+	DUP	cna269	major	sim63	Eso-AdenoCa
14	5005612	5005613	14	5285344	5285345	+	-	DEL	cna269	minor	sim63	Eso-AdenoCa
14	5285345	5285346	14	5429003	5429004	-	+	DUP	cna270	major	sim63	Eso-AdenoCa
14	5429004	5429005	14	7736823	7736824	-	+	DUP	cna271	major	sim63	Eso-AdenoCa
14	5429004	5429005	14	7736823	7736824	-	+	DUP	cna271	minor	sim63	Eso-AdenoCa
14	7736824	7736825	14	11509389	11509390	-	+	DUP	cna272	major	sim63	Eso-AdenoCa
14	7736824	7736825	14	11509389	11509390	-	+	DUP	cna272	minor	sim63	Eso-AdenoCa
14	11509390	11509391	14	11534746	11534747	-	+	DUP	cna273	major	sim63	Eso-AdenoCa
14	11509390	11509391	14	11534746	11534747	+	-	DEL	cna273	minor	sim63	Eso-AdenoCa
14	11534747	11534748	14	11550330	11550331	-	+	DUP	cna274	major	sim63	Eso-AdenoCa
14	11550331	11550332	14	12264474	12264475	-	+	DUP	cna275	major	sim63	Eso-AdenoCa
14	12264475	12264476	14	12280037	12280038	-	+	DUP	cna276	major	sim63	Eso-AdenoCa
14	12264475	12264476	14	12280037	12280038	-	+	DUP	cna276	minor	sim63	Eso-AdenoCa
14	106801078	106801079	14	106914198	106914199	+	-	DEL	cna278	major	sim63	Eso-AdenoCa
14	106801078	106801079	14	106914198	106914199	+	-	DEL	cna278	minor	sim63	Eso-AdenoCa
14	106914199	106914200	14	107019572	107019573	-	+	DUP	cna279	major	sim63	Eso-AdenoCa
14	106914199	106914200	14	107019572	107019573	-	+	DUP	cna279	minor	sim63	Eso-AdenoCa
14	107019573	107019574	14	107349540	107349541	-	+	DUP	cna280	major	sim63	Eso-AdenoCa
15	1	2	15	63463911	63463912	-	+	DUP	cna281	major	sim63	Eso-AdenoCa
15	1	8928862	19	34232078	59128983	+	-	TRA	cna305,cna281	minor,minor	sim63	Eso-AdenoCa
15	63463912	63463913	15	102531392	102531393	-	+	DUP	cna282	major	sim63	Eso-AdenoCa
15	63463912	102232382	18	18303212	19053273	+	+	TRA	cna282,cna292	minor,major	sim63	Eso-AdenoCa
15	67196181	67196182	15	68958658	68958659	-	-	t2tINV	cna282	minor	sim63	Eso-AdenoCa
16	1	2	16	49542243	49542244	-	+	DUP	cna283	major	sim63	Eso-AdenoCa
16	49542244	49542245	16	58694229	58694230	-	+	DUP	cna284	major	sim63	Eso-AdenoCa
16	49542244	49542245	16	58694229	58694230	+	-	DEL	cna284	minor	sim63	Eso-AdenoCa
16	58694230	58694231	16	59297474	59297475	+	-	DEL	cna285	minor	sim63	Eso-AdenoCa
16	59297475	59297476	16	59313580	59313581	-	+	DUP	cna286	major	sim63	Eso-AdenoCa
16	59297475	59297476	16	59313580	59313581	-	+	DUP	cna286	minor	sim63	Eso-AdenoCa
16	59313581	59313582	16	90338768	90338769	-	+	DUP	cna287	major	sim63	Eso-AdenoCa
16	59313581	59313582	16	90338768	90338769	-	+	DUP	cna287	minor	sim63	Eso-AdenoCa
16	90338769	90338770	16	90354753	90354754	-	+	DUP	cna288	major	sim63	Eso-AdenoCa
17	1	2	17	34552815	34552816	-	+	DUP	cna289	major	sim63	Eso-AdenoCa
17	1	2	17	34552815	34552816	-	+	DUP	cna289	minor	sim63	Eso-AdenoCa
17	474236	474237	17	698295	698296	-	-	t2tINV	cna289	minor	sim63	Eso-AdenoCa
17	34552816	34552817	17	81195210	81195211	-	+	DUP	cna290	major	sim63	Eso-AdenoCa
17	34552816	34552817	17	81195210	81195211	+	-	DEL	cna290	minor	sim63	Eso-AdenoCa
18	18303212	18303213	18	27187581	27187582	-	+	DUP	cna292	major	sim63	Eso-AdenoCa
18	18303212	18303213	18	27187581	27187582	-	+	DUP	cna292	minor	sim63	Eso-AdenoCa
18	27187582	27187583	18	30115741	30115742	-	+	DUP	cna293	major	sim63	Eso-AdenoCa
18	27187582	27187583	18	30115741	30115742	+	-	DEL	cna293	minor	sim63	Eso-AdenoCa
18	30115742	30115743	18	31168259	31168260	-	+	DUP	cna294	major	sim63	Eso-AdenoCa
18	31168260	31168261	18	31860377	31860378	+	-	DEL	cna295	minor	sim63	Eso-AdenoCa
18	31860378	31860379	18	42695796	42695797	-	+	DUP	cna296	major	sim63	Eso-AdenoCa
18	42695797	42695798	18	48745405	48745406	-	+	DUP	cna297	major	sim63	Eso-AdenoCa
18	42695797	42695798	18	48745405	48745406	-	+	DUP	cna297	minor	sim63	Eso-AdenoCa
18	48745406	48745407	18	69001685	69001686	-	+	DUP	cna298	major	sim63	Eso-AdenoCa
18	48745406	48745407	18	69001685	69001686	-	+	DUP	cna298	minor	sim63	Eso-AdenoCa
18	69001686	69001687	18	69063783	69063784	+	-	DEL	cna299	minor	sim63	Eso-AdenoCa
18	69063784	69063785	18	69132443	69132444	-	+	DUP	cna300	major	sim63	Eso-AdenoCa
18	69132444	69132445	18	78002033	78002034	+	-	DEL	cna301	minor	sim63	Eso-AdenoCa
18	69490126	69490127	18	69500132	69500133	+	+	h2hINV	cna301	major	sim63	Eso-AdenoCa
18	78002034	78002035	18	78051752	78051753	-	+	DUP	cna302	major	sim63	Eso-AdenoCa
18	78051753	78051754	18	78068773	78068774	+	-	DEL	cna303	minor	sim63	Eso-AdenoCa
18	78068774	78068775	18	78077248	78077249	-	+	DUP	cna304	major	sim63	Eso-AdenoCa
18	78068774	78068775	18	78077248	78077249	-	+	DUP	cna304	minor	sim63	Eso-AdenoCa
19	1	2	19	59128983	59128984	-	+	DUP	cna305	major	sim63	Eso-AdenoCa
19	4757978	4757979	19	4788165	4788166	-	-	t2tINV	cna305	major	sim63	Eso-AdenoCa
20	25608776	25608777	20	59803108	59803109	-	+	DUP	cna307	major	sim63	Eso-AdenoCa
20	59803109	59803110	20	60356217	60356218	-	+	DUP	cna308	major	sim63	Eso-AdenoCa
20	60356218	60356219	20	60606749	60606750	-	+	DUP	cna309	major	sim63	Eso-AdenoCa
20	60356218	60356219	20	60606749	60606750	+	-	DEL	cna309	minor	sim63	Eso-AdenoCa
20	60606750	60606751	20	62349154	62349155	-	+	DUP	cna310	major	sim63	Eso-AdenoCa
20	60606750	60606751	20	62349154	62349155	+	-	DEL	cna310	minor	sim63	Eso-AdenoCa
20	62349155	62349156	20	63025520	63025521	+	-	DEL	cna311	minor	sim63	Eso-AdenoCa
21	1	2	21	16390032	16390033	-	+	DUP	cna312	major	sim63	Eso-AdenoCa
21	1	2	21	16390032	16390033	-	+	DUP	cna312	minor	sim63	Eso-AdenoCa
21	16390033	16390034	21	16987873	16987874	-	+	DUP	cna313	major	sim63	Eso-AdenoCa
21	16390033	16390034	21	16987873	16987874	-	+	DUP	cna313	minor	sim63	Eso-AdenoCa
21	16987874	16987875	21	17056433	17056434	-	+	DUP	cna314	major	sim63	Eso-AdenoCa
21	16987874	16987875	21	17056433	17056434	+	-	DEL	cna314	minor	sim63	Eso-AdenoCa
21	17056434	17056435	21	31016896	31016897	-	+	DUP	cna315	major	sim63	Eso-AdenoCa
21	20639175	20639176	21	21016682	21016683	-	-	t2tINV	cna315	major	sim63	Eso-AdenoCa
21	31016897	31016898	21	32808480	32808481	+	-	DEL	cna316	minor	sim63	Eso-AdenoCa
21	32808481	32808482	21	33232981	33232982	-	+	DUP	cna317	major	sim63	Eso-AdenoCa
21	32808481	32808482	21	33232981	33232982	+	-	DEL	cna317	minor	sim63	Eso-AdenoCa
21	33232982	33232983	21	33606365	33606366	-	+	DUP	cna318	major	sim63	Eso-AdenoCa
21	33606366	33606367	21	33625392	33625393	-	+	DUP	cna319	major	sim63	Eso-AdenoCa
21	33625393	33625394	21	44640679	44640680	-	+	DUP	cna320	major	sim63	Eso-AdenoCa
21	33625393	33625394	21	44640679	44640680	-	+	DUP	cna320	minor	sim63	Eso-AdenoCa
21	44640680	44640681	21	44788745	44788746	-	+	DUP	cna321	major	sim63	Eso-AdenoCa
21	44788746	44788747	21	45665627	45665628	+	-	DEL	cna322	minor	sim63	Eso-AdenoCa
21	45665628	45665629	21	48129895	48129896	-	+	DUP	cna323	major	sim63	Eso-AdenoCa
21	45665628	45665629	21	48129895	48129896	-	+	DUP	cna323	minor	sim63	Eso-AdenoCa
22	31848351	31848352	22	32446534	32446535	-	+	DUP	cna325	major	sim63	Eso-AdenoCa
22	32446535	32446536	22	49673703	49673704	-	+	DUP	cna326	major	sim63	Eso-AdenoCa
22	50209132	50209133	22	51196981	51196982	-	+	DUP	cna328	major	sim63	Eso-AdenoCa
22	50209132	50209133	22	51196981	51196982	+	-	DEL	cna328	minor	sim63	Eso-AdenoCa
22	51196982	51196983	22	51285378	51285379	+	-	DEL	cna329	major	sim63	Eso-AdenoCa
22	51196982	51196983	22	51285378	51285379	+	-	DEL	cna329	minor	sim63	Eso-AdenoCa
22	51285379	51285380	22	51304566	51304567	+	-	DEL	cna330	minor	sim63	Eso-AdenoCa
X	1	2	X	7246333	7246334	-	+	DUP	cna331	major	sim63	Eso-AdenoCa
X	1	2	X	7246333	7246334	-	+	DUP	cna331	minor	sim63	Eso-AdenoCa
X	7246334	7246335	X	8234981	8234982	-	+	DUP	cna332	major	sim63	Eso-AdenoCa
X	8234982	8234983	X	8351261	8351262	-	+	DUP	cna333	major	sim63	Eso-AdenoCa
X	8234982	8234983	X	8351261	8351262	+	-	DEL	cna333	minor	sim63	Eso-AdenoCa
X	8351262	8351263	X	8359006	8359007	+	-	DEL	cna334	minor	sim63	Eso-AdenoCa
X	8359007	8359008	X	8744164	8744165	-	+	DUP	cna335	major	sim63	Eso-AdenoCa
X	8359007	8359008	X	8744164	8744165	+	-	DEL	cna335	minor	sim63	Eso-AdenoCa
X	8744165	8744166	X	19963249	19963250	-	+	DUP	cna336	major	sim63	Eso-AdenoCa
X	9726914	9726915	X	14292438	14292439	-	-	t2tINV	cna336	major	sim63	Eso-AdenoCa
X	19963250	19963251	X	21601554	21601555	-	+	DUP	cna337	major	sim63	Eso-AdenoCa
X	19963250	19963251	X	21601554	21601555	+	-	DEL	cna337	minor	sim63	Eso-AdenoCa
X	21601555	21601556	X	21643431	21643432	+	-	DEL	cna338	minor	sim63	Eso-AdenoCa
X	21729482	21729483	X	24100051	24100052	-	+	DUP	cna340	major	sim63	Eso-AdenoCa
X	21729482	21729483	X	24100051	24100052	+	-	DEL	cna340	minor	sim63	Eso-AdenoCa
X	24100052	24100053	X	42228880	42228881	-	+	DUP	cna341	major	sim63	Eso-AdenoCa
X	24100052	24100053	X	42228880	42228881	-	+	DUP	cna341	minor	sim63	Eso-AdenoCa
X	42228881	42228882	X	43360345	43360346	-	+	DUP	cna342	major	sim63	Eso-AdenoCa
X	42228881	42228882	X	43360345	43360346	-	+	DUP	cna342	minor	sim63	Eso-AdenoCa
X	43360346	43360347	X	44304038	44304039	-	+	DUP	cna343	major	sim63	Eso-AdenoCa
X	43360346	43360347	X	44304038	44304039	-	+	DUP	cna343	minor	sim63	Eso-AdenoCa
X	44304039	44304040	X	52220532	52220533	+	-	DEL	cna344	minor	sim63	Eso-AdenoCa
X	52220533	52220534	X	52258747	52258748	-	+	DUP	cna345	major	sim63	Eso-AdenoCa
X	52220533	52220534	X	52258747	52258748	+	-	DEL	cna345	minor	sim63	Eso-AdenoCa
X	52258748	52258749	X	52396595	52396596	+	-	DEL	cna346	major	sim63	Eso-AdenoCa
X	52258748	52258749	X	52396595	52396596	+	-	DEL	cna346	minor	sim63	Eso-AdenoCa
X	52396596	52396597	X	52425941	52425942	+	-	DEL	cna347	minor	sim63	Eso-AdenoCa
X	52425942	52425943	X	52772464	52772465	-	+	DUP	cna348	major	sim63	Eso-AdenoCa
X	52425942	52425943	X	52772464	52772465	+	-	DEL	cna348	minor	sim63	Eso-AdenoCa
X	52772465	52772466	X	52890106	52890107	+	-	DEL	cna349	minor	sim63	Eso-AdenoCa
X	52890107	52890108	X	54395573	54395574	-	+	DUP	cna350	major	sim63	Eso-AdenoCa
X	54395574	54395575	X	58179043	58179044	-	+	DUP	cna351	major	sim63	Eso-AdenoCa
X	54395574	54395575	X	58179043	58179044	-	+	DUP	cna351	minor	sim63	Eso-AdenoCa
X	58179044	58179045	X	58373855	58373856	+	-	DEL	cna352	minor	sim63	Eso-AdenoCa
X	58373856	58373857	X	60941461	60941462	-	+	DUP	cna353	major	sim63	Eso-AdenoCa
X	60941462	60941463	X	61120389	61120390	-	+	DUP	cna354	major	sim63	Eso-AdenoCa
X	60941462	60941463	X	61120389	61120390	-	+	DUP	cna354	minor	sim63	Eso-AdenoCa
X	61120390	61120391	X	61575756	61575757	-	+	DUP	cna355	major	sim63	Eso-AdenoCa
X	61575757	61575758	X	61853953	61853954	-	+	DUP	cna356	major	sim63	Eso-AdenoCa
X	61575757	61575758	X	61853953	61853954	+	-	DEL	cna356	minor	sim63	Eso-AdenoCa
X	61853954	61853955	X	61988680	61988681	-	+	DUP	cna357	major	sim63	Eso-AdenoCa
X	61853954	61853955	X	61988680	61988681	+	-	DEL	cna357	minor	sim63	Eso-AdenoCa
X	61988681	61988682	X	68943864	68943865	-	+	DUP	cna358	major	sim63	Eso-AdenoCa
X	68943865	68943866	X	69094791	69094792	-	+	DUP	cna359	major	sim63	Eso-AdenoCa
X	68943865	68943866	X	69094791	69094792	+	-	DEL	cna359	minor	sim63	Eso-AdenoCa
X	69094792	69094793	X	86609526	86609527	-	+	DUP	cna360	major	sim63	Eso-AdenoCa
X	69094792	69094793	X	86609526	86609527	-	+	DUP	cna360	minor	sim63	Eso-AdenoCa
X	86609527	86609528	X	98040010	98040011	-	+	DUP	cna361	major	sim63	Eso-AdenoCa
X	98040011	98040012	X	98047756	98047757	-	+	DUP	cna362	major	sim63	Eso-AdenoCa
X	98040011	98040012	X	98047756	98047757	-	+	DUP	cna362	minor	sim63	Eso-AdenoCa
X	98047757	98047758	X	98216084	98216085	-	+	DUP	cna363	major	sim63	Eso-AdenoCa
X	98216085	98216086	X	98632383	98632384	-	+	DUP	cna364	major	sim63	Eso-AdenoCa
X	98216085	98216086	X	98632383	98632384	-	+	DUP	cna364	minor	sim63	Eso-AdenoCa
X	98632384	98632385	X	98998545	98998546	-	+	DUP	cna365	major	sim63	Eso-AdenoCa
X	98998546	98998547	X	106229290	106229291	+	-	DEL	cna366	minor	sim63	Eso-AdenoCa
X	106229291	106229292	X	155270560	155270561	-	+	DUP	cna367	major	sim63	Eso-AdenoCa
X	106229291	106229292	X	155270560	155270561	-	+	DUP	cna367	minor	sim63	Eso-AdenoCa
X	143040814	143040815	X	143050820	143050821	-	-	t2tINV	cna367	major	sim63	Eso-AdenoCa
