chrom	start	end	major_cn	minor_cn	donor_id	study	id
1	1	9778771	2	1	sim75	Eso-AdenoCa	cna0
1	9778772	10137046	2	0	sim75	Eso-AdenoCa	cna1
1	10137047	10596736	2	1	sim75	Eso-AdenoCa	cna2
1	10596737	18747804	1	1	sim75	Eso-AdenoCa	cna3
1	18747805	18978322	4	2	sim75	Eso-AdenoCa	cna4
1	18978323	19167271	2	1	sim75	Eso-AdenoCa	cna5
1	19167272	25193573	3	0	sim75	Eso-AdenoCa	cna6
1	25193574	25991758	5	1	sim75	Eso-AdenoCa	cna7
1	25991759	178735794	1	1	sim75	Eso-AdenoCa	cna8
1	178735795	178760369	2	1	sim75	Eso-AdenoCa	cna9
1	178760370	222634457	2	0	sim75	Eso-AdenoCa	cna10
1	222634458	225243711	2	2	sim75	Eso-AdenoCa	cna11
1	225243712	225334543	2	1	sim75	Eso-AdenoCa	cna12
1	225334544	226813116	6	1	sim75	Eso-AdenoCa	cna13
1	226813117	249250621	2	1	sim75	Eso-AdenoCa	cna14
2	1	11679679	1	0	sim75	Eso-AdenoCa	cna15
2	11679680	11766389	4	1	sim75	Eso-AdenoCa	cna16
2	11766390	19415525	2	1	sim75	Eso-AdenoCa	cna17
2	19415526	27072430	1	0	sim75	Eso-AdenoCa	cna18
2	27072431	48610234	2	2	sim75	Eso-AdenoCa	cna19
2	48610235	48834623	2	1	sim75	Eso-AdenoCa	cna20
2	48834624	49260248	0	1	sim75	Eso-AdenoCa	cna21
2	49260249	243199373	2	0	sim75	Eso-AdenoCa	cna22
3	1	28219244	1	0	sim75	Eso-AdenoCa	cna23
3	28219245	91011357	2	3	sim75	Eso-AdenoCa	cna24
3	91011358	91202587	2	1	sim75	Eso-AdenoCa	cna25
3	91202588	91235138	0	0	sim75	Eso-AdenoCa	cna26
3	91235139	187513255	3	1	sim75	Eso-AdenoCa	cna27
3	187513256	187840939	1	0	sim75	Eso-AdenoCa	cna28
3	187840940	187923195	2	0	sim75	Eso-AdenoCa	cna29
3	187923196	198022430	1	0	sim75	Eso-AdenoCa	cna30
4	1	139715782	1	0	sim75	Eso-AdenoCa	cna31
4	139715783	154728813	2	0	sim75	Eso-AdenoCa	cna32
4	154728814	156341532	3	0	sim75	Eso-AdenoCa	cna33
4	156341533	156463092	3	2	sim75	Eso-AdenoCa	cna34
4	156463093	156503747	1	1	sim75	Eso-AdenoCa	cna35
4	156503748	189713387	3	0	sim75	Eso-AdenoCa	cna36
4	189713388	189836241	2	0	sim75	Eso-AdenoCa	cna37
4	189836242	190071899	2	1	sim75	Eso-AdenoCa	cna38
4	190071900	191124508	1	1	sim75	Eso-AdenoCa	cna39
4	191124509	191154276	1	0	sim75	Eso-AdenoCa	cna40
5	1	155914536	1	0	sim75	Eso-AdenoCa	cna41
5	155914537	170451053	1	1	sim75	Eso-AdenoCa	cna42
5	170451054	170556247	1	0	sim75	Eso-AdenoCa	cna43
5	170556248	173548999	1	1	sim75	Eso-AdenoCa	cna44
5	173549000	180822847	1	0	sim75	Eso-AdenoCa	cna45
5	180822848	180915260	2	0	sim75	Eso-AdenoCa	cna46
6	1	140478736	1	0	sim75	Eso-AdenoCa	cna47
6	140478737	141064443	2	1	sim75	Eso-AdenoCa	cna48
6	141064444	153844637	3	2	sim75	Eso-AdenoCa	cna49
6	153844638	155364332	2	1	sim75	Eso-AdenoCa	cna50
6	155364333	156693970	1	1	sim75	Eso-AdenoCa	cna51
6	156693971	170937216	2	1	sim75	Eso-AdenoCa	cna52
6	170937217	171115067	0	0	sim75	Eso-AdenoCa	cna53
7	1	10704170	2	2	sim75	Eso-AdenoCa	cna54
7	10704171	10776219	1	1	sim75	Eso-AdenoCa	cna55
7	10776220	10786824	2	0	sim75	Eso-AdenoCa	cna56
7	10786825	78509499	2	1	sim75	Eso-AdenoCa	cna57
7	78509500	126007527	4	3	sim75	Eso-AdenoCa	cna58
7	126007528	132544064	1	1	sim75	Eso-AdenoCa	cna59
7	132544065	132735402	2	0	sim75	Eso-AdenoCa	cna60
7	132735403	132990426	2	2	sim75	Eso-AdenoCa	cna61
7	132990427	133452133	2	0	sim75	Eso-AdenoCa	cna62
7	133452134	138545691	2	1	sim75	Eso-AdenoCa	cna63
7	138545692	138603986	3	3	sim75	Eso-AdenoCa	cna64
7	138603987	138647269	1	0	sim75	Eso-AdenoCa	cna65
7	138647270	141653550	2	2	sim75	Eso-AdenoCa	cna66
7	141653551	143859941	2	0	sim75	Eso-AdenoCa	cna67
7	143859942	144039055	4	1	sim75	Eso-AdenoCa	cna68
7	144039056	158245878	3	1	sim75	Eso-AdenoCa	cna69
7	158245879	159138663	1	0	sim75	Eso-AdenoCa	cna70
8	1	40744652	2	1	sim75	Eso-AdenoCa	cna71
8	40744653	40756533	1	0	sim75	Eso-AdenoCa	cna72
8	40756534	41250133	2	2	sim75	Eso-AdenoCa	cna73
8	41250134	41778337	2	1	sim75	Eso-AdenoCa	cna74
8	41778338	41860277	3	2	sim75	Eso-AdenoCa	cna75
8	41860278	59665168	1	0	sim75	Eso-AdenoCa	cna76
8	59665169	72403426	2	1	sim75	Eso-AdenoCa	cna77
8	72403427	74977840	1	0	sim75	Eso-AdenoCa	cna78
8	74977841	75243564	4	1	sim75	Eso-AdenoCa	cna79
8	75243565	80080860	1	2	sim75	Eso-AdenoCa	cna80
8	80080861	126470369	1	0	sim75	Eso-AdenoCa	cna81
8	126470370	127226411	2	1	sim75	Eso-AdenoCa	cna82
8	127226412	127238293	2	0	sim75	Eso-AdenoCa	cna83
8	127238294	146364022	3	2	sim75	Eso-AdenoCa	cna84
9	1	34551017	1	1	sim75	Eso-AdenoCa	cna85
9	34551018	34751014	2	1	sim75	Eso-AdenoCa	cna86
9	34751015	35343341	1	0	sim75	Eso-AdenoCa	cna87
9	35343342	56793100	3	3	sim75	Eso-AdenoCa	cna88
9	56793101	56821774	4	1	sim75	Eso-AdenoCa	cna89
9	56821775	72097309	3	0	sim75	Eso-AdenoCa	cna90
9	72097310	72145219	0	0	sim75	Eso-AdenoCa	cna91
9	72145220	72706679	3	1	sim75	Eso-AdenoCa	cna92
9	72706680	73012026	2	0	sim75	Eso-AdenoCa	cna93
9	73012027	78335537	2	1	sim75	Eso-AdenoCa	cna94
9	78335538	79056301	3	2	sim75	Eso-AdenoCa	cna95
9	79056302	79070623	2	1	sim75	Eso-AdenoCa	cna96
9	79070624	82721214	1	1	sim75	Eso-AdenoCa	cna97
9	82721215	89336055	2	1	sim75	Eso-AdenoCa	cna98
9	89336056	90360171	3	2	sim75	Eso-AdenoCa	cna99
9	90360172	115283473	1	1	sim75	Eso-AdenoCa	cna100
9	115283474	115482788	2	0	sim75	Eso-AdenoCa	cna101
9	115482789	118227795	1	0	sim75	Eso-AdenoCa	cna102
9	118227796	126017120	3	1	sim75	Eso-AdenoCa	cna103
9	126017121	141199076	2	0	sim75	Eso-AdenoCa	cna104
9	141199077	141213431	2	2	sim75	Eso-AdenoCa	cna105
10	1	15773417	2	0	sim75	Eso-AdenoCa	cna106
10	15773418	43024022	2	1	sim75	Eso-AdenoCa	cna107
10	43024023	43246826	1	0	sim75	Eso-AdenoCa	cna108
10	43246827	44935323	3	0	sim75	Eso-AdenoCa	cna109
10	44935324	44994969	1	0	sim75	Eso-AdenoCa	cna110
10	44994970	73251680	2	3	sim75	Eso-AdenoCa	cna111
10	73251681	110291478	3	2	sim75	Eso-AdenoCa	cna112
10	110291479	129146661	2	1	sim75	Eso-AdenoCa	cna113
10	129146662	135407066	3	2	sim75	Eso-AdenoCa	cna114
10	135407067	135534747	2	0	sim75	Eso-AdenoCa	cna115
11	1	38444059	2	0	sim75	Eso-AdenoCa	cna116
11	38444060	87951652	2	2	sim75	Eso-AdenoCa	cna117
11	87951653	89610565	2	1	sim75	Eso-AdenoCa	cna118
11	89610566	94562516	3	2	sim75	Eso-AdenoCa	cna119
11	94562517	98844067	1	1	sim75	Eso-AdenoCa	cna120
11	98844068	102460228	1	0	sim75	Eso-AdenoCa	cna121
11	102460229	111125352	2	1	sim75	Eso-AdenoCa	cna122
11	111125353	113023434	0	0	sim75	Eso-AdenoCa	cna123
11	113023435	127133729	3	0	sim75	Eso-AdenoCa	cna124
11	127133730	127145789	2	1	sim75	Eso-AdenoCa	cna125
11	127145790	135006516	2	2	sim75	Eso-AdenoCa	cna126
12	1	50838896	2	2	sim75	Eso-AdenoCa	cna127
12	50838897	51106898	4	1	sim75	Eso-AdenoCa	cna128
12	51106899	51204504	1	0	sim75	Eso-AdenoCa	cna129
12	51204505	51935307	2	1	sim75	Eso-AdenoCa	cna130
12	51935308	133851895	2	0	sim75	Eso-AdenoCa	cna131
13	1	115169878	2	0	sim75	Eso-AdenoCa	cna132
14	1	251155	1	1	sim75	Eso-AdenoCa	cna133
14	251156	321018	4	2	sim75	Eso-AdenoCa	cna134
14	321019	12264595	2	0	sim75	Eso-AdenoCa	cna135
14	12264596	47635041	4	1	sim75	Eso-AdenoCa	cna136
14	47635042	47984537	1	0	sim75	Eso-AdenoCa	cna137
14	47984538	56168378	2	1	sim75	Eso-AdenoCa	cna138
14	56168379	56215630	1	0	sim75	Eso-AdenoCa	cna139
14	56215631	56520949	2	2	sim75	Eso-AdenoCa	cna140
14	56520950	56925037	2	0	sim75	Eso-AdenoCa	cna141
14	56925038	95149015	3	1	sim75	Eso-AdenoCa	cna142
14	95149016	107349540	1	1	sim75	Eso-AdenoCa	cna143
15	1	102531392	2	1	sim75	Eso-AdenoCa	cna144
16	1	5224400	2	1	sim75	Eso-AdenoCa	cna145
16	5224401	33837986	2	0	sim75	Eso-AdenoCa	cna146
16	33837987	49608014	1	1	sim75	Eso-AdenoCa	cna147
16	49608015	90284118	1	0	sim75	Eso-AdenoCa	cna148
16	90284119	90354753	2	1	sim75	Eso-AdenoCa	cna149
17	1	9812179	2	2	sim75	Eso-AdenoCa	cna150
17	9812180	9905688	2	1	sim75	Eso-AdenoCa	cna151
17	9905689	10109842	2	2	sim75	Eso-AdenoCa	cna152
17	10109843	10131591	4	1	sim75	Eso-AdenoCa	cna153
17	10131592	11965311	2	0	sim75	Eso-AdenoCa	cna154
17	11965312	38983518	1	0	sim75	Eso-AdenoCa	cna155
17	38983519	38994417	2	2	sim75	Eso-AdenoCa	cna156
17	38994418	40483403	2	1	sim75	Eso-AdenoCa	cna157
17	40483404	49958877	2	2	sim75	Eso-AdenoCa	cna158
17	49958878	52169679	1	1	sim75	Eso-AdenoCa	cna159
17	52169680	52231204	1	0	sim75	Eso-AdenoCa	cna160
17	52231205	52242121	3	3	sim75	Eso-AdenoCa	cna161
17	52242122	52264041	4	2	sim75	Eso-AdenoCa	cna162
17	52264042	81195210	2	2	sim75	Eso-AdenoCa	cna163
18	1	2686076	2	1	sim75	Eso-AdenoCa	cna164
18	2686077	13600258	2	0	sim75	Eso-AdenoCa	cna165
18	13600259	13610909	3	2	sim75	Eso-AdenoCa	cna166
18	13610910	14170207	4	0	sim75	Eso-AdenoCa	cna167
18	14170208	57150939	1	0	sim75	Eso-AdenoCa	cna168
18	57150940	57172307	0	0	sim75	Eso-AdenoCa	cna169
18	57172308	74714882	3	0	sim75	Eso-AdenoCa	cna170
18	74714883	78077248	1	0	sim75	Eso-AdenoCa	cna171
19	1	59128983	2	1	sim75	Eso-AdenoCa	cna172
20	1	63025520	2	1	sim75	Eso-AdenoCa	cna173
21	1	13712001	4	2	sim75	Eso-AdenoCa	cna174
21	13712002	20536063	5	2	sim75	Eso-AdenoCa	cna175
21	20536064	36949359	2	1	sim75	Eso-AdenoCa	cna176
21	36949360	37073911	3	0	sim75	Eso-AdenoCa	cna177
21	37073912	48129895	1	1	sim75	Eso-AdenoCa	cna178
22	1	45827875	2	1	sim75	Eso-AdenoCa	cna179
22	45827876	51304566	2	2	sim75	Eso-AdenoCa	cna180
X	1	155270560	1	1	sim75	Eso-AdenoCa	cna181
Y	1	21510005	1	1	sim75	Eso-AdenoCa	cna182
Y	21510006	41130700	2	0	sim75	Eso-AdenoCa	cna183
Y	41130701	41207244	3	2	sim75	Eso-AdenoCa	cna184
Y	41207245	41670514	2	1	sim75	Eso-AdenoCa	cna185
Y	41670515	59373566	1	0	sim75	Eso-AdenoCa	cna186
