chrom	start	end	major_cn	minor_cn	donor_id	study	id
1	1	249250621	1	0	sim31	Eso-AdenoCa	cna0
2	1	18435445	1	0	sim31	Eso-AdenoCa	cna1
2	18435446	20504213	5	1	sim31	Eso-AdenoCa	cna2
2	20504214	86228140	1	0	sim31	Eso-AdenoCa	cna3
2	86228141	87616531	2	0	sim31	Eso-AdenoCa	cna4
2	87616532	87833952	1	0	sim31	Eso-AdenoCa	cna5
2	87833953	89023676	2	0	sim31	Eso-AdenoCa	cna6
2	89023677	89108891	2	2	sim31	Eso-AdenoCa	cna7
2	89108892	243199373	2	1	sim31	Eso-AdenoCa	cna8
3	1	18306195	2	2	sim31	Eso-AdenoCa	cna9
3	18306196	18548778	2	1	sim31	Eso-AdenoCa	cna10
3	18548779	113266558	2	2	sim31	Eso-AdenoCa	cna11
3	113266559	137285535	4	0	sim31	Eso-AdenoCa	cna12
3	137285536	198022430	1	1	sim31	Eso-AdenoCa	cna13
4	1	46363551	2	1	sim31	Eso-AdenoCa	cna14
4	46363552	61207350	3	1	sim31	Eso-AdenoCa	cna15
4	61207351	61229209	4	2	sim31	Eso-AdenoCa	cna16
4	61229210	62087582	4	0	sim31	Eso-AdenoCa	cna17
4	62087583	72699452	1	1	sim31	Eso-AdenoCa	cna18
4	72699453	85264133	1	0	sim31	Eso-AdenoCa	cna19
4	85264134	85625576	2	0	sim31	Eso-AdenoCa	cna20
4	85625577	86273368	3	1	sim31	Eso-AdenoCa	cna21
4	86273369	140925199	3	2	sim31	Eso-AdenoCa	cna22
4	140925200	141103375	2	1	sim31	Eso-AdenoCa	cna23
4	141103376	142068659	1	1	sim31	Eso-AdenoCa	cna24
4	142068660	143301818	2	2	sim31	Eso-AdenoCa	cna25
4	143301819	168270765	2	1	sim31	Eso-AdenoCa	cna26
4	168270766	177849684	2	0	sim31	Eso-AdenoCa	cna27
4	177849685	189704740	1	0	sim31	Eso-AdenoCa	cna28
4	189704741	190695530	2	1	sim31	Eso-AdenoCa	cna29
4	190695531	190939591	4	2	sim31	Eso-AdenoCa	cna30
4	190939592	191154276	3	0	sim31	Eso-AdenoCa	cna31
5	1	180915260	2	1	sim31	Eso-AdenoCa	cna32
6	1	61938129	2	1	sim31	Eso-AdenoCa	cna33
6	61938130	62266414	3	2	sim31	Eso-AdenoCa	cna34
6	62266415	62842688	1	0	sim31	Eso-AdenoCa	cna35
6	62842689	63462216	0	0	sim31	Eso-AdenoCa	cna36
6	63462217	66333049	1	1	sim31	Eso-AdenoCa	cna37
6	66333050	67301323	2	0	sim31	Eso-AdenoCa	cna38
6	67301324	68677493	1	3	sim31	Eso-AdenoCa	cna39
6	68677494	139433630	2	1	sim31	Eso-AdenoCa	cna40
6	139433631	166062892	1	0	sim31	Eso-AdenoCa	cna41
6	166062893	171052349	3	2	sim31	Eso-AdenoCa	cna42
6	171052350	171115067	2	1	sim31	Eso-AdenoCa	cna43
7	1	10973942	3	0	sim31	Eso-AdenoCa	cna44
7	10973943	75727251	2	0	sim31	Eso-AdenoCa	cna45
7	75727252	76332286	3	2	sim31	Eso-AdenoCa	cna46
7	76332287	137078002	2	1	sim31	Eso-AdenoCa	cna47
7	137078003	157108622	1	0	sim31	Eso-AdenoCa	cna48
7	157108623	158927693	3	1	sim31	Eso-AdenoCa	cna49
7	158927694	159138663	3	2	sim31	Eso-AdenoCa	cna50
8	1	133457	4	0	sim31	Eso-AdenoCa	cna51
8	133458	143975715	1	0	sim31	Eso-AdenoCa	cna52
8	143975716	145857401	2	2	sim31	Eso-AdenoCa	cna53
8	145857402	146095316	2	0	sim31	Eso-AdenoCa	cna54
8	146095317	146364022	2	2	sim31	Eso-AdenoCa	cna55
9	1	38068389	1	1	sim31	Eso-AdenoCa	cna56
9	38068390	58561135	2	1	sim31	Eso-AdenoCa	cna57
9	58561136	58698720	2	0	sim31	Eso-AdenoCa	cna58
9	58698721	59170196	3	1	sim31	Eso-AdenoCa	cna59
9	59170197	59214723	1	0	sim31	Eso-AdenoCa	cna60
9	59214724	78314227	2	2	sim31	Eso-AdenoCa	cna61
9	78314228	78338750	1	0	sim31	Eso-AdenoCa	cna62
9	78338751	141213431	2	2	sim31	Eso-AdenoCa	cna63
10	1	34427318	3	0	sim31	Eso-AdenoCa	cna64
10	34427319	40768309	1	1	sim31	Eso-AdenoCa	cna65
10	40768310	94925303	2	2	sim31	Eso-AdenoCa	cna66
10	94925304	98667252	2	1	sim31	Eso-AdenoCa	cna67
10	98667253	98913705	2	2	sim31	Eso-AdenoCa	cna68
10	98913706	112663457	2	1	sim31	Eso-AdenoCa	cna69
10	112663458	112794910	2	2	sim31	Eso-AdenoCa	cna70
10	112794911	114695942	2	1	sim31	Eso-AdenoCa	cna71
10	114695943	115233272	1	0	sim31	Eso-AdenoCa	cna72
10	115233273	115283566	2	0	sim31	Eso-AdenoCa	cna73
10	115283567	115294416	3	1	sim31	Eso-AdenoCa	cna74
10	115294417	118331497	2	0	sim31	Eso-AdenoCa	cna75
10	118331498	135420220	3	1	sim31	Eso-AdenoCa	cna76
10	135420221	135534747	1	1	sim31	Eso-AdenoCa	cna77
11	1	135006516	2	1	sim31	Eso-AdenoCa	cna78
12	1	78031323	2	1	sim31	Eso-AdenoCa	cna79
12	78031324	133825969	1	1	sim31	Eso-AdenoCa	cna80
12	133825970	133851895	0	0	sim31	Eso-AdenoCa	cna81
13	1	115169878	2	2	sim31	Eso-AdenoCa	cna82
14	1	15784597	2	2	sim31	Eso-AdenoCa	cna83
14	15784598	16360739	1	0	sim31	Eso-AdenoCa	cna84
14	16360740	16948979	2	0	sim31	Eso-AdenoCa	cna85
14	16948980	20112876	2	1	sim31	Eso-AdenoCa	cna86
14	20112877	23310293	3	1	sim31	Eso-AdenoCa	cna87
14	23310294	60876997	1	0	sim31	Eso-AdenoCa	cna88
14	60876998	61036908	4	0	sim31	Eso-AdenoCa	cna89
14	61036909	64173757	1	0	sim31	Eso-AdenoCa	cna90
14	64173758	107349540	2	0	sim31	Eso-AdenoCa	cna91
15	1	27544117	2	2	sim31	Eso-AdenoCa	cna92
15	27544118	29512678	2	0	sim31	Eso-AdenoCa	cna93
15	29512679	29570354	3	3	sim31	Eso-AdenoCa	cna94
15	29570355	34548433	2	1	sim31	Eso-AdenoCa	cna95
15	34548434	52293800	2	0	sim31	Eso-AdenoCa	cna96
15	52293801	102531392	1	0	sim31	Eso-AdenoCa	cna97
16	1	2000492	3	1	sim31	Eso-AdenoCa	cna98
16	2000493	55972450	2	1	sim31	Eso-AdenoCa	cna99
16	55972451	56187395	5	1	sim31	Eso-AdenoCa	cna100
16	56187396	90354753	2	0	sim31	Eso-AdenoCa	cna101
17	1	81195210	2	1	sim31	Eso-AdenoCa	cna102
18	1	78077248	2	1	sim31	Eso-AdenoCa	cna103
19	1	59066298	2	1	sim31	Eso-AdenoCa	cna104
19	59066299	59128983	2	0	sim31	Eso-AdenoCa	cna105
20	1	61498137	2	0	sim31	Eso-AdenoCa	cna106
20	61498138	62674921	1	0	sim31	Eso-AdenoCa	cna107
20	62674922	63025520	4	3	sim31	Eso-AdenoCa	cna108
21	1	48129895	2	3	sim31	Eso-AdenoCa	cna109
22	1	34081051	1	1	sim31	Eso-AdenoCa	cna110
22	34081052	34095690	2	2	sim31	Eso-AdenoCa	cna111
22	34095691	51304566	2	1	sim31	Eso-AdenoCa	cna112
X	1	76228382	2	2	sim31	Eso-AdenoCa	cna113
X	76228383	85770512	1	1	sim31	Eso-AdenoCa	cna114
X	85770513	85868938	1	0	sim31	Eso-AdenoCa	cna115
X	85868939	151094598	1	1	sim31	Eso-AdenoCa	cna116
X	151094599	153328732	4	1	sim31	Eso-AdenoCa	cna117
X	153328733	155270560	2	0	sim31	Eso-AdenoCa	cna118
