chrom1	start1	end1	chrom2	start2	end2	strand1	strand2	svclass	id	allele	donor_id	tumor
1	1	2	1	130899	130900	-	+	DUP	cna0	major	sim41	Eso-AdenoCa
1	130900	130901	1	1798008	1798009	+	-	DEL	cna1	minor	sim41	Eso-AdenoCa
1	1798009	1798010	1	3504407	3504408	-	+	DUP	cna2	major	sim41	Eso-AdenoCa
1	1798009	1798010	1	3504407	3504408	-	+	DUP	cna2	minor	sim41	Eso-AdenoCa
1	3504408	3504409	1	3771503	3771504	-	+	DUP	cna3	major	sim41	Eso-AdenoCa
1	3504408	3504409	1	3771503	3771504	+	-	DEL	cna3	minor	sim41	Eso-AdenoCa
1	3771504	3771505	1	4961928	4961929	-	+	DUP	cna4	major	sim41	Eso-AdenoCa
1	3771504	3771505	1	4961928	4961929	+	-	DEL	cna4	minor	sim41	Eso-AdenoCa
1	4961929	4961930	1	18294443	18294444	+	-	DEL	cna5	major	sim41	Eso-AdenoCa
1	4961929	4961930	1	18294443	18294444	+	-	DEL	cna5	minor	sim41	Eso-AdenoCa
1	18294444	18294445	1	19092204	19092205	+	-	DEL	cna6	minor	sim41	Eso-AdenoCa
1	19092205	19092206	1	20157973	20157974	-	+	DUP	cna7	major	sim41	Eso-AdenoCa
1	20157974	20157975	1	22490875	22490876	-	+	DUP	cna8	major	sim41	Eso-AdenoCa
1	20157974	20157975	1	22490875	22490876	-	+	DUP	cna8	minor	sim41	Eso-AdenoCa
1	22490876	22490877	1	23940304	23940305	-	+	DUP	cna9	major	sim41	Eso-AdenoCa
1	22864900	22864901	1	22874904	22874905	+	+	h2hINV	cna9	major	sim41	Eso-AdenoCa
1	23940305	23940306	1	24084071	24084072	+	-	DEL	cna10	minor	sim41	Eso-AdenoCa
1	24084072	24084073	1	28149034	28149035	-	+	DUP	cna11	major	sim41	Eso-AdenoCa
1	24084072	24084073	1	28149034	28149035	-	+	DUP	cna11	minor	sim41	Eso-AdenoCa
1	28149035	28149036	1	44292638	44292639	-	+	DUP	cna12	major	sim41	Eso-AdenoCa
1	29136500	29136501	1	29146503	29146504	+	+	h2hINV	cna12	minor	sim41	Eso-AdenoCa
1	44292639	44292640	1	77447642	77447643	-	+	DUP	cna13	major	sim41	Eso-AdenoCa
1	44292639	44292640	1	77447642	77447643	-	+	DUP	cna13	minor	sim41	Eso-AdenoCa
1	49285300	49285301	1	49631472	49631473	-	-	t2tINV	cna13	major	sim41	Eso-AdenoCa
1	77447643	77447644	1	77560673	77560674	-	+	DUP	cna14	major	sim41	Eso-AdenoCa
1	77447643	77447644	1	77560673	77560674	-	+	DUP	cna14	minor	sim41	Eso-AdenoCa
1	77560674	77560675	1	77924984	77924985	-	+	DUP	cna15	major	sim41	Eso-AdenoCa
1	77560674	77560675	1	77924984	77924985	-	+	DUP	cna15	minor	sim41	Eso-AdenoCa
1	77924985	77924986	1	77935847	77935848	-	+	DUP	cna16	major	sim41	Eso-AdenoCa
1	77924985	77924986	1	77935847	77935848	-	+	DUP	cna16	minor	sim41	Eso-AdenoCa
1	77935848	77935849	1	211897851	211897852	-	+	DUP	cna17	major	sim41	Eso-AdenoCa
1	77935848	77935849	1	211897851	211897852	+	-	DEL	cna17	minor	sim41	Eso-AdenoCa
1	77935848	93909801	3	71256874	103079772	+	+	TRA	cna17,cna62	minor,major	sim41	Eso-AdenoCa
1	77935848	160219759	17	63316574	72680237	+	+	TRA	cna284,cna17	major,major	sim41	Eso-AdenoCa
1	98957900	98957901	1	98967912	98967913	-	-	t2tINV	cna17	major	sim41	Eso-AdenoCa
1	119640100	119640101	1	130043002	130043003	-	-	t2tINV	cna17	major	sim41	Eso-AdenoCa
1	166636700	166636701	1	166646703	166646704	-	-	t2tINV	cna17	major	sim41	Eso-AdenoCa
1	168651300	168651301	1	184378876	184378877	-	-	t2tINV	cna17	major	sim41	Eso-AdenoCa
1	174220799	211897851	13	26697599	26841132	-	-	TRA	cna239,cna17	major,major	sim41	Eso-AdenoCa
1	177449000	177449001	1	202115506	202115507	-	-	t2tINV	cna17	major	sim41	Eso-AdenoCa
1	204051000	204051001	1	204061039	204061040	-	-	t2tINV	cna17	major	sim41	Eso-AdenoCa
1	211897852	211897853	1	212174578	212174579	-	+	DUP	cna18	major	sim41	Eso-AdenoCa
1	212174579	212174580	1	213984605	213984606	-	+	DUP	cna19	major	sim41	Eso-AdenoCa
1	212174579	212174580	1	213984605	213984606	+	-	DEL	cna19	minor	sim41	Eso-AdenoCa
1	213984606	213984607	1	214336871	214336872	-	+	DUP	cna20	major	sim41	Eso-AdenoCa
1	214336872	214336873	1	214599572	214599573	-	+	DUP	cna21	major	sim41	Eso-AdenoCa
1	214599573	214599574	1	217347719	217347720	-	+	DUP	cna22	major	sim41	Eso-AdenoCa
1	217347720	217347721	1	217659895	217659896	+	-	DEL	cna23	major	sim41	Eso-AdenoCa
1	217347720	217347721	1	217659895	217659896	+	-	DEL	cna23	minor	sim41	Eso-AdenoCa
1	217882608	217882609	1	243965718	243965719	+	-	DEL	cna25	minor	sim41	Eso-AdenoCa
1	243965719	243965720	1	249250621	249250622	-	+	DUP	cna26	major	sim41	Eso-AdenoCa
1	243965719	243965720	1	249250621	249250622	-	+	DUP	cna26	minor	sim41	Eso-AdenoCa
2	1	2	2	56836951	56836952	+	-	DEL	cna27	minor	sim41	Eso-AdenoCa
2	7250079	7250080	2	8691124	8691125	+	+	h2hINV	cna27	major	sim41	Eso-AdenoCa
2	36323117	56836951	14	1	101219922	-	+	TRA	cna259,cna27	major,minor	sim41	Eso-AdenoCa
2	56836952	56836953	2	66358305	66358306	-	+	DUP	cna28	major	sim41	Eso-AdenoCa
2	62697779	62697780	2	62718147	62718148	+	+	h2hINV	cna28	minor	sim41	Eso-AdenoCa
2	66358306	66358307	2	67090500	67090501	-	+	DUP	cna29	major	sim41	Eso-AdenoCa
2	67090501	67090502	2	67232677	67232678	-	+	DUP	cna30	major	sim41	Eso-AdenoCa
2	67090501	67090502	2	67232677	67232678	+	-	DEL	cna30	minor	sim41	Eso-AdenoCa
2	67232678	67232679	2	68132029	68132030	+	-	DEL	cna31	minor	sim41	Eso-AdenoCa
2	68132030	68132031	2	68257841	68257842	-	+	DUP	cna32	major	sim41	Eso-AdenoCa
2	68132030	68132031	2	68257841	68257842	+	-	DEL	cna32	minor	sim41	Eso-AdenoCa
2	68257842	68257843	2	89722068	89722069	-	+	DUP	cna33	major	sim41	Eso-AdenoCa
2	89722069	89722070	2	130755330	130755331	-	+	DUP	cna34	major	sim41	Eso-AdenoCa
2	89722069	113865880	9	127386218	139678083	+	-	TRA	cna34,cna155	minor,minor	sim41	Eso-AdenoCa
2	130755331	130755332	2	130888661	130888662	-	+	DUP	cna35	major	sim41	Eso-AdenoCa
2	130888662	130888663	2	138125672	138125673	-	+	DUP	cna36	major	sim41	Eso-AdenoCa
2	130888662	130888663	2	138125672	138125673	-	+	DUP	cna36	minor	sim41	Eso-AdenoCa
2	138125673	138125674	2	184402415	184402416	-	+	DUP	cna37	major	sim41	Eso-AdenoCa
2	138125673	138125674	2	184402415	184402416	+	-	DEL	cna37	minor	sim41	Eso-AdenoCa
2	163440698	184402415	14	68309621	107349540	-	-	TRA	cna259,cna37	minor,major	sim41	Eso-AdenoCa
2	183953779	183953780	2	186087667	186087668	-	-	t2tINV	cna42	major	sim41	Eso-AdenoCa
2	184402416	184402417	2	184798006	184798007	-	+	DUP	cna38	major	sim41	Eso-AdenoCa
2	184798007	184798008	2	184899841	184899842	-	+	DUP	cna39	major	sim41	Eso-AdenoCa
2	184899842	184899843	2	185483542	185483543	-	+	DUP	cna40	major	sim41	Eso-AdenoCa
2	184899842	184899843	2	185483542	185483543	-	+	DUP	cna40	minor	sim41	Eso-AdenoCa
2	185483543	185483544	2	185788560	185788561	-	+	DUP	cna41	major	sim41	Eso-AdenoCa
2	185483543	185483544	2	185788560	185788561	-	+	DUP	cna41	minor	sim41	Eso-AdenoCa
2	185788561	185788562	2	198564729	198564730	-	+	DUP	cna42	major	sim41	Eso-AdenoCa
2	195216579	198564729	10	24358971	24897754	-	-	TRA	cna42,cna163	major,major	sim41	Eso-AdenoCa
2	198564730	198564731	2	209909466	209909467	-	+	DUP	cna43	major	sim41	Eso-AdenoCa
2	209909467	209909468	2	226640936	226640937	-	+	DUP	cna44	major	sim41	Eso-AdenoCa
2	209909467	209909468	2	226640936	226640937	+	-	DEL	cna44	minor	sim41	Eso-AdenoCa
2	209909467	211768133	18	21514726	71971782	+	-	TRA	cna288,cna44	major,minor	sim41	Eso-AdenoCa
2	226640937	226640938	2	227264056	227264057	-	+	DUP	cna45	major	sim41	Eso-AdenoCa
2	226640937	226640938	2	227264056	227264057	-	+	DUP	cna45	minor	sim41	Eso-AdenoCa
2	227264057	227264058	2	231506451	231506452	-	+	DUP	cna46	major	sim41	Eso-AdenoCa
2	231506452	231506453	2	233114322	233114323	-	+	DUP	cna47	major	sim41	Eso-AdenoCa
2	231506452	231506453	2	233114322	233114323	+	-	DEL	cna47	minor	sim41	Eso-AdenoCa
2	233114323	233114324	2	233162262	233162263	-	+	DUP	cna48	major	sim41	Eso-AdenoCa
2	233162263	233162264	2	233172394	233172395	-	+	DUP	cna49	major	sim41	Eso-AdenoCa
2	233172395	233172396	2	233434537	233434538	-	+	DUP	cna50	major	sim41	Eso-AdenoCa
2	233434538	233434539	2	237669458	237669459	-	+	DUP	cna51	major	sim41	Eso-AdenoCa
2	233434538	233434539	2	237669458	237669459	-	+	DUP	cna51	minor	sim41	Eso-AdenoCa
2	237669459	237669460	2	242847324	242847325	-	+	DUP	cna52	major	sim41	Eso-AdenoCa
2	237669459	237669460	2	242847324	242847325	+	-	DEL	cna52	minor	sim41	Eso-AdenoCa
2	242847325	242847326	2	243010065	243010066	-	+	DUP	cna53	major	sim41	Eso-AdenoCa
2	243010066	243010067	2	243139578	243139579	-	+	DUP	cna54	major	sim41	Eso-AdenoCa
2	243010066	243010067	2	243139578	243139579	+	-	DEL	cna54	minor	sim41	Eso-AdenoCa
2	243139579	243139580	2	243199373	243199374	-	+	DUP	cna55	major	sim41	Eso-AdenoCa
3	1	2	3	32769620	32769621	-	+	DUP	cna56	major	sim41	Eso-AdenoCa
3	14391906	14391907	3	23877296	23877297	-	-	t2tINV	cna56	major	sim41	Eso-AdenoCa
3	32769621	32769622	3	32801426	32801427	+	-	DEL	cna57	minor	sim41	Eso-AdenoCa
3	32801427	32801428	3	32841867	32841868	-	+	DUP	cna58	major	sim41	Eso-AdenoCa
3	32801427	32801428	3	32841867	32841868	+	-	DEL	cna58	minor	sim41	Eso-AdenoCa
3	32841868	32841869	3	44385188	44385189	+	-	DEL	cna59	minor	sim41	Eso-AdenoCa
3	44385189	44385190	3	44645338	44645339	-	+	DUP	cna60	major	sim41	Eso-AdenoCa
3	44645339	44645340	3	71256873	71256874	-	+	DUP	cna61	major	sim41	Eso-AdenoCa
3	44645339	44645340	3	71256873	71256874	-	+	DUP	cna61	minor	sim41	Eso-AdenoCa
3	45223306	45223307	3	45233315	45233316	-	-	t2tINV	cna61	minor	sim41	Eso-AdenoCa
3	71256874	71256875	3	196096485	196096486	-	+	DUP	cna62	major	sim41	Eso-AdenoCa
3	71256874	71256875	3	196096485	196096486	+	-	DEL	cna62	minor	sim41	Eso-AdenoCa
3	71318406	71318407	3	71328416	71328417	-	-	t2tINV	cna62	major	sim41	Eso-AdenoCa
3	78650406	78650407	3	87944030	87944031	-	-	t2tINV	cna62	major	sim41	Eso-AdenoCa
3	85932406	85932407	3	99490110	99490111	-	-	t2tINV	cna62	major	sim41	Eso-AdenoCa
3	96714006	196096485	5	97527046	102285039	-	+	TRA	cna62,cna88	major,minor	sim41	Eso-AdenoCa
3	106309806	106309807	3	106799910	106799911	-	-	t2tINV	cna62	major	sim41	Eso-AdenoCa
3	115347206	115347207	3	115357211	115357212	-	-	t2tINV	cna62	major	sim41	Eso-AdenoCa
3	170922706	170922707	3	170932707	170932708	+	+	h2hINV	cna62	major	sim41	Eso-AdenoCa
3	196096486	196096487	3	198022430	198022431	-	+	DUP	cna63	major	sim41	Eso-AdenoCa
4	26029376	26029377	4	26039387	26039388	-	-	t2tINV	cna64	minor	sim41	Eso-AdenoCa
4	30412176	30412177	4	44459066	44459067	-	-	t2tINV	cna64	major	sim41	Eso-AdenoCa
4	53139576	53139577	4	55347752	55347753	+	+	h2hINV	cna64	minor	sim41	Eso-AdenoCa
4	65811105	191154276	12	44369694	45412500	-	-	TRA	cna210,cna64	major,minor	sim41	Eso-AdenoCa
4	92106392	191154276	11	4113129	6740511	-	+	TRA	cna175,cna64	major,major	sim41	Eso-AdenoCa
4	166493876	166493877	4	166815698	166815699	+	+	h2hINV	cna64	minor	sim41	Eso-AdenoCa
4	168945876	168945877	4	169290579	169290580	-	-	t2tINV	cna64	major	sim41	Eso-AdenoCa
5	1828800	1828801	5	3244248	3244249	+	+	h2hINV	cna65	minor	sim41	Eso-AdenoCa
5	3967231	3967232	5	8275791	8275792	-	+	DUP	cna66	major	sim41	Eso-AdenoCa
5	3967231	3967232	5	8275791	8275792	+	-	DEL	cna66	minor	sim41	Eso-AdenoCa
5	6636800	6636801	5	6747601	6747602	-	-	t2tINV	cna66	major	sim41	Eso-AdenoCa
5	8275792	8275793	5	22713363	22713364	-	+	DUP	cna67	major	sim41	Eso-AdenoCa
5	22713364	22713365	5	27445179	27445180	-	+	DUP	cna68	major	sim41	Eso-AdenoCa
5	22713364	22713365	5	27445179	27445180	+	-	DEL	cna68	minor	sim41	Eso-AdenoCa
5	24786800	24786801	5	24796807	24796808	-	-	t2tINV	cna68	major	sim41	Eso-AdenoCa
5	27445180	27445181	5	27716397	27716398	+	-	DEL	cna69	major	sim41	Eso-AdenoCa
5	27445180	27445181	5	27716397	27716398	+	-	DEL	cna69	minor	sim41	Eso-AdenoCa
5	27716398	27716399	5	27790182	27790183	-	+	DUP	cna70	major	sim41	Eso-AdenoCa
5	27716398	27716399	5	27790182	27790183	+	-	DEL	cna70	minor	sim41	Eso-AdenoCa
5	27790183	27790184	5	40287979	40287980	+	-	DEL	cna71	minor	sim41	Eso-AdenoCa
5	28955400	40287979	6	11244565	111648829	-	-	TRA	cna71,cna95	minor,major	sim41	Eso-AdenoCa
5	40287980	40287981	5	40337233	40337234	-	+	DUP	cna72	major	sim41	Eso-AdenoCa
5	40337234	40337235	5	43988646	43988647	-	+	DUP	cna73	major	sim41	Eso-AdenoCa
5	40337234	40337235	5	43988646	43988647	-	+	DUP	cna73	minor	sim41	Eso-AdenoCa
5	40337234	42164897	19	40517378	59128983	+	-	TRA	cna291,cna73	minor,major	sim41	Eso-AdenoCa
5	43988647	43988648	5	44130969	44130970	-	+	DUP	cna74	major	sim41	Eso-AdenoCa
5	44130970	44130971	5	46269729	46269730	+	-	DEL	cna75	minor	sim41	Eso-AdenoCa
5	46269730	46269731	5	57004935	57004936	-	+	DUP	cna76	major	sim41	Eso-AdenoCa
5	46269730	46269731	5	57004935	57004936	+	-	DEL	cna76	minor	sim41	Eso-AdenoCa
5	57004936	57004937	5	57016681	57016682	+	-	DEL	cna77	minor	sim41	Eso-AdenoCa
5	57016682	57016683	5	57041695	57041696	+	-	DEL	cna78	major	sim41	Eso-AdenoCa
5	57016682	57016683	5	57041695	57041696	+	-	DEL	cna78	minor	sim41	Eso-AdenoCa
5	57041696	57041697	5	58897602	58897603	-	+	DUP	cna79	major	sim41	Eso-AdenoCa
5	57041696	57041697	5	58897602	58897603	-	+	DUP	cna79	minor	sim41	Eso-AdenoCa
5	58897603	58897604	5	80332046	80332047	-	+	DUP	cna80	major	sim41	Eso-AdenoCa
5	58897603	58897604	5	80332046	80332047	+	-	DEL	cna80	minor	sim41	Eso-AdenoCa
5	59892900	59892901	5	111335270	111335271	-	-	t2tINV	cna89	major	sim41	Eso-AdenoCa
5	80332047	80332048	5	94297900	94297901	+	-	DEL	cna81	minor	sim41	Eso-AdenoCa
5	94952703	94952704	5	95090018	95090019	-	+	DUP	cna83	major	sim41	Eso-AdenoCa
5	95090019	95090020	5	95308294	95308295	-	+	DUP	cna84	major	sim41	Eso-AdenoCa
5	95090019	95090020	5	95308294	95308295	-	+	DUP	cna84	minor	sim41	Eso-AdenoCa
5	95308295	95308296	5	97139696	97139697	-	+	DUP	cna85	major	sim41	Eso-AdenoCa
5	95308295	95308296	5	97139696	97139697	-	+	DUP	cna85	minor	sim41	Eso-AdenoCa
5	97139697	97139698	5	97233256	97233257	-	+	DUP	cna86	major	sim41	Eso-AdenoCa
5	97233257	97233258	5	97527045	97527046	-	+	DUP	cna87	major	sim41	Eso-AdenoCa
5	97527046	97527047	5	103231088	103231089	-	+	DUP	cna88	major	sim41	Eso-AdenoCa
5	103231089	103231090	5	159816262	159816263	-	+	DUP	cna89	major	sim41	Eso-AdenoCa
5	103231089	103231090	5	159816262	159816263	+	-	DEL	cna89	minor	sim41	Eso-AdenoCa
5	129786600	129786601	5	129796604	129796605	-	-	t2tINV	cna89	major	sim41	Eso-AdenoCa
5	158839700	158839701	5	158849707	158849708	-	-	t2tINV	cna89	major	sim41	Eso-AdenoCa
5	159816263	159816264	5	160501160	160501161	-	+	DUP	cna90	major	sim41	Eso-AdenoCa
5	160501161	160501162	5	162317590	162317591	-	+	DUP	cna91	major	sim41	Eso-AdenoCa
5	162317591	162317592	5	164391033	164391034	-	+	DUP	cna92	major	sim41	Eso-AdenoCa
5	162317591	162317592	5	164391033	164391034	+	-	DEL	cna92	minor	sim41	Eso-AdenoCa
5	164391034	164391035	5	170963647	170963648	-	+	DUP	cna93	major	sim41	Eso-AdenoCa
5	164391034	164391035	5	170963647	170963648	-	+	DUP	cna93	minor	sim41	Eso-AdenoCa
5	167847000	167847001	5	167935382	167935383	-	-	t2tINV	cna93	major	sim41	Eso-AdenoCa
5	170963648	170963649	5	180915260	180915261	-	+	DUP	cna94	major	sim41	Eso-AdenoCa
6	1	2	6	111648829	111648830	-	+	DUP	cna95	major	sim41	Eso-AdenoCa
6	3192140	3192141	6	3202147	3202148	-	-	t2tINV	cna95	minor	sim41	Eso-AdenoCa
6	30592640	30592641	6	39508987	39508988	-	-	t2tINV	cna95	minor	sim41	Eso-AdenoCa
6	48631540	48631541	6	50167894	50167895	-	-	t2tINV	cna95	major	sim41	Eso-AdenoCa
6	68076340	68076341	6	74757499	74757500	+	+	h2hINV	cna95	minor	sim41	Eso-AdenoCa
6	70604440	70604441	6	70614447	70614448	+	+	h2hINV	cna95	major	sim41	Eso-AdenoCa
6	100488140	100488141	6	101706970	101706971	-	-	t2tINV	cna95	minor	sim41	Eso-AdenoCa
6	103955140	103955141	6	154872689	154872690	-	-	t2tINV	cna97	major	sim41	Eso-AdenoCa
6	111648830	111648831	6	111677155	111677156	-	+	DUP	cna96	major	sim41	Eso-AdenoCa
6	111677156	111677157	6	171052979	171052980	-	+	DUP	cna97	major	sim41	Eso-AdenoCa
6	111677156	111677157	6	171052979	171052980	+	-	DEL	cna97	minor	sim41	Eso-AdenoCa
6	112540640	171052979	8	108051673	108496643	-	-	TRA	cna97,cna139	major,major	sim41	Eso-AdenoCa
6	126284140	126284141	6	130931126	130931127	+	+	h2hINV	cna97	major	sim41	Eso-AdenoCa
6	142521840	142521841	6	146178683	146178684	-	-	t2tINV	cna97	major	sim41	Eso-AdenoCa
6	150506740	150506741	6	157352097	157352098	-	-	t2tINV	cna97	major	sim41	Eso-AdenoCa
6	171052980	171052981	6	171115067	171115068	-	+	DUP	cna98	major	sim41	Eso-AdenoCa
6	171052980	171052981	6	171115067	171115068	-	+	DUP	cna98	minor	sim41	Eso-AdenoCa
7	1	2	7	18768096	18768097	-	+	DUP	cna99	major	sim41	Eso-AdenoCa
7	14865473	14865474	7	15141124	15141125	-	-	t2tINV	cna99	major	sim41	Eso-AdenoCa
7	18768097	18768098	7	64009699	64009700	-	+	DUP	cna100	major	sim41	Eso-AdenoCa
7	18768097	18768098	7	64009699	64009700	+	-	DEL	cna100	minor	sim41	Eso-AdenoCa
7	22901573	64009699	20	18621653	63025520	-	-	TRA	cna100,cna292	major,major	sim41	Eso-AdenoCa
7	34289973	34289974	7	37382500	37382501	-	-	t2tINV	cna100	major	sim41	Eso-AdenoCa
7	64009700	64009701	7	64116278	64116279	+	-	DEL	cna101	minor	sim41	Eso-AdenoCa
7	64116279	64116280	7	64283838	64283839	+	-	DEL	cna102	major	sim41	Eso-AdenoCa
7	64116279	64116280	7	64283838	64283839	+	-	DEL	cna102	minor	sim41	Eso-AdenoCa
7	64283839	64283840	7	98789260	98789261	-	+	DUP	cna103	major	sim41	Eso-AdenoCa
7	64283839	64283840	7	98789260	98789261	+	-	DEL	cna103	minor	sim41	Eso-AdenoCa
7	67746373	67746374	7	70324392	70324393	-	-	t2tINV	cna103	major	sim41	Eso-AdenoCa
7	68286473	68286474	7	71542232	71542233	+	+	h2hINV	cna103	major	sim41	Eso-AdenoCa
7	98789261	98789262	7	98800175	98800176	+	-	DEL	cna104	minor	sim41	Eso-AdenoCa
7	98800176	98800177	7	99648315	99648316	+	-	DEL	cna105	major	sim41	Eso-AdenoCa
7	99648316	99648317	7	104588449	104588450	+	-	DEL	cna106	minor	sim41	Eso-AdenoCa
7	104588450	104588451	7	113498144	113498145	-	+	DUP	cna107	major	sim41	Eso-AdenoCa
7	104588450	104588451	7	113498144	113498145	+	-	DEL	cna107	minor	sim41	Eso-AdenoCa
7	112228054	113498144	18	53824426	71971782	-	-	TRA	cna288,cna107	major,minor	sim41	Eso-AdenoCa
7	113498145	113498146	7	113551808	113551809	-	+	DUP	cna108	major	sim41	Eso-AdenoCa
7	113551809	113551810	7	121671898	121671899	+	-	DEL	cna109	minor	sim41	Eso-AdenoCa
7	121671899	121671900	7	121682775	121682776	-	+	DUP	cna110	major	sim41	Eso-AdenoCa
7	121671899	121671900	7	121682775	121682776	+	-	DEL	cna110	minor	sim41	Eso-AdenoCa
7	121682776	121682777	7	121815207	121815208	+	-	DEL	cna111	minor	sim41	Eso-AdenoCa
7	121815208	121815209	7	130980851	130980852	-	+	DUP	cna112	major	sim41	Eso-AdenoCa
7	121877673	121877674	7	125550121	125550122	-	-	t2tINV	cna112	major	sim41	Eso-AdenoCa
7	130980852	130980853	7	131419321	131419322	-	+	DUP	cna113	major	sim41	Eso-AdenoCa
7	130980852	130980853	7	131419321	131419322	+	-	DEL	cna113	minor	sim41	Eso-AdenoCa
7	131419322	131419323	7	145478091	145478092	-	+	DUP	cna114	major	sim41	Eso-AdenoCa
7	131419322	131419323	7	145478091	145478092	+	-	DEL	cna114	minor	sim41	Eso-AdenoCa
7	145478092	145478093	7	145498811	145498812	-	+	DUP	cna115	major	sim41	Eso-AdenoCa
7	145498812	145498813	7	146375620	146375621	-	+	DUP	cna116	major	sim41	Eso-AdenoCa
7	146375621	146375622	7	146548995	146548996	-	+	DUP	cna117	major	sim41	Eso-AdenoCa
7	146548996	146548997	7	146741633	146741634	-	+	DUP	cna118	major	sim41	Eso-AdenoCa
7	146741634	146741635	7	146789915	146789916	-	+	DUP	cna119	major	sim41	Eso-AdenoCa
7	146789916	146789917	7	146946464	146946465	-	+	DUP	cna120	major	sim41	Eso-AdenoCa
7	146789916	146789917	7	146946464	146946465	+	-	DEL	cna120	minor	sim41	Eso-AdenoCa
7	146946465	146946466	7	148956293	148956294	-	+	DUP	cna121	major	sim41	Eso-AdenoCa
7	158392584	158392585	7	158403465	158403466	-	+	DUP	cna123	major	sim41	Eso-AdenoCa
7	158403466	158403467	7	159108089	159108090	-	+	DUP	cna124	major	sim41	Eso-AdenoCa
7	158403466	158403467	7	159108089	159108090	+	-	DEL	cna124	minor	sim41	Eso-AdenoCa
7	159108090	159108091	7	159138663	159138664	-	+	DUP	cna125	major	sim41	Eso-AdenoCa
8	1	2	8	9406708	9406709	-	+	DUP	cna126	major	sim41	Eso-AdenoCa
8	1	2	8	9406708	9406709	+	-	DEL	cna126	minor	sim41	Eso-AdenoCa
8	9406709	9406710	8	11861759	11861760	-	+	DUP	cna127	major	sim41	Eso-AdenoCa
8	11861760	11861761	8	11906007	11906008	-	+	DUP	cna128	major	sim41	Eso-AdenoCa
8	11861760	11861761	8	11906007	11906008	-	+	DUP	cna128	minor	sim41	Eso-AdenoCa
8	11906008	11906009	8	12269413	12269414	-	+	DUP	cna129	major	sim41	Eso-AdenoCa
8	12269414	12269415	8	17251272	17251273	+	-	DEL	cna130	minor	sim41	Eso-AdenoCa
8	12269414	12470111	16	32618238	63595307	+	+	TRA	cna130,cna272	minor,minor	sim41	Eso-AdenoCa
8	17251273	17251274	8	29267694	29267695	-	+	DUP	cna131	major	sim41	Eso-AdenoCa
8	20332210	20332211	8	32043332	32043333	-	-	t2tINV	cna132	major	sim41	Eso-AdenoCa
8	29267695	29267696	8	38395486	38395487	+	-	DEL	cna132	minor	sim41	Eso-AdenoCa
8	38395487	38395488	8	58458424	58458425	-	+	DUP	cna133	major	sim41	Eso-AdenoCa
8	38395487	38395488	8	58458424	58458425	+	-	DEL	cna133	minor	sim41	Eso-AdenoCa
8	43156410	58458424	13	26841133	34444321	-	+	TRA	cna133,cna240	major,major	sim41	Eso-AdenoCa
8	51110510	51110511	8	51120514	51120515	-	-	t2tINV	cna133	major	sim41	Eso-AdenoCa
8	58062510	58062511	8	58552855	58552856	-	-	t2tINV	cna134	major	sim41	Eso-AdenoCa
8	58458425	58458426	8	61337363	61337364	-	+	DUP	cna134	major	sim41	Eso-AdenoCa
8	58458425	58458426	8	61337363	61337364	-	+	DUP	cna134	minor	sim41	Eso-AdenoCa
8	61337364	61337365	8	61392570	61392571	-	+	DUP	cna135	major	sim41	Eso-AdenoCa
8	61392571	61392572	8	61554646	61554647	-	+	DUP	cna136	major	sim41	Eso-AdenoCa
8	61392571	61392572	8	61554646	61554647	+	-	DEL	cna136	minor	sim41	Eso-AdenoCa
8	61554647	61554648	8	66348133	66348134	-	+	DUP	cna137	major	sim41	Eso-AdenoCa
8	61554647	61554648	8	66348133	66348134	-	+	DUP	cna137	minor	sim41	Eso-AdenoCa
8	66348134	66348135	8	68911541	68911542	+	-	DEL	cna138	major	sim41	Eso-AdenoCa
8	66348134	66348135	8	68911541	68911542	+	-	DEL	cna138	minor	sim41	Eso-AdenoCa
8	68911542	68911543	8	108496643	108496644	-	+	DUP	cna139	major	sim41	Eso-AdenoCa
8	68911542	68911543	8	108496643	108496644	-	+	DUP	cna139	minor	sim41	Eso-AdenoCa
8	68911542	86372811	9	114997275	130267496	+	+	TRA	cna139,cna155	major,major	sim41	Eso-AdenoCa
8	108496644	108496645	8	118339827	118339828	-	+	DUP	cna140	major	sim41	Eso-AdenoCa
8	115851910	115851911	8	115933778	115933779	+	+	h2hINV	cna140	major	sim41	Eso-AdenoCa
8	117293010	117293011	8	120596303	120596304	-	-	t2tINV	cna141	major	sim41	Eso-AdenoCa
8	118339828	118339829	8	131282675	131282676	-	+	DUP	cna141	major	sim41	Eso-AdenoCa
8	118339828	118339829	8	131282675	131282676	+	-	DEL	cna141	minor	sim41	Eso-AdenoCa
8	118836910	118836911	8	118846921	118846922	-	-	t2tINV	cna141	major	sim41	Eso-AdenoCa
8	131282676	131282677	8	145960635	145960636	-	+	DUP	cna142	major	sim41	Eso-AdenoCa
8	145960636	145960637	8	146003558	146003559	-	+	DUP	cna143	major	sim41	Eso-AdenoCa
8	146003559	146003560	8	146175778	146175779	-	+	DUP	cna144	major	sim41	Eso-AdenoCa
8	146003559	146003560	8	146175778	146175779	+	-	DEL	cna144	minor	sim41	Eso-AdenoCa
8	146175779	146175780	8	146250518	146250519	-	+	DUP	cna145	major	sim41	Eso-AdenoCa
8	146250519	146250520	8	146364022	146364023	-	+	DUP	cna146	major	sim41	Eso-AdenoCa
9	1	2	9	652151	652152	-	+	DUP	cna147	major	sim41	Eso-AdenoCa
9	652152	652153	9	2228722	2228723	-	+	DUP	cna148	major	sim41	Eso-AdenoCa
9	2228723	2228724	9	39105930	39105931	-	+	DUP	cna149	major	sim41	Eso-AdenoCa
9	2228723	2228724	9	39105930	39105931	+	-	DEL	cna149	minor	sim41	Eso-AdenoCa
9	22045688	22045689	9	45992617	45992618	-	-	t2tINV	cna152	minor	sim41	Eso-AdenoCa
9	27313088	27313089	9	27377099	27377100	-	-	t2tINV	cna149	major	sim41	Eso-AdenoCa
9	39105931	39105932	9	41445239	41445240	+	-	DEL	cna150	minor	sim41	Eso-AdenoCa
9	41445240	41445241	9	41514268	41514269	-	+	DUP	cna151	major	sim41	Eso-AdenoCa
9	41445240	41445241	9	41514268	41514269	-	+	DUP	cna151	minor	sim41	Eso-AdenoCa
9	41514269	41514270	9	55364261	55364262	-	+	DUP	cna152	major	sim41	Eso-AdenoCa
9	55364262	55364263	9	114963011	114963012	-	+	DUP	cna153	major	sim41	Eso-AdenoCa
9	55364262	55364263	9	114963011	114963012	+	-	DEL	cna153	minor	sim41	Eso-AdenoCa
9	92723988	92723989	9	127251760	127251761	-	-	t2tINV	cna155	major	sim41	Eso-AdenoCa
9	114963012	114963013	9	114997274	114997275	-	+	DUP	cna154	major	sim41	Eso-AdenoCa
9	114963012	114963013	9	114997274	114997275	-	+	DUP	cna154	minor	sim41	Eso-AdenoCa
9	114997275	114997276	9	139678083	139678084	+	-	DEL	cna155	minor	sim41	Eso-AdenoCa
9	130321288	130321289	9	133259401	133259402	+	+	h2hINV	cna155	major	sim41	Eso-AdenoCa
9	139678084	139678085	9	141213431	141213432	-	+	DUP	cna156	major	sim41	Eso-AdenoCa
10	1	2	10	4007695	4007696	-	+	DUP	cna157	major	sim41	Eso-AdenoCa
10	4007696	4007697	10	22470808	22470809	-	+	DUP	cna158	major	sim41	Eso-AdenoCa
10	4007696	4007697	10	22470808	22470809	-	+	DUP	cna158	minor	sim41	Eso-AdenoCa
10	22470809	22470810	10	22589984	22589985	-	+	DUP	cna159	major	sim41	Eso-AdenoCa
10	22470809	22470810	10	22589984	22589985	+	-	DEL	cna159	minor	sim41	Eso-AdenoCa
10	22589985	22589986	10	22673550	22673551	-	+	DUP	cna160	major	sim41	Eso-AdenoCa
10	22673551	22673552	10	23848203	23848204	+	-	DEL	cna161	minor	sim41	Eso-AdenoCa
10	23848204	23848205	10	24150121	24150122	-	+	DUP	cna162	major	sim41	Eso-AdenoCa
10	24150122	24150123	10	24897754	24897755	-	+	DUP	cna163	major	sim41	Eso-AdenoCa
10	24897755	24897756	10	25199833	25199834	+	-	DEL	cna164	major	sim41	Eso-AdenoCa
10	24897755	24897756	10	25199833	25199834	+	-	DEL	cna164	minor	sim41	Eso-AdenoCa
10	25199834	25199835	10	25213336	25213337	-	+	DUP	cna165	major	sim41	Eso-AdenoCa
10	25213337	25213338	10	59883455	59883456	-	+	DUP	cna166	major	sim41	Eso-AdenoCa
10	25213337	25213338	10	59883455	59883456	-	+	DUP	cna166	minor	sim41	Eso-AdenoCa
10	25213337	33837658	12	34290135	45412500	+	-	TRA	cna166,cna210	major,major	sim41	Eso-AdenoCa
10	54934957	54934958	10	54944967	54944968	-	-	t2tINV	cna166	minor	sim41	Eso-AdenoCa
10	59883456	59883457	10	60039550	60039551	-	+	DUP	cna167	major	sim41	Eso-AdenoCa
10	59883456	59883457	10	60039550	60039551	+	-	DEL	cna167	minor	sim41	Eso-AdenoCa
10	60039551	60039552	10	68610156	68610157	-	+	DUP	cna168	major	sim41	Eso-AdenoCa
10	68610157	68610158	10	110804136	110804137	+	-	DEL	cna169	minor	sim41	Eso-AdenoCa
10	68610157	87380758	17	4942969	42821392	+	-	TRA	cna169,cna274	major,minor	sim41	Eso-AdenoCa
10	80792357	80792358	10	83930388	83930389	-	-	t2tINV	cna169	major	sim41	Eso-AdenoCa
10	89466857	89466858	10	97561078	97561079	-	-	t2tINV	cna169	major	sim41	Eso-AdenoCa
10	110804137	110804138	10	110847864	110847865	-	+	DUP	cna170	major	sim41	Eso-AdenoCa
10	110804137	110804138	10	110847864	110847865	-	+	DUP	cna170	minor	sim41	Eso-AdenoCa
10	110847865	110847866	10	110874817	110874818	+	-	DEL	cna171	major	sim41	Eso-AdenoCa
10	110847865	110847866	10	110874817	110874818	+	-	DEL	cna171	minor	sim41	Eso-AdenoCa
10	110874818	110874819	10	135051395	135051396	-	+	DUP	cna172	major	sim41	Eso-AdenoCa
10	110874818	110874819	10	135051395	135051396	-	+	DUP	cna172	minor	sim41	Eso-AdenoCa
10	111622257	111622258	10	112537888	112537889	+	+	h2hINV	cna172	major	sim41	Eso-AdenoCa
10	135051396	135051397	10	135534747	135534748	-	+	DUP	cna173	major	sim41	Eso-AdenoCa
11	1	2	11	4113128	4113129	-	+	DUP	cna174	major	sim41	Eso-AdenoCa
11	4113129	4113130	11	14894263	14894264	-	+	DUP	cna175	major	sim41	Eso-AdenoCa
11	4113129	4113130	11	14894263	14894264	-	+	DUP	cna175	minor	sim41	Eso-AdenoCa
11	14894264	14894265	11	15620844	15620845	+	-	DEL	cna176	minor	sim41	Eso-AdenoCa
11	15620845	15620846	11	72898503	72898504	-	+	DUP	cna177	major	sim41	Eso-AdenoCa
11	52192610	52192611	11	52202619	52202620	-	-	t2tINV	cna177	minor	sim41	Eso-AdenoCa
11	56856610	56856611	11	56866616	56866617	-	-	t2tINV	cna177	major	sim41	Eso-AdenoCa
11	72898504	72898505	11	72907764	72907765	-	+	DUP	cna178	major	sim41	Eso-AdenoCa
11	72907765	72907766	11	73698465	73698466	+	-	DEL	cna179	minor	sim41	Eso-AdenoCa
11	73153710	73153711	11	73173562	73173563	-	-	t2tINV	cna179	major	sim41	Eso-AdenoCa
11	73698466	73698467	11	73707736	73707737	-	+	DUP	cna180	major	sim41	Eso-AdenoCa
11	73707737	73707738	11	73749310	73749311	+	-	DEL	cna181	minor	sim41	Eso-AdenoCa
11	73749311	73749312	11	73885296	73885297	-	+	DUP	cna182	major	sim41	Eso-AdenoCa
11	73885297	73885298	11	73894563	73894564	-	+	DUP	cna183	major	sim41	Eso-AdenoCa
11	73894564	73894565	11	73903829	73903830	-	+	DUP	cna184	major	sim41	Eso-AdenoCa
11	73894564	73894565	11	73903829	73903830	-	+	DUP	cna184	minor	sim41	Eso-AdenoCa
11	73903830	73903831	11	73946063	73946064	-	+	DUP	cna185	major	sim41	Eso-AdenoCa
11	73946064	73946065	11	77327886	77327887	-	+	DUP	cna186	major	sim41	Eso-AdenoCa
11	73946064	73946065	11	77327886	77327887	-	+	DUP	cna186	minor	sim41	Eso-AdenoCa
11	77327887	77327888	11	97743012	97743013	-	+	DUP	cna187	major	sim41	Eso-AdenoCa
11	97743013	97743014	11	103686213	103686214	-	+	DUP	cna188	major	sim41	Eso-AdenoCa
11	97743013	97743014	11	103686213	103686214	-	+	DUP	cna188	minor	sim41	Eso-AdenoCa
11	103686214	103686215	11	103815149	103815150	-	+	DUP	cna189	major	sim41	Eso-AdenoCa
11	103686214	103686215	11	103815149	103815150	+	-	DEL	cna189	minor	sim41	Eso-AdenoCa
11	103815150	103815151	11	103872244	103872245	-	+	DUP	cna190	major	sim41	Eso-AdenoCa
11	103815150	103815151	11	103872244	103872245	+	-	DEL	cna190	minor	sim41	Eso-AdenoCa
11	103872245	103872246	11	104367820	104367821	-	+	DUP	cna191	major	sim41	Eso-AdenoCa
11	104367821	104367822	11	104719752	104719753	-	+	DUP	cna192	major	sim41	Eso-AdenoCa
11	104367821	104367822	11	104719752	104719753	-	+	DUP	cna192	minor	sim41	Eso-AdenoCa
11	104719753	104719754	11	105677619	105677620	-	+	DUP	cna193	major	sim41	Eso-AdenoCa
11	105677620	105677621	11	105757308	105757309	-	+	DUP	cna194	major	sim41	Eso-AdenoCa
11	105757309	105757310	11	113027670	113027671	-	+	DUP	cna195	major	sim41	Eso-AdenoCa
11	105757309	105757310	11	113027670	113027671	-	+	DUP	cna195	minor	sim41	Eso-AdenoCa
11	113027671	113027672	11	113124444	113124445	-	+	DUP	cna196	major	sim41	Eso-AdenoCa
11	113027671	113027672	11	113124444	113124445	+	-	DEL	cna196	minor	sim41	Eso-AdenoCa
11	113124445	113124446	11	113296581	113296582	-	+	DUP	cna197	major	sim41	Eso-AdenoCa
11	113296582	113296583	11	114759918	114759919	-	+	DUP	cna198	major	sim41	Eso-AdenoCa
11	113296582	113296583	11	114759918	114759919	-	+	DUP	cna198	minor	sim41	Eso-AdenoCa
11	114759919	114759920	11	114821002	114821003	-	+	DUP	cna199	major	sim41	Eso-AdenoCa
11	114821003	114821004	11	114864581	114864582	+	-	DEL	cna200	minor	sim41	Eso-AdenoCa
11	114864582	114864583	11	130051064	130051065	-	+	DUP	cna201	major	sim41	Eso-AdenoCa
11	130051065	130051066	11	135006516	135006517	+	-	DEL	cna202	minor	sim41	Eso-AdenoCa
12	1	2	12	3651474	3651475	+	-	DEL	cna203	minor	sim41	Eso-AdenoCa
12	3651475	3651476	12	3964435	3964436	-	+	DUP	cna204	major	sim41	Eso-AdenoCa
12	3964436	3964437	12	5045528	5045529	+	-	DEL	cna205	minor	sim41	Eso-AdenoCa
12	5045529	5045530	12	6153516	6153517	-	+	DUP	cna206	major	sim41	Eso-AdenoCa
12	5045529	5045530	12	6153516	6153517	-	+	DUP	cna206	minor	sim41	Eso-AdenoCa
12	9209394	9209395	12	9219401	9219402	-	-	t2tINV	cna207	minor	sim41	Eso-AdenoCa
12	23361677	23361678	12	23371099	23371100	-	+	DUP	cna208	major	sim41	Eso-AdenoCa
12	23361677	23361678	12	23371099	23371100	-	+	DUP	cna208	minor	sim41	Eso-AdenoCa
12	23371100	23371101	12	31632666	31632667	-	+	DUP	cna209	major	sim41	Eso-AdenoCa
12	23371100	23371101	12	31632666	31632667	-	+	DUP	cna209	minor	sim41	Eso-AdenoCa
12	31632667	31632668	12	45412500	45412501	-	+	DUP	cna210	major	sim41	Eso-AdenoCa
12	32473694	32473695	12	32483699	32483700	+	+	h2hINV	cna210	minor	sim41	Eso-AdenoCa
12	45412501	45412502	12	45470629	45470630	-	+	DUP	cna211	major	sim41	Eso-AdenoCa
12	45470630	45470631	12	45480038	45480039	-	+	DUP	cna212	major	sim41	Eso-AdenoCa
12	45470630	45470631	12	45480038	45480039	-	+	DUP	cna212	minor	sim41	Eso-AdenoCa
12	45480039	45480040	12	45524273	45524274	+	-	DEL	cna213	minor	sim41	Eso-AdenoCa
12	45524274	45524275	12	57424209	57424210	-	+	DUP	cna214	major	sim41	Eso-AdenoCa
12	45524274	45524275	12	57424209	57424210	-	+	DUP	cna214	minor	sim41	Eso-AdenoCa
12	57424210	57424211	12	58234271	58234272	+	-	DEL	cna215	major	sim41	Eso-AdenoCa
12	57424210	57424211	12	58234271	58234272	+	-	DEL	cna215	minor	sim41	Eso-AdenoCa
12	58234272	58234273	12	68692749	68692750	-	+	DUP	cna216	major	sim41	Eso-AdenoCa
12	58234272	58234273	12	68692749	68692750	+	-	DEL	cna216	minor	sim41	Eso-AdenoCa
12	68692750	68692751	12	69615730	69615731	-	+	DUP	cna217	major	sim41	Eso-AdenoCa
12	69615731	69615732	12	81597962	81597963	+	-	DEL	cna218	minor	sim41	Eso-AdenoCa
12	81597963	81597964	12	81823732	81823733	-	+	DUP	cna219	major	sim41	Eso-AdenoCa
12	81597963	81597964	12	81823732	81823733	+	-	DEL	cna219	minor	sim41	Eso-AdenoCa
12	81823733	81823734	12	81833137	81833138	+	-	DEL	cna220	minor	sim41	Eso-AdenoCa
12	81833138	81833139	12	125499385	125499386	-	+	DUP	cna221	major	sim41	Eso-AdenoCa
12	81833138	81833139	12	125499385	125499386	-	+	DUP	cna221	minor	sim41	Eso-AdenoCa
12	125499386	125499387	12	125766042	125766043	-	+	DUP	cna222	major	sim41	Eso-AdenoCa
12	125766043	125766044	12	127110623	127110624	-	+	DUP	cna223	major	sim41	Eso-AdenoCa
12	127110624	127110625	12	131523354	131523355	-	+	DUP	cna224	major	sim41	Eso-AdenoCa
12	131523355	131523356	12	133717656	133717657	+	-	DEL	cna225	minor	sim41	Eso-AdenoCa
12	133717657	133717658	12	133851895	133851896	-	+	DUP	cna226	major	sim41	Eso-AdenoCa
13	1	2	13	971011	971012	-	+	DUP	cna227	major	sim41	Eso-AdenoCa
13	1	2	13	971011	971012	-	+	DUP	cna227	minor	sim41	Eso-AdenoCa
13	971012	971013	13	11141811	11141812	-	+	DUP	cna228	major	sim41	Eso-AdenoCa
13	971012	971013	13	11141811	11141812	-	+	DUP	cna228	minor	sim41	Eso-AdenoCa
13	11141812	11141813	13	15757108	15757109	-	+	DUP	cna229	major	sim41	Eso-AdenoCa
13	11141812	11141813	13	15757108	15757109	+	-	DEL	cna229	minor	sim41	Eso-AdenoCa
13	15757109	15757110	13	16087653	16087654	-	+	DUP	cna230	major	sim41	Eso-AdenoCa
13	16087654	16087655	13	16172733	16172734	-	+	DUP	cna231	major	sim41	Eso-AdenoCa
13	16087654	16087655	13	16172733	16172734	-	+	DUP	cna231	minor	sim41	Eso-AdenoCa
13	16172734	16172735	13	16757438	16757439	-	+	DUP	cna232	major	sim41	Eso-AdenoCa
13	16757439	16757440	13	16788434	16788435	-	+	DUP	cna233	major	sim41	Eso-AdenoCa
13	16757439	16757440	13	16788434	16788435	-	+	DUP	cna233	minor	sim41	Eso-AdenoCa
13	16788435	16788436	13	16908253	16908254	-	+	DUP	cna234	major	sim41	Eso-AdenoCa
13	16908254	16908255	13	21440189	21440190	+	-	DEL	cna235	minor	sim41	Eso-AdenoCa
13	21440190	21440191	13	21530313	21530314	-	+	DUP	cna236	major	sim41	Eso-AdenoCa
13	21440190	21440191	13	21530313	21530314	-	+	DUP	cna236	minor	sim41	Eso-AdenoCa
13	21530314	21530315	13	21549212	21549213	-	+	DUP	cna237	major	sim41	Eso-AdenoCa
13	21549213	21549214	13	25859156	25859157	-	+	DUP	cna238	major	sim41	Eso-AdenoCa
13	23906999	23907000	13	59890305	59890306	+	+	h2hINV	cna238	major	sim41	Eso-AdenoCa
13	25859157	25859158	13	26841132	26841133	+	-	DEL	cna239	minor	sim41	Eso-AdenoCa
13	26841133	26841134	13	57739615	57739616	-	+	DUP	cna240	major	sim41	Eso-AdenoCa
13	26841133	26841134	13	57739615	57739616	+	-	DEL	cna240	minor	sim41	Eso-AdenoCa
13	36726099	36726100	13	74065853	74065854	-	-	t2tINV	cna253	minor	sim41	Eso-AdenoCa
13	42751599	57739615	15	90116957	102506566	-	-	TRA	cna240,cna266	minor,major	sim41	Eso-AdenoCa
13	57739616	57739617	13	57886291	57886292	-	+	DUP	cna241	major	sim41	Eso-AdenoCa
13	57739616	57739617	13	57886291	57886292	+	-	DEL	cna241	minor	sim41	Eso-AdenoCa
13	57886292	57886293	13	58015456	58015457	-	+	DUP	cna242	major	sim41	Eso-AdenoCa
13	57886292	57886293	13	58015456	58015457	-	+	DUP	cna242	minor	sim41	Eso-AdenoCa
13	58015457	58015458	13	58505320	58505321	+	-	DEL	cna243	minor	sim41	Eso-AdenoCa
13	58505321	58505322	13	63247645	63247646	-	+	DUP	cna244	major	sim41	Eso-AdenoCa
13	58505321	58505322	13	63247645	63247646	-	+	DUP	cna244	minor	sim41	Eso-AdenoCa
13	63247646	63247647	13	67326723	67326724	+	-	DEL	cna245	minor	sim41	Eso-AdenoCa
13	67326724	67326725	13	67664812	67664813	-	+	DUP	cna246	major	sim41	Eso-AdenoCa
13	67326724	67326725	13	67664812	67664813	-	+	DUP	cna246	minor	sim41	Eso-AdenoCa
13	67664813	67664814	13	68759121	68759122	-	+	DUP	cna247	major	sim41	Eso-AdenoCa
13	68759122	68759123	13	68768592	68768593	-	+	DUP	cna248	major	sim41	Eso-AdenoCa
13	69124620	69124621	13	69228423	69228424	-	+	DUP	cna250	major	sim41	Eso-AdenoCa
13	69124620	69124621	13	69228423	69228424	-	+	DUP	cna250	minor	sim41	Eso-AdenoCa
13	69228424	69228425	13	72233261	72233262	-	+	DUP	cna251	major	sim41	Eso-AdenoCa
13	69228424	69228425	13	72233261	72233262	-	+	DUP	cna251	minor	sim41	Eso-AdenoCa
13	72233262	72233263	13	72383667	72383668	-	+	DUP	cna252	major	sim41	Eso-AdenoCa
13	72383668	72383669	13	87697186	87697187	-	+	DUP	cna253	major	sim41	Eso-AdenoCa
13	87697187	87697188	13	97518379	97518380	-	+	DUP	cna254	major	sim41	Eso-AdenoCa
13	93384799	93384800	13	96139859	96139860	-	-	t2tINV	cna254	major	sim41	Eso-AdenoCa
13	97518380	97518381	13	98062819	98062820	-	+	DUP	cna255	major	sim41	Eso-AdenoCa
13	97518380	97518381	13	98062819	98062820	-	+	DUP	cna255	minor	sim41	Eso-AdenoCa
13	98062820	98062821	13	114699580	114699581	-	+	DUP	cna256	major	sim41	Eso-AdenoCa
13	114699581	114699582	13	115092148	115092149	-	+	DUP	cna257	major	sim41	Eso-AdenoCa
13	115092149	115092150	13	115169878	115169879	-	+	DUP	cna258	major	sim41	Eso-AdenoCa
13	115092149	115092150	13	115169878	115169879	+	-	DEL	cna258	minor	sim41	Eso-AdenoCa
14	1	2	14	107349540	107349541	+	-	DEL	cna259	minor	sim41	Eso-AdenoCa
14	28860421	28860422	14	36570549	36570550	-	-	t2tINV	cna259	major	sim41	Eso-AdenoCa
14	35394521	35394522	14	36921273	36921274	-	-	t2tINV	cna259	major	sim41	Eso-AdenoCa
14	44251221	44251222	14	71698221	71698222	-	-	t2tINV	cna259	major	sim41	Eso-AdenoCa
14	70807121	70807122	14	73947222	73947223	-	-	t2tINV	cna259	major	sim41	Eso-AdenoCa
15	1	2	15	1834384	1834385	+	-	DEL	cna260	minor	sim41	Eso-AdenoCa
15	1834385	1834386	15	1982422	1982423	-	+	DUP	cna261	major	sim41	Eso-AdenoCa
15	1834385	1834386	15	1982422	1982423	-	+	DUP	cna261	minor	sim41	Eso-AdenoCa
15	1982423	1982424	15	5006652	5006653	-	+	DUP	cna262	major	sim41	Eso-AdenoCa
15	5006653	5006654	15	5202230	5202231	+	-	DEL	cna263	minor	sim41	Eso-AdenoCa
15	5202231	5202232	15	69146921	69146922	-	+	DUP	cna264	major	sim41	Eso-AdenoCa
15	5202231	5202232	15	69146921	69146922	+	-	DEL	cna264	minor	sim41	Eso-AdenoCa
15	69146922	69146923	15	80627524	80627525	+	-	DEL	cna265	minor	sim41	Eso-AdenoCa
15	70962781	70962782	15	78026297	78026298	-	-	t2tINV	cna265	major	sim41	Eso-AdenoCa
15	80627525	80627526	15	102506566	102506567	-	+	DUP	cna266	major	sim41	Eso-AdenoCa
15	80627525	80627526	15	102506566	102506567	-	+	DUP	cna266	minor	sim41	Eso-AdenoCa
15	102506567	102506568	15	102531392	102531393	-	+	DUP	cna267	major	sim41	Eso-AdenoCa
15	102506567	102506568	15	102531392	102531393	+	-	DEL	cna267	minor	sim41	Eso-AdenoCa
16	1	2	16	10449015	10449016	+	-	DEL	cna268	minor	sim41	Eso-AdenoCa
16	3996789	3996790	16	8614740	8614741	-	-	t2tINV	cna268	major	sim41	Eso-AdenoCa
16	10449016	10449017	16	11995836	11995837	-	+	DUP	cna269	major	sim41	Eso-AdenoCa
16	10449016	10449017	16	11995836	11995837	+	-	DEL	cna269	minor	sim41	Eso-AdenoCa
16	11995837	11995838	16	12058543	12058544	-	+	DUP	cna270	major	sim41	Eso-AdenoCa
16	12058544	12058545	16	32618237	32618238	+	-	DEL	cna271	minor	sim41	Eso-AdenoCa
16	32618238	32618239	16	90107640	90107641	-	+	DUP	cna272	major	sim41	Eso-AdenoCa
16	32618238	79546190	Y	1	32521734	+	+	TRA	cna272,cna324	minor,minor	sim41	Eso-AdenoCa
16	65934589	65934590	16	65944599	65944600	-	-	t2tINV	cna272	major	sim41	Eso-AdenoCa
16	90107641	90107642	16	90354753	90354754	+	-	DEL	cna273	minor	sim41	Eso-AdenoCa
17	1	2	17	42821392	42821393	+	-	DEL	cna274	minor	sim41	Eso-AdenoCa
17	1225236	1225237	17	1235247	1235248	-	-	t2tINV	cna274	major	sim41	Eso-AdenoCa
17	17818536	17818537	17	17828549	17828550	-	-	t2tINV	cna274	major	sim41	Eso-AdenoCa
17	42645036	42645037	17	42655040	42655041	-	-	t2tINV	cna274	major	sim41	Eso-AdenoCa
17	42821393	42821394	17	42831826	42831827	-	+	DUP	cna275	major	sim41	Eso-AdenoCa
17	42821393	42821394	17	42831826	42831827	+	-	DEL	cna275	minor	sim41	Eso-AdenoCa
17	42831827	42831828	17	42947753	42947754	-	+	DUP	cna276	major	sim41	Eso-AdenoCa
17	42947754	42947755	17	43054831	43054832	+	-	DEL	cna277	major	sim41	Eso-AdenoCa
17	42947754	42947755	17	43054831	43054832	+	-	DEL	cna277	minor	sim41	Eso-AdenoCa
17	43054832	43054833	17	43755139	43755140	-	+	DUP	cna278	major	sim41	Eso-AdenoCa
17	43054832	43054833	17	43755139	43755140	+	-	DEL	cna278	minor	sim41	Eso-AdenoCa
17	43755140	43755141	17	61819470	61819471	-	+	DUP	cna279	major	sim41	Eso-AdenoCa
17	58225836	58225837	17	70007398	70007399	+	+	h2hINV	cna279	major	sim41	Eso-AdenoCa
17	61819471	61819472	17	61886929	61886930	+	-	DEL	cna280	minor	sim41	Eso-AdenoCa
17	61886930	61886931	17	62960433	62960434	-	+	DUP	cna281	major	sim41	Eso-AdenoCa
17	61886930	61886931	17	62960433	62960434	-	+	DUP	cna281	minor	sim41	Eso-AdenoCa
17	62960434	62960435	17	63135284	63135285	-	+	DUP	cna282	major	sim41	Eso-AdenoCa
17	63135285	63135286	17	63316573	63316574	-	+	DUP	cna283	major	sim41	Eso-AdenoCa
17	63316574	63316575	17	80592026	80592027	-	+	DUP	cna284	major	sim41	Eso-AdenoCa
17	64895436	64895437	17	64938145	64938146	-	-	t2tINV	cna284	major	sim41	Eso-AdenoCa
17	77740336	77740337	17	80815736	80815737	-	-	t2tINV	cna285	minor	sim41	Eso-AdenoCa
17	80592027	80592028	17	81128225	81128226	-	+	DUP	cna285	major	sim41	Eso-AdenoCa
17	81128226	81128227	17	81195210	81195211	-	+	DUP	cna286	major	sim41	Eso-AdenoCa
17	81128226	81128227	17	81195210	81195211	+	-	DEL	cna286	minor	sim41	Eso-AdenoCa
18	1	2	18	927701	927702	-	+	DUP	cna287	major	sim41	Eso-AdenoCa
18	1	2	18	927701	927702	-	+	DUP	cna287	minor	sim41	Eso-AdenoCa
18	927702	927703	18	71971782	71971783	-	+	DUP	cna288	major	sim41	Eso-AdenoCa
18	50286626	50286627	18	50296631	50296632	-	-	t2tINV	cna288	minor	sim41	Eso-AdenoCa
18	62894026	62894027	18	62913558	62913559	-	-	t2tINV	cna288	minor	sim41	Eso-AdenoCa
18	71971783	71971784	18	74182551	74182552	-	+	DUP	cna289	major	sim41	Eso-AdenoCa
18	71971783	71971784	18	74182551	74182552	-	+	DUP	cna289	minor	sim41	Eso-AdenoCa
18	74182552	74182553	18	78077248	78077249	-	+	DUP	cna290	major	sim41	Eso-AdenoCa
18	74182552	74182553	18	78077248	78077249	+	-	DEL	cna290	minor	sim41	Eso-AdenoCa
19	1	2	19	59128983	59128984	+	-	DEL	cna291	minor	sim41	Eso-AdenoCa
19	19554278	19554279	19	19732613	19732614	-	-	t2tINV	cna291	major	sim41	Eso-AdenoCa
19	29959478	29959479	19	29969492	29969493	+	+	h2hINV	cna291	major	sim41	Eso-AdenoCa
20	1	2	20	63025520	63025521	+	-	DEL	cna292	minor	sim41	Eso-AdenoCa
20	23977995	23977996	20	24355659	24355660	-	-	t2tINV	cna292	major	sim41	Eso-AdenoCa
20	56249395	56249396	20	56399141	56399142	-	-	t2tINV	cna292	major	sim41	Eso-AdenoCa
21	1	2	21	32646042	32646043	+	-	DEL	cna293	minor	sim41	Eso-AdenoCa
21	32646043	32646044	21	39799009	39799010	-	+	DUP	cna294	major	sim41	Eso-AdenoCa
21	39799010	39799011	21	41262597	41262598	-	+	DUP	cna295	major	sim41	Eso-AdenoCa
21	39799010	39799011	21	41262597	41262598	+	-	DEL	cna295	minor	sim41	Eso-AdenoCa
21	41262598	41262599	21	42393316	42393317	+	-	DEL	cna296	minor	sim41	Eso-AdenoCa
21	42393317	42393318	21	42577554	42577555	+	-	DEL	cna297	major	sim41	Eso-AdenoCa
21	42393317	42393318	21	42577554	42577555	+	-	DEL	cna297	minor	sim41	Eso-AdenoCa
21	42577555	42577556	21	43008787	43008788	-	+	DUP	cna298	major	sim41	Eso-AdenoCa
21	43008788	43008789	21	43279157	43279158	-	+	DUP	cna299	major	sim41	Eso-AdenoCa
21	43279158	43279159	21	43603944	43603945	+	-	DEL	cna300	minor	sim41	Eso-AdenoCa
21	43603945	43603946	21	44480245	44480246	-	+	DUP	cna301	major	sim41	Eso-AdenoCa
21	43603945	43603946	21	44480245	44480246	-	+	DUP	cna301	minor	sim41	Eso-AdenoCa
21	44480246	44480247	21	48129895	48129896	-	+	DUP	cna302	major	sim41	Eso-AdenoCa
21	44480246	44480247	21	48129895	48129896	+	-	DEL	cna302	minor	sim41	Eso-AdenoCa
22	1	2	22	16133233	16133234	-	+	DUP	cna303	major	sim41	Eso-AdenoCa
22	1	2	22	16133233	16133234	-	+	DUP	cna303	minor	sim41	Eso-AdenoCa
22	16133234	16133235	22	19802348	19802349	-	+	DUP	cna304	major	sim41	Eso-AdenoCa
22	19802349	19802350	22	20030807	20030808	-	+	DUP	cna305	major	sim41	Eso-AdenoCa
22	20030808	20030809	22	35459664	35459665	-	+	DUP	cna306	major	sim41	Eso-AdenoCa
22	20030808	20030809	22	35459664	35459665	+	-	DEL	cna306	minor	sim41	Eso-AdenoCa
22	35459665	35459666	22	35760643	35760644	-	+	DUP	cna307	major	sim41	Eso-AdenoCa
22	35760644	35760645	22	51304566	51304567	+	-	DEL	cna308	minor	sim41	Eso-AdenoCa
22	46032380	46032381	22	47629922	47629923	-	-	t2tINV	cna308	major	sim41	Eso-AdenoCa
X	1	2	X	2660378	2660379	-	+	DUP	cna309	major	sim41	Eso-AdenoCa
X	2660379	2660380	X	3513993	3513994	-	+	DUP	cna310	major	sim41	Eso-AdenoCa
X	3513994	3513995	X	3618073	3618074	-	+	DUP	cna311	major	sim41	Eso-AdenoCa
X	3513994	3513995	X	3618073	3618074	+	-	DEL	cna311	minor	sim41	Eso-AdenoCa
X	3618074	3618075	X	16878837	16878838	-	+	DUP	cna312	major	sim41	Eso-AdenoCa
X	16878838	16878839	X	16976425	16976426	-	+	DUP	cna313	major	sim41	Eso-AdenoCa
X	16878838	16878839	X	16976425	16976426	+	-	DEL	cna313	minor	sim41	Eso-AdenoCa
X	16976426	16976427	X	18489362	18489363	-	+	DUP	cna314	major	sim41	Eso-AdenoCa
X	16976426	16976427	X	18489362	18489363	+	-	DEL	cna314	minor	sim41	Eso-AdenoCa
X	18489363	18489364	X	20204338	20204339	-	+	DUP	cna315	major	sim41	Eso-AdenoCa
X	18489363	18489364	X	20204338	20204339	-	+	DUP	cna315	minor	sim41	Eso-AdenoCa
X	20204339	20204340	X	24460821	24460822	-	+	DUP	cna316	major	sim41	Eso-AdenoCa
X	20204339	20204340	X	24460821	24460822	-	+	DUP	cna316	minor	sim41	Eso-AdenoCa
X	24460822	24460823	X	96507463	96507464	-	+	DUP	cna317	major	sim41	Eso-AdenoCa
X	74500314	74500315	X	74556068	74556069	-	-	t2tINV	cna317	major	sim41	Eso-AdenoCa
X	96507464	96507465	X	113310424	113310425	-	+	DUP	cna318	major	sim41	Eso-AdenoCa
X	96507464	96507465	X	113310424	113310425	+	-	DEL	cna318	minor	sim41	Eso-AdenoCa
X	113310425	113310426	X	113461734	113461735	+	-	DEL	cna319	major	sim41	Eso-AdenoCa
X	113310425	113310426	X	113461734	113461735	+	-	DEL	cna319	minor	sim41	Eso-AdenoCa
X	113461735	113461736	X	138724967	138724968	-	+	DUP	cna320	major	sim41	Eso-AdenoCa
X	113461735	113461736	X	138724967	138724968	+	-	DEL	cna320	minor	sim41	Eso-AdenoCa
X	138724968	138724969	X	147930180	147930181	-	+	DUP	cna321	major	sim41	Eso-AdenoCa
X	147930181	147930182	X	149696024	149696025	-	+	DUP	cna322	major	sim41	Eso-AdenoCa
X	147930181	147930182	X	149696024	149696025	-	+	DUP	cna322	minor	sim41	Eso-AdenoCa
X	149696025	149696026	X	155270560	155270561	-	+	DUP	cna323	major	sim41	Eso-AdenoCa
X	149696025	149696026	X	155270560	155270561	+	-	DEL	cna323	minor	sim41	Eso-AdenoCa
Y	1	2	Y	51979730	51979731	-	+	DUP	cna324	major	sim41	Eso-AdenoCa
Y	1	2	Y	51979730	51979731	+	-	DEL	cna324	minor	sim41	Eso-AdenoCa
Y	51979731	51979732	Y	59373566	59373567	-	+	DUP	cna325	major	sim41	Eso-AdenoCa
