chrom	start	end	major_cn	minor_cn	donor_id	study	id
1	1	394067	1	0	sim39	Eso-AdenoCa	cna0
1	394068	214375513	1	1	sim39	Eso-AdenoCa	cna1
1	214375514	245510404	3	2	sim39	Eso-AdenoCa	cna2
1	245510405	246224159	3	1	sim39	Eso-AdenoCa	cna3
1	246224160	248263935	2	2	sim39	Eso-AdenoCa	cna4
1	248263936	249250621	2	0	sim39	Eso-AdenoCa	cna5
2	1	17829903	2	1	sim39	Eso-AdenoCa	cna6
2	17829904	118626376	2	0	sim39	Eso-AdenoCa	cna7
2	118626377	145040070	1	0	sim39	Eso-AdenoCa	cna8
2	145040071	145140139	2	1	sim39	Eso-AdenoCa	cna9
2	145140140	145394508	2	0	sim39	Eso-AdenoCa	cna10
2	145394509	145983391	1	1	sim39	Eso-AdenoCa	cna11
2	145983392	182480540	2	0	sim39	Eso-AdenoCa	cna12
2	182480541	182498200	1	1	sim39	Eso-AdenoCa	cna13
2	182498201	182546741	2	1	sim39	Eso-AdenoCa	cna14
2	182546742	182614988	4	2	sim39	Eso-AdenoCa	cna15
2	182614989	188070072	3	0	sim39	Eso-AdenoCa	cna16
2	188070073	188484016	2	0	sim39	Eso-AdenoCa	cna17
2	188484017	188561943	1	0	sim39	Eso-AdenoCa	cna18
2	188561944	188811462	4	0	sim39	Eso-AdenoCa	cna19
2	188811463	190056115	3	1	sim39	Eso-AdenoCa	cna20
2	190056116	190255674	1	0	sim39	Eso-AdenoCa	cna21
2	190255675	190404626	2	0	sim39	Eso-AdenoCa	cna22
2	190404627	190483500	3	2	sim39	Eso-AdenoCa	cna23
2	190483501	191538091	3	1	sim39	Eso-AdenoCa	cna24
2	191538092	208350800	1	0	sim39	Eso-AdenoCa	cna25
2	208350801	223905144	3	1	sim39	Eso-AdenoCa	cna26
2	223905145	231779305	2	1	sim39	Eso-AdenoCa	cna27
2	231779306	232014948	4	1	sim39	Eso-AdenoCa	cna28
2	232014949	232878657	2	1	sim39	Eso-AdenoCa	cna29
2	232878658	233368588	4	0	sim39	Eso-AdenoCa	cna30
2	233368589	241885278	4	1	sim39	Eso-AdenoCa	cna31
2	241885279	242207635	1	0	sim39	Eso-AdenoCa	cna32
2	242207636	243199373	3	2	sim39	Eso-AdenoCa	cna33
3	1	139137239	1	0	sim39	Eso-AdenoCa	cna34
3	139137240	139224217	4	1	sim39	Eso-AdenoCa	cna35
3	139224218	165146604	2	1	sim39	Eso-AdenoCa	cna36
3	165146605	198022430	3	1	sim39	Eso-AdenoCa	cna37
4	1	96292387	1	0	sim39	Eso-AdenoCa	cna38
4	96292388	98006844	2	1	sim39	Eso-AdenoCa	cna39
4	98006845	191154276	2	0	sim39	Eso-AdenoCa	cna40
5	1	81516318	2	2	sim39	Eso-AdenoCa	cna41
5	81516319	81961000	2	1	sim39	Eso-AdenoCa	cna42
5	81961001	82051099	1	0	sim39	Eso-AdenoCa	cna43
5	82051100	82097060	4	1	sim39	Eso-AdenoCa	cna44
5	82097061	83879885	2	1	sim39	Eso-AdenoCa	cna45
5	83879886	179235583	2	0	sim39	Eso-AdenoCa	cna46
5	179235584	179804236	2	1	sim39	Eso-AdenoCa	cna47
5	179804237	180915260	1	1	sim39	Eso-AdenoCa	cna48
6	1	2104453	2	0	sim39	Eso-AdenoCa	cna49
6	2104454	4158537	2	1	sim39	Eso-AdenoCa	cna50
6	4158538	73933525	3	2	sim39	Eso-AdenoCa	cna51
6	73933526	75811821	2	1	sim39	Eso-AdenoCa	cna52
6	75811822	79638082	2	0	sim39	Eso-AdenoCa	cna53
6	79638083	80259986	3	1	sim39	Eso-AdenoCa	cna54
6	80259987	154367102	2	0	sim39	Eso-AdenoCa	cna55
6	154367103	170928234	3	2	sim39	Eso-AdenoCa	cna56
6	170928235	171115067	2	1	sim39	Eso-AdenoCa	cna57
7	1	54933023	6	2	sim39	Eso-AdenoCa	cna58
7	54933024	69935995	2	1	sim39	Eso-AdenoCa	cna59
7	69935996	69948424	3	1	sim39	Eso-AdenoCa	cna60
7	69948425	73740699	4	1	sim39	Eso-AdenoCa	cna61
7	73740700	137979519	2	1	sim39	Eso-AdenoCa	cna62
7	137979520	137991861	2	0	sim39	Eso-AdenoCa	cna63
7	137991862	139028835	4	1	sim39	Eso-AdenoCa	cna64
7	139028836	139053559	3	1	sim39	Eso-AdenoCa	cna65
7	139053560	139065926	1	0	sim39	Eso-AdenoCa	cna66
7	139065927	139172799	0	0	sim39	Eso-AdenoCa	cna67
7	139172800	139185138	4	2	sim39	Eso-AdenoCa	cna68
7	139185139	139404411	1	0	sim39	Eso-AdenoCa	cna69
7	139404412	139429010	3	0	sim39	Eso-AdenoCa	cna70
7	139429011	158906069	2	1	sim39	Eso-AdenoCa	cna71
7	158906070	159138663	4	0	sim39	Eso-AdenoCa	cna72
8	1	4384690	4	0	sim39	Eso-AdenoCa	cna73
8	4384691	4691479	3	2	sim39	Eso-AdenoCa	cna74
8	4691480	4946864	2	0	sim39	Eso-AdenoCa	cna75
8	4946865	5445889	2	1	sim39	Eso-AdenoCa	cna76
8	5445890	40365527	0	0	sim39	Eso-AdenoCa	cna77
8	40365528	61772757	2	1	sim39	Eso-AdenoCa	cna78
8	61772758	62128562	2	0	sim39	Eso-AdenoCa	cna79
8	62128563	94267902	2	1	sim39	Eso-AdenoCa	cna80
8	94267903	99367744	1	0	sim39	Eso-AdenoCa	cna81
8	99367745	99565608	3	0	sim39	Eso-AdenoCa	cna82
8	99565609	99576487	1	0	sim39	Eso-AdenoCa	cna83
8	99576488	101305579	2	1	sim39	Eso-AdenoCa	cna84
8	101305580	105710600	4	2	sim39	Eso-AdenoCa	cna85
8	105710601	105722441	1	1	sim39	Eso-AdenoCa	cna86
8	105722442	106108668	1	0	sim39	Eso-AdenoCa	cna87
8	106108669	106934611	2	1	sim39	Eso-AdenoCa	cna88
8	106934612	106989360	3	1	sim39	Eso-AdenoCa	cna89
8	106989361	107040303	3	3	sim39	Eso-AdenoCa	cna90
8	107040304	117046820	2	0	sim39	Eso-AdenoCa	cna91
8	117046821	117916621	4	2	sim39	Eso-AdenoCa	cna92
8	117916622	118246363	2	1	sim39	Eso-AdenoCa	cna93
8	118246364	146364022	2	2	sim39	Eso-AdenoCa	cna94
9	1	10482953	1	0	sim39	Eso-AdenoCa	cna95
9	10482954	20463849	1	1	sim39	Eso-AdenoCa	cna96
9	20463850	20476095	2	1	sim39	Eso-AdenoCa	cna97
9	20476096	20674787	1	0	sim39	Eso-AdenoCa	cna98
9	20674788	20719175	3	1	sim39	Eso-AdenoCa	cna99
9	20719176	40719148	2	1	sim39	Eso-AdenoCa	cna100
9	40719149	41188016	4	1	sim39	Eso-AdenoCa	cna101
9	41188017	41362966	1	0	sim39	Eso-AdenoCa	cna102
9	41362967	54453826	4	1	sim39	Eso-AdenoCa	cna103
9	54453827	111063726	2	1	sim39	Eso-AdenoCa	cna104
9	111063727	139187604	1	1	sim39	Eso-AdenoCa	cna105
9	139187605	139937299	2	1	sim39	Eso-AdenoCa	cna106
9	139937300	141213431	3	0	sim39	Eso-AdenoCa	cna107
10	1	38550092	2	2	sim39	Eso-AdenoCa	cna108
10	38550093	38855991	4	1	sim39	Eso-AdenoCa	cna109
10	38855992	39055939	2	0	sim39	Eso-AdenoCa	cna110
10	39055940	48656243	4	1	sim39	Eso-AdenoCa	cna111
10	48656244	58884987	2	1	sim39	Eso-AdenoCa	cna112
10	58884988	135467226	2	0	sim39	Eso-AdenoCa	cna113
10	135467227	135534747	2	1	sim39	Eso-AdenoCa	cna114
11	1	7901472	2	1	sim39	Eso-AdenoCa	cna115
11	7901473	20579104	1	1	sim39	Eso-AdenoCa	cna116
11	20579105	20694743	4	0	sim39	Eso-AdenoCa	cna117
11	20694744	20708654	2	1	sim39	Eso-AdenoCa	cna118
11	20708655	20722621	1	0	sim39	Eso-AdenoCa	cna119
11	20722622	26285336	2	0	sim39	Eso-AdenoCa	cna120
11	26285337	36733430	2	2	sim39	Eso-AdenoCa	cna121
11	36733431	125900815	2	1	sim39	Eso-AdenoCa	cna122
11	125900816	126983531	3	2	sim39	Eso-AdenoCa	cna123
11	126983532	127655258	1	1	sim39	Eso-AdenoCa	cna124
11	127655259	135006516	2	1	sim39	Eso-AdenoCa	cna125
12	1	28514682	4	1	sim39	Eso-AdenoCa	cna126
12	28514683	129093823	2	0	sim39	Eso-AdenoCa	cna127
12	129093824	133851895	3	0	sim39	Eso-AdenoCa	cna128
13	1	64352475	1	0	sim39	Eso-AdenoCa	cna129
13	64352476	72111463	3	2	sim39	Eso-AdenoCa	cna130
13	72111464	72594025	2	1	sim39	Eso-AdenoCa	cna131
13	72594026	73196621	3	2	sim39	Eso-AdenoCa	cna132
13	73196622	73268074	3	1	sim39	Eso-AdenoCa	cna133
13	73268075	75381615	2	0	sim39	Eso-AdenoCa	cna134
13	75381616	76670500	3	0	sim39	Eso-AdenoCa	cna135
13	76670501	107013704	2	1	sim39	Eso-AdenoCa	cna136
13	107013705	111426263	3	2	sim39	Eso-AdenoCa	cna137
13	111426264	115169878	7	1	sim39	Eso-AdenoCa	cna138
14	1	97773661	1	1	sim39	Eso-AdenoCa	cna139
14	97773662	97799231	3	1	sim39	Eso-AdenoCa	cna140
14	97799232	104898667	2	0	sim39	Eso-AdenoCa	cna141
14	104898668	105287373	2	1	sim39	Eso-AdenoCa	cna142
14	105287374	107349540	1	0	sim39	Eso-AdenoCa	cna143
15	1	8680401	2	1	sim39	Eso-AdenoCa	cna144
15	8680402	8754971	3	1	sim39	Eso-AdenoCa	cna145
15	8754972	23187495	2	1	sim39	Eso-AdenoCa	cna146
15	23187496	25040249	3	0	sim39	Eso-AdenoCa	cna147
15	25040250	25328156	3	1	sim39	Eso-AdenoCa	cna148
15	25328157	85310165	1	0	sim39	Eso-AdenoCa	cna149
15	85310166	102531392	1	1	sim39	Eso-AdenoCa	cna150
16	1	88002489	2	1	sim39	Eso-AdenoCa	cna151
16	88002490	88086711	2	2	sim39	Eso-AdenoCa	cna152
16	88086712	88424990	2	1	sim39	Eso-AdenoCa	cna153
16	88424991	89048830	1	0	sim39	Eso-AdenoCa	cna154
16	89048831	90354753	2	0	sim39	Eso-AdenoCa	cna155
17	1	72759303	3	1	sim39	Eso-AdenoCa	cna156
17	72759304	72840421	3	3	sim39	Eso-AdenoCa	cna157
17	72840422	78544186	3	1	sim39	Eso-AdenoCa	cna158
17	78544187	78559213	2	1	sim39	Eso-AdenoCa	cna159
17	78559214	78862938	2	0	sim39	Eso-AdenoCa	cna160
17	78862939	81195210	2	1	sim39	Eso-AdenoCa	cna161
18	1	78077248	2	0	sim39	Eso-AdenoCa	cna162
19	1	45753324	2	0	sim39	Eso-AdenoCa	cna163
19	45753325	45802965	3	1	sim39	Eso-AdenoCa	cna164
19	45802966	45829676	0	0	sim39	Eso-AdenoCa	cna165
19	45829677	45844194	1	1	sim39	Eso-AdenoCa	cna166
19	45844195	59128983	2	1	sim39	Eso-AdenoCa	cna167
20	1	40632399	2	1	sim39	Eso-AdenoCa	cna168
20	40632400	52269502	2	0	sim39	Eso-AdenoCa	cna169
20	52269503	52431087	1	0	sim39	Eso-AdenoCa	cna170
20	52431088	52478027	2	1	sim39	Eso-AdenoCa	cna171
20	52478028	53006914	2	0	sim39	Eso-AdenoCa	cna172
20	53006915	53661703	4	2	sim39	Eso-AdenoCa	cna173
20	53661704	54199776	2	0	sim39	Eso-AdenoCa	cna174
20	54199777	54862213	3	1	sim39	Eso-AdenoCa	cna175
20	54862214	62652044	2	0	sim39	Eso-AdenoCa	cna176
20	62652045	62983849	2	1	sim39	Eso-AdenoCa	cna177
20	62983850	63025520	2	2	sim39	Eso-AdenoCa	cna178
21	1	33392596	1	1	sim39	Eso-AdenoCa	cna179
21	33392597	34487974	2	0	sim39	Eso-AdenoCa	cna180
21	34487975	34865183	2	1	sim39	Eso-AdenoCa	cna181
21	34865184	48080010	2	0	sim39	Eso-AdenoCa	cna182
21	48080011	48129895	2	1	sim39	Eso-AdenoCa	cna183
22	1	23604490	2	0	sim39	Eso-AdenoCa	cna184
22	23604491	24391764	4	2	sim39	Eso-AdenoCa	cna185
22	24391765	47901807	2	1	sim39	Eso-AdenoCa	cna186
22	47901808	48438684	4	1	sim39	Eso-AdenoCa	cna187
22	48438685	48534751	2	0	sim39	Eso-AdenoCa	cna188
22	48534752	51304566	4	2	sim39	Eso-AdenoCa	cna189
X	1	14186884	1	0	sim39	Eso-AdenoCa	cna190
X	14186885	14523044	3	2	sim39	Eso-AdenoCa	cna191
X	14523045	50442202	3	0	sim39	Eso-AdenoCa	cna192
X	50442203	51572912	1	0	sim39	Eso-AdenoCa	cna193
X	51572913	53202449	2	1	sim39	Eso-AdenoCa	cna194
X	53202450	62742050	3	2	sim39	Eso-AdenoCa	cna195
X	62742051	64327527	3	1	sim39	Eso-AdenoCa	cna196
X	64327528	67345609	2	1	sim39	Eso-AdenoCa	cna197
X	67345610	91005194	1	0	sim39	Eso-AdenoCa	cna198
X	91005195	93007182	4	0	sim39	Eso-AdenoCa	cna199
X	93007183	94956806	4	2	sim39	Eso-AdenoCa	cna200
X	94956807	95005344	3	1	sim39	Eso-AdenoCa	cna201
X	95005345	95353837	3	2	sim39	Eso-AdenoCa	cna202
X	95353838	98882801	7	1	sim39	Eso-AdenoCa	cna203
X	98882802	99095056	1	0	sim39	Eso-AdenoCa	cna204
X	99095057	99140689	0	0	sim39	Eso-AdenoCa	cna205
X	99140690	99151000	1	0	sim39	Eso-AdenoCa	cna206
X	99151001	155207814	1	1	sim39	Eso-AdenoCa	cna207
X	155207815	155270560	2	0	sim39	Eso-AdenoCa	cna208
