chrom	start	end	major_cn	minor_cn	donor_id	study	id
1	1	3279860	2	1	sim69	Eso-AdenoCa	cna0
1	3279861	29338372	2	0	sim69	Eso-AdenoCa	cna1
1	29338373	68819783	3	2	sim69	Eso-AdenoCa	cna2
1	68819784	83579499	2	0	sim69	Eso-AdenoCa	cna3
1	83579500	85186086	4	3	sim69	Eso-AdenoCa	cna4
1	85186087	129513621	2	1	sim69	Eso-AdenoCa	cna5
1	129513622	209969166	1	1	sim69	Eso-AdenoCa	cna6
1	209969167	212815731	2	2	sim69	Eso-AdenoCa	cna7
1	212815732	238743434	3	2	sim69	Eso-AdenoCa	cna8
1	238743435	249250621	2	0	sim69	Eso-AdenoCa	cna9
2	1	44712415	1	1	sim69	Eso-AdenoCa	cna10
2	44712416	51165101	3	1	sim69	Eso-AdenoCa	cna11
2	51165102	51721658	2	0	sim69	Eso-AdenoCa	cna12
2	51721659	55099286	2	1	sim69	Eso-AdenoCa	cna13
2	55099287	55548567	3	1	sim69	Eso-AdenoCa	cna14
2	55548568	57750432	2	1	sim69	Eso-AdenoCa	cna15
2	57750433	134488948	2	0	sim69	Eso-AdenoCa	cna16
2	134488949	134892292	1	1	sim69	Eso-AdenoCa	cna17
2	134892293	147212421	2	1	sim69	Eso-AdenoCa	cna18
2	147212422	147704707	5	1	sim69	Eso-AdenoCa	cna19
2	147704708	149291761	1	0	sim69	Eso-AdenoCa	cna20
2	149291762	156024309	2	0	sim69	Eso-AdenoCa	cna21
2	156024310	156451663	3	1	sim69	Eso-AdenoCa	cna22
2	156451664	179173753	2	1	sim69	Eso-AdenoCa	cna23
2	179173754	202189605	1	1	sim69	Eso-AdenoCa	cna24
2	202189606	202221930	4	1	sim69	Eso-AdenoCa	cna25
2	202221931	218455559	2	2	sim69	Eso-AdenoCa	cna26
2	218455560	219195162	3	3	sim69	Eso-AdenoCa	cna27
2	219195163	243183194	1	1	sim69	Eso-AdenoCa	cna28
2	243183195	243199373	2	0	sim69	Eso-AdenoCa	cna29
3	1	9101999	2	2	sim69	Eso-AdenoCa	cna30
3	9102000	16518912	1	0	sim69	Eso-AdenoCa	cna31
3	16518913	16727929	6	2	sim69	Eso-AdenoCa	cna32
3	16727930	67691991	1	0	sim69	Eso-AdenoCa	cna33
3	67691992	197932923	1	1	sim69	Eso-AdenoCa	cna34
3	197932924	198022430	2	1	sim69	Eso-AdenoCa	cna35
4	1	15609568	2	0	sim69	Eso-AdenoCa	cna36
4	15609569	15855922	0	0	sim69	Eso-AdenoCa	cna37
4	15855923	180148936	2	0	sim69	Eso-AdenoCa	cna38
4	180148937	189089936	1	0	sim69	Eso-AdenoCa	cna39
4	189089937	191154276	4	2	sim69	Eso-AdenoCa	cna40
5	1	15427178	1	1	sim69	Eso-AdenoCa	cna41
5	15427179	15547323	3	2	sim69	Eso-AdenoCa	cna42
5	15547324	17563952	1	1	sim69	Eso-AdenoCa	cna43
5	17563953	17751544	1	0	sim69	Eso-AdenoCa	cna44
5	17751545	17833311	2	0	sim69	Eso-AdenoCa	cna45
5	17833312	21866489	2	1	sim69	Eso-AdenoCa	cna46
5	21866490	31275765	2	0	sim69	Eso-AdenoCa	cna47
5	31275766	31786222	2	1	sim69	Eso-AdenoCa	cna48
5	31786223	44771929	4	2	sim69	Eso-AdenoCa	cna49
5	44771930	44790445	2	1	sim69	Eso-AdenoCa	cna50
5	44790446	61435309	1	1	sim69	Eso-AdenoCa	cna51
5	61435310	61710966	1	0	sim69	Eso-AdenoCa	cna52
5	61710967	61919131	4	1	sim69	Eso-AdenoCa	cna53
5	61919132	67039914	1	0	sim69	Eso-AdenoCa	cna54
5	67039915	67049173	2	1	sim69	Eso-AdenoCa	cna55
5	67049174	106458282	2	0	sim69	Eso-AdenoCa	cna56
5	106458283	113358261	1	1	sim69	Eso-AdenoCa	cna57
5	113358262	113367619	2	0	sim69	Eso-AdenoCa	cna58
5	113367620	156022116	2	1	sim69	Eso-AdenoCa	cna59
5	156022117	180915260	2	0	sim69	Eso-AdenoCa	cna60
6	1	171115067	1	1	sim69	Eso-AdenoCa	cna61
7	1	5088271	1	1	sim69	Eso-AdenoCa	cna62
7	5088272	5531405	3	1	sim69	Eso-AdenoCa	cna63
7	5531406	5554520	4	1	sim69	Eso-AdenoCa	cna64
7	5554521	14877529	2	1	sim69	Eso-AdenoCa	cna65
7	14877530	15003376	0	0	sim69	Eso-AdenoCa	cna66
7	15003377	43074920	1	1	sim69	Eso-AdenoCa	cna67
7	43074921	43218709	3	0	sim69	Eso-AdenoCa	cna68
7	43218710	43241998	1	0	sim69	Eso-AdenoCa	cna69
7	43241999	59696082	2	0	sim69	Eso-AdenoCa	cna70
7	59696083	123736063	1	1	sim69	Eso-AdenoCa	cna71
7	123736064	159138663	2	1	sim69	Eso-AdenoCa	cna72
8	1	19123278	1	0	sim69	Eso-AdenoCa	cna73
8	19123279	20518235	1	1	sim69	Eso-AdenoCa	cna74
8	20518236	34849055	2	2	sim69	Eso-AdenoCa	cna75
8	34849056	36936722	1	1	sim69	Eso-AdenoCa	cna76
8	36936723	70224540	2	2	sim69	Eso-AdenoCa	cna77
8	70224541	128742191	3	1	sim69	Eso-AdenoCa	cna78
8	128742192	129218452	2	1	sim69	Eso-AdenoCa	cna79
8	129218453	132206891	1	1	sim69	Eso-AdenoCa	cna80
8	132206892	135116534	1	0	sim69	Eso-AdenoCa	cna81
8	135116535	139810095	4	1	sim69	Eso-AdenoCa	cna82
8	139810096	140403248	2	0	sim69	Eso-AdenoCa	cna83
8	140403249	141666451	1	1	sim69	Eso-AdenoCa	cna84
8	141666452	146364022	2	1	sim69	Eso-AdenoCa	cna85
9	1	19486025	1	1	sim69	Eso-AdenoCa	cna86
9	19486026	20841822	2	0	sim69	Eso-AdenoCa	cna87
9	20841823	24641690	2	1	sim69	Eso-AdenoCa	cna88
9	24641691	24724715	4	1	sim69	Eso-AdenoCa	cna89
9	24724716	32277579	1	0	sim69	Eso-AdenoCa	cna90
9	32277580	32310531	2	2	sim69	Eso-AdenoCa	cna91
9	32310532	39870149	2	1	sim69	Eso-AdenoCa	cna92
9	39870150	39963820	1	0	sim69	Eso-AdenoCa	cna93
9	39963821	88712343	3	2	sim69	Eso-AdenoCa	cna94
9	88712344	88855969	3	0	sim69	Eso-AdenoCa	cna95
9	88855970	88952612	2	0	sim69	Eso-AdenoCa	cna96
9	88952613	89313111	2	1	sim69	Eso-AdenoCa	cna97
9	89313112	110374212	2	2	sim69	Eso-AdenoCa	cna98
9	110374213	110874795	2	1	sim69	Eso-AdenoCa	cna99
9	110874796	141213431	3	0	sim69	Eso-AdenoCa	cna100
10	1	2797636	2	2	sim69	Eso-AdenoCa	cna101
10	2797637	135534747	1	1	sim69	Eso-AdenoCa	cna102
11	1	84042863	1	1	sim69	Eso-AdenoCa	cna103
11	84042864	84409343	2	1	sim69	Eso-AdenoCa	cna104
11	84409344	113136852	4	1	sim69	Eso-AdenoCa	cna105
11	113136853	135006516	2	0	sim69	Eso-AdenoCa	cna106
12	1	10155173	1	1	sim69	Eso-AdenoCa	cna107
12	10155174	12184617	1	0	sim69	Eso-AdenoCa	cna108
12	12184618	13234800	2	0	sim69	Eso-AdenoCa	cna109
12	13234801	38074992	1	1	sim69	Eso-AdenoCa	cna110
12	38074993	38270777	3	1	sim69	Eso-AdenoCa	cna111
12	38270778	39813950	2	2	sim69	Eso-AdenoCa	cna112
12	39813951	39962427	1	0	sim69	Eso-AdenoCa	cna113
12	39962428	39999285	6	1	sim69	Eso-AdenoCa	cna114
12	39999286	40362180	2	0	sim69	Eso-AdenoCa	cna115
12	40362181	40708633	2	1	sim69	Eso-AdenoCa	cna116
12	40708634	41568403	1	1	sim69	Eso-AdenoCa	cna117
12	41568404	76132015	4	2	sim69	Eso-AdenoCa	cna118
12	76132016	77506734	1	0	sim69	Eso-AdenoCa	cna119
12	77506735	77769130	1	1	sim69	Eso-AdenoCa	cna120
12	77769131	131599362	2	1	sim69	Eso-AdenoCa	cna121
12	131599363	131617648	1	0	sim69	Eso-AdenoCa	cna122
12	131617649	132549074	2	2	sim69	Eso-AdenoCa	cna123
12	132549075	133851895	3	2	sim69	Eso-AdenoCa	cna124
13	1	13878465	2	0	sim69	Eso-AdenoCa	cna125
13	13878466	39458852	2	1	sim69	Eso-AdenoCa	cna126
13	39458853	39751379	3	0	sim69	Eso-AdenoCa	cna127
13	39751380	115169878	2	1	sim69	Eso-AdenoCa	cna128
14	1	107349540	1	1	sim69	Eso-AdenoCa	cna129
15	1	102531392	1	1	sim69	Eso-AdenoCa	cna130
16	1	37573788	1	1	sim69	Eso-AdenoCa	cna131
16	37573789	37712869	0	0	sim69	Eso-AdenoCa	cna132
16	37712870	76642790	2	1	sim69	Eso-AdenoCa	cna133
16	76642791	76697523	2	2	sim69	Eso-AdenoCa	cna134
16	76697524	81526413	1	1	sim69	Eso-AdenoCa	cna135
16	81526414	82113200	3	1	sim69	Eso-AdenoCa	cna136
16	82113201	82194414	3	2	sim69	Eso-AdenoCa	cna137
16	82194415	82212716	4	1	sim69	Eso-AdenoCa	cna138
16	82212717	82314632	1	1	sim69	Eso-AdenoCa	cna139
16	82314633	83056413	2	0	sim69	Eso-AdenoCa	cna140
16	83056414	90354753	2	1	sim69	Eso-AdenoCa	cna141
17	1	4718594	2	0	sim69	Eso-AdenoCa	cna142
17	4718595	5588791	2	1	sim69	Eso-AdenoCa	cna143
17	5588792	24706643	3	2	sim69	Eso-AdenoCa	cna144
17	24706644	28743139	2	0	sim69	Eso-AdenoCa	cna145
17	28743140	36629835	2	1	sim69	Eso-AdenoCa	cna146
17	36629836	80877269	1	1	sim69	Eso-AdenoCa	cna147
17	80877270	81195210	3	0	sim69	Eso-AdenoCa	cna148
18	1	40446999	1	0	sim69	Eso-AdenoCa	cna149
18	40447000	42356742	2	1	sim69	Eso-AdenoCa	cna150
18	42356743	55004360	2	0	sim69	Eso-AdenoCa	cna151
18	55004361	55078410	4	0	sim69	Eso-AdenoCa	cna152
18	55078411	55204705	5	2	sim69	Eso-AdenoCa	cna153
18	55204706	76031394	2	2	sim69	Eso-AdenoCa	cna154
18	76031395	78077248	2	1	sim69	Eso-AdenoCa	cna155
19	1	59128983	2	0	sim69	Eso-AdenoCa	cna156
20	1	63025520	2	0	sim69	Eso-AdenoCa	cna157
21	1	36668897	2	0	sim69	Eso-AdenoCa	cna158
21	36668898	47591304	2	1	sim69	Eso-AdenoCa	cna159
21	47591305	48120158	2	0	sim69	Eso-AdenoCa	cna160
21	48120159	48129895	1	0	sim69	Eso-AdenoCa	cna161
22	1	27898120	1	1	sim69	Eso-AdenoCa	cna162
22	27898121	35105700	2	1	sim69	Eso-AdenoCa	cna163
22	35105701	45308883	4	2	sim69	Eso-AdenoCa	cna164
22	45308884	45980089	2	2	sim69	Eso-AdenoCa	cna165
22	45980090	46353351	3	0	sim69	Eso-AdenoCa	cna166
22	46353352	48100076	2	1	sim69	Eso-AdenoCa	cna167
22	48100077	51304566	4	2	sim69	Eso-AdenoCa	cna168
X	1	60155741	2	1	sim69	Eso-AdenoCa	cna169
X	60155742	120710685	1	0	sim69	Eso-AdenoCa	cna170
X	120710686	120927493	4	2	sim69	Eso-AdenoCa	cna171
X	120927494	155270560	2	0	sim69	Eso-AdenoCa	cna172
