chrom	start	end	major_cn	minor_cn	donor_id	study	id
1	1	481245	2	0	sim84	Eso-AdenoCa	cna0
1	481246	8600808	2	2	sim84	Eso-AdenoCa	cna1
1	8600809	9161239	3	1	sim84	Eso-AdenoCa	cna2
1	9161240	93837159	1	0	sim84	Eso-AdenoCa	cna3
1	93837160	147781483	2	0	sim84	Eso-AdenoCa	cna4
1	147781484	147808304	3	0	sim84	Eso-AdenoCa	cna5
1	147808305	147882296	1	0	sim84	Eso-AdenoCa	cna6
1	147882297	148078316	3	2	sim84	Eso-AdenoCa	cna7
1	148078317	249250621	2	1	sim84	Eso-AdenoCa	cna8
2	1	20162209	1	0	sim84	Eso-AdenoCa	cna9
2	20162210	20224564	2	1	sim84	Eso-AdenoCa	cna10
2	20224565	20400733	5	0	sim84	Eso-AdenoCa	cna11
2	20400734	20444628	1	0	sim84	Eso-AdenoCa	cna12
2	20444629	40116529	1	1	sim84	Eso-AdenoCa	cna13
2	40116530	41673654	3	2	sim84	Eso-AdenoCa	cna14
2	41673655	44247557	1	0	sim84	Eso-AdenoCa	cna15
2	44247558	75285860	2	0	sim84	Eso-AdenoCa	cna16
2	75285861	79245508	2	1	sim84	Eso-AdenoCa	cna17
2	79245509	79318361	2	0	sim84	Eso-AdenoCa	cna18
2	79318362	79532188	4	1	sim84	Eso-AdenoCa	cna19
2	79532189	81603950	0	0	sim84	Eso-AdenoCa	cna20
2	81603951	82019608	1	0	sim84	Eso-AdenoCa	cna21
2	82019609	82291661	4	1	sim84	Eso-AdenoCa	cna22
2	82291662	94782391	2	0	sim84	Eso-AdenoCa	cna23
2	94782392	95939351	2	1	sim84	Eso-AdenoCa	cna24
2	95939352	104527998	4	0	sim84	Eso-AdenoCa	cna25
2	104527999	121285817	2	1	sim84	Eso-AdenoCa	cna26
2	121285818	121444145	2	0	sim84	Eso-AdenoCa	cna27
2	121444146	126231116	3	1	sim84	Eso-AdenoCa	cna28
2	126231117	129504229	2	0	sim84	Eso-AdenoCa	cna29
2	129504230	135975743	1	0	sim84	Eso-AdenoCa	cna30
2	135975744	136122392	1	1	sim84	Eso-AdenoCa	cna31
2	136122393	139897372	1	0	sim84	Eso-AdenoCa	cna32
2	139897373	152968617	2	2	sim84	Eso-AdenoCa	cna33
2	152968618	171961896	2	1	sim84	Eso-AdenoCa	cna34
2	171961897	171999860	4	1	sim84	Eso-AdenoCa	cna35
2	171999861	172122981	2	1	sim84	Eso-AdenoCa	cna36
2	172122982	173422426	1	0	sim84	Eso-AdenoCa	cna37
2	173422427	173610681	2	2	sim84	Eso-AdenoCa	cna38
2	173610682	174123519	5	1	sim84	Eso-AdenoCa	cna39
2	174123520	174204685	3	0	sim84	Eso-AdenoCa	cna40
2	174204686	176785479	5	1	sim84	Eso-AdenoCa	cna41
2	176785480	178136772	2	1	sim84	Eso-AdenoCa	cna42
2	178136773	187869699	2	2	sim84	Eso-AdenoCa	cna43
2	187869700	187946871	4	2	sim84	Eso-AdenoCa	cna44
2	187946872	188053451	3	2	sim84	Eso-AdenoCa	cna45
2	188053452	203261182	1	0	sim84	Eso-AdenoCa	cna46
2	203261183	203609255	2	1	sim84	Eso-AdenoCa	cna47
2	203609256	203629463	4	2	sim84	Eso-AdenoCa	cna48
2	203629464	204109130	2	1	sim84	Eso-AdenoCa	cna49
2	204109131	205603065	2	2	sim84	Eso-AdenoCa	cna50
2	205603066	207331260	2	0	sim84	Eso-AdenoCa	cna51
2	207331261	210039260	1	0	sim84	Eso-AdenoCa	cna52
2	210039261	235371798	3	1	sim84	Eso-AdenoCa	cna53
2	235371799	236436713	2	1	sim84	Eso-AdenoCa	cna54
2	236436714	243199373	2	0	sim84	Eso-AdenoCa	cna55
3	1	46703053	1	1	sim84	Eso-AdenoCa	cna56
3	46703054	46712256	3	2	sim84	Eso-AdenoCa	cna57
3	46712257	53848105	2	1	sim84	Eso-AdenoCa	cna58
3	53848106	67086939	3	3	sim84	Eso-AdenoCa	cna59
3	67086940	76138851	2	2	sim84	Eso-AdenoCa	cna60
3	76138852	78550590	2	0	sim84	Eso-AdenoCa	cna61
3	78550591	78578652	4	1	sim84	Eso-AdenoCa	cna62
3	78578653	92978296	2	1	sim84	Eso-AdenoCa	cna63
3	92978297	93104900	2	0	sim84	Eso-AdenoCa	cna64
3	93104901	94552688	4	2	sim84	Eso-AdenoCa	cna65
3	94552689	100369160	3	1	sim84	Eso-AdenoCa	cna66
3	100369161	104753585	3	2	sim84	Eso-AdenoCa	cna67
3	104753586	106031539	1	1	sim84	Eso-AdenoCa	cna68
3	106031540	106072291	2	1	sim84	Eso-AdenoCa	cna69
3	106072292	123554233	1	0	sim84	Eso-AdenoCa	cna70
3	123554234	148549625	2	1	sim84	Eso-AdenoCa	cna71
3	148549626	148558856	3	1	sim84	Eso-AdenoCa	cna72
3	148558857	149383630	4	1	sim84	Eso-AdenoCa	cna73
3	149383631	151417933	3	1	sim84	Eso-AdenoCa	cna74
3	151417934	168542781	2	3	sim84	Eso-AdenoCa	cna75
3	168542782	168560349	0	0	sim84	Eso-AdenoCa	cna76
3	168560350	173675821	2	0	sim84	Eso-AdenoCa	cna77
3	173675822	173745844	5	1	sim84	Eso-AdenoCa	cna78
3	173745845	174067809	4	1	sim84	Eso-AdenoCa	cna79
3	174067810	187773192	2	2	sim84	Eso-AdenoCa	cna80
3	187773193	198022430	2	0	sim84	Eso-AdenoCa	cna81
4	1	11057580	2	0	sim84	Eso-AdenoCa	cna82
4	11057581	13381053	3	1	sim84	Eso-AdenoCa	cna83
4	13381054	13427524	4	3	sim84	Eso-AdenoCa	cna84
4	13427525	13734214	2	1	sim84	Eso-AdenoCa	cna85
4	13734215	14003478	3	1	sim84	Eso-AdenoCa	cna86
4	14003479	15656480	1	1	sim84	Eso-AdenoCa	cna87
4	15656481	15692262	4	1	sim84	Eso-AdenoCa	cna88
4	15692263	21082137	2	1	sim84	Eso-AdenoCa	cna89
4	21082138	80388272	3	0	sim84	Eso-AdenoCa	cna90
4	80388273	100620523	1	0	sim84	Eso-AdenoCa	cna91
4	100620524	100664380	2	0	sim84	Eso-AdenoCa	cna92
4	100664381	100759741	1	0	sim84	Eso-AdenoCa	cna93
4	100759742	101029910	3	0	sim84	Eso-AdenoCa	cna94
4	101029911	109859190	2	0	sim84	Eso-AdenoCa	cna95
4	109859191	116298844	2	1	sim84	Eso-AdenoCa	cna96
4	116298845	130026281	3	1	sim84	Eso-AdenoCa	cna97
4	130026282	184347208	1	1	sim84	Eso-AdenoCa	cna98
4	184347209	184388959	3	1	sim84	Eso-AdenoCa	cna99
4	184388960	191135076	1	0	sim84	Eso-AdenoCa	cna100
4	191135077	191154276	4	1	sim84	Eso-AdenoCa	cna101
5	1	3218785	2	0	sim84	Eso-AdenoCa	cna102
5	3218786	15877501	3	1	sim84	Eso-AdenoCa	cna103
5	15877502	15899961	4	0	sim84	Eso-AdenoCa	cna104
5	15899962	67421098	2	2	sim84	Eso-AdenoCa	cna105
5	67421099	69193246	3	1	sim84	Eso-AdenoCa	cna106
5	69193247	69423907	2	0	sim84	Eso-AdenoCa	cna107
5	69423908	69446604	3	0	sim84	Eso-AdenoCa	cna108
5	69446605	168601057	1	0	sim84	Eso-AdenoCa	cna109
5	168601058	170019801	2	0	sim84	Eso-AdenoCa	cna110
5	170019802	180915260	2	1	sim84	Eso-AdenoCa	cna111
6	1	5088668	2	2	sim84	Eso-AdenoCa	cna112
6	5088669	20004534	4	0	sim84	Eso-AdenoCa	cna113
6	20004535	21087378	2	1	sim84	Eso-AdenoCa	cna114
6	21087379	31372671	3	0	sim84	Eso-AdenoCa	cna115
6	31372672	38724246	2	2	sim84	Eso-AdenoCa	cna116
6	38724247	38887463	2	1	sim84	Eso-AdenoCa	cna117
6	38887464	51986729	2	2	sim84	Eso-AdenoCa	cna118
6	51986730	52377626	3	2	sim84	Eso-AdenoCa	cna119
6	52377627	69037103	2	2	sim84	Eso-AdenoCa	cna120
6	69037104	105977448	2	1	sim84	Eso-AdenoCa	cna121
6	105977449	106087832	3	2	sim84	Eso-AdenoCa	cna122
6	106087833	154512220	2	0	sim84	Eso-AdenoCa	cna123
6	154512221	154799656	1	0	sim84	Eso-AdenoCa	cna124
6	154799657	155369471	3	1	sim84	Eso-AdenoCa	cna125
6	155369472	171115067	2	2	sim84	Eso-AdenoCa	cna126
7	1	9323510	3	1	sim84	Eso-AdenoCa	cna127
7	9323511	9452464	1	0	sim84	Eso-AdenoCa	cna128
7	9452465	12995861	2	1	sim84	Eso-AdenoCa	cna129
7	12995862	13359510	1	0	sim84	Eso-AdenoCa	cna130
7	13359511	15800260	3	0	sim84	Eso-AdenoCa	cna131
7	15800261	16111503	4	2	sim84	Eso-AdenoCa	cna132
7	16111504	116400843	2	1	sim84	Eso-AdenoCa	cna133
7	116400844	144861237	2	2	sim84	Eso-AdenoCa	cna134
7	144861238	159138663	2	1	sim84	Eso-AdenoCa	cna135
8	1	21165439	1	0	sim84	Eso-AdenoCa	cna136
8	21165440	21919622	4	1	sim84	Eso-AdenoCa	cna137
8	21919623	23047454	3	0	sim84	Eso-AdenoCa	cna138
8	23047455	23058506	3	1	sim84	Eso-AdenoCa	cna139
8	23058507	23069540	1	0	sim84	Eso-AdenoCa	cna140
8	23069541	23384588	2	1	sim84	Eso-AdenoCa	cna141
8	23384589	23630993	2	0	sim84	Eso-AdenoCa	cna142
8	23630994	23692239	3	1	sim84	Eso-AdenoCa	cna143
8	23692240	25156248	1	0	sim84	Eso-AdenoCa	cna144
8	25156249	57174742	2	2	sim84	Eso-AdenoCa	cna145
8	57174743	58176193	2	0	sim84	Eso-AdenoCa	cna146
8	58176194	74963208	2	1	sim84	Eso-AdenoCa	cna147
8	74963209	75012427	3	1	sim84	Eso-AdenoCa	cna148
8	75012428	99894883	1	0	sim84	Eso-AdenoCa	cna149
8	99894884	99905927	2	0	sim84	Eso-AdenoCa	cna150
8	99905928	99928031	3	1	sim84	Eso-AdenoCa	cna151
8	99928032	102791243	2	1	sim84	Eso-AdenoCa	cna152
8	102791244	103000850	3	2	sim84	Eso-AdenoCa	cna153
8	103000851	103137723	1	0	sim84	Eso-AdenoCa	cna154
8	103137724	120701982	2	1	sim84	Eso-AdenoCa	cna155
8	120701983	121207553	2	0	sim84	Eso-AdenoCa	cna156
8	121207554	121469157	1	0	sim84	Eso-AdenoCa	cna157
8	121469158	123039371	2	2	sim84	Eso-AdenoCa	cna158
8	123039372	126478949	2	0	sim84	Eso-AdenoCa	cna159
8	126478950	146206271	1	0	sim84	Eso-AdenoCa	cna160
8	146206272	146364022	3	0	sim84	Eso-AdenoCa	cna161
9	1	49685273	2	2	sim84	Eso-AdenoCa	cna162
9	49685274	111727267	2	1	sim84	Eso-AdenoCa	cna163
9	111727268	132816828	4	2	sim84	Eso-AdenoCa	cna164
9	132816829	134614455	1	0	sim84	Eso-AdenoCa	cna165
9	134614456	141213431	2	1	sim84	Eso-AdenoCa	cna166
10	1	25274257	2	1	sim84	Eso-AdenoCa	cna167
10	25274258	25294089	2	0	sim84	Eso-AdenoCa	cna168
10	25294090	41944214	2	1	sim84	Eso-AdenoCa	cna169
10	41944215	45086204	2	0	sim84	Eso-AdenoCa	cna170
10	45086205	45494475	4	2	sim84	Eso-AdenoCa	cna171
10	45494476	122073601	1	1	sim84	Eso-AdenoCa	cna172
10	122073602	130727477	2	1	sim84	Eso-AdenoCa	cna173
10	130727478	134833677	3	1	sim84	Eso-AdenoCa	cna174
10	134833678	134894908	2	3	sim84	Eso-AdenoCa	cna175
10	134894909	134904780	2	2	sim84	Eso-AdenoCa	cna176
10	134904781	135238083	3	0	sim84	Eso-AdenoCa	cna177
10	135238084	135247960	2	1	sim84	Eso-AdenoCa	cna178
10	135247961	135534747	2	2	sim84	Eso-AdenoCa	cna179
11	1	9326604	4	1	sim84	Eso-AdenoCa	cna180
11	9326605	21463004	4	0	sim84	Eso-AdenoCa	cna181
11	21463005	22620701	2	1	sim84	Eso-AdenoCa	cna182
11	22620702	22982031	4	1	sim84	Eso-AdenoCa	cna183
11	22982032	24072609	2	1	sim84	Eso-AdenoCa	cna184
11	24072610	24149382	2	0	sim84	Eso-AdenoCa	cna185
11	24149383	27704605	2	1	sim84	Eso-AdenoCa	cna186
11	27704606	27785268	4	1	sim84	Eso-AdenoCa	cna187
11	27785269	42105448	2	1	sim84	Eso-AdenoCa	cna188
11	42105449	135006516	1	0	sim84	Eso-AdenoCa	cna189
12	1	67119	2	0	sim84	Eso-AdenoCa	cna190
12	67120	1878611	3	2	sim84	Eso-AdenoCa	cna191
12	1878612	1944632	2	0	sim84	Eso-AdenoCa	cna192
12	1944633	2768421	2	2	sim84	Eso-AdenoCa	cna193
12	2768422	5609576	1	0	sim84	Eso-AdenoCa	cna194
12	5609577	6283679	4	2	sim84	Eso-AdenoCa	cna195
12	6283680	6399815	1	0	sim84	Eso-AdenoCa	cna196
12	6399816	6411657	4	3	sim84	Eso-AdenoCa	cna197
12	6411658	6849055	3	1	sim84	Eso-AdenoCa	cna198
12	6849056	7008397	1	0	sim84	Eso-AdenoCa	cna199
12	7008398	7031719	6	1	sim84	Eso-AdenoCa	cna200
12	7031720	7326036	1	0	sim84	Eso-AdenoCa	cna201
12	7326037	7986314	2	1	sim84	Eso-AdenoCa	cna202
12	7986315	8822152	6	1	sim84	Eso-AdenoCa	cna203
12	8822153	12781736	4	0	sim84	Eso-AdenoCa	cna204
12	12781737	36050396	2	1	sim84	Eso-AdenoCa	cna205
12	36050397	36500528	1	1	sim84	Eso-AdenoCa	cna206
12	36500529	36512368	3	2	sim84	Eso-AdenoCa	cna207
12	36512369	125610293	1	0	sim84	Eso-AdenoCa	cna208
12	125610294	125793993	3	1	sim84	Eso-AdenoCa	cna209
12	125793994	126366959	4	2	sim84	Eso-AdenoCa	cna210
12	126366960	126687456	2	1	sim84	Eso-AdenoCa	cna211
12	126687457	127574717	2	2	sim84	Eso-AdenoCa	cna212
12	127574718	128151256	2	1	sim84	Eso-AdenoCa	cna213
12	128151257	128255672	2	2	sim84	Eso-AdenoCa	cna214
12	128255673	129729173	2	1	sim84	Eso-AdenoCa	cna215
12	129729174	133851895	1	0	sim84	Eso-AdenoCa	cna216
13	1	34612985	1	1	sim84	Eso-AdenoCa	cna217
13	34612986	35015496	2	1	sim84	Eso-AdenoCa	cna218
13	35015497	36482838	3	2	sim84	Eso-AdenoCa	cna219
13	36482839	38100441	4	3	sim84	Eso-AdenoCa	cna220
13	38100442	38368811	2	2	sim84	Eso-AdenoCa	cna221
13	38368812	42351870	2	1	sim84	Eso-AdenoCa	cna222
13	42351871	108357745	1	0	sim84	Eso-AdenoCa	cna223
13	108357746	109168161	2	1	sim84	Eso-AdenoCa	cna224
13	109168162	109235865	4	0	sim84	Eso-AdenoCa	cna225
13	109235866	111043707	2	1	sim84	Eso-AdenoCa	cna226
13	111043708	115149682	4	1	sim84	Eso-AdenoCa	cna227
13	115149683	115169878	3	2	sim84	Eso-AdenoCa	cna228
14	1	77175900	2	1	sim84	Eso-AdenoCa	cna229
14	77175901	80518469	2	0	sim84	Eso-AdenoCa	cna230
14	80518470	93531122	1	3	sim84	Eso-AdenoCa	cna231
14	93531123	93692019	3	1	sim84	Eso-AdenoCa	cna232
14	93692020	95173365	1	0	sim84	Eso-AdenoCa	cna233
14	95173366	95183913	4	3	sim84	Eso-AdenoCa	cna234
14	95183914	95826816	2	0	sim84	Eso-AdenoCa	cna235
14	95826817	106655879	2	1	sim84	Eso-AdenoCa	cna236
14	106655880	107312292	3	0	sim84	Eso-AdenoCa	cna237
14	107312293	107349540	3	1	sim84	Eso-AdenoCa	cna238
15	1	3658586	1	0	sim84	Eso-AdenoCa	cna239
15	3658587	6064526	2	1	sim84	Eso-AdenoCa	cna240
15	6064527	50056297	2	0	sim84	Eso-AdenoCa	cna241
15	50056298	50586912	2	1	sim84	Eso-AdenoCa	cna242
15	50586913	51056471	4	2	sim84	Eso-AdenoCa	cna243
15	51056472	53512786	2	3	sim84	Eso-AdenoCa	cna244
15	53512787	53635512	2	0	sim84	Eso-AdenoCa	cna245
15	53635513	53841115	5	2	sim84	Eso-AdenoCa	cna246
15	53841116	64519765	2	0	sim84	Eso-AdenoCa	cna247
15	64519766	66773078	1	0	sim84	Eso-AdenoCa	cna248
15	66773079	67388810	4	1	sim84	Eso-AdenoCa	cna249
15	67388811	71417994	4	0	sim84	Eso-AdenoCa	cna250
15	71417995	72642532	1	1	sim84	Eso-AdenoCa	cna251
15	72642533	72934120	2	1	sim84	Eso-AdenoCa	cna252
15	72934121	100594846	1	2	sim84	Eso-AdenoCa	cna253
15	100594847	100821298	0	1	sim84	Eso-AdenoCa	cna254
15	100821299	101226025	2	1	sim84	Eso-AdenoCa	cna255
15	101226026	101368626	1	0	sim84	Eso-AdenoCa	cna256
15	101368627	101486383	4	2	sim84	Eso-AdenoCa	cna257
15	101486384	102401844	3	1	sim84	Eso-AdenoCa	cna258
15	102401845	102531392	2	2	sim84	Eso-AdenoCa	cna259
16	1	90354753	1	1	sim84	Eso-AdenoCa	cna260
17	1	75059397	1	1	sim84	Eso-AdenoCa	cna261
17	75059398	81195210	2	2	sim84	Eso-AdenoCa	cna262
18	1	77815468	2	1	sim84	Eso-AdenoCa	cna263
18	77815469	78077248	3	2	sim84	Eso-AdenoCa	cna264
19	1	59128983	1	1	sim84	Eso-AdenoCa	cna265
20	1	34216558	1	1	sim84	Eso-AdenoCa	cna266
20	34216559	34580291	1	0	sim84	Eso-AdenoCa	cna267
20	34580292	34689066	2	1	sim84	Eso-AdenoCa	cna268
20	34689067	36746417	0	0	sim84	Eso-AdenoCa	cna269
20	36746418	36765379	2	2	sim84	Eso-AdenoCa	cna270
20	36765380	37490636	1	0	sim84	Eso-AdenoCa	cna271
20	37490637	37750769	3	0	sim84	Eso-AdenoCa	cna272
20	37750770	38142853	2	2	sim84	Eso-AdenoCa	cna273
20	38142854	38152296	3	1	sim84	Eso-AdenoCa	cna274
20	38152297	42961177	1	0	sim84	Eso-AdenoCa	cna275
20	42961178	44181687	2	3	sim84	Eso-AdenoCa	cna276
20	44181688	63025520	1	0	sim84	Eso-AdenoCa	cna277
21	1	37172563	4	2	sim84	Eso-AdenoCa	cna278
21	37172564	40476455	1	0	sim84	Eso-AdenoCa	cna279
21	40476456	48129895	2	1	sim84	Eso-AdenoCa	cna280
22	1	5081665	2	2	sim84	Eso-AdenoCa	cna281
22	5081666	9553419	2	1	sim84	Eso-AdenoCa	cna282
22	9553420	9761365	1	0	sim84	Eso-AdenoCa	cna283
22	9761366	9784782	2	1	sim84	Eso-AdenoCa	cna284
22	9784783	30587720	1	0	sim84	Eso-AdenoCa	cna285
22	30587721	31111216	2	1	sim84	Eso-AdenoCa	cna286
22	31111217	49643785	4	1	sim84	Eso-AdenoCa	cna287
22	49643786	51304566	1	0	sim84	Eso-AdenoCa	cna288
X	1	33884555	1	0	sim84	Eso-AdenoCa	cna289
X	33884556	34036991	2	1	sim84	Eso-AdenoCa	cna290
X	34036992	43727902	2	0	sim84	Eso-AdenoCa	cna291
X	43727903	48763057	2	1	sim84	Eso-AdenoCa	cna292
X	48763058	51158543	1	1	sim84	Eso-AdenoCa	cna293
X	51158544	51666219	6	1	sim84	Eso-AdenoCa	cna294
X	51666220	51676069	2	3	sim84	Eso-AdenoCa	cna295
X	51676070	51743892	3	1	sim84	Eso-AdenoCa	cna296
X	51743893	51784775	3	2	sim84	Eso-AdenoCa	cna297
X	51784776	59461115	3	0	sim84	Eso-AdenoCa	cna298
X	59461116	101163745	1	0	sim84	Eso-AdenoCa	cna299
X	101163746	101384002	4	2	sim84	Eso-AdenoCa	cna300
X	101384003	103931714	3	2	sim84	Eso-AdenoCa	cna301
X	103931715	104084178	2	0	sim84	Eso-AdenoCa	cna302
X	104084179	106298715	2	2	sim84	Eso-AdenoCa	cna303
X	106298716	106732267	3	1	sim84	Eso-AdenoCa	cna304
X	106732268	144785693	2	1	sim84	Eso-AdenoCa	cna305
X	144785694	145310402	1	0	sim84	Eso-AdenoCa	cna306
X	145310403	146020332	3	1	sim84	Eso-AdenoCa	cna307
X	146020333	149333118	2	1	sim84	Eso-AdenoCa	cna308
X	149333119	149579912	3	2	sim84	Eso-AdenoCa	cna309
X	149579913	149723512	1	0	sim84	Eso-AdenoCa	cna310
X	149723513	150138118	3	1	sim84	Eso-AdenoCa	cna311
X	150138119	150234234	2	2	sim84	Eso-AdenoCa	cna312
X	150234235	152372137	3	1	sim84	Eso-AdenoCa	cna313
X	152372138	152391445	2	2	sim84	Eso-AdenoCa	cna314
X	152391446	155075597	4	0	sim84	Eso-AdenoCa	cna315
X	155075598	155270560	1	0	sim84	Eso-AdenoCa	cna316
Y	1	9677788	1	0	sim84	Eso-AdenoCa	cna317
Y	9677789	28162118	2	1	sim84	Eso-AdenoCa	cna318
Y	28162119	28439934	4	1	sim84	Eso-AdenoCa	cna319
Y	28439935	55315412	2	1	sim84	Eso-AdenoCa	cna320
Y	55315413	55324611	2	0	sim84	Eso-AdenoCa	cna321
Y	55324612	57292490	1	0	sim84	Eso-AdenoCa	cna322
Y	57292491	57377321	4	2	sim84	Eso-AdenoCa	cna323
Y	57377322	59373566	2	1	sim84	Eso-AdenoCa	cna324
