chrom	start	end	major_cn	minor_cn	donor_id	study	id
1	1	218271	4	1	sim35	Eso-AdenoCa	cna0
1	218272	39511631	3	1	sim35	Eso-AdenoCa	cna1
1	39511632	39581780	2	0	sim35	Eso-AdenoCa	cna2
1	39581781	63489004	1	0	sim35	Eso-AdenoCa	cna3
1	63489005	63543282	4	0	sim35	Eso-AdenoCa	cna4
1	63543283	65025005	1	0	sim35	Eso-AdenoCa	cna5
1	65025006	69218937	3	2	sim35	Eso-AdenoCa	cna6
1	69218938	69634599	1	0	sim35	Eso-AdenoCa	cna7
1	69634600	73496462	2	1	sim35	Eso-AdenoCa	cna8
1	73496463	101960054	2	0	sim35	Eso-AdenoCa	cna9
1	101960055	213244790	2	1	sim35	Eso-AdenoCa	cna10
1	213244791	213359351	1	1	sim35	Eso-AdenoCa	cna11
1	213359352	213420474	2	0	sim35	Eso-AdenoCa	cna12
1	213420475	213486769	3	1	sim35	Eso-AdenoCa	cna13
1	213486770	217679367	2	0	sim35	Eso-AdenoCa	cna14
1	217679368	229916974	2	1	sim35	Eso-AdenoCa	cna15
1	229916975	230582581	1	1	sim35	Eso-AdenoCa	cna16
1	230582582	231110080	1	0	sim35	Eso-AdenoCa	cna17
1	231110081	231261418	0	0	sim35	Eso-AdenoCa	cna18
1	231261419	247033711	2	1	sim35	Eso-AdenoCa	cna19
1	247033712	248766604	2	2	sim35	Eso-AdenoCa	cna20
1	248766605	249250621	1	0	sim35	Eso-AdenoCa	cna21
2	1	46260257	2	1	sim35	Eso-AdenoCa	cna22
2	46260258	46279001	3	1	sim35	Eso-AdenoCa	cna23
2	46279002	57427072	2	2	sim35	Eso-AdenoCa	cna24
2	57427073	84904521	2	0	sim35	Eso-AdenoCa	cna25
2	84904522	163664399	3	1	sim35	Eso-AdenoCa	cna26
2	163664400	163801905	2	1	sim35	Eso-AdenoCa	cna27
2	163801906	163811287	2	0	sim35	Eso-AdenoCa	cna28
2	163811288	164093608	3	1	sim35	Eso-AdenoCa	cna29
2	164093609	164209905	1	1	sim35	Eso-AdenoCa	cna30
2	164209906	165580815	2	1	sim35	Eso-AdenoCa	cna31
2	165580816	171321775	2	0	sim35	Eso-AdenoCa	cna32
2	171321776	171764293	1	0	sim35	Eso-AdenoCa	cna33
2	171764294	179848112	1	1	sim35	Eso-AdenoCa	cna34
2	179848113	181276719	2	1	sim35	Eso-AdenoCa	cna35
2	181276720	194026259	1	0	sim35	Eso-AdenoCa	cna36
2	194026260	194289699	4	0	sim35	Eso-AdenoCa	cna37
2	194289700	200097025	1	0	sim35	Eso-AdenoCa	cna38
2	200097026	200914690	2	0	sim35	Eso-AdenoCa	cna39
2	200914691	237127594	1	1	sim35	Eso-AdenoCa	cna40
2	237127595	237316836	3	1	sim35	Eso-AdenoCa	cna41
2	237316837	237868951	1	0	sim35	Eso-AdenoCa	cna42
2	237868952	239024490	4	1	sim35	Eso-AdenoCa	cna43
2	239024491	239437910	1	0	sim35	Eso-AdenoCa	cna44
2	239437911	239559344	6	1	sim35	Eso-AdenoCa	cna45
2	239559345	239705370	3	2	sim35	Eso-AdenoCa	cna46
2	239705371	242345908	2	0	sim35	Eso-AdenoCa	cna47
2	242345909	243189999	1	0	sim35	Eso-AdenoCa	cna48
2	243190000	243199373	2	2	sim35	Eso-AdenoCa	cna49
3	1	847966	2	2	sim35	Eso-AdenoCa	cna50
3	847967	14500686	1	0	sim35	Eso-AdenoCa	cna51
3	14500687	21832707	2	2	sim35	Eso-AdenoCa	cna52
3	21832708	31295428	2	1	sim35	Eso-AdenoCa	cna53
3	31295429	32748422	4	2	sim35	Eso-AdenoCa	cna54
3	32748423	33049524	3	1	sim35	Eso-AdenoCa	cna55
3	33049525	39499417	2	1	sim35	Eso-AdenoCa	cna56
3	39499418	39551815	1	0	sim35	Eso-AdenoCa	cna57
3	39551816	46226618	2	0	sim35	Eso-AdenoCa	cna58
3	46226619	47449674	1	0	sim35	Eso-AdenoCa	cna59
3	47449675	47499081	2	1	sim35	Eso-AdenoCa	cna60
3	47499082	50150674	1	0	sim35	Eso-AdenoCa	cna61
3	50150675	55429193	2	0	sim35	Eso-AdenoCa	cna62
3	55429194	55616294	4	2	sim35	Eso-AdenoCa	cna63
3	55616295	56282243	2	1	sim35	Eso-AdenoCa	cna64
3	56282244	56522893	1	0	sim35	Eso-AdenoCa	cna65
3	56522894	56566941	6	1	sim35	Eso-AdenoCa	cna66
3	56566942	62910845	2	0	sim35	Eso-AdenoCa	cna67
3	62910846	67320208	4	1	sim35	Eso-AdenoCa	cna68
3	67320209	70067223	2	1	sim35	Eso-AdenoCa	cna69
3	70067224	78021461	2	0	sim35	Eso-AdenoCa	cna70
3	78021462	78652523	3	0	sim35	Eso-AdenoCa	cna71
3	78652524	79233880	3	1	sim35	Eso-AdenoCa	cna72
3	79233881	83526019	1	0	sim35	Eso-AdenoCa	cna73
3	83526020	85211420	2	1	sim35	Eso-AdenoCa	cna74
3	85211421	85523574	5	1	sim35	Eso-AdenoCa	cna75
3	85523575	147873534	2	1	sim35	Eso-AdenoCa	cna76
3	147873535	148476805	0	1	sim35	Eso-AdenoCa	cna77
3	148476806	151408406	1	1	sim35	Eso-AdenoCa	cna78
3	151408407	151759948	4	2	sim35	Eso-AdenoCa	cna79
3	151759949	152980320	2	1	sim35	Eso-AdenoCa	cna80
3	152980321	194522413	2	2	sim35	Eso-AdenoCa	cna81
3	194522414	196473252	1	0	sim35	Eso-AdenoCa	cna82
3	196473253	198022430	2	1	sim35	Eso-AdenoCa	cna83
4	1	407801	3	2	sim35	Eso-AdenoCa	cna84
4	407802	13418454	1	0	sim35	Eso-AdenoCa	cna85
4	13418455	14946734	2	2	sim35	Eso-AdenoCa	cna86
4	14946735	27787409	0	1	sim35	Eso-AdenoCa	cna87
4	27787410	27848994	3	3	sim35	Eso-AdenoCa	cna88
4	27848995	49497509	2	1	sim35	Eso-AdenoCa	cna89
4	49497510	50200098	1	0	sim35	Eso-AdenoCa	cna90
4	50200099	59044039	3	1	sim35	Eso-AdenoCa	cna91
4	59044040	73620326	2	1	sim35	Eso-AdenoCa	cna92
4	73620327	76250902	2	0	sim35	Eso-AdenoCa	cna93
4	76250903	76943025	1	1	sim35	Eso-AdenoCa	cna94
4	76943026	78114171	2	0	sim35	Eso-AdenoCa	cna95
4	78114172	79930482	3	1	sim35	Eso-AdenoCa	cna96
4	79930483	92825302	2	2	sim35	Eso-AdenoCa	cna97
4	92825303	92848644	3	1	sim35	Eso-AdenoCa	cna98
4	92848645	121229563	2	0	sim35	Eso-AdenoCa	cna99
4	121229564	121241301	1	0	sim35	Eso-AdenoCa	cna100
4	121241302	121253008	2	0	sim35	Eso-AdenoCa	cna101
4	121253009	161102263	2	1	sim35	Eso-AdenoCa	cna102
4	161102264	164086205	1	0	sim35	Eso-AdenoCa	cna103
4	164086206	164665489	3	0	sim35	Eso-AdenoCa	cna104
4	164665490	191154276	2	0	sim35	Eso-AdenoCa	cna105
5	1	76586475	2	1	sim35	Eso-AdenoCa	cna106
5	76586476	87954611	1	0	sim35	Eso-AdenoCa	cna107
5	87954612	88001636	2	1	sim35	Eso-AdenoCa	cna108
5	88001637	133791582	3	0	sim35	Eso-AdenoCa	cna109
5	133791583	177662259	1	1	sim35	Eso-AdenoCa	cna110
5	177662260	180915260	3	1	sim35	Eso-AdenoCa	cna111
6	1	169706959	2	1	sim35	Eso-AdenoCa	cna112
6	169706960	171115067	7	1	sim35	Eso-AdenoCa	cna113
7	1	2544880	2	1	sim35	Eso-AdenoCa	cna114
7	2544881	72699502	1	0	sim35	Eso-AdenoCa	cna115
7	72699503	105671531	2	0	sim35	Eso-AdenoCa	cna116
7	105671532	105829352	2	1	sim35	Eso-AdenoCa	cna117
7	105829353	106375172	5	1	sim35	Eso-AdenoCa	cna118
7	106375173	137627703	1	0	sim35	Eso-AdenoCa	cna119
7	137627704	154434280	3	0	sim35	Eso-AdenoCa	cna120
7	154434281	158975145	2	0	sim35	Eso-AdenoCa	cna121
7	158975146	159128382	1	0	sim35	Eso-AdenoCa	cna122
7	159128383	159138663	4	1	sim35	Eso-AdenoCa	cna123
8	1	42853307	1	0	sim35	Eso-AdenoCa	cna124
8	42853308	47796083	2	1	sim35	Eso-AdenoCa	cna125
8	47796084	54933215	3	1	sim35	Eso-AdenoCa	cna126
8	54933216	146364022	1	0	sim35	Eso-AdenoCa	cna127
9	1	63797331	3	2	sim35	Eso-AdenoCa	cna128
9	63797332	94210911	1	1	sim35	Eso-AdenoCa	cna129
9	94210912	94452029	3	0	sim35	Eso-AdenoCa	cna130
9	94452030	95167461	2	2	sim35	Eso-AdenoCa	cna131
9	95167462	95556530	2	1	sim35	Eso-AdenoCa	cna132
9	95556531	101990149	1	1	sim35	Eso-AdenoCa	cna133
9	101990150	102123561	2	0	sim35	Eso-AdenoCa	cna134
9	102123562	102679247	2	1	sim35	Eso-AdenoCa	cna135
9	102679248	107526624	1	0	sim35	Eso-AdenoCa	cna136
9	107526625	116021267	4	1	sim35	Eso-AdenoCa	cna137
9	116021268	141213431	1	0	sim35	Eso-AdenoCa	cna138
10	1	23902053	1	0	sim35	Eso-AdenoCa	cna139
10	23902054	23967729	3	1	sim35	Eso-AdenoCa	cna140
10	23967730	26384203	2	0	sim35	Eso-AdenoCa	cna141
10	26384204	46206118	3	2	sim35	Eso-AdenoCa	cna142
10	46206119	46947567	6	2	sim35	Eso-AdenoCa	cna143
10	46947568	47756657	2	1	sim35	Eso-AdenoCa	cna144
10	47756658	47935546	4	1	sim35	Eso-AdenoCa	cna145
10	47935547	60425559	2	1	sim35	Eso-AdenoCa	cna146
10	60425560	92132644	1	1	sim35	Eso-AdenoCa	cna147
10	92132645	104517161	2	1	sim35	Eso-AdenoCa	cna148
10	104517162	105371375	2	0	sim35	Eso-AdenoCa	cna149
10	105371376	111446543	2	1	sim35	Eso-AdenoCa	cna150
10	111446544	126195225	2	0	sim35	Eso-AdenoCa	cna151
10	126195226	128676245	1	0	sim35	Eso-AdenoCa	cna152
10	128676246	129176941	2	1	sim35	Eso-AdenoCa	cna153
10	129176942	134446879	1	0	sim35	Eso-AdenoCa	cna154
10	134446880	134961270	2	1	sim35	Eso-AdenoCa	cna155
10	134961271	135208976	1	0	sim35	Eso-AdenoCa	cna156
10	135208977	135534747	4	1	sim35	Eso-AdenoCa	cna157
11	1	5769613	4	1	sim35	Eso-AdenoCa	cna158
11	5769614	6270301	3	1	sim35	Eso-AdenoCa	cna159
11	6270302	6542584	1	0	sim35	Eso-AdenoCa	cna160
11	6542585	42994894	1	1	sim35	Eso-AdenoCa	cna161
11	42994895	49838352	2	2	sim35	Eso-AdenoCa	cna162
11	49838353	69126316	3	2	sim35	Eso-AdenoCa	cna163
11	69126317	69731206	2	1	sim35	Eso-AdenoCa	cna164
11	69731207	69919243	4	1	sim35	Eso-AdenoCa	cna165
11	69919244	71578936	2	1	sim35	Eso-AdenoCa	cna166
11	71578937	82601696	4	0	sim35	Eso-AdenoCa	cna167
11	82601697	99962629	2	0	sim35	Eso-AdenoCa	cna168
11	99962630	100313709	1	0	sim35	Eso-AdenoCa	cna169
11	100313710	100467096	2	1	sim35	Eso-AdenoCa	cna170
11	100467097	113794622	1	0	sim35	Eso-AdenoCa	cna171
11	113794623	113892515	2	0	sim35	Eso-AdenoCa	cna172
11	113892516	114973292	3	2	sim35	Eso-AdenoCa	cna173
11	114973293	115171040	1	0	sim35	Eso-AdenoCa	cna174
11	115171041	115217466	2	0	sim35	Eso-AdenoCa	cna175
11	115217467	135006516	2	2	sim35	Eso-AdenoCa	cna176
12	1	46822402	2	1	sim35	Eso-AdenoCa	cna177
12	46822403	47006140	1	0	sim35	Eso-AdenoCa	cna178
12	47006141	50604461	3	1	sim35	Eso-AdenoCa	cna179
12	50604462	64019804	3	3	sim35	Eso-AdenoCa	cna180
12	64019805	64341904	2	0	sim35	Eso-AdenoCa	cna181
12	64341905	64487720	3	1	sim35	Eso-AdenoCa	cna182
12	64487721	65011928	2	1	sim35	Eso-AdenoCa	cna183
12	65011929	91658182	4	1	sim35	Eso-AdenoCa	cna184
12	91658183	92339385	1	0	sim35	Eso-AdenoCa	cna185
12	92339386	101224035	2	1	sim35	Eso-AdenoCa	cna186
12	101224036	104252321	1	0	sim35	Eso-AdenoCa	cna187
12	104252322	104935908	2	1	sim35	Eso-AdenoCa	cna188
12	104935909	105107810	3	0	sim35	Eso-AdenoCa	cna189
12	105107811	105136592	2	0	sim35	Eso-AdenoCa	cna190
12	105136593	106911885	2	1	sim35	Eso-AdenoCa	cna191
12	106911886	106921299	4	3	sim35	Eso-AdenoCa	cna192
12	106921300	107073905	2	1	sim35	Eso-AdenoCa	cna193
12	107073906	132628641	1	0	sim35	Eso-AdenoCa	cna194
12	132628642	133851895	2	1	sim35	Eso-AdenoCa	cna195
13	1	1146324	2	2	sim35	Eso-AdenoCa	cna196
13	1146325	2059377	1	0	sim35	Eso-AdenoCa	cna197
13	2059378	12692580	2	1	sim35	Eso-AdenoCa	cna198
13	12692581	15595297	6	2	sim35	Eso-AdenoCa	cna199
13	15595298	21182011	2	1	sim35	Eso-AdenoCa	cna200
13	21182012	21251283	1	0	sim35	Eso-AdenoCa	cna201
13	21251284	23287554	2	1	sim35	Eso-AdenoCa	cna202
13	23287555	23868984	7	1	sim35	Eso-AdenoCa	cna203
13	23868985	42543109	4	0	sim35	Eso-AdenoCa	cna204
13	42543110	103757530	1	1	sim35	Eso-AdenoCa	cna205
13	103757531	115169878	0	0	sim35	Eso-AdenoCa	cna206
14	1	70659830	2	1	sim35	Eso-AdenoCa	cna207
14	70659831	107349540	3	2	sim35	Eso-AdenoCa	cna208
15	1	43440373	2	0	sim35	Eso-AdenoCa	cna209
15	43440374	43622824	4	2	sim35	Eso-AdenoCa	cna210
15	43622825	43876016	2	1	sim35	Eso-AdenoCa	cna211
15	43876017	45864662	2	0	sim35	Eso-AdenoCa	cna212
15	45864663	46241560	2	1	sim35	Eso-AdenoCa	cna213
15	46241561	51822838	1	0	sim35	Eso-AdenoCa	cna214
15	51822839	59669614	2	1	sim35	Eso-AdenoCa	cna215
15	59669615	81684999	3	2	sim35	Eso-AdenoCa	cna216
15	81685000	82148090	3	0	sim35	Eso-AdenoCa	cna217
15	82148091	82280632	1	0	sim35	Eso-AdenoCa	cna218
15	82280633	83027593	3	1	sim35	Eso-AdenoCa	cna219
15	83027594	83958154	2	0	sim35	Eso-AdenoCa	cna220
15	83958155	93776102	6	1	sim35	Eso-AdenoCa	cna221
15	93776103	94152549	1	0	sim35	Eso-AdenoCa	cna222
15	94152550	95194881	2	0	sim35	Eso-AdenoCa	cna223
15	95194882	95291792	4	0	sim35	Eso-AdenoCa	cna224
15	95291793	96686183	2	1	sim35	Eso-AdenoCa	cna225
15	96686184	96781492	1	0	sim35	Eso-AdenoCa	cna226
15	96781493	99375471	2	1	sim35	Eso-AdenoCa	cna227
15	99375472	99682829	1	0	sim35	Eso-AdenoCa	cna228
15	99682830	99747033	2	2	sim35	Eso-AdenoCa	cna229
15	99747034	102531392	1	0	sim35	Eso-AdenoCa	cna230
16	1	18514700	3	1	sim35	Eso-AdenoCa	cna231
16	18514701	22433609	2	2	sim35	Eso-AdenoCa	cna232
16	22433610	25532228	2	1	sim35	Eso-AdenoCa	cna233
16	25532229	56217058	2	0	sim35	Eso-AdenoCa	cna234
16	56217059	56440246	2	2	sim35	Eso-AdenoCa	cna235
16	56440247	90277275	3	1	sim35	Eso-AdenoCa	cna236
16	90277276	90334232	4	3	sim35	Eso-AdenoCa	cna237
16	90334233	90354753	2	0	sim35	Eso-AdenoCa	cna238
17	1	58504409	4	2	sim35	Eso-AdenoCa	cna239
17	58504410	63805073	2	1	sim35	Eso-AdenoCa	cna240
17	63805074	70828457	1	0	sim35	Eso-AdenoCa	cna241
17	70828458	70860394	3	1	sim35	Eso-AdenoCa	cna242
17	70860395	71211270	1	0	sim35	Eso-AdenoCa	cna243
17	71211271	72933316	2	0	sim35	Eso-AdenoCa	cna244
17	72933317	81195210	4	2	sim35	Eso-AdenoCa	cna245
18	1	65454034	2	0	sim35	Eso-AdenoCa	cna246
18	65454035	78077248	3	0	sim35	Eso-AdenoCa	cna247
19	1	59128983	1	0	sim35	Eso-AdenoCa	cna248
20	1	62711661	1	0	sim35	Eso-AdenoCa	cna249
20	62711662	63025520	2	1	sim35	Eso-AdenoCa	cna250
21	1	47664849	1	1	sim35	Eso-AdenoCa	cna251
21	47664850	47676221	2	0	sim35	Eso-AdenoCa	cna252
21	47676222	47981537	2	1	sim35	Eso-AdenoCa	cna253
21	47981538	48129895	4	0	sim35	Eso-AdenoCa	cna254
22	1	26828222	2	0	sim35	Eso-AdenoCa	cna255
22	26828223	27112834	2	3	sim35	Eso-AdenoCa	cna256
22	27112835	43992365	3	0	sim35	Eso-AdenoCa	cna257
22	43992366	44572497	2	1	sim35	Eso-AdenoCa	cna258
22	44572498	44615700	3	3	sim35	Eso-AdenoCa	cna259
22	44615701	44805853	0	0	sim35	Eso-AdenoCa	cna260
22	44805854	47977490	1	0	sim35	Eso-AdenoCa	cna261
22	47977491	48557605	4	0	sim35	Eso-AdenoCa	cna262
22	48557606	49231338	2	2	sim35	Eso-AdenoCa	cna263
22	49231339	49672977	3	0	sim35	Eso-AdenoCa	cna264
22	49672978	51304566	4	0	sim35	Eso-AdenoCa	cna265
X	1	27837671	2	1	sim35	Eso-AdenoCa	cna266
X	27837672	44870159	3	0	sim35	Eso-AdenoCa	cna267
X	44870160	45015586	5	2	sim35	Eso-AdenoCa	cna268
X	45015587	45051756	7	1	sim35	Eso-AdenoCa	cna269
X	45051757	50762097	5	2	sim35	Eso-AdenoCa	cna270
X	50762098	71652430	4	1	sim35	Eso-AdenoCa	cna271
X	71652431	73435497	1	0	sim35	Eso-AdenoCa	cna272
X	73435498	74044169	3	0	sim35	Eso-AdenoCa	cna273
X	74044170	86548938	2	1	sim35	Eso-AdenoCa	cna274
X	86548939	88622705	3	0	sim35	Eso-AdenoCa	cna275
X	88622706	88680050	1	0	sim35	Eso-AdenoCa	cna276
X	88680051	88886710	3	1	sim35	Eso-AdenoCa	cna277
X	88886711	88944701	2	1	sim35	Eso-AdenoCa	cna278
X	88944702	89510933	1	0	sim35	Eso-AdenoCa	cna279
X	89510934	155270560	2	0	sim35	Eso-AdenoCa	cna280
