chrom	start	end	major_cn	minor_cn	donor_id	study	id
1	1	25150857	3	3	sim82	Eso-AdenoCa	cna0
1	25150858	25182666	3	0	sim82	Eso-AdenoCa	cna1
1	25182667	25362650	2	0	sim82	Eso-AdenoCa	cna2
1	25362651	47917225	2	1	sim82	Eso-AdenoCa	cna3
1	47917226	47982305	2	2	sim82	Eso-AdenoCa	cna4
1	47982306	48253969	2	1	sim82	Eso-AdenoCa	cna5
1	48253970	50273690	2	0	sim82	Eso-AdenoCa	cna6
1	50273691	53537293	1	1	sim82	Eso-AdenoCa	cna7
1	53537294	107360910	1	0	sim82	Eso-AdenoCa	cna8
1	107360911	109034649	4	0	sim82	Eso-AdenoCa	cna9
1	109034650	144052789	1	0	sim82	Eso-AdenoCa	cna10
1	144052790	144613458	2	0	sim82	Eso-AdenoCa	cna11
1	144613459	201579808	2	1	sim82	Eso-AdenoCa	cna12
1	201579809	203845958	4	3	sim82	Eso-AdenoCa	cna13
1	203845959	205088073	1	0	sim82	Eso-AdenoCa	cna14
1	205088074	213354998	2	0	sim82	Eso-AdenoCa	cna15
1	213354999	246823454	2	1	sim82	Eso-AdenoCa	cna16
1	246823455	246920449	1	0	sim82	Eso-AdenoCa	cna17
1	246920450	249250621	2	1	sim82	Eso-AdenoCa	cna18
2	1	243199373	1	1	sim82	Eso-AdenoCa	cna19
3	1	13733197	1	1	sim82	Eso-AdenoCa	cna20
3	13733198	18695993	3	1	sim82	Eso-AdenoCa	cna21
3	18695994	34357596	2	0	sim82	Eso-AdenoCa	cna22
3	34357597	47000337	2	2	sim82	Eso-AdenoCa	cna23
3	47000338	47170564	0	0	sim82	Eso-AdenoCa	cna24
3	47170565	49052660	3	2	sim82	Eso-AdenoCa	cna25
3	49052661	60175624	4	1	sim82	Eso-AdenoCa	cna26
3	60175625	73211518	1	0	sim82	Eso-AdenoCa	cna27
3	73211519	73980402	2	0	sim82	Eso-AdenoCa	cna28
3	73980403	74856718	1	0	sim82	Eso-AdenoCa	cna29
3	74856719	76388041	3	1	sim82	Eso-AdenoCa	cna30
3	76388042	80009106	2	0	sim82	Eso-AdenoCa	cna31
3	80009107	85624354	2	1	sim82	Eso-AdenoCa	cna32
3	85624355	85635284	4	3	sim82	Eso-AdenoCa	cna33
3	85635285	145654439	1	0	sim82	Eso-AdenoCa	cna34
3	145654440	146933143	3	1	sim82	Eso-AdenoCa	cna35
3	146933144	186237564	2	0	sim82	Eso-AdenoCa	cna36
3	186237565	198022430	2	1	sim82	Eso-AdenoCa	cna37
4	1	3397948	2	0	sim82	Eso-AdenoCa	cna38
4	3397949	3600139	2	2	sim82	Eso-AdenoCa	cna39
4	3600140	11989214	2	1	sim82	Eso-AdenoCa	cna40
4	11989215	28852843	1	0	sim82	Eso-AdenoCa	cna41
4	28852844	29798980	3	2	sim82	Eso-AdenoCa	cna42
4	29798981	29998983	2	0	sim82	Eso-AdenoCa	cna43
4	29998984	191154276	2	2	sim82	Eso-AdenoCa	cna44
5	1	7767647	2	2	sim82	Eso-AdenoCa	cna45
5	7767648	8101138	4	2	sim82	Eso-AdenoCa	cna46
5	8101139	14022575	2	1	sim82	Eso-AdenoCa	cna47
5	14022576	14133361	4	2	sim82	Eso-AdenoCa	cna48
5	14133362	34476316	3	1	sim82	Eso-AdenoCa	cna49
5	34476317	34498158	2	2	sim82	Eso-AdenoCa	cna50
5	34498159	37959383	3	2	sim82	Eso-AdenoCa	cna51
5	37959384	39241797	1	0	sim82	Eso-AdenoCa	cna52
5	39241798	39809180	1	1	sim82	Eso-AdenoCa	cna53
5	39809181	39852435	4	2	sim82	Eso-AdenoCa	cna54
5	39852436	56082239	2	1	sim82	Eso-AdenoCa	cna55
5	56082240	57849895	0	0	sim82	Eso-AdenoCa	cna56
5	57849896	86053743	2	0	sim82	Eso-AdenoCa	cna57
5	86053744	180445627	2	1	sim82	Eso-AdenoCa	cna58
5	180445628	180467470	3	1	sim82	Eso-AdenoCa	cna59
5	180467471	180915260	0	0	sim82	Eso-AdenoCa	cna60
6	1	77413584	2	0	sim82	Eso-AdenoCa	cna61
6	77413585	77810718	1	0	sim82	Eso-AdenoCa	cna62
6	77810719	143404076	2	1	sim82	Eso-AdenoCa	cna63
6	143404077	166223107	1	0	sim82	Eso-AdenoCa	cna64
6	166223108	171115067	3	2	sim82	Eso-AdenoCa	cna65
7	1	53955064	1	0	sim82	Eso-AdenoCa	cna66
7	53955065	55277286	2	1	sim82	Eso-AdenoCa	cna67
7	55277287	55405456	1	0	sim82	Eso-AdenoCa	cna68
7	55405457	55532146	2	0	sim82	Eso-AdenoCa	cna69
7	55532147	61113506	2	1	sim82	Eso-AdenoCa	cna70
7	61113507	78616991	2	0	sim82	Eso-AdenoCa	cna71
7	78616992	94292261	3	2	sim82	Eso-AdenoCa	cna72
7	94292262	94374607	1	0	sim82	Eso-AdenoCa	cna73
7	94374608	94599698	2	2	sim82	Eso-AdenoCa	cna74
7	94599699	113293562	1	0	sim82	Eso-AdenoCa	cna75
7	113293563	113410407	3	0	sim82	Eso-AdenoCa	cna76
7	113410408	113643282	1	0	sim82	Eso-AdenoCa	cna77
7	113643283	113822262	4	2	sim82	Eso-AdenoCa	cna78
7	113822263	118226391	2	0	sim82	Eso-AdenoCa	cna79
7	118226392	130935251	1	0	sim82	Eso-AdenoCa	cna80
7	130935252	130946718	4	1	sim82	Eso-AdenoCa	cna81
7	130946719	132395964	2	0	sim82	Eso-AdenoCa	cna82
7	132395965	132407441	4	1	sim82	Eso-AdenoCa	cna83
7	132407442	158959373	3	2	sim82	Eso-AdenoCa	cna84
7	158959374	159138663	2	1	sim82	Eso-AdenoCa	cna85
8	1	32790398	2	1	sim82	Eso-AdenoCa	cna86
8	32790399	33065453	1	0	sim82	Eso-AdenoCa	cna87
8	33065454	146364022	3	1	sim82	Eso-AdenoCa	cna88
9	1	47698197	1	0	sim82	Eso-AdenoCa	cna89
9	47698198	68154365	3	1	sim82	Eso-AdenoCa	cna90
9	68154366	70553428	4	0	sim82	Eso-AdenoCa	cna91
9	70553429	70716282	2	0	sim82	Eso-AdenoCa	cna92
9	70716283	79548025	3	1	sim82	Eso-AdenoCa	cna93
9	79548026	138165927	2	1	sim82	Eso-AdenoCa	cna94
9	138165928	139285058	0	0	sim82	Eso-AdenoCa	cna95
9	139285059	141213431	3	1	sim82	Eso-AdenoCa	cna96
10	1	61180829	1	0	sim82	Eso-AdenoCa	cna97
10	61180830	61265012	2	2	sim82	Eso-AdenoCa	cna98
10	61265013	72973460	4	2	sim82	Eso-AdenoCa	cna99
10	72973461	73281187	4	1	sim82	Eso-AdenoCa	cna100
10	73281188	78651343	1	0	sim82	Eso-AdenoCa	cna101
10	78651344	128913411	2	0	sim82	Eso-AdenoCa	cna102
10	128913412	135534747	2	1	sim82	Eso-AdenoCa	cna103
11	1	19577930	1	0	sim82	Eso-AdenoCa	cna104
11	19577931	19896371	2	0	sim82	Eso-AdenoCa	cna105
11	19896372	35687487	2	2	sim82	Eso-AdenoCa	cna106
11	35687488	35729702	1	1	sim82	Eso-AdenoCa	cna107
11	35729703	36477697	2	1	sim82	Eso-AdenoCa	cna108
11	36477698	36535828	1	0	sim82	Eso-AdenoCa	cna109
11	36535829	38094892	4	1	sim82	Eso-AdenoCa	cna110
11	38094893	55733651	2	2	sim82	Eso-AdenoCa	cna111
11	55733652	55902000	5	0	sim82	Eso-AdenoCa	cna112
11	55902001	56145245	3	0	sim82	Eso-AdenoCa	cna113
11	56145246	118946069	2	0	sim82	Eso-AdenoCa	cna114
11	118946070	118958958	4	1	sim82	Eso-AdenoCa	cna115
11	118958959	133012291	1	0	sim82	Eso-AdenoCa	cna116
11	133012292	135006516	2	0	sim82	Eso-AdenoCa	cna117
12	1	4661918	1	0	sim82	Eso-AdenoCa	cna118
12	4661919	7407133	2	0	sim82	Eso-AdenoCa	cna119
12	7407134	64220431	1	0	sim82	Eso-AdenoCa	cna120
12	64220432	78957286	2	2	sim82	Eso-AdenoCa	cna121
12	78957287	78980342	2	1	sim82	Eso-AdenoCa	cna122
12	78980343	133851895	5	2	sim82	Eso-AdenoCa	cna123
13	1	3744404	2	1	sim82	Eso-AdenoCa	cna124
13	3744405	3890448	3	0	sim82	Eso-AdenoCa	cna125
13	3890449	4291987	6	1	sim82	Eso-AdenoCa	cna126
13	4291988	4825233	1	1	sim82	Eso-AdenoCa	cna127
13	4825234	10374337	2	2	sim82	Eso-AdenoCa	cna128
13	10374338	47630145	2	0	sim82	Eso-AdenoCa	cna129
13	47630146	47684639	4	3	sim82	Eso-AdenoCa	cna130
13	47684640	52583946	2	1	sim82	Eso-AdenoCa	cna131
13	52583947	52627427	0	0	sim82	Eso-AdenoCa	cna132
13	52627428	110711042	7	1	sim82	Eso-AdenoCa	cna133
13	110711043	110722679	2	0	sim82	Eso-AdenoCa	cna134
13	110722680	114657067	2	1	sim82	Eso-AdenoCa	cna135
13	114657068	115169878	3	0	sim82	Eso-AdenoCa	cna136
14	1	11803713	3	1	sim82	Eso-AdenoCa	cna137
14	11803714	26925532	2	1	sim82	Eso-AdenoCa	cna138
14	26925533	68253876	6	2	sim82	Eso-AdenoCa	cna139
14	68253877	70248135	3	1	sim82	Eso-AdenoCa	cna140
14	70248136	92966803	1	0	sim82	Eso-AdenoCa	cna141
14	92966804	93045536	2	1	sim82	Eso-AdenoCa	cna142
14	93045537	103474422	2	0	sim82	Eso-AdenoCa	cna143
14	103474423	103487943	4	1	sim82	Eso-AdenoCa	cna144
14	103487944	104479635	1	0	sim82	Eso-AdenoCa	cna145
14	104479636	106631160	2	2	sim82	Eso-AdenoCa	cna146
14	106631161	107103491	2	1	sim82	Eso-AdenoCa	cna147
14	107103492	107349540	3	2	sim82	Eso-AdenoCa	cna148
15	1	80057436	2	1	sim82	Eso-AdenoCa	cna149
15	80057437	100370561	1	0	sim82	Eso-AdenoCa	cna150
15	100370562	100386778	0	1	sim82	Eso-AdenoCa	cna151
15	100386779	102531392	4	1	sim82	Eso-AdenoCa	cna152
16	1	22636905	4	1	sim82	Eso-AdenoCa	cna153
16	22636906	22708550	4	2	sim82	Eso-AdenoCa	cna154
16	22708551	22984163	2	1	sim82	Eso-AdenoCa	cna155
16	22984164	23296725	2	0	sim82	Eso-AdenoCa	cna156
16	23296726	23348733	3	2	sim82	Eso-AdenoCa	cna157
16	23348734	23375550	4	1	sim82	Eso-AdenoCa	cna158
16	23375551	24088423	2	1	sim82	Eso-AdenoCa	cna159
16	24088424	24448106	1	0	sim82	Eso-AdenoCa	cna160
16	24448107	25564404	2	1	sim82	Eso-AdenoCa	cna161
16	25564405	35423008	1	0	sim82	Eso-AdenoCa	cna162
16	35423009	48567618	2	0	sim82	Eso-AdenoCa	cna163
16	48567619	78946146	2	1	sim82	Eso-AdenoCa	cna164
16	78946147	83875154	1	0	sim82	Eso-AdenoCa	cna165
16	83875155	90354753	2	1	sim82	Eso-AdenoCa	cna166
17	1	76514994	1	0	sim82	Eso-AdenoCa	cna167
17	76514995	77086609	2	2	sim82	Eso-AdenoCa	cna168
17	77086610	80758600	3	1	sim82	Eso-AdenoCa	cna169
17	80758601	80804348	2	1	sim82	Eso-AdenoCa	cna170
17	80804349	81195210	4	2	sim82	Eso-AdenoCa	cna171
18	1	19688589	3	1	sim82	Eso-AdenoCa	cna172
18	19688590	29808563	2	1	sim82	Eso-AdenoCa	cna173
18	29808564	78077248	1	0	sim82	Eso-AdenoCa	cna174
19	1	43997732	2	0	sim82	Eso-AdenoCa	cna175
19	43997733	47596024	2	1	sim82	Eso-AdenoCa	cna176
19	47596025	58091040	3	2	sim82	Eso-AdenoCa	cna177
19	58091041	58460488	2	0	sim82	Eso-AdenoCa	cna178
19	58460489	58473644	2	1	sim82	Eso-AdenoCa	cna179
19	58473645	59128983	1	0	sim82	Eso-AdenoCa	cna180
20	1	63025520	2	2	sim82	Eso-AdenoCa	cna181
21	1	48071940	2	2	sim82	Eso-AdenoCa	cna182
21	48071941	48129895	1	1	sim82	Eso-AdenoCa	cna183
22	1	25984822	1	0	sim82	Eso-AdenoCa	cna184
22	25984823	51304566	2	1	sim82	Eso-AdenoCa	cna185
X	1	3721293	3	1	sim82	Eso-AdenoCa	cna186
X	3721294	41222322	2	1	sim82	Eso-AdenoCa	cna187
X	41222323	42971204	3	0	sim82	Eso-AdenoCa	cna188
X	42971205	48555235	2	2	sim82	Eso-AdenoCa	cna189
X	48555236	48566022	2	1	sim82	Eso-AdenoCa	cna190
X	48566023	48864728	2	0	sim82	Eso-AdenoCa	cna191
X	48864729	54047493	2	1	sim82	Eso-AdenoCa	cna192
X	54047494	54058276	1	0	sim82	Eso-AdenoCa	cna193
X	54058277	54482140	3	2	sim82	Eso-AdenoCa	cna194
X	54482141	54602017	3	1	sim82	Eso-AdenoCa	cna195
X	54602018	63601725	1	0	sim82	Eso-AdenoCa	cna196
X	63601726	68784591	2	2	sim82	Eso-AdenoCa	cna197
X	68784592	68961272	2	0	sim82	Eso-AdenoCa	cna198
X	68961273	80907363	1	0	sim82	Eso-AdenoCa	cna199
X	80907364	81037774	2	0	sim82	Eso-AdenoCa	cna200
X	81037775	81486432	2	2	sim82	Eso-AdenoCa	cna201
X	81486433	81918001	3	2	sim82	Eso-AdenoCa	cna202
X	81918002	82004659	5	2	sim82	Eso-AdenoCa	cna203
X	82004660	82052221	2	1	sim82	Eso-AdenoCa	cna204
X	82052222	85510056	3	0	sim82	Eso-AdenoCa	cna205
X	85510057	93096501	2	1	sim82	Eso-AdenoCa	cna206
X	93096502	93213362	1	0	sim82	Eso-AdenoCa	cna207
X	93213363	115197061	1	1	sim82	Eso-AdenoCa	cna208
X	115197062	155270560	2	3	sim82	Eso-AdenoCa	cna209
