chrom	start	end	major_cn	minor_cn	donor_id	study	id
1	1	1608200	2	0	sim30	Eso-AdenoCa	cna0
1	1608201	2591334	1	1	sim30	Eso-AdenoCa	cna1
1	2591335	4707065	2	1	sim30	Eso-AdenoCa	cna2
1	4707066	41468717	2	0	sim30	Eso-AdenoCa	cna3
1	41468718	42028578	2	1	sim30	Eso-AdenoCa	cna4
1	42028579	50916351	1	0	sim30	Eso-AdenoCa	cna5
1	50916352	93070792	3	1	sim30	Eso-AdenoCa	cna6
1	93070793	98087275	2	1	sim30	Eso-AdenoCa	cna7
1	98087276	114555654	3	3	sim30	Eso-AdenoCa	cna8
1	114555655	114719554	2	0	sim30	Eso-AdenoCa	cna9
1	114719555	114806308	1	0	sim30	Eso-AdenoCa	cna10
1	114806309	115111937	2	1	sim30	Eso-AdenoCa	cna11
1	115111938	115269059	0	0	sim30	Eso-AdenoCa	cna12
1	115269060	115319026	3	1	sim30	Eso-AdenoCa	cna13
1	115319027	115813623	2	1	sim30	Eso-AdenoCa	cna14
1	115813624	126648086	2	2	sim30	Eso-AdenoCa	cna15
1	126648087	126815748	3	1	sim30	Eso-AdenoCa	cna16
1	126815749	128873767	2	0	sim30	Eso-AdenoCa	cna17
1	128873768	128978771	1	0	sim30	Eso-AdenoCa	cna18
1	128978772	131927803	2	1	sim30	Eso-AdenoCa	cna19
1	131927804	132248610	5	1	sim30	Eso-AdenoCa	cna20
1	132248611	132267648	3	3	sim30	Eso-AdenoCa	cna21
1	132267649	133042585	2	0	sim30	Eso-AdenoCa	cna22
1	133042586	156389204	1	0	sim30	Eso-AdenoCa	cna23
1	156389205	157977190	2	1	sim30	Eso-AdenoCa	cna24
1	157977191	158136727	4	1	sim30	Eso-AdenoCa	cna25
1	158136728	224744304	2	1	sim30	Eso-AdenoCa	cna26
1	224744305	229466644	3	1	sim30	Eso-AdenoCa	cna27
1	229466645	230198873	2	1	sim30	Eso-AdenoCa	cna28
1	230198874	233152579	3	1	sim30	Eso-AdenoCa	cna29
1	233152580	233251860	4	2	sim30	Eso-AdenoCa	cna30
1	233251861	249250621	3	0	sim30	Eso-AdenoCa	cna31
2	1	46114553	3	1	sim30	Eso-AdenoCa	cna32
2	46114554	60918073	2	1	sim30	Eso-AdenoCa	cna33
2	60918074	61067209	4	1	sim30	Eso-AdenoCa	cna34
2	61067210	61089720	3	0	sim30	Eso-AdenoCa	cna35
2	61089721	61335511	4	1	sim30	Eso-AdenoCa	cna36
2	61335512	62913147	3	3	sim30	Eso-AdenoCa	cna37
2	62913148	63230394	1	0	sim30	Eso-AdenoCa	cna38
2	63230395	66971789	3	2	sim30	Eso-AdenoCa	cna39
2	66971790	67288324	2	1	sim30	Eso-AdenoCa	cna40
2	67288325	68031762	6	1	sim30	Eso-AdenoCa	cna41
2	68031763	68125691	1	0	sim30	Eso-AdenoCa	cna42
2	68125692	68686501	3	1	sim30	Eso-AdenoCa	cna43
2	68686502	68911002	0	0	sim30	Eso-AdenoCa	cna44
2	68911003	69474920	2	2	sim30	Eso-AdenoCa	cna45
2	69474921	72818905	2	0	sim30	Eso-AdenoCa	cna46
2	72818906	73000904	2	1	sim30	Eso-AdenoCa	cna47
2	73000905	73338638	1	0	sim30	Eso-AdenoCa	cna48
2	73338639	73580256	2	0	sim30	Eso-AdenoCa	cna49
2	73580257	77429032	2	2	sim30	Eso-AdenoCa	cna50
2	77429033	83770261	3	0	sim30	Eso-AdenoCa	cna51
2	83770262	100015868	1	0	sim30	Eso-AdenoCa	cna52
2	100015869	100500576	4	2	sim30	Eso-AdenoCa	cna53
2	100500577	100511863	1	0	sim30	Eso-AdenoCa	cna54
2	100511864	110902030	2	1	sim30	Eso-AdenoCa	cna55
2	110902031	111074703	2	2	sim30	Eso-AdenoCa	cna56
2	111074704	112140039	2	0	sim30	Eso-AdenoCa	cna57
2	112140040	217282330	1	1	sim30	Eso-AdenoCa	cna58
2	217282331	218539634	1	0	sim30	Eso-AdenoCa	cna59
2	218539635	220515797	2	1	sim30	Eso-AdenoCa	cna60
2	220515798	221073023	4	1	sim30	Eso-AdenoCa	cna61
2	221073024	221203957	3	1	sim30	Eso-AdenoCa	cna62
2	221203958	222512057	2	1	sim30	Eso-AdenoCa	cna63
2	222512058	222523353	6	2	sim30	Eso-AdenoCa	cna64
2	222523354	222700145	2	2	sim30	Eso-AdenoCa	cna65
2	222700146	222851218	1	0	sim30	Eso-AdenoCa	cna66
2	222851219	222969166	4	0	sim30	Eso-AdenoCa	cna67
2	222969167	243199373	2	0	sim30	Eso-AdenoCa	cna68
3	1	59337512	4	2	sim30	Eso-AdenoCa	cna69
3	59337513	59557449	4	1	sim30	Eso-AdenoCa	cna70
3	59557450	60865191	3	1	sim30	Eso-AdenoCa	cna71
3	60865192	74161289	1	0	sim30	Eso-AdenoCa	cna72
3	74161290	74446548	4	1	sim30	Eso-AdenoCa	cna73
3	74446549	101465325	4	0	sim30	Eso-AdenoCa	cna74
3	101465326	106392357	2	0	sim30	Eso-AdenoCa	cna75
3	106392358	106596718	1	0	sim30	Eso-AdenoCa	cna76
3	106596719	113877194	2	1	sim30	Eso-AdenoCa	cna77
3	113877195	160379650	1	0	sim30	Eso-AdenoCa	cna78
3	160379651	163714628	3	3	sim30	Eso-AdenoCa	cna79
3	163714629	166590426	3	1	sim30	Eso-AdenoCa	cna80
3	166590427	167470011	0	0	sim30	Eso-AdenoCa	cna81
3	167470012	197805582	2	2	sim30	Eso-AdenoCa	cna82
3	197805583	198022430	0	0	sim30	Eso-AdenoCa	cna83
4	1	11146887	3	2	sim30	Eso-AdenoCa	cna84
4	11146888	11199019	3	1	sim30	Eso-AdenoCa	cna85
4	11199020	13601370	2	0	sim30	Eso-AdenoCa	cna86
4	13601371	14006474	1	0	sim30	Eso-AdenoCa	cna87
4	14006475	15542437	2	0	sim30	Eso-AdenoCa	cna88
4	15542438	24011066	3	2	sim30	Eso-AdenoCa	cna89
4	24011067	24573242	3	1	sim30	Eso-AdenoCa	cna90
4	24573243	153824468	3	2	sim30	Eso-AdenoCa	cna91
4	153824469	171750280	2	0	sim30	Eso-AdenoCa	cna92
4	171750281	172948481	1	0	sim30	Eso-AdenoCa	cna93
4	172948482	173182553	4	0	sim30	Eso-AdenoCa	cna94
4	173182554	173342249	2	2	sim30	Eso-AdenoCa	cna95
4	173342250	173352871	2	1	sim30	Eso-AdenoCa	cna96
4	173352872	187346669	2	3	sim30	Eso-AdenoCa	cna97
4	187346670	191154276	3	1	sim30	Eso-AdenoCa	cna98
5	1	6694117	2	0	sim30	Eso-AdenoCa	cna99
5	6694118	180651369	4	1	sim30	Eso-AdenoCa	cna100
5	180651370	180661567	2	0	sim30	Eso-AdenoCa	cna101
5	180661568	180915260	1	0	sim30	Eso-AdenoCa	cna102
6	1	30678680	3	2	sim30	Eso-AdenoCa	cna103
6	30678681	30700194	4	1	sim30	Eso-AdenoCa	cna104
6	30700195	30710991	3	0	sim30	Eso-AdenoCa	cna105
6	30710992	48095688	2	1	sim30	Eso-AdenoCa	cna106
6	48095689	48467257	2	0	sim30	Eso-AdenoCa	cna107
6	48467258	48951233	3	1	sim30	Eso-AdenoCa	cna108
6	48951234	58908461	4	1	sim30	Eso-AdenoCa	cna109
6	58908462	62601353	2	1	sim30	Eso-AdenoCa	cna110
6	62601354	62658976	1	0	sim30	Eso-AdenoCa	cna111
6	62658977	106000174	1	1	sim30	Eso-AdenoCa	cna112
6	106000175	136238068	2	1	sim30	Eso-AdenoCa	cna113
6	136238069	139151497	3	0	sim30	Eso-AdenoCa	cna114
6	139151498	139582186	3	1	sim30	Eso-AdenoCa	cna115
6	139582187	171115067	2	1	sim30	Eso-AdenoCa	cna116
7	1	11115891	3	1	sim30	Eso-AdenoCa	cna117
7	11115892	12159044	4	3	sim30	Eso-AdenoCa	cna118
7	12159045	23631912	2	1	sim30	Eso-AdenoCa	cna119
7	23631913	23694674	4	1	sim30	Eso-AdenoCa	cna120
7	23694675	29430372	5	1	sim30	Eso-AdenoCa	cna121
7	29430373	30310314	4	1	sim30	Eso-AdenoCa	cna122
7	30310315	73580722	1	0	sim30	Eso-AdenoCa	cna123
7	73580723	75145188	2	1	sim30	Eso-AdenoCa	cna124
7	75145189	82405984	3	1	sim30	Eso-AdenoCa	cna125
7	82405985	82519728	1	0	sim30	Eso-AdenoCa	cna126
7	82519729	84113004	2	1	sim30	Eso-AdenoCa	cna127
7	84113005	84174510	2	2	sim30	Eso-AdenoCa	cna128
7	84174511	85731700	2	1	sim30	Eso-AdenoCa	cna129
7	85731701	85788534	4	1	sim30	Eso-AdenoCa	cna130
7	85788535	90896626	2	1	sim30	Eso-AdenoCa	cna131
7	90896627	90995362	0	0	sim30	Eso-AdenoCa	cna132
7	90995363	92106543	1	0	sim30	Eso-AdenoCa	cna133
7	92106544	92662250	2	0	sim30	Eso-AdenoCa	cna134
7	92662251	92704076	0	0	sim30	Eso-AdenoCa	cna135
7	92704077	94297007	5	1	sim30	Eso-AdenoCa	cna136
7	94297008	94486450	0	0	sim30	Eso-AdenoCa	cna137
7	94486451	119785034	4	1	sim30	Eso-AdenoCa	cna138
7	119785035	119820758	2	1	sim30	Eso-AdenoCa	cna139
7	119820759	119898389	3	0	sim30	Eso-AdenoCa	cna140
7	119898390	120484361	4	1	sim30	Eso-AdenoCa	cna141
7	120484362	120572569	2	1	sim30	Eso-AdenoCa	cna142
7	120572570	121812582	2	3	sim30	Eso-AdenoCa	cna143
7	121812583	124095706	2	1	sim30	Eso-AdenoCa	cna144
7	124095707	148548292	1	0	sim30	Eso-AdenoCa	cna145
7	148548293	150500326	2	1	sim30	Eso-AdenoCa	cna146
7	150500327	152613293	1	0	sim30	Eso-AdenoCa	cna147
7	152613294	152707890	5	1	sim30	Eso-AdenoCa	cna148
7	152707891	155681684	2	2	sim30	Eso-AdenoCa	cna149
7	155681685	156101540	1	0	sim30	Eso-AdenoCa	cna150
7	156101541	157939152	4	2	sim30	Eso-AdenoCa	cna151
7	157939153	157998021	2	0	sim30	Eso-AdenoCa	cna152
7	157998022	159138663	3	1	sim30	Eso-AdenoCa	cna153
8	1	11291604	1	0	sim30	Eso-AdenoCa	cna154
8	11291605	11924415	4	2	sim30	Eso-AdenoCa	cna155
8	11924416	12479072	2	0	sim30	Eso-AdenoCa	cna156
8	12479073	31398837	2	2	sim30	Eso-AdenoCa	cna157
8	31398838	32845826	2	1	sim30	Eso-AdenoCa	cna158
8	32845827	32982431	3	2	sim30	Eso-AdenoCa	cna159
8	32982432	33634712	5	1	sim30	Eso-AdenoCa	cna160
8	33634713	37584643	2	1	sim30	Eso-AdenoCa	cna161
8	37584644	87783043	4	0	sim30	Eso-AdenoCa	cna162
8	87783044	95144903	2	1	sim30	Eso-AdenoCa	cna163
8	95144904	107615671	2	0	sim30	Eso-AdenoCa	cna164
8	107615672	114227241	2	1	sim30	Eso-AdenoCa	cna165
8	114227242	146162684	2	2	sim30	Eso-AdenoCa	cna166
8	146162685	146290021	1	0	sim30	Eso-AdenoCa	cna167
8	146290022	146364022	2	1	sim30	Eso-AdenoCa	cna168
9	1	2179841	2	0	sim30	Eso-AdenoCa	cna169
9	2179842	8031543	1	0	sim30	Eso-AdenoCa	cna170
9	8031544	8142238	4	1	sim30	Eso-AdenoCa	cna171
9	8142239	29475030	2	1	sim30	Eso-AdenoCa	cna172
9	29475031	32262316	5	1	sim30	Eso-AdenoCa	cna173
9	32262317	32307467	3	1	sim30	Eso-AdenoCa	cna174
9	32307468	33583204	3	2	sim30	Eso-AdenoCa	cna175
9	33583205	51623244	2	2	sim30	Eso-AdenoCa	cna176
9	51623245	52899182	4	1	sim30	Eso-AdenoCa	cna177
9	52899183	53472072	2	1	sim30	Eso-AdenoCa	cna178
9	53472073	60426748	2	2	sim30	Eso-AdenoCa	cna179
9	60426749	60970774	3	1	sim30	Eso-AdenoCa	cna180
9	60970775	61079612	2	0	sim30	Eso-AdenoCa	cna181
9	61079613	141213431	1	0	sim30	Eso-AdenoCa	cna182
10	1	47493097	2	0	sim30	Eso-AdenoCa	cna183
10	47493098	47513489	0	0	sim30	Eso-AdenoCa	cna184
10	47513490	51027625	3	0	sim30	Eso-AdenoCa	cna185
10	51027626	63131290	2	2	sim30	Eso-AdenoCa	cna186
10	63131291	63204043	3	1	sim30	Eso-AdenoCa	cna187
10	63204044	115750189	2	0	sim30	Eso-AdenoCa	cna188
10	115750190	126319268	2	1	sim30	Eso-AdenoCa	cna189
10	126319269	127425730	2	2	sim30	Eso-AdenoCa	cna190
10	127425731	135534747	3	2	sim30	Eso-AdenoCa	cna191
11	1	19794602	2	1	sim30	Eso-AdenoCa	cna192
11	19794603	20119636	4	0	sim30	Eso-AdenoCa	cna193
11	20119637	41858057	2	2	sim30	Eso-AdenoCa	cna194
11	41858058	42115967	4	1	sim30	Eso-AdenoCa	cna195
11	42115968	86254398	2	0	sim30	Eso-AdenoCa	cna196
11	86254399	86535987	4	1	sim30	Eso-AdenoCa	cna197
11	86535988	86583715	1	0	sim30	Eso-AdenoCa	cna198
11	86583716	135006516	2	0	sim30	Eso-AdenoCa	cna199
12	1	16310946	1	0	sim30	Eso-AdenoCa	cna200
12	16310947	33136928	2	0	sim30	Eso-AdenoCa	cna201
12	33136929	33924487	1	0	sim30	Eso-AdenoCa	cna202
12	33924488	44079134	4	0	sim30	Eso-AdenoCa	cna203
12	44079135	59922195	2	0	sim30	Eso-AdenoCa	cna204
12	59922196	63789132	3	3	sim30	Eso-AdenoCa	cna205
12	63789133	63804693	2	0	sim30	Eso-AdenoCa	cna206
12	63804694	64541288	4	1	sim30	Eso-AdenoCa	cna207
12	64541289	65353359	2	1	sim30	Eso-AdenoCa	cna208
12	65353360	72648827	2	2	sim30	Eso-AdenoCa	cna209
12	72648828	72873932	4	1	sim30	Eso-AdenoCa	cna210
12	72873933	73080344	2	1	sim30	Eso-AdenoCa	cna211
12	73080345	74828500	3	1	sim30	Eso-AdenoCa	cna212
12	74828501	76426605	3	0	sim30	Eso-AdenoCa	cna213
12	76426606	76545626	2	0	sim30	Eso-AdenoCa	cna214
12	76545627	133016147	1	0	sim30	Eso-AdenoCa	cna215
12	133016148	133851895	2	1	sim30	Eso-AdenoCa	cna216
13	1	115169878	2	1	sim30	Eso-AdenoCa	cna217
14	1	11477811	1	0	sim30	Eso-AdenoCa	cna218
14	11477812	15223260	2	0	sim30	Eso-AdenoCa	cna219
14	15223261	18282892	4	1	sim30	Eso-AdenoCa	cna220
14	18282893	18802334	2	0	sim30	Eso-AdenoCa	cna221
14	18802335	18812571	3	0	sim30	Eso-AdenoCa	cna222
14	18812572	33907691	3	2	sim30	Eso-AdenoCa	cna223
14	33907692	45755487	2	2	sim30	Eso-AdenoCa	cna224
14	45755488	54961759	2	1	sim30	Eso-AdenoCa	cna225
14	54961760	88843583	2	0	sim30	Eso-AdenoCa	cna226
14	88843584	89423090	1	0	sim30	Eso-AdenoCa	cna227
14	89423091	89433362	3	2	sim30	Eso-AdenoCa	cna228
14	89433363	89453836	4	1	sim30	Eso-AdenoCa	cna229
14	89453837	89736356	3	2	sim30	Eso-AdenoCa	cna230
14	89736357	89922654	1	0	sim30	Eso-AdenoCa	cna231
14	89922655	92274169	2	1	sim30	Eso-AdenoCa	cna232
14	92274170	93027104	1	0	sim30	Eso-AdenoCa	cna233
14	93027105	93193041	3	2	sim30	Eso-AdenoCa	cna234
14	93193042	97769371	2	0	sim30	Eso-AdenoCa	cna235
14	97769372	107339266	2	2	sim30	Eso-AdenoCa	cna236
14	107339267	107349540	1	0	sim30	Eso-AdenoCa	cna237
15	1	7760707	2	0	sim30	Eso-AdenoCa	cna238
15	7760708	16547229	1	0	sim30	Eso-AdenoCa	cna239
15	16547230	16590986	2	0	sim30	Eso-AdenoCa	cna240
15	16590987	32028073	2	2	sim30	Eso-AdenoCa	cna241
15	32028074	46848077	1	0	sim30	Eso-AdenoCa	cna242
15	46848078	57665811	2	0	sim30	Eso-AdenoCa	cna243
15	57665812	57725521	3	3	sim30	Eso-AdenoCa	cna244
15	57725522	102039299	2	2	sim30	Eso-AdenoCa	cna245
15	102039300	102531392	2	1	sim30	Eso-AdenoCa	cna246
16	1	1798951	1	0	sim30	Eso-AdenoCa	cna247
16	1798952	25189976	3	2	sim30	Eso-AdenoCa	cna248
16	25189977	26198738	2	1	sim30	Eso-AdenoCa	cna249
16	26198739	28342990	2	0	sim30	Eso-AdenoCa	cna250
16	28342991	30232615	3	2	sim30	Eso-AdenoCa	cna251
16	30232616	90354753	2	2	sim30	Eso-AdenoCa	cna252
17	1	55687352	1	0	sim30	Eso-AdenoCa	cna253
17	55687353	61719119	2	0	sim30	Eso-AdenoCa	cna254
17	61719120	67326243	2	1	sim30	Eso-AdenoCa	cna255
17	67326244	67337814	1	0	sim30	Eso-AdenoCa	cna256
17	67337815	67473821	4	2	sim30	Eso-AdenoCa	cna257
17	67473822	67656255	4	1	sim30	Eso-AdenoCa	cna258
17	67656256	69991045	4	2	sim30	Eso-AdenoCa	cna259
17	69991046	77741043	2	0	sim30	Eso-AdenoCa	cna260
17	77741044	78397625	4	1	sim30	Eso-AdenoCa	cna261
17	78397626	79051053	1	0	sim30	Eso-AdenoCa	cna262
17	79051054	81195210	4	2	sim30	Eso-AdenoCa	cna263
18	1	76777480	7	2	sim30	Eso-AdenoCa	cna264
18	76777481	78049069	1	0	sim30	Eso-AdenoCa	cna265
18	78049070	78077248	2	0	sim30	Eso-AdenoCa	cna266
19	1	47039159	4	1	sim30	Eso-AdenoCa	cna267
19	47039160	59128983	2	0	sim30	Eso-AdenoCa	cna268
20	1	5615885	2	0	sim30	Eso-AdenoCa	cna269
20	5615886	8677538	4	0	sim30	Eso-AdenoCa	cna270
20	8677539	62735204	2	0	sim30	Eso-AdenoCa	cna271
20	62735205	62774340	0	0	sim30	Eso-AdenoCa	cna272
20	62774341	62817839	3	0	sim30	Eso-AdenoCa	cna273
20	62817840	62877416	2	0	sim30	Eso-AdenoCa	cna274
20	62877417	63025520	1	0	sim30	Eso-AdenoCa	cna275
21	1	1640219	1	0	sim30	Eso-AdenoCa	cna276
21	1640220	9613362	2	1	sim30	Eso-AdenoCa	cna277
21	9613363	9754364	3	1	sim30	Eso-AdenoCa	cna278
21	9754365	41613743	2	0	sim30	Eso-AdenoCa	cna279
21	41613744	42083560	3	0	sim30	Eso-AdenoCa	cna280
21	42083561	43516119	2	2	sim30	Eso-AdenoCa	cna281
21	43516120	45999753	1	0	sim30	Eso-AdenoCa	cna282
21	45999754	46034090	3	1	sim30	Eso-AdenoCa	cna283
21	46034091	48129895	1	0	sim30	Eso-AdenoCa	cna284
22	1	18002073	2	1	sim30	Eso-AdenoCa	cna285
22	18002074	18022238	1	0	sim30	Eso-AdenoCa	cna286
22	18022239	18101341	2	1	sim30	Eso-AdenoCa	cna287
22	18101342	18178446	3	3	sim30	Eso-AdenoCa	cna288
22	18178447	18198544	2	1	sim30	Eso-AdenoCa	cna289
22	18198545	18749962	4	2	sim30	Eso-AdenoCa	cna290
22	18749963	34721386	1	0	sim30	Eso-AdenoCa	cna291
22	34721387	36795300	2	0	sim30	Eso-AdenoCa	cna292
22	36795301	36805383	2	1	sim30	Eso-AdenoCa	cna293
22	36805384	37360069	2	0	sim30	Eso-AdenoCa	cna294
22	37360070	39966559	2	1	sim30	Eso-AdenoCa	cna295
22	39966560	50084855	2	0	sim30	Eso-AdenoCa	cna296
22	50084856	51304566	1	0	sim30	Eso-AdenoCa	cna297
X	1	27188071	2	2	sim30	Eso-AdenoCa	cna298
X	27188072	52037914	2	0	sim30	Eso-AdenoCa	cna299
X	52037915	120201727	4	2	sim30	Eso-AdenoCa	cna300
X	120201728	120729267	3	1	sim30	Eso-AdenoCa	cna301
X	120729268	155210036	2	1	sim30	Eso-AdenoCa	cna302
X	155210037	155270560	4	2	sim30	Eso-AdenoCa	cna303
