chrom	start	end	major_cn	minor_cn	donor_id	study	id
1	1	595607	1	0	sim28	Eso-AdenoCa	cna0
1	595608	2461003	4	1	sim28	Eso-AdenoCa	cna1
1	2461004	3916052	2	1	sim28	Eso-AdenoCa	cna2
1	3916053	8995732	2	0	sim28	Eso-AdenoCa	cna3
1	8995733	45300744	2	2	sim28	Eso-AdenoCa	cna4
1	45300745	45349586	4	0	sim28	Eso-AdenoCa	cna5
1	45349587	46207063	0	0	sim28	Eso-AdenoCa	cna6
1	46207064	61416913	1	0	sim28	Eso-AdenoCa	cna7
1	61416914	78707899	2	1	sim28	Eso-AdenoCa	cna8
1	78707900	79026607	2	2	sim28	Eso-AdenoCa	cna9
1	79026608	79387150	4	1	sim28	Eso-AdenoCa	cna10
1	79387151	79799896	1	0	sim28	Eso-AdenoCa	cna11
1	79799897	80160963	2	1	sim28	Eso-AdenoCa	cna12
1	80160964	80171984	2	0	sim28	Eso-AdenoCa	cna13
1	80171985	82822136	2	1	sim28	Eso-AdenoCa	cna14
1	82822137	83496939	2	0	sim28	Eso-AdenoCa	cna15
1	83496940	83517912	1	1	sim28	Eso-AdenoCa	cna16
1	83517913	84966721	2	1	sim28	Eso-AdenoCa	cna17
1	84966722	87226186	3	1	sim28	Eso-AdenoCa	cna18
1	87226187	87300524	1	0	sim28	Eso-AdenoCa	cna19
1	87300525	87662521	3	1	sim28	Eso-AdenoCa	cna20
1	87662522	96770802	4	1	sim28	Eso-AdenoCa	cna21
1	96770803	102097911	2	1	sim28	Eso-AdenoCa	cna22
1	102097912	102317751	2	2	sim28	Eso-AdenoCa	cna23
1	102317752	102675908	2	0	sim28	Eso-AdenoCa	cna24
1	102675909	112809328	1	1	sim28	Eso-AdenoCa	cna25
1	112809329	112831330	1	0	sim28	Eso-AdenoCa	cna26
1	112831331	114553578	3	1	sim28	Eso-AdenoCa	cna27
1	114553579	114820912	1	1	sim28	Eso-AdenoCa	cna28
1	114820913	196786719	2	1	sim28	Eso-AdenoCa	cna29
1	196786720	232263045	2	0	sim28	Eso-AdenoCa	cna30
1	232263046	232469940	4	2	sim28	Eso-AdenoCa	cna31
1	232469941	232492022	3	2	sim28	Eso-AdenoCa	cna32
1	232492023	235277156	2	1	sim28	Eso-AdenoCa	cna33
1	235277157	235288185	2	0	sim28	Eso-AdenoCa	cna34
1	235288186	236369248	1	0	sim28	Eso-AdenoCa	cna35
1	236369249	236456251	3	3	sim28	Eso-AdenoCa	cna36
1	236456252	241732706	3	0	sim28	Eso-AdenoCa	cna37
1	241732707	241744046	2	1	sim28	Eso-AdenoCa	cna38
1	241744047	241793882	2	2	sim28	Eso-AdenoCa	cna39
1	241793883	244348122	3	2	sim28	Eso-AdenoCa	cna40
1	244348123	248527919	2	2	sim28	Eso-AdenoCa	cna41
1	248527920	249228630	2	1	sim28	Eso-AdenoCa	cna42
1	249228631	249250621	3	1	sim28	Eso-AdenoCa	cna43
2	1	55302468	1	0	sim28	Eso-AdenoCa	cna44
2	55302469	100262453	3	1	sim28	Eso-AdenoCa	cna45
2	100262454	105607388	2	0	sim28	Eso-AdenoCa	cna46
2	105607389	123957960	1	0	sim28	Eso-AdenoCa	cna47
2	123957961	123968859	2	1	sim28	Eso-AdenoCa	cna48
2	123968860	124029605	4	1	sim28	Eso-AdenoCa	cna49
2	124029606	127406901	2	1	sim28	Eso-AdenoCa	cna50
2	127406902	128888949	1	0	sim28	Eso-AdenoCa	cna51
2	128888950	152397287	2	2	sim28	Eso-AdenoCa	cna52
2	152397288	152563874	4	1	sim28	Eso-AdenoCa	cna53
2	152563875	154376055	1	3	sim28	Eso-AdenoCa	cna54
2	154376056	154424586	4	1	sim28	Eso-AdenoCa	cna55
2	154424587	157091610	1	0	sim28	Eso-AdenoCa	cna56
2	157091611	158704301	7	1	sim28	Eso-AdenoCa	cna57
2	158704302	158906297	2	2	sim28	Eso-AdenoCa	cna58
2	158906298	159764803	2	1	sim28	Eso-AdenoCa	cna59
2	159764804	175894228	1	0	sim28	Eso-AdenoCa	cna60
2	175894229	209086768	0	0	sim28	Eso-AdenoCa	cna61
2	209086769	242997094	2	0	sim28	Eso-AdenoCa	cna62
2	242997095	243007981	2	1	sim28	Eso-AdenoCa	cna63
2	243007982	243031034	4	2	sim28	Eso-AdenoCa	cna64
2	243031035	243199373	2	0	sim28	Eso-AdenoCa	cna65
3	1	27697352	1	0	sim28	Eso-AdenoCa	cna66
3	27697353	37586086	2	0	sim28	Eso-AdenoCa	cna67
3	37586087	56279028	2	2	sim28	Eso-AdenoCa	cna68
3	56279029	60293493	2	1	sim28	Eso-AdenoCa	cna69
3	60293494	60683870	1	0	sim28	Eso-AdenoCa	cna70
3	60683871	60753414	4	2	sim28	Eso-AdenoCa	cna71
3	60753415	61044558	2	2	sim28	Eso-AdenoCa	cna72
3	61044559	61369722	2	1	sim28	Eso-AdenoCa	cna73
3	61369723	61600455	4	1	sim28	Eso-AdenoCa	cna74
3	61600456	61621744	4	3	sim28	Eso-AdenoCa	cna75
3	61621745	61644156	2	0	sim28	Eso-AdenoCa	cna76
3	61644157	61889865	2	1	sim28	Eso-AdenoCa	cna77
3	61889866	62208992	3	0	sim28	Eso-AdenoCa	cna78
3	62208993	62461937	3	2	sim28	Eso-AdenoCa	cna79
3	62461938	62472534	2	1	sim28	Eso-AdenoCa	cna80
3	62472535	62483145	2	0	sim28	Eso-AdenoCa	cna81
3	62483146	149184158	2	1	sim28	Eso-AdenoCa	cna82
3	149184159	149727411	2	0	sim28	Eso-AdenoCa	cna83
3	149727412	151936707	6	2	sim28	Eso-AdenoCa	cna84
3	151936708	151983144	1	0	sim28	Eso-AdenoCa	cna85
3	151983145	156206308	2	2	sim28	Eso-AdenoCa	cna86
3	156206309	166051495	1	0	sim28	Eso-AdenoCa	cna87
3	166051496	167808683	2	1	sim28	Eso-AdenoCa	cna88
3	167808684	168750989	2	2	sim28	Eso-AdenoCa	cna89
3	168750990	198022430	2	1	sim28	Eso-AdenoCa	cna90
4	1	11593417	2	1	sim28	Eso-AdenoCa	cna91
4	11593418	11625170	4	3	sim28	Eso-AdenoCa	cna92
4	11625171	50410859	1	0	sim28	Eso-AdenoCa	cna93
4	50410860	50516692	3	0	sim28	Eso-AdenoCa	cna94
4	50516693	50564932	0	0	sim28	Eso-AdenoCa	cna95
4	50564933	51075512	1	0	sim28	Eso-AdenoCa	cna96
4	51075513	51151646	2	0	sim28	Eso-AdenoCa	cna97
4	51151647	51173493	2	1	sim28	Eso-AdenoCa	cna98
4	51173494	52292442	2	0	sim28	Eso-AdenoCa	cna99
4	52292443	60443921	2	1	sim28	Eso-AdenoCa	cna100
4	60443922	82221442	1	0	sim28	Eso-AdenoCa	cna101
4	82221443	82540558	4	2	sim28	Eso-AdenoCa	cna102
4	82540559	91688576	2	2	sim28	Eso-AdenoCa	cna103
4	91688577	91759106	4	3	sim28	Eso-AdenoCa	cna104
4	91759107	95040911	2	0	sim28	Eso-AdenoCa	cna105
4	95040912	95884323	2	1	sim28	Eso-AdenoCa	cna106
4	95884324	164728006	2	0	sim28	Eso-AdenoCa	cna107
4	164728007	164749879	3	1	sim28	Eso-AdenoCa	cna108
4	164749880	168536082	2	0	sim28	Eso-AdenoCa	cna109
4	168536083	169089691	2	1	sim28	Eso-AdenoCa	cna110
4	169089692	172420135	3	2	sim28	Eso-AdenoCa	cna111
4	172420136	173754205	3	0	sim28	Eso-AdenoCa	cna112
4	173754206	186757516	1	3	sim28	Eso-AdenoCa	cna113
4	186757517	186894119	2	1	sim28	Eso-AdenoCa	cna114
4	186894120	187579277	0	0	sim28	Eso-AdenoCa	cna115
4	187579278	191154276	2	1	sim28	Eso-AdenoCa	cna116
5	1	21847345	2	1	sim28	Eso-AdenoCa	cna117
5	21847346	96897407	2	0	sim28	Eso-AdenoCa	cna118
5	96897408	179540354	2	1	sim28	Eso-AdenoCa	cna119
5	179540355	180717967	2	2	sim28	Eso-AdenoCa	cna120
5	180717968	180915260	2	0	sim28	Eso-AdenoCa	cna121
6	1	35811860	2	1	sim28	Eso-AdenoCa	cna122
6	35811861	48312575	2	0	sim28	Eso-AdenoCa	cna123
6	48312576	48658089	3	0	sim28	Eso-AdenoCa	cna124
6	48658090	53848169	2	0	sim28	Eso-AdenoCa	cna125
6	53848170	54016525	5	1	sim28	Eso-AdenoCa	cna126
6	54016526	149512746	2	1	sim28	Eso-AdenoCa	cna127
6	149512747	153612025	1	0	sim28	Eso-AdenoCa	cna128
6	153612026	164732833	2	1	sim28	Eso-AdenoCa	cna129
6	164732834	171115067	4	1	sim28	Eso-AdenoCa	cna130
7	1	4039002	1	0	sim28	Eso-AdenoCa	cna131
7	4039003	6622839	4	0	sim28	Eso-AdenoCa	cna132
7	6622840	7291362	4	1	sim28	Eso-AdenoCa	cna133
7	7291363	9203758	3	3	sim28	Eso-AdenoCa	cna134
7	9203759	22778880	2	0	sim28	Eso-AdenoCa	cna135
7	22778881	23119589	2	1	sim28	Eso-AdenoCa	cna136
7	23119590	57041472	2	0	sim28	Eso-AdenoCa	cna137
7	57041473	57229839	1	0	sim28	Eso-AdenoCa	cna138
7	57229840	57369406	3	2	sim28	Eso-AdenoCa	cna139
7	57369407	57566997	1	0	sim28	Eso-AdenoCa	cna140
7	57566998	57581391	4	2	sim28	Eso-AdenoCa	cna141
7	57581392	57712502	2	1	sim28	Eso-AdenoCa	cna142
7	57712503	81397245	3	1	sim28	Eso-AdenoCa	cna143
7	81397246	155404504	2	1	sim28	Eso-AdenoCa	cna144
7	155404505	158864624	1	0	sim28	Eso-AdenoCa	cna145
7	158864625	159138663	0	0	sim28	Eso-AdenoCa	cna146
8	1	52308651	2	2	sim28	Eso-AdenoCa	cna147
8	52308652	60789763	3	2	sim28	Eso-AdenoCa	cna148
8	60789764	62461594	6	2	sim28	Eso-AdenoCa	cna149
8	62461595	146364022	2	1	sim28	Eso-AdenoCa	cna150
9	1	141213431	1	1	sim28	Eso-AdenoCa	cna151
10	1	134208360	1	1	sim28	Eso-AdenoCa	cna152
10	134208361	135534747	1	0	sim28	Eso-AdenoCa	cna153
11	1	71758613	2	0	sim28	Eso-AdenoCa	cna154
11	71758614	75541095	3	1	sim28	Eso-AdenoCa	cna155
11	75541096	78919134	2	0	sim28	Eso-AdenoCa	cna156
11	78919135	78934499	2	1	sim28	Eso-AdenoCa	cna157
11	78934500	79038396	2	0	sim28	Eso-AdenoCa	cna158
11	79038397	79187980	3	0	sim28	Eso-AdenoCa	cna159
11	79187981	93842508	2	1	sim28	Eso-AdenoCa	cna160
11	93842509	94680548	1	0	sim28	Eso-AdenoCa	cna161
11	94680549	96697177	2	2	sim28	Eso-AdenoCa	cna162
11	96697178	119499130	2	0	sim28	Eso-AdenoCa	cna163
11	119499131	121037484	1	0	sim28	Eso-AdenoCa	cna164
11	121037485	121068126	2	2	sim28	Eso-AdenoCa	cna165
11	121068127	121322350	2	1	sim28	Eso-AdenoCa	cna166
11	121322351	121911633	2	2	sim28	Eso-AdenoCa	cna167
11	121911634	121926973	1	0	sim28	Eso-AdenoCa	cna168
11	121926974	134990832	2	0	sim28	Eso-AdenoCa	cna169
11	134990833	135006516	2	1	sim28	Eso-AdenoCa	cna170
12	1	124359281	2	0	sim28	Eso-AdenoCa	cna171
12	124359282	130406403	2	2	sim28	Eso-AdenoCa	cna172
12	130406404	130488973	0	2	sim28	Eso-AdenoCa	cna173
12	130488974	132569065	4	2	sim28	Eso-AdenoCa	cna174
12	132569066	133851895	2	2	sim28	Eso-AdenoCa	cna175
13	1	30185596	1	0	sim28	Eso-AdenoCa	cna176
13	30185597	32243276	2	1	sim28	Eso-AdenoCa	cna177
13	32243277	88730547	3	0	sim28	Eso-AdenoCa	cna178
13	88730548	91522013	1	0	sim28	Eso-AdenoCa	cna179
13	91522014	93582015	2	1	sim28	Eso-AdenoCa	cna180
13	93582016	93646804	3	2	sim28	Eso-AdenoCa	cna181
13	93646805	96746324	2	1	sim28	Eso-AdenoCa	cna182
13	96746325	97068461	2	2	sim28	Eso-AdenoCa	cna183
13	97068462	113535932	2	0	sim28	Eso-AdenoCa	cna184
13	113535933	114829387	3	0	sim28	Eso-AdenoCa	cna185
13	114829388	114840022	2	1	sim28	Eso-AdenoCa	cna186
13	114840023	115169878	3	0	sim28	Eso-AdenoCa	cna187
14	1	103142674	1	0	sim28	Eso-AdenoCa	cna188
14	103142675	107349540	2	0	sim28	Eso-AdenoCa	cna189
15	1	43765887	2	2	sim28	Eso-AdenoCa	cna190
15	43765888	49871547	2	0	sim28	Eso-AdenoCa	cna191
15	49871548	60125681	4	0	sim28	Eso-AdenoCa	cna192
15	60125682	82721622	1	0	sim28	Eso-AdenoCa	cna193
15	82721623	101808246	3	0	sim28	Eso-AdenoCa	cna194
15	101808247	101838009	1	0	sim28	Eso-AdenoCa	cna195
15	101838010	102531392	2	1	sim28	Eso-AdenoCa	cna196
16	1	1411415	2	0	sim28	Eso-AdenoCa	cna197
16	1411416	25543632	2	1	sim28	Eso-AdenoCa	cna198
16	25543633	25872472	0	0	sim28	Eso-AdenoCa	cna199
16	25872473	26034402	4	2	sim28	Eso-AdenoCa	cna200
16	26034403	26290947	2	1	sim28	Eso-AdenoCa	cna201
16	26290948	26696772	3	0	sim28	Eso-AdenoCa	cna202
16	26696773	27166458	2	0	sim28	Eso-AdenoCa	cna203
16	27166459	29269088	1	0	sim28	Eso-AdenoCa	cna204
16	29269089	31715854	4	0	sim28	Eso-AdenoCa	cna205
16	31715855	31832247	0	0	sim28	Eso-AdenoCa	cna206
16	31832248	36669184	2	0	sim28	Eso-AdenoCa	cna207
16	36669185	43095563	2	2	sim28	Eso-AdenoCa	cna208
16	43095564	43365853	1	0	sim28	Eso-AdenoCa	cna209
16	43365854	43536632	2	1	sim28	Eso-AdenoCa	cna210
16	43536633	43645303	1	0	sim28	Eso-AdenoCa	cna211
16	43645304	49665020	2	1	sim28	Eso-AdenoCa	cna212
16	49665021	49962521	2	0	sim28	Eso-AdenoCa	cna213
16	49962522	61105893	3	0	sim28	Eso-AdenoCa	cna214
16	61105894	67848042	2	1	sim28	Eso-AdenoCa	cna215
16	67848043	67861268	2	3	sim28	Eso-AdenoCa	cna216
16	67861269	79211991	4	0	sim28	Eso-AdenoCa	cna217
16	79211992	90354753	2	1	sim28	Eso-AdenoCa	cna218
17	1	81195210	2	0	sim28	Eso-AdenoCa	cna219
18	1	78077248	2	0	sim28	Eso-AdenoCa	cna220
19	1	56007118	2	0	sim28	Eso-AdenoCa	cna221
19	56007119	56483682	1	0	sim28	Eso-AdenoCa	cna222
19	56483683	59128983	2	0	sim28	Eso-AdenoCa	cna223
20	1	63025520	2	1	sim28	Eso-AdenoCa	cna224
21	1	48129895	2	0	sim28	Eso-AdenoCa	cna225
22	1	27351901	2	0	sim28	Eso-AdenoCa	cna226
22	27351902	28590678	4	1	sim28	Eso-AdenoCa	cna227
22	28590679	29950264	2	0	sim28	Eso-AdenoCa	cna228
22	29950265	30133506	4	2	sim28	Eso-AdenoCa	cna229
22	30133507	30290453	2	0	sim28	Eso-AdenoCa	cna230
22	30290454	38911468	2	1	sim28	Eso-AdenoCa	cna231
22	38911469	39045141	1	0	sim28	Eso-AdenoCa	cna232
22	39045142	39711217	6	1	sim28	Eso-AdenoCa	cna233
22	39711218	41932955	3	1	sim28	Eso-AdenoCa	cna234
22	41932956	42252005	6	1	sim28	Eso-AdenoCa	cna235
22	42252006	42263176	2	1	sim28	Eso-AdenoCa	cna236
22	42263177	42274351	1	0	sim28	Eso-AdenoCa	cna237
22	42274352	42536445	4	1	sim28	Eso-AdenoCa	cna238
22	42536446	51304566	2	1	sim28	Eso-AdenoCa	cna239
X	1	155270560	2	1	sim28	Eso-AdenoCa	cna240
Y	1	7808834	1	0	sim28	Eso-AdenoCa	cna241
Y	7808835	11952244	2	0	sim28	Eso-AdenoCa	cna242
Y	11952245	11962775	2	2	sim28	Eso-AdenoCa	cna243
Y	11962776	45618773	2	1	sim28	Eso-AdenoCa	cna244
Y	45618774	45813838	3	0	sim28	Eso-AdenoCa	cna245
Y	45813839	45872916	0	0	sim28	Eso-AdenoCa	cna246
Y	45872917	59373566	2	2	sim28	Eso-AdenoCa	cna247
