chrom1	start1	end1	chrom2	start2	end2	strand1	strand2	svclass	id	allele	donor_id	tumor
1	1	2	1	3931519	3931520	+	-	DEL	cna0	minor	sim10	Eso-AdenoCa
1	3931520	3931521	1	11862343	11862344	-	+	DUP	cna1	major	sim10	Eso-AdenoCa
1	7381700	7381701	1	27895421	27895422	+	+	h2hINV	cna1	minor	sim10	Eso-AdenoCa
1	11862344	11862345	1	12094110	12094111	-	+	DUP	cna2	major	sim10	Eso-AdenoCa
1	11862344	11862345	1	12094110	12094111	-	+	DUP	cna2	minor	sim10	Eso-AdenoCa
1	12094111	12094112	1	19952959	19952960	+	-	DEL	cna3	minor	sim10	Eso-AdenoCa
1	19667876	19952959	11	47401510	55479670	-	-	TRA	cna79,cna3	major,major	sim10	Eso-AdenoCa
1	19952960	19952961	1	36024959	36024960	-	+	DUP	cna4	major	sim10	Eso-AdenoCa
1	24014000	24014001	1	47582784	47582785	-	-	t2tINV	cna7	major	sim10	Eso-AdenoCa
1	36024960	36024961	1	36752215	36752216	+	-	DEL	cna5	minor	sim10	Eso-AdenoCa
1	36752216	36752217	1	37765784	37765785	-	+	DUP	cna6	major	sim10	Eso-AdenoCa
1	36752216	36752217	1	37765784	37765785	+	-	DEL	cna6	minor	sim10	Eso-AdenoCa
1	37765785	37765786	1	58420860	58420861	-	+	DUP	cna7	major	sim10	Eso-AdenoCa
1	58420861	58420862	1	59021849	59021850	-	+	DUP	cna8	major	sim10	Eso-AdenoCa
1	59021850	59021851	1	83283997	83283998	-	+	DUP	cna9	major	sim10	Eso-AdenoCa
1	59021850	59021851	1	83283997	83283998	+	-	DEL	cna9	minor	sim10	Eso-AdenoCa
1	71155200	71155201	1	71269516	71269517	-	-	t2tINV	cna9	major	sim10	Eso-AdenoCa
1	83283998	83283999	1	83719036	83719037	+	-	DEL	cna10	major	sim10	Eso-AdenoCa
1	83283998	83283999	1	83719036	83719037	+	-	DEL	cna10	minor	sim10	Eso-AdenoCa
1	83719037	83719038	1	85716428	85716429	-	+	DUP	cna11	major	sim10	Eso-AdenoCa
1	83719037	83719038	1	85716428	85716429	+	-	DEL	cna11	minor	sim10	Eso-AdenoCa
1	84555300	85716428	5	143832560	146822358	-	-	TRA	cna11,cna48	major,minor	sim10	Eso-AdenoCa
1	85716429	85716430	1	87452246	87452247	-	+	DUP	cna12	major	sim10	Eso-AdenoCa
1	87452247	87452248	1	95498916	95498917	-	+	DUP	cna13	major	sim10	Eso-AdenoCa
1	87452247	87452248	1	95498916	95498917	+	-	DEL	cna13	minor	sim10	Eso-AdenoCa
1	95498917	95498918	1	96712786	96712787	-	+	DUP	cna14	major	sim10	Eso-AdenoCa
1	96712787	96712788	1	104694361	104694362	-	+	DUP	cna15	major	sim10	Eso-AdenoCa
1	104694362	104694363	1	106904929	106904930	-	+	DUP	cna16	major	sim10	Eso-AdenoCa
1	106904930	106904931	1	109799924	109799925	-	+	DUP	cna17	major	sim10	Eso-AdenoCa
1	106904930	106904931	1	109799924	109799925	+	-	DEL	cna17	minor	sim10	Eso-AdenoCa
1	109799925	109799926	1	226232550	226232551	-	+	DUP	cna18	major	sim10	Eso-AdenoCa
1	226232551	226232552	1	228116550	228116551	-	+	DUP	cna19	major	sim10	Eso-AdenoCa
1	228116551	228116552	1	234897430	234897431	-	+	DUP	cna20	major	sim10	Eso-AdenoCa
1	234897431	234897432	1	238361630	238361631	-	+	DUP	cna21	major	sim10	Eso-AdenoCa
1	238343800	238361630	10	39414801	65601285	-	-	TRA	cna21,cna77	minor,major	sim10	Eso-AdenoCa
1	238361631	238361632	1	240060790	240060791	-	+	DUP	cna22	major	sim10	Eso-AdenoCa
1	240060791	240060792	1	240839599	240839600	-	+	DUP	cna23	major	sim10	Eso-AdenoCa
1	240060791	240060792	1	240839599	240839600	+	-	DEL	cna23	minor	sim10	Eso-AdenoCa
1	240839600	240839601	1	249250621	249250622	-	+	DUP	cna24	major	sim10	Eso-AdenoCa
1	240839600	240839601	1	249250621	249250622	-	+	DUP	cna24	minor	sim10	Eso-AdenoCa
2	1	2	2	63061954	63061955	-	+	DUP	cna25	major	sim10	Eso-AdenoCa
2	1	2	2	63061954	63061955	+	-	DEL	cna25	minor	sim10	Eso-AdenoCa
2	52413639	63061954	8	130662410	134591072	-	-	TRA	cna59,cna25	minor,major	sim10	Eso-AdenoCa
2	63061955	63061956	2	210452209	210452210	-	+	DUP	cna26	major	sim10	Eso-AdenoCa
2	63061955	63061956	2	210452209	210452210	-	+	DUP	cna26	minor	sim10	Eso-AdenoCa
2	127581779	127581780	2	127666419	127666420	+	+	h2hINV	cna26	major	sim10	Eso-AdenoCa
2	210452210	210452211	2	221728357	221728358	-	+	DUP	cna27	major	sim10	Eso-AdenoCa
2	210452210	217215480	7	154450559	159038858	+	-	TRA	cna27,cna57	minor,minor	sim10	Eso-AdenoCa
2	216275179	216275180	2	216413067	216413068	+	+	h2hINV	cna27	minor	sim10	Eso-AdenoCa
2	221728358	221728359	2	221751469	221751470	-	+	DUP	cna28	major	sim10	Eso-AdenoCa
2	221751470	221751471	2	225383175	225383176	-	+	DUP	cna29	major	sim10	Eso-AdenoCa
2	221751470	221751471	2	225383175	225383176	-	+	DUP	cna29	minor	sim10	Eso-AdenoCa
2	225383176	225383177	2	225394666	225394667	-	+	DUP	cna30	major	sim10	Eso-AdenoCa
2	225394667	225394668	2	243199373	243199374	-	+	DUP	cna31	major	sim10	Eso-AdenoCa
2	225394667	225394668	2	243199373	243199374	+	-	DEL	cna31	minor	sim10	Eso-AdenoCa
3	1	2	3	12771310	12771311	-	+	DUP	cna32	minor	sim10	Eso-AdenoCa
3	12771311	12771312	3	24659684	24659685	-	+	DUP	cna33	major	sim10	Eso-AdenoCa
3	12771311	12771312	3	24659684	24659685	+	-	DEL	cna33	minor	sim10	Eso-AdenoCa
3	12771311	13628067	5	67247079	67298901	+	+	TRA	cna46,cna33	minor,major	sim10	Eso-AdenoCa
3	24659685	24659686	3	83135313	83135314	-	+	DUP	cna34	major	sim10	Eso-AdenoCa
3	24659685	24659686	3	83135313	83135314	-	+	DUP	cna34	minor	sim10	Eso-AdenoCa
3	35532206	35532207	3	35542215	35542216	-	-	t2tINV	cna34	major	sim10	Eso-AdenoCa
3	68790106	68790107	3	68800107	68800108	+	+	h2hINV	cna34	major	sim10	Eso-AdenoCa
3	80916306	83135313	4	140201802	187997700	-	-	TRA	cna34,cna42	minor,major	sim10	Eso-AdenoCa
3	83135314	83135315	3	100052758	100052759	-	+	DUP	cna35	major	sim10	Eso-AdenoCa
3	83135314	88793307	11	44055066	55479670	+	-	TRA	cna35,cna79	minor,major	sim10	Eso-AdenoCa
3	100052759	100052760	3	100421153	100421154	+	-	DEL	cna36	major	sim10	Eso-AdenoCa
3	100052759	100052760	3	100421153	100421154	+	-	DEL	cna36	minor	sim10	Eso-AdenoCa
3	100421154	100421155	3	102150612	102150613	+	-	DEL	cna37	minor	sim10	Eso-AdenoCa
3	102150613	102150614	3	102859821	102859822	-	+	DUP	cna38	major	sim10	Eso-AdenoCa
3	102150613	102150614	3	102859821	102859822	+	-	DEL	cna38	minor	sim10	Eso-AdenoCa
3	102859822	102859823	3	197900955	197900956	-	+	DUP	cna39	major	sim10	Eso-AdenoCa
3	102859822	102859823	3	197900955	197900956	-	+	DUP	cna39	minor	sim10	Eso-AdenoCa
3	197900956	197900957	3	198022430	198022431	-	+	DUP	cna40	major	sim10	Eso-AdenoCa
3	197900956	197900957	3	198022430	198022431	-	+	DUP	cna40	minor	sim10	Eso-AdenoCa
4	1	2	4	101224263	101224264	-	+	DUP	cna41	major	sim10	Eso-AdenoCa
4	1	2	4	101224263	101224264	+	-	DEL	cna41	minor	sim10	Eso-AdenoCa
4	101224264	101224265	4	187997700	187997701	-	+	DUP	cna42	major	sim10	Eso-AdenoCa
4	154138076	154138077	4	186832461	186832462	+	+	h2hINV	cna42	major	sim10	Eso-AdenoCa
4	165121976	165121977	4	165187770	165187771	+	+	h2hINV	cna42	major	sim10	Eso-AdenoCa
4	168544576	187997700	9	66732549	76356741	-	+	TRA	cna42,cna69	minor,major	sim10	Eso-AdenoCa
4	173599376	173599377	4	180421394	180421395	-	-	t2tINV	cna42	minor	sim10	Eso-AdenoCa
4	187997701	187997702	4	188205708	188205709	+	-	DEL	cna43	major	sim10	Eso-AdenoCa
4	187997701	187997702	4	188205708	188205709	+	-	DEL	cna43	minor	sim10	Eso-AdenoCa
4	188205709	188205710	4	191154276	191154277	-	+	DUP	cna44	major	sim10	Eso-AdenoCa
5	1	2	5	67247078	67247079	-	+	DUP	cna45	major	sim10	Eso-AdenoCa
5	1	2	5	67247078	67247079	+	-	DEL	cna45	minor	sim10	Eso-AdenoCa
5	26244700	26244701	5	26254709	26254710	-	-	t2tINV	cna45	major	sim10	Eso-AdenoCa
5	54230700	54230701	5	54251174	54251175	+	+	h2hINV	cna45	major	sim10	Eso-AdenoCa
5	56655803	67247078	X	146208014	155270560	-	-	TRA	cna126,cna45	major,major	sim10	Eso-AdenoCa
5	67247079	67247080	5	67386125	67386126	-	+	DUP	cna46	major	sim10	Eso-AdenoCa
5	67386126	67386127	5	77820052	77820053	-	+	DUP	cna47	major	sim10	Eso-AdenoCa
5	67386126	67386127	5	77820052	77820053	+	-	DEL	cna47	minor	sim10	Eso-AdenoCa
5	77820053	77820054	5	146822358	146822359	-	+	DUP	cna48	major	sim10	Eso-AdenoCa
5	77820053	77820054	5	146822358	146822359	-	+	DUP	cna48	minor	sim10	Eso-AdenoCa
5	146822359	146822360	5	151193230	151193231	-	+	DUP	cna49	major	sim10	Eso-AdenoCa
5	146822359	146822360	5	151193230	151193231	-	+	DUP	cna49	minor	sim10	Eso-AdenoCa
5	151193231	151193232	5	154439743	154439744	-	+	DUP	cna50	major	sim10	Eso-AdenoCa
5	151193231	151193232	5	154439743	154439744	+	-	DEL	cna50	minor	sim10	Eso-AdenoCa
5	154439744	154439745	5	154929874	154929875	-	+	DUP	cna51	major	sim10	Eso-AdenoCa
5	154929875	154929876	5	154982649	154982650	-	+	DUP	cna52	major	sim10	Eso-AdenoCa
5	154982650	154982651	5	172380883	172380884	-	+	DUP	cna53	major	sim10	Eso-AdenoCa
5	172380884	172380885	5	180915260	180915261	-	+	DUP	cna54	major	sim10	Eso-AdenoCa
6	1	2	6	171115067	171115068	+	-	DEL	cna55	minor	sim10	Eso-AdenoCa
6	13814740	13814741	6	31409603	31409604	+	+	h2hINV	cna55	major	sim10	Eso-AdenoCa
6	63023840	63023841	6	82261500	82261501	+	+	h2hINV	cna55	major	sim10	Eso-AdenoCa
6	111028140	111028141	6	131171397	131171398	+	+	h2hINV	cna55	major	sim10	Eso-AdenoCa
7	1	2	7	139093817	139093818	+	-	DEL	cna56	minor	sim10	Eso-AdenoCa
7	139093818	139093819	7	159038858	159038859	-	+	DUP	cna57	major	sim10	Eso-AdenoCa
7	159038859	159038860	7	159138663	159138664	+	-	DEL	cna58	minor	sim10	Eso-AdenoCa
8	1	2	8	134591072	134591073	-	+	DUP	cna59	major	sim10	Eso-AdenoCa
8	1	2	8	134591072	134591073	+	-	DEL	cna59	minor	sim10	Eso-AdenoCa
8	35633710	35633711	8	35643715	35643716	-	-	t2tINV	cna59	major	sim10	Eso-AdenoCa
8	134591073	134591074	8	145474249	145474250	+	-	DEL	cna60	minor	sim10	Eso-AdenoCa
8	145474250	145474251	8	146364022	146364023	-	+	DUP	cna61	major	sim10	Eso-AdenoCa
8	145474250	145474251	8	146364022	146364023	-	+	DUP	cna61	minor	sim10	Eso-AdenoCa
9	1	2	9	46184078	46184079	-	+	DUP	cna62	major	sim10	Eso-AdenoCa
9	17312688	17312689	9	17322690	17322691	+	+	h2hINV	cna62	major	sim10	Eso-AdenoCa
9	46184079	46184080	9	46400280	46400281	-	+	DUP	cna63	major	sim10	Eso-AdenoCa
9	46400281	46400282	9	48204819	48204820	-	+	DUP	cna64	major	sim10	Eso-AdenoCa
9	48204820	48204821	9	48374348	48374349	-	+	DUP	cna65	major	sim10	Eso-AdenoCa
9	48374349	48374350	9	55597691	55597692	-	+	DUP	cna66	major	sim10	Eso-AdenoCa
9	48374349	48374350	9	55597691	55597692	-	+	DUP	cna66	minor	sim10	Eso-AdenoCa
9	55597692	55597693	9	55769417	55769418	-	+	DUP	cna67	major	sim10	Eso-AdenoCa
9	55769418	55769419	9	66732548	66732549	-	+	DUP	cna68	major	sim10	Eso-AdenoCa
9	55769418	55769419	9	66732548	66732549	+	-	DEL	cna68	minor	sim10	Eso-AdenoCa
9	66732549	66732550	9	105704234	105704235	-	+	DUP	cna69	major	sim10	Eso-AdenoCa
9	79401188	79401189	9	79411196	79411197	+	+	h2hINV	cna69	minor	sim10	Eso-AdenoCa
9	105704235	105704236	9	105776137	105776138	+	-	DEL	cna70	major	sim10	Eso-AdenoCa
9	105704235	105704236	9	105776137	105776138	+	-	DEL	cna70	minor	sim10	Eso-AdenoCa
9	105776138	105776139	9	105819319	105819320	+	-	DEL	cna71	minor	sim10	Eso-AdenoCa
9	105819320	105819321	9	106461439	106461440	-	+	DUP	cna72	major	sim10	Eso-AdenoCa
9	105819320	105819321	9	106461439	106461440	-	+	DUP	cna72	minor	sim10	Eso-AdenoCa
9	106461440	106461441	9	106842906	106842907	+	-	DEL	cna73	minor	sim10	Eso-AdenoCa
9	106842907	106842908	9	141041157	141041158	-	+	DUP	cna74	major	sim10	Eso-AdenoCa
9	106842907	106842908	9	141041157	141041158	+	-	DEL	cna74	minor	sim10	Eso-AdenoCa
9	141041158	141041159	9	141213431	141213432	-	+	DUP	cna75	major	sim10	Eso-AdenoCa
10	1	2	10	423637	423638	-	+	DUP	cna76	major	sim10	Eso-AdenoCa
10	1	2	10	423637	423638	-	+	DUP	cna76	minor	sim10	Eso-AdenoCa
10	423638	423639	10	65601285	65601286	-	+	DUP	cna77	major	sim10	Eso-AdenoCa
10	423638	423639	10	65601285	65601286	+	-	DEL	cna77	minor	sim10	Eso-AdenoCa
10	65601286	65601287	10	135534747	135534748	-	+	DUP	cna78	major	sim10	Eso-AdenoCa
11	1	2	11	55479670	55479671	-	+	DUP	cna79	major	sim10	Eso-AdenoCa
11	1	2	11	55479670	55479671	+	-	DEL	cna79	minor	sim10	Eso-AdenoCa
11	55479671	55479672	11	86138184	86138185	-	+	DUP	cna80	major	sim10	Eso-AdenoCa
11	55479671	55479672	11	86138184	86138185	-	+	DUP	cna80	minor	sim10	Eso-AdenoCa
11	86138185	86138186	11	104524679	104524680	+	-	DEL	cna81	minor	sim10	Eso-AdenoCa
11	104524680	104524681	11	105322320	105322321	-	+	DUP	cna82	major	sim10	Eso-AdenoCa
11	105322321	105322322	11	131256658	131256659	-	+	DUP	cna83	major	sim10	Eso-AdenoCa
11	105322321	105322322	11	131256658	131256659	+	-	DEL	cna83	minor	sim10	Eso-AdenoCa
11	131256659	131256660	11	135006516	135006517	+	-	DEL	cna84	minor	sim10	Eso-AdenoCa
12	1	2	12	10351266	10351267	-	+	DUP	cna85	major	sim10	Eso-AdenoCa
12	1	2	12	10351266	10351267	-	+	DUP	cna85	minor	sim10	Eso-AdenoCa
12	10351267	10351268	12	12928149	12928150	-	+	DUP	cna86	major	sim10	Eso-AdenoCa
12	12928150	12928151	12	14454137	14454138	-	+	DUP	cna87	major	sim10	Eso-AdenoCa
12	14454138	14454139	12	76465105	76465106	-	+	DUP	cna88	major	sim10	Eso-AdenoCa
12	14454138	14454139	12	76465105	76465106	-	+	DUP	cna88	minor	sim10	Eso-AdenoCa
12	76465106	76465107	12	76829164	76829165	+	-	DEL	cna89	minor	sim10	Eso-AdenoCa
12	76829165	76829166	12	89529228	89529229	-	+	DUP	cna90	major	sim10	Eso-AdenoCa
12	76829165	76829166	12	89529228	89529229	-	+	DUP	cna90	minor	sim10	Eso-AdenoCa
12	89529229	89529230	12	133621816	133621817	-	+	DUP	cna91	minor	sim10	Eso-AdenoCa
12	121548094	121548095	12	122267006	122267007	+	+	h2hINV	cna91	minor	sim10	Eso-AdenoCa
12	133621817	133621818	12	133851895	133851896	-	+	DUP	cna92	major	sim10	Eso-AdenoCa
13	1	2	13	115169878	115169879	-	+	DUP	cna93	major	sim10	Eso-AdenoCa
14	1	2	14	107349540	107349541	-	+	DUP	cna94	major	sim10	Eso-AdenoCa
14	41718921	41718922	14	64637399	64637400	+	+	h2hINV	cna94	minor	sim10	Eso-AdenoCa
15	1	2	15	99067921	99067922	-	+	DUP	cna95	major	sim10	Eso-AdenoCa
15	99067922	99067923	15	102531392	102531393	+	-	DEL	cna96	major	sim10	Eso-AdenoCa
15	99067922	99067923	15	102531392	102531393	+	-	DEL	cna96	minor	sim10	Eso-AdenoCa
16	1	2	16	75269598	75269599	-	+	DUP	cna97	major	sim10	Eso-AdenoCa
16	1	2	16	75269598	75269599	-	+	DUP	cna97	minor	sim10	Eso-AdenoCa
16	58203189	58203190	16	58346605	58346606	-	-	t2tINV	cna97	minor	sim10	Eso-AdenoCa
16	75269599	75269600	16	90354753	90354754	-	+	DUP	cna98	major	sim10	Eso-AdenoCa
17	1	2	17	75680292	75680293	-	+	DUP	cna99	major	sim10	Eso-AdenoCa
17	1	2	17	75680292	75680293	-	+	DUP	cna99	minor	sim10	Eso-AdenoCa
17	17758736	17758737	17	38821596	38821597	+	+	h2hINV	cna99	major	sim10	Eso-AdenoCa
17	40258136	75680292	22	38279893	46587551	-	+	TRA	cna99,cna123	major,major	sim10	Eso-AdenoCa
17	75680293	75680294	17	76330450	76330451	-	+	DUP	cna100	major	sim10	Eso-AdenoCa
17	76330451	76330452	17	81195210	81195211	-	+	DUP	cna101	major	sim10	Eso-AdenoCa
18	1	2	18	75658359	75658360	-	+	DUP	cna102	major	sim10	Eso-AdenoCa
18	1	2	18	75658359	75658360	-	+	DUP	cna102	minor	sim10	Eso-AdenoCa
18	62965426	62965427	18	63103338	63103339	+	+	h2hINV	cna102	major	sim10	Eso-AdenoCa
18	75658360	75658361	18	77202224	77202225	-	+	DUP	cna103	major	sim10	Eso-AdenoCa
18	77202225	77202226	18	77305660	77305661	+	-	DEL	cna104	major	sim10	Eso-AdenoCa
18	77202225	77202226	18	77305660	77305661	+	-	DEL	cna104	minor	sim10	Eso-AdenoCa
18	77305661	77305662	18	77457420	77457421	-	+	DUP	cna105	major	sim10	Eso-AdenoCa
18	77305661	77305662	18	77457420	77457421	+	-	DEL	cna105	minor	sim10	Eso-AdenoCa
18	77457421	77457422	18	77806986	77806987	-	+	DUP	cna106	major	sim10	Eso-AdenoCa
18	77457421	77457422	18	77806986	77806987	-	+	DUP	cna106	minor	sim10	Eso-AdenoCa
18	77806987	77806988	18	77886185	77886186	+	-	DEL	cna107	minor	sim10	Eso-AdenoCa
18	77886186	77886187	18	78077248	78077249	-	+	DUP	cna108	major	sim10	Eso-AdenoCa
19	1	2	19	6937481	6937482	-	+	DUP	cna109	major	sim10	Eso-AdenoCa
19	1	2	19	6937481	6937482	+	-	DEL	cna109	minor	sim10	Eso-AdenoCa
19	6937482	6937483	19	8017628	8017629	+	-	DEL	cna110	major	sim10	Eso-AdenoCa
19	6937482	6937483	19	8017628	8017629	+	-	DEL	cna110	minor	sim10	Eso-AdenoCa
19	8017629	8017630	19	59128983	59128984	-	+	DUP	cna111	major	sim10	Eso-AdenoCa
19	12521478	12521479	19	12531482	12531483	+	+	h2hINV	cna111	minor	sim10	Eso-AdenoCa
20	1	2	20	2863004	2863005	-	+	DUP	cna112	major	sim10	Eso-AdenoCa
20	2863005	2863006	20	3853152	3853153	-	+	DUP	cna113	major	sim10	Eso-AdenoCa
20	2863005	2863006	20	3853152	3853153	-	+	DUP	cna113	minor	sim10	Eso-AdenoCa
20	3853153	3853154	20	62658312	62658313	-	+	DUP	cna114	major	sim10	Eso-AdenoCa
20	36463595	62658312	22	12343442	30508796	-	+	TRA	cna114,cna122	major,major	sim10	Eso-AdenoCa
20	62658313	62658314	20	63025520	63025521	-	+	DUP	cna115	major	sim10	Eso-AdenoCa
21	1	2	21	48129895	48129896	-	+	DUP	cna116	major	sim10	Eso-AdenoCa
21	1	2	21	48129895	48129896	-	+	DUP	cna116	minor	sim10	Eso-AdenoCa
22	1	2	22	9867491	9867492	-	+	DUP	cna117	major	sim10	Eso-AdenoCa
22	1	2	22	9867491	9867492	+	-	DEL	cna117	minor	sim10	Eso-AdenoCa
22	9867492	9867493	22	10717433	10717434	+	-	DEL	cna118	minor	sim10	Eso-AdenoCa
22	10717434	10717435	22	11028622	11028623	-	+	DUP	cna119	major	sim10	Eso-AdenoCa
22	10717434	10717435	22	11028622	11028623	-	+	DUP	cna119	minor	sim10	Eso-AdenoCa
22	11028623	11028624	22	11738198	11738199	-	+	DUP	cna120	major	sim10	Eso-AdenoCa
22	11738199	11738200	22	12343441	12343442	-	+	DUP	cna121	major	sim10	Eso-AdenoCa
22	12343442	12343443	22	38279892	38279893	-	+	DUP	cna122	major	sim10	Eso-AdenoCa
22	38279893	38279894	22	51304566	51304567	-	+	DUP	cna123	major	sim10	Eso-AdenoCa
22	38279893	38279894	22	51304566	51304567	+	-	DEL	cna123	minor	sim10	Eso-AdenoCa
22	42454380	42454381	22	42474979	42474980	-	-	t2tINV	cna123	major	sim10	Eso-AdenoCa
X	1	2	X	146045115	146045116	-	+	DUP	cna124	major	sim10	Eso-AdenoCa
X	1	2	X	146045115	146045116	-	+	DUP	cna124	minor	sim10	Eso-AdenoCa
X	56155414	56155415	X	105260055	105260056	-	-	t2tINV	cna124	major	sim10	Eso-AdenoCa
X	146045116	146045117	X	146073159	146073160	-	+	DUP	cna125	major	sim10	Eso-AdenoCa
X	146045116	146045117	X	146073159	146073160	+	-	DEL	cna125	minor	sim10	Eso-AdenoCa
X	146073160	146073161	X	155270560	155270561	-	+	DUP	cna126	major	sim10	Eso-AdenoCa
X	146073160	146073161	X	155270560	155270561	-	+	DUP	cna126	minor	sim10	Eso-AdenoCa
Y	1	2	Y	30732596	30732597	-	+	DUP	cna127	major	sim10	Eso-AdenoCa
Y	1	2	Y	30732596	30732597	+	-	DEL	cna127	minor	sim10	Eso-AdenoCa
Y	30732597	30732598	Y	55930063	55930064	-	+	DUP	cna128	major	sim10	Eso-AdenoCa
Y	30732597	30732598	Y	55930063	55930064	-	+	DUP	cna128	minor	sim10	Eso-AdenoCa
Y	55930064	55930065	Y	55949451	55949452	-	+	DUP	cna129	major	sim10	Eso-AdenoCa
Y	55930064	55930065	Y	55949451	55949452	+	-	DEL	cna129	minor	sim10	Eso-AdenoCa
Y	55949452	55949453	Y	57878361	57878362	+	-	DEL	cna130	minor	sim10	Eso-AdenoCa
Y	57878362	57878363	Y	58361156	58361157	-	+	DUP	cna131	major	sim10	Eso-AdenoCa
Y	58361157	58361158	Y	59373566	59373567	-	+	DUP	cna132	major	sim10	Eso-AdenoCa
Y	58361157	58361158	Y	59373566	59373567	+	-	DEL	cna132	minor	sim10	Eso-AdenoCa
