chrom	start	end	major_cn	minor_cn	donor_id	study	id
1	1	67422	2	0	sim47	Eso-AdenoCa	cna0
1	67423	584573	2	1	sim47	Eso-AdenoCa	cna1
1	584574	876436	3	1	sim47	Eso-AdenoCa	cna2
1	876437	1498417	1	0	sim47	Eso-AdenoCa	cna3
1	1498418	21929048	4	2	sim47	Eso-AdenoCa	cna4
1	21929049	21949478	1	0	sim47	Eso-AdenoCa	cna5
1	21949479	175875272	2	2	sim47	Eso-AdenoCa	cna6
1	175875273	182302859	2	3	sim47	Eso-AdenoCa	cna7
1	182302860	192129570	2	0	sim47	Eso-AdenoCa	cna8
1	192129571	192432949	4	1	sim47	Eso-AdenoCa	cna9
1	192432950	206204880	2	0	sim47	Eso-AdenoCa	cna10
1	206204881	211320649	2	1	sim47	Eso-AdenoCa	cna11
1	211320650	211422738	2	0	sim47	Eso-AdenoCa	cna12
1	211422739	218177276	2	1	sim47	Eso-AdenoCa	cna13
1	218177277	218380479	3	0	sim47	Eso-AdenoCa	cna14
1	218380480	218687164	0	0	sim47	Eso-AdenoCa	cna15
1	218687165	249184400	2	1	sim47	Eso-AdenoCa	cna16
1	249184401	249250621	3	1	sim47	Eso-AdenoCa	cna17
2	1	52822048	2	0	sim47	Eso-AdenoCa	cna18
2	52822049	53937106	4	0	sim47	Eso-AdenoCa	cna19
2	53937107	59969195	4	1	sim47	Eso-AdenoCa	cna20
2	59969196	60239998	0	0	sim47	Eso-AdenoCa	cna21
2	60239999	110466039	1	2	sim47	Eso-AdenoCa	cna22
2	110466040	112776390	2	1	sim47	Eso-AdenoCa	cna23
2	112776391	116952912	2	2	sim47	Eso-AdenoCa	cna24
2	116952913	116973251	2	1	sim47	Eso-AdenoCa	cna25
2	116973252	148576031	2	0	sim47	Eso-AdenoCa	cna26
2	148576032	205226981	1	1	sim47	Eso-AdenoCa	cna27
2	205226982	241608891	1	0	sim47	Eso-AdenoCa	cna28
2	241608892	241749246	2	0	sim47	Eso-AdenoCa	cna29
2	241749247	241848739	4	2	sim47	Eso-AdenoCa	cna30
2	241848740	241867864	2	1	sim47	Eso-AdenoCa	cna31
2	241867865	241878071	1	0	sim47	Eso-AdenoCa	cna32
2	241878072	242143730	2	1	sim47	Eso-AdenoCa	cna33
2	242143731	242194602	2	2	sim47	Eso-AdenoCa	cna34
2	242194603	242260564	0	0	sim47	Eso-AdenoCa	cna35
2	242260565	242461804	4	1	sim47	Eso-AdenoCa	cna36
2	242461805	243199373	1	1	sim47	Eso-AdenoCa	cna37
3	1	108205629	1	1	sim47	Eso-AdenoCa	cna38
3	108205630	108334871	4	2	sim47	Eso-AdenoCa	cna39
3	108334872	108385685	2	1	sim47	Eso-AdenoCa	cna40
3	108385686	113522096	2	2	sim47	Eso-AdenoCa	cna41
3	113522097	119460988	2	1	sim47	Eso-AdenoCa	cna42
3	119460989	122156044	2	2	sim47	Eso-AdenoCa	cna43
3	122156045	122507741	5	2	sim47	Eso-AdenoCa	cna44
3	122507742	125064724	1	1	sim47	Eso-AdenoCa	cna45
3	125064725	144284180	4	0	sim47	Eso-AdenoCa	cna46
3	144284181	144296707	2	0	sim47	Eso-AdenoCa	cna47
3	144296708	190649762	2	1	sim47	Eso-AdenoCa	cna48
3	190649763	197997263	1	1	sim47	Eso-AdenoCa	cna49
3	197997264	198022430	2	0	sim47	Eso-AdenoCa	cna50
4	1	2240872	1	1	sim47	Eso-AdenoCa	cna51
4	2240873	2614247	2	0	sim47	Eso-AdenoCa	cna52
4	2614248	11656992	2	2	sim47	Eso-AdenoCa	cna53
4	11656993	11811601	1	1	sim47	Eso-AdenoCa	cna54
4	11811602	11924912	2	0	sim47	Eso-AdenoCa	cna55
4	11924913	12257736	3	0	sim47	Eso-AdenoCa	cna56
4	12257737	14963427	1	0	sim47	Eso-AdenoCa	cna57
4	14963428	15085845	3	0	sim47	Eso-AdenoCa	cna58
4	15085846	28752010	2	2	sim47	Eso-AdenoCa	cna59
4	28752011	30250922	4	0	sim47	Eso-AdenoCa	cna60
4	30250923	30292830	4	1	sim47	Eso-AdenoCa	cna61
4	30292831	30302662	3	1	sim47	Eso-AdenoCa	cna62
4	30302663	30360501	0	0	sim47	Eso-AdenoCa	cna63
4	30360502	32668380	2	2	sim47	Eso-AdenoCa	cna64
4	32668381	92020468	2	1	sim47	Eso-AdenoCa	cna65
4	92020469	108700685	3	2	sim47	Eso-AdenoCa	cna66
4	108700686	109625999	2	0	sim47	Eso-AdenoCa	cna67
4	109626000	109843435	2	2	sim47	Eso-AdenoCa	cna68
4	109843436	109894073	1	0	sim47	Eso-AdenoCa	cna69
4	109894074	116569374	2	1	sim47	Eso-AdenoCa	cna70
4	116569375	117732404	2	0	sim47	Eso-AdenoCa	cna71
4	117732405	162776491	2	1	sim47	Eso-AdenoCa	cna72
4	162776492	169622384	2	0	sim47	Eso-AdenoCa	cna73
4	169622385	179549518	2	2	sim47	Eso-AdenoCa	cna74
4	179549519	190884984	0	0	sim47	Eso-AdenoCa	cna75
4	190884985	191124753	2	2	sim47	Eso-AdenoCa	cna76
4	191124754	191134571	3	1	sim47	Eso-AdenoCa	cna77
4	191134572	191154276	1	0	sim47	Eso-AdenoCa	cna78
5	1	32811577	2	1	sim47	Eso-AdenoCa	cna79
5	32811578	34580545	2	0	sim47	Eso-AdenoCa	cna80
5	34580546	44958280	1	0	sim47	Eso-AdenoCa	cna81
5	44958281	66559465	2	0	sim47	Eso-AdenoCa	cna82
5	66559466	71067904	2	1	sim47	Eso-AdenoCa	cna83
5	71067905	71094760	3	0	sim47	Eso-AdenoCa	cna84
5	71094761	71104165	2	0	sim47	Eso-AdenoCa	cna85
5	71104166	75786292	4	1	sim47	Eso-AdenoCa	cna86
5	75786293	76085853	3	1	sim47	Eso-AdenoCa	cna87
5	76085854	160827205	1	1	sim47	Eso-AdenoCa	cna88
5	160827206	167547553	2	1	sim47	Eso-AdenoCa	cna89
5	167547554	168630991	1	1	sim47	Eso-AdenoCa	cna90
5	168630992	180915260	2	1	sim47	Eso-AdenoCa	cna91
6	1	66913431	2	1	sim47	Eso-AdenoCa	cna92
6	66913432	67381176	5	2	sim47	Eso-AdenoCa	cna93
6	67381177	72924537	2	1	sim47	Eso-AdenoCa	cna94
6	72924538	74616248	3	1	sim47	Eso-AdenoCa	cna95
6	74616249	87109374	2	1	sim47	Eso-AdenoCa	cna96
6	87109375	87392504	1	0	sim47	Eso-AdenoCa	cna97
6	87392505	87767134	2	2	sim47	Eso-AdenoCa	cna98
6	87767135	88001137	4	0	sim47	Eso-AdenoCa	cna99
6	88001138	93674347	2	2	sim47	Eso-AdenoCa	cna100
6	93674348	93787847	2	1	sim47	Eso-AdenoCa	cna101
6	93787848	93844953	3	1	sim47	Eso-AdenoCa	cna102
6	93844954	110301381	4	2	sim47	Eso-AdenoCa	cna103
6	110301382	110477666	2	0	sim47	Eso-AdenoCa	cna104
6	110477667	110516632	3	1	sim47	Eso-AdenoCa	cna105
6	110516633	111199508	2	1	sim47	Eso-AdenoCa	cna106
6	111199509	116828992	4	1	sim47	Eso-AdenoCa	cna107
6	116828993	116953322	2	0	sim47	Eso-AdenoCa	cna108
6	116953323	118419191	1	0	sim47	Eso-AdenoCa	cna109
6	118419192	121633788	2	1	sim47	Eso-AdenoCa	cna110
6	121633789	121688588	1	0	sim47	Eso-AdenoCa	cna111
6	121688589	122013188	2	0	sim47	Eso-AdenoCa	cna112
6	122013189	122322672	4	1	sim47	Eso-AdenoCa	cna113
6	122322673	137022656	1	0	sim47	Eso-AdenoCa	cna114
6	137022657	171115067	1	1	sim47	Eso-AdenoCa	cna115
7	1	21915922	3	2	sim47	Eso-AdenoCa	cna116
7	21915923	30328120	3	1	sim47	Eso-AdenoCa	cna117
7	30328121	30411983	2	2	sim47	Eso-AdenoCa	cna118
7	30411984	30830795	3	0	sim47	Eso-AdenoCa	cna119
7	30830796	30882364	0	0	sim47	Eso-AdenoCa	cna120
7	30882365	34367990	2	1	sim47	Eso-AdenoCa	cna121
7	34367991	34707192	0	0	sim47	Eso-AdenoCa	cna122
7	34707193	34826162	1	0	sim47	Eso-AdenoCa	cna123
7	34826163	36578347	3	1	sim47	Eso-AdenoCa	cna124
7	36578348	60322586	1	1	sim47	Eso-AdenoCa	cna125
7	60322587	65116616	1	0	sim47	Eso-AdenoCa	cna126
7	65116617	65370832	2	1	sim47	Eso-AdenoCa	cna127
7	65370833	158612169	1	0	sim47	Eso-AdenoCa	cna128
7	158612170	159138663	2	1	sim47	Eso-AdenoCa	cna129
8	1	25003501	2	1	sim47	Eso-AdenoCa	cna130
8	25003502	102087986	5	1	sim47	Eso-AdenoCa	cna131
8	102087987	104082869	2	1	sim47	Eso-AdenoCa	cna132
8	104082870	106024286	3	2	sim47	Eso-AdenoCa	cna133
8	106024287	114181828	2	2	sim47	Eso-AdenoCa	cna134
8	114181829	116313739	2	0	sim47	Eso-AdenoCa	cna135
8	116313740	142653441	1	1	sim47	Eso-AdenoCa	cna136
8	142653442	143899555	4	2	sim47	Eso-AdenoCa	cna137
8	143899556	143913451	1	0	sim47	Eso-AdenoCa	cna138
8	143913452	146364022	4	2	sim47	Eso-AdenoCa	cna139
9	1	26802815	2	1	sim47	Eso-AdenoCa	cna140
9	26802816	76260322	2	2	sim47	Eso-AdenoCa	cna141
9	76260323	76686024	3	2	sim47	Eso-AdenoCa	cna142
9	76686025	91858387	1	0	sim47	Eso-AdenoCa	cna143
9	91858388	92445464	2	1	sim47	Eso-AdenoCa	cna144
9	92445465	92991530	4	1	sim47	Eso-AdenoCa	cna145
9	92991531	99488786	3	0	sim47	Eso-AdenoCa	cna146
9	99488787	139836117	1	1	sim47	Eso-AdenoCa	cna147
9	139836118	139916333	2	3	sim47	Eso-AdenoCa	cna148
9	139916334	141128593	2	2	sim47	Eso-AdenoCa	cna149
9	141128594	141213431	1	0	sim47	Eso-AdenoCa	cna150
10	1	15274365	2	1	sim47	Eso-AdenoCa	cna151
10	15274366	36099565	1	0	sim47	Eso-AdenoCa	cna152
10	36099566	37858376	2	0	sim47	Eso-AdenoCa	cna153
10	37858377	38172122	4	0	sim47	Eso-AdenoCa	cna154
10	38172123	50735000	2	1	sim47	Eso-AdenoCa	cna155
10	50735001	50793562	3	0	sim47	Eso-AdenoCa	cna156
10	50793563	65361707	2	1	sim47	Eso-AdenoCa	cna157
10	65361708	65524400	2	0	sim47	Eso-AdenoCa	cna158
10	65524401	108668816	2	1	sim47	Eso-AdenoCa	cna159
10	108668817	109868175	3	1	sim47	Eso-AdenoCa	cna160
10	109868176	116442998	2	0	sim47	Eso-AdenoCa	cna161
10	116442999	116488880	5	1	sim47	Eso-AdenoCa	cna162
10	116488881	134367048	1	1	sim47	Eso-AdenoCa	cna163
10	134367049	135534747	3	1	sim47	Eso-AdenoCa	cna164
11	1	13188256	2	1	sim47	Eso-AdenoCa	cna165
11	13188257	17071899	2	0	sim47	Eso-AdenoCa	cna166
11	17071900	17125805	3	1	sim47	Eso-AdenoCa	cna167
11	17125806	17168383	1	0	sim47	Eso-AdenoCa	cna168
11	17168384	30130904	3	1	sim47	Eso-AdenoCa	cna169
11	30130905	30140564	4	1	sim47	Eso-AdenoCa	cna170
11	30140565	30183484	2	1	sim47	Eso-AdenoCa	cna171
11	30183485	30226629	0	0	sim47	Eso-AdenoCa	cna172
11	30226630	30642048	2	0	sim47	Eso-AdenoCa	cna173
11	30642049	33446961	2	1	sim47	Eso-AdenoCa	cna174
11	33446962	38864698	5	1	sim47	Eso-AdenoCa	cna175
11	38864699	40382317	3	1	sim47	Eso-AdenoCa	cna176
11	40382318	53310555	2	1	sim47	Eso-AdenoCa	cna177
11	53310556	66416553	1	0	sim47	Eso-AdenoCa	cna178
11	66416554	66435706	2	0	sim47	Eso-AdenoCa	cna179
11	66435707	66703804	1	0	sim47	Eso-AdenoCa	cna180
11	66703805	69420574	3	2	sim47	Eso-AdenoCa	cna181
11	69420575	69781346	7	1	sim47	Eso-AdenoCa	cna182
11	69781347	69840575	2	1	sim47	Eso-AdenoCa	cna183
11	69840576	71470624	1	0	sim47	Eso-AdenoCa	cna184
11	71470625	116284367	1	1	sim47	Eso-AdenoCa	cna185
11	116284368	116431012	2	1	sim47	Eso-AdenoCa	cna186
11	116431013	116790559	4	0	sim47	Eso-AdenoCa	cna187
11	116790560	117157961	2	1	sim47	Eso-AdenoCa	cna188
11	117157962	119832303	2	0	sim47	Eso-AdenoCa	cna189
11	119832304	120626872	2	1	sim47	Eso-AdenoCa	cna190
11	120626873	121832272	3	0	sim47	Eso-AdenoCa	cna191
11	121832273	123077262	4	2	sim47	Eso-AdenoCa	cna192
11	123077263	123121153	3	0	sim47	Eso-AdenoCa	cna193
11	123121154	127725899	1	1	sim47	Eso-AdenoCa	cna194
11	127725900	135006516	2	1	sim47	Eso-AdenoCa	cna195
12	1	50336791	2	1	sim47	Eso-AdenoCa	cna196
12	50336792	50442659	2	2	sim47	Eso-AdenoCa	cna197
12	50442660	65493240	2	1	sim47	Eso-AdenoCa	cna198
12	65493241	65538658	3	3	sim47	Eso-AdenoCa	cna199
12	65538659	66844305	2	2	sim47	Eso-AdenoCa	cna200
12	66844306	70059946	2	1	sim47	Eso-AdenoCa	cna201
12	70059947	133851895	1	1	sim47	Eso-AdenoCa	cna202
13	1	3978410	1	2	sim47	Eso-AdenoCa	cna203
13	3978411	39278460	2	1	sim47	Eso-AdenoCa	cna204
13	39278461	44162144	4	2	sim47	Eso-AdenoCa	cna205
13	44162145	44391748	3	2	sim47	Eso-AdenoCa	cna206
13	44391749	44983995	2	1	sim47	Eso-AdenoCa	cna207
13	44983996	57307923	3	0	sim47	Eso-AdenoCa	cna208
13	57307924	57329951	3	1	sim47	Eso-AdenoCa	cna209
13	57329952	57371269	4	0	sim47	Eso-AdenoCa	cna210
13	57371270	57393386	4	1	sim47	Eso-AdenoCa	cna211
13	57393387	57821734	1	0	sim47	Eso-AdenoCa	cna212
13	57821735	57832825	2	0	sim47	Eso-AdenoCa	cna213
13	57832826	61600542	1	0	sim47	Eso-AdenoCa	cna214
13	61600543	78768866	2	1	sim47	Eso-AdenoCa	cna215
13	78768867	79372120	2	0	sim47	Eso-AdenoCa	cna216
13	79372121	86557501	3	3	sim47	Eso-AdenoCa	cna217
13	86557502	87733805	2	1	sim47	Eso-AdenoCa	cna218
13	87733806	89119958	2	0	sim47	Eso-AdenoCa	cna219
13	89119959	113712833	2	1	sim47	Eso-AdenoCa	cna220
13	113712834	115169878	0	0	sim47	Eso-AdenoCa	cna221
14	1	89430741	1	1	sim47	Eso-AdenoCa	cna222
14	89430742	95483280	1	0	sim47	Eso-AdenoCa	cna223
14	95483281	107349540	2	1	sim47	Eso-AdenoCa	cna224
15	1	33745530	2	1	sim47	Eso-AdenoCa	cna225
15	33745531	34033455	3	1	sim47	Eso-AdenoCa	cna226
15	34033456	34210923	2	0	sim47	Eso-AdenoCa	cna227
15	34210924	39066264	1	1	sim47	Eso-AdenoCa	cna228
15	39066265	39777527	4	2	sim47	Eso-AdenoCa	cna229
15	39777528	39971569	2	1	sim47	Eso-AdenoCa	cna230
15	39971570	47692676	4	1	sim47	Eso-AdenoCa	cna231
15	47692677	47702265	3	1	sim47	Eso-AdenoCa	cna232
15	47702266	47711849	4	1	sim47	Eso-AdenoCa	cna233
15	47711850	48238258	2	1	sim47	Eso-AdenoCa	cna234
15	48238259	55233957	0	0	sim47	Eso-AdenoCa	cna235
15	55233958	55319203	2	1	sim47	Eso-AdenoCa	cna236
15	55319204	55554390	4	1	sim47	Eso-AdenoCa	cna237
15	55554391	55724236	1	0	sim47	Eso-AdenoCa	cna238
15	55724237	55743371	2	2	sim47	Eso-AdenoCa	cna239
15	55743372	58468835	2	1	sim47	Eso-AdenoCa	cna240
15	58468836	60740913	3	2	sim47	Eso-AdenoCa	cna241
15	60740914	61334433	4	2	sim47	Eso-AdenoCa	cna242
15	61334434	62064342	0	0	sim47	Eso-AdenoCa	cna243
15	62064343	62685032	5	2	sim47	Eso-AdenoCa	cna244
15	62685033	102531392	2	1	sim47	Eso-AdenoCa	cna245
16	1	89861561	2	0	sim47	Eso-AdenoCa	cna246
16	89861562	90354753	2	2	sim47	Eso-AdenoCa	cna247
17	1	42558921	3	2	sim47	Eso-AdenoCa	cna248
17	42558922	42568819	2	1	sim47	Eso-AdenoCa	cna249
17	42568820	42606428	4	1	sim47	Eso-AdenoCa	cna250
17	42606429	44262109	1	0	sim47	Eso-AdenoCa	cna251
17	44262110	44442436	2	0	sim47	Eso-AdenoCa	cna252
17	44442437	52856865	4	0	sim47	Eso-AdenoCa	cna253
17	52856866	53558814	3	2	sim47	Eso-AdenoCa	cna254
17	53558815	53636121	3	1	sim47	Eso-AdenoCa	cna255
17	53636122	64304760	2	1	sim47	Eso-AdenoCa	cna256
17	64304761	71481942	2	0	sim47	Eso-AdenoCa	cna257
17	71481943	75678976	2	2	sim47	Eso-AdenoCa	cna258
17	75678977	79200537	2	0	sim47	Eso-AdenoCa	cna259
17	79200538	81195210	2	1	sim47	Eso-AdenoCa	cna260
18	1	44261504	2	0	sim47	Eso-AdenoCa	cna261
18	44261505	44489407	0	0	sim47	Eso-AdenoCa	cna262
18	44489408	64222355	3	2	sim47	Eso-AdenoCa	cna263
18	64222356	78077248	4	1	sim47	Eso-AdenoCa	cna264
19	1	55291906	1	0	sim47	Eso-AdenoCa	cna265
19	55291907	56465627	4	1	sim47	Eso-AdenoCa	cna266
19	56465628	57867946	3	2	sim47	Eso-AdenoCa	cna267
19	57867947	59128983	1	1	sim47	Eso-AdenoCa	cna268
20	1	42418360	1	0	sim47	Eso-AdenoCa	cna269
20	42418361	44306015	2	1	sim47	Eso-AdenoCa	cna270
20	44306016	63025520	2	2	sim47	Eso-AdenoCa	cna271
21	1	32532448	1	1	sim47	Eso-AdenoCa	cna272
21	32532449	47117472	2	3	sim47	Eso-AdenoCa	cna273
21	47117473	48129895	2	1	sim47	Eso-AdenoCa	cna274
22	1	51304566	2	1	sim47	Eso-AdenoCa	cna275
X	1	1561116	2	2	sim47	Eso-AdenoCa	cna276
X	1561117	1844149	3	1	sim47	Eso-AdenoCa	cna277
X	1844150	2130856	6	1	sim47	Eso-AdenoCa	cna278
X	2130857	22426099	1	0	sim47	Eso-AdenoCa	cna279
X	22426100	24180251	7	1	sim47	Eso-AdenoCa	cna280
X	24180252	24192176	4	1	sim47	Eso-AdenoCa	cna281
X	24192177	24204104	3	0	sim47	Eso-AdenoCa	cna282
X	24204105	48963119	4	3	sim47	Eso-AdenoCa	cna283
X	48963120	91280456	2	1	sim47	Eso-AdenoCa	cna284
X	91280457	98950803	1	0	sim47	Eso-AdenoCa	cna285
X	98950804	143447390	2	1	sim47	Eso-AdenoCa	cna286
X	143447391	147341699	2	2	sim47	Eso-AdenoCa	cna287
X	147341700	147569591	2	0	sim47	Eso-AdenoCa	cna288
X	147569592	148005978	4	0	sim47	Eso-AdenoCa	cna289
X	148005979	148216649	1	0	sim47	Eso-AdenoCa	cna290
X	148216650	148776862	2	0	sim47	Eso-AdenoCa	cna291
X	148776863	152398952	2	1	sim47	Eso-AdenoCa	cna292
X	152398953	153794648	1	0	sim47	Eso-AdenoCa	cna293
X	153794649	155270560	3	0	sim47	Eso-AdenoCa	cna294
Y	1	48115921	2	1	sim47	Eso-AdenoCa	cna295
Y	48115922	48325265	1	0	sim47	Eso-AdenoCa	cna296
Y	48325266	51524352	2	1	sim47	Eso-AdenoCa	cna297
Y	51524353	52202928	2	0	sim47	Eso-AdenoCa	cna298
Y	52202929	59373566	3	0	sim47	Eso-AdenoCa	cna299
