chrom1	start1	end1	chrom2	start2	end2	strand1	strand2	svclass	id	allele	donor_id	tumor
1	1097015	1097016	1	1358828	1358829	-	+	DUP	cna1	major	sim61	Eso-AdenoCa
1	1097015	1097016	1	1358828	1358829	+	-	DEL	cna1	minor	sim61	Eso-AdenoCa
1	1358829	1358830	1	63029512	63029513	-	+	DUP	cna2	major	sim61	Eso-AdenoCa
1	52700200	52700201	1	58993086	58993087	-	-	t2tINV	cna2	minor	sim61	Eso-AdenoCa
1	63029513	63029514	1	248069023	248069024	-	+	DUP	cna3	major	sim61	Eso-AdenoCa
1	63029513	63029514	1	248069023	248069024	+	-	DEL	cna3	minor	sim61	Eso-AdenoCa
1	248069024	248069025	1	248274425	248274426	-	+	DUP	cna4	major	sim61	Eso-AdenoCa
1	248274426	248274427	1	249250621	249250622	-	+	DUP	cna5	major	sim61	Eso-AdenoCa
1	248274426	248274427	1	249250621	249250622	+	-	DEL	cna5	minor	sim61	Eso-AdenoCa
2	19625156	19625157	2	24921252	24921253	-	+	DUP	cna7	major	sim61	Eso-AdenoCa
2	19625156	19625157	2	24921252	24921253	-	+	DUP	cna7	minor	sim61	Eso-AdenoCa
2	24921253	24921254	2	81696509	81696510	-	+	DUP	cna8	major	sim61	Eso-AdenoCa
2	81696510	81696511	2	243199373	243199374	-	+	DUP	cna9	major	sim61	Eso-AdenoCa
2	116065479	243199373	12	14460720	86945333	-	+	TRA	cna9,cna68	minor,minor	sim61	Eso-AdenoCa
2	209832479	209832480	2	211140204	211140205	+	+	h2hINV	cna9	minor	sim61	Eso-AdenoCa
3	1	2	3	62779306	62779307	-	+	DUP	cna10	major	sim61	Eso-AdenoCa
3	52853206	62779306	7	13681698	148676689	-	-	TRA	cna10,cna35	minor,major	sim61	Eso-AdenoCa
3	62779307	62779308	3	102945003	102945004	-	+	DUP	cna11	major	sim61	Eso-AdenoCa
3	147053204	147053205	3	147144459	147144460	-	+	DUP	cna13	major	sim61	Eso-AdenoCa
3	147053204	147053205	3	147144459	147144460	+	-	DEL	cna13	minor	sim61	Eso-AdenoCa
3	147144460	147144461	3	149767323	149767324	-	+	DUP	cna14	major	sim61	Eso-AdenoCa
3	149767324	149767325	3	149777844	149777845	+	-	DEL	cna15	minor	sim61	Eso-AdenoCa
3	149777845	149777846	3	197975526	197975527	-	+	DUP	cna16	major	sim61	Eso-AdenoCa
3	149777845	149777846	3	197975526	197975527	-	+	DUP	cna16	minor	sim61	Eso-AdenoCa
3	197975527	197975528	3	198022430	198022431	+	-	DEL	cna17	minor	sim61	Eso-AdenoCa
4	12320970	12320971	4	12820370	12820371	+	-	DEL	cna19	major	sim61	Eso-AdenoCa
4	12320970	12320971	4	12820370	12820371	+	-	DEL	cna19	minor	sim61	Eso-AdenoCa
4	12820371	12820372	4	51169051	51169052	-	+	DUP	cna20	major	sim61	Eso-AdenoCa
4	12820371	30297303	19	1	10324879	+	+	TRA	cna102,cna20	major,minor	sim61	Eso-AdenoCa
4	51169052	51169053	4	80546783	80546784	-	+	DUP	cna21	major	sim61	Eso-AdenoCa
4	51169052	51169053	4	80546783	80546784	+	-	DEL	cna21	minor	sim61	Eso-AdenoCa
4	71914993	80546783	6	91947640	107250832	-	-	TRA	cna31,cna21	minor,major	sim61	Eso-AdenoCa
4	80546784	80546785	4	83120335	83120336	-	+	DUP	cna22	major	sim61	Eso-AdenoCa
4	83120336	83120337	4	191154276	191154277	-	+	DUP	cna23	major	sim61	Eso-AdenoCa
4	83120336	83120337	4	191154276	191154277	+	-	DEL	cna23	minor	sim61	Eso-AdenoCa
4	184724176	191154276	8	14484344	130700319	-	-	TRA	cna23,cna38	minor,major	sim61	Eso-AdenoCa
5	1	2	5	98451564	98451565	-	+	DUP	cna24	major	sim61	Eso-AdenoCa
5	98451565	98451566	5	174093369	174093370	-	+	DUP	cna25	major	sim61	Eso-AdenoCa
5	174093370	174093371	5	180335437	180335438	-	+	DUP	cna26	major	sim61	Eso-AdenoCa
5	174093370	174093371	5	180335437	180335438	-	+	DUP	cna26	minor	sim61	Eso-AdenoCa
5	180335438	180335439	5	180544670	180544671	-	+	DUP	cna27	major	sim61	Eso-AdenoCa
5	180544671	180544672	5	180606651	180606652	-	+	DUP	cna28	major	sim61	Eso-AdenoCa
5	180544671	180544672	5	180606651	180606652	-	+	DUP	cna28	minor	sim61	Eso-AdenoCa
5	180606652	180606653	5	180883472	180883473	-	+	DUP	cna29	major	sim61	Eso-AdenoCa
5	180606652	180606653	5	180883472	180883473	-	+	DUP	cna29	minor	sim61	Eso-AdenoCa
5	180883473	180883474	5	180915260	180915261	-	+	DUP	cna30	major	sim61	Eso-AdenoCa
6	1	2	6	107250832	107250833	-	+	DUP	cna31	major	sim61	Eso-AdenoCa
6	1	2	6	107250832	107250833	+	-	DEL	cna31	minor	sim61	Eso-AdenoCa
6	51592040	51592041	6	65976759	65976760	+	+	h2hINV	cna31	major	sim61	Eso-AdenoCa
6	76271740	76271741	6	108501045	108501046	-	-	t2tINV	cna32	minor	sim61	Eso-AdenoCa
6	107250833	107250834	6	111372788	111372789	-	+	DUP	cna32	major	sim61	Eso-AdenoCa
6	107250833	107250834	6	111372788	111372789	-	+	DUP	cna32	minor	sim61	Eso-AdenoCa
6	111372789	111372790	6	155235419	155235420	+	-	DEL	cna33	minor	sim61	Eso-AdenoCa
6	155235420	155235421	6	171115067	171115068	-	+	DUP	cna34	major	sim61	Eso-AdenoCa
7	1	2	7	148676689	148676690	-	+	DUP	cna35	major	sim61	Eso-AdenoCa
7	113074673	148676689	21	23019148	32868871	-	+	TRA	cna35,cna108	minor,major	sim61	Eso-AdenoCa
7	148676690	148676691	7	149097800	149097801	-	+	DUP	cna36	major	sim61	Eso-AdenoCa
7	149097801	149097802	7	159138663	159138664	+	-	DEL	cna37	minor	sim61	Eso-AdenoCa
8	1	2	8	130700319	130700320	-	+	DUP	cna38	major	sim61	Eso-AdenoCa
8	1	2	8	130700319	130700320	+	-	DEL	cna38	minor	sim61	Eso-AdenoCa
8	120166110	130700319	11	1	3589482	-	+	TRA	cna38,cna45	minor,minor	sim61	Eso-AdenoCa
8	130700320	130700321	8	146247872	146247873	-	+	DUP	cna39	major	sim61	Eso-AdenoCa
8	146247873	146247874	8	146364022	146364023	-	+	DUP	cna40	major	sim61	Eso-AdenoCa
9	1	2	9	140943832	140943833	-	+	DUP	cna41	major	sim61	Eso-AdenoCa
9	1	2	9	140943832	140943833	-	+	DUP	cna41	minor	sim61	Eso-AdenoCa
9	35770788	140943832	19	40394657	59128983	-	-	TRA	cna41,cna104	major,major	sim61	Eso-AdenoCa
9	71570688	71570689	9	76853535	76853536	-	-	t2tINV	cna41	minor	sim61	Eso-AdenoCa
9	140943833	140943834	9	141213431	141213432	-	+	DUP	cna42	major	sim61	Eso-AdenoCa
10	57317415	135395303	15	56332046	94156082	-	+	TRA	cna91,cna43	minor,major	sim61	Eso-AdenoCa
10	135395304	135395305	10	135534747	135534748	+	-	DEL	cna44	minor	sim61	Eso-AdenoCa
11	1	2	11	10124294	10124295	-	+	DUP	cna45	major	sim61	Eso-AdenoCa
11	1	2	11	10124294	10124295	-	+	DUP	cna45	minor	sim61	Eso-AdenoCa
11	10124295	10124296	11	11753717	11753718	-	+	DUP	cna46	major	sim61	Eso-AdenoCa
11	10124295	10124296	11	11753717	11753718	-	+	DUP	cna46	minor	sim61	Eso-AdenoCa
11	11753718	11753719	11	11933222	11933223	-	+	DUP	cna47	major	sim61	Eso-AdenoCa
11	11753718	11753719	11	11933222	11933223	-	+	DUP	cna47	minor	sim61	Eso-AdenoCa
11	11933223	11933224	11	16974439	16974440	-	+	DUP	cna48	major	sim61	Eso-AdenoCa
11	16974440	16974441	11	39829460	39829461	-	+	DUP	cna49	major	sim61	Eso-AdenoCa
11	16974440	16974441	11	39829460	39829461	-	+	DUP	cna49	minor	sim61	Eso-AdenoCa
11	19727310	19727311	11	19747829	19747830	-	-	t2tINV	cna49	major	sim61	Eso-AdenoCa
11	28499010	28499011	11	28529104	28529105	+	+	h2hINV	cna49	major	sim61	Eso-AdenoCa
11	39829461	39829462	11	41625410	41625411	-	+	DUP	cna50	major	sim61	Eso-AdenoCa
11	41625411	41625412	11	42032448	42032449	-	+	DUP	cna51	major	sim61	Eso-AdenoCa
11	41625411	41625412	11	42032448	42032449	+	-	DEL	cna51	minor	sim61	Eso-AdenoCa
11	42032449	42032450	11	42597234	42597235	-	+	DUP	cna52	major	sim61	Eso-AdenoCa
11	42597235	42597236	11	83260248	83260249	-	+	DUP	cna53	major	sim61	Eso-AdenoCa
11	63133610	63133611	11	63163835	63163836	-	-	t2tINV	cna53	minor	sim61	Eso-AdenoCa
11	83260249	83260250	11	84007689	84007690	+	-	DEL	cna54	minor	sim61	Eso-AdenoCa
11	84007690	84007691	11	112457578	112457579	-	+	DUP	cna55	major	sim61	Eso-AdenoCa
11	112457579	112457580	11	112642902	112642903	-	+	DUP	cna56	major	sim61	Eso-AdenoCa
11	112457579	112457580	11	112642902	112642903	-	+	DUP	cna56	minor	sim61	Eso-AdenoCa
11	112642903	112642904	11	113319826	113319827	-	+	DUP	cna57	major	sim61	Eso-AdenoCa
11	112642903	112642904	11	113319826	113319827	+	-	DEL	cna57	minor	sim61	Eso-AdenoCa
11	113319827	113319828	11	114924133	114924134	-	+	DUP	cna58	major	sim61	Eso-AdenoCa
11	114924134	114924135	11	117836626	117836627	-	+	DUP	cna59	major	sim61	Eso-AdenoCa
11	117836627	117836628	11	118015410	118015411	-	+	DUP	cna60	major	sim61	Eso-AdenoCa
11	117836627	117836628	11	118015410	118015411	+	-	DEL	cna60	minor	sim61	Eso-AdenoCa
11	118015411	118015412	11	134527681	134527682	+	-	DEL	cna61	minor	sim61	Eso-AdenoCa
11	134527682	134527683	11	135006516	135006517	-	+	DUP	cna62	major	sim61	Eso-AdenoCa
11	134527682	134527683	11	135006516	135006517	-	+	DUP	cna62	minor	sim61	Eso-AdenoCa
12	1	2	12	7558326	7558327	-	+	DUP	cna63	major	sim61	Eso-AdenoCa
12	7558327	7558328	12	10989103	10989104	-	+	DUP	cna64	major	sim61	Eso-AdenoCa
12	7558327	7558328	12	10989103	10989104	-	+	DUP	cna64	minor	sim61	Eso-AdenoCa
12	10989104	10989105	12	11009666	11009667	-	+	DUP	cna65	major	sim61	Eso-AdenoCa
12	11009667	11009668	12	14154431	14154432	-	+	DUP	cna66	major	sim61	Eso-AdenoCa
12	13138094	14154431	14	1	40298788	-	+	TRA	cna66,cna87	minor,minor	sim61	Eso-AdenoCa
12	14154432	14154433	12	14460719	14460720	-	+	DUP	cna67	major	sim61	Eso-AdenoCa
12	14154432	14154433	12	14460719	14460720	+	-	DEL	cna67	minor	sim61	Eso-AdenoCa
12	14460720	14460721	12	89546701	89546702	-	+	DUP	cna68	major	sim61	Eso-AdenoCa
12	14460720	14460721	12	89546701	89546702	-	+	DUP	cna68	minor	sim61	Eso-AdenoCa
12	89546702	89546703	12	89820564	89820565	-	+	DUP	cna69	major	sim61	Eso-AdenoCa
12	89820565	89820566	12	96698418	96698419	+	-	DEL	cna70	minor	sim61	Eso-AdenoCa
12	96698419	96698420	12	96818889	96818890	-	+	DUP	cna71	major	sim61	Eso-AdenoCa
12	96818890	96818891	12	96958258	96958259	-	+	DUP	cna72	major	sim61	Eso-AdenoCa
12	96818890	96818891	12	96958258	96958259	+	-	DEL	cna72	minor	sim61	Eso-AdenoCa
12	96958259	96958260	12	98221229	98221230	+	-	DEL	cna73	major	sim61	Eso-AdenoCa
12	96958259	96958260	12	98221229	98221230	+	-	DEL	cna73	minor	sim61	Eso-AdenoCa
12	100660363	100660364	12	100670704	100670705	-	+	DUP	cna75	major	sim61	Eso-AdenoCa
12	100670705	100670706	12	133851895	133851896	+	-	DEL	cna76	minor	sim61	Eso-AdenoCa
13	1	2	13	13527854	13527855	-	+	DUP	cna77	major	sim61	Eso-AdenoCa
13	13527855	13527856	13	14575203	14575204	-	+	DUP	cna78	major	sim61	Eso-AdenoCa
13	13527855	13527856	13	14575203	14575204	+	-	DEL	cna78	minor	sim61	Eso-AdenoCa
13	14575204	14575205	13	14586812	14586813	+	-	DEL	cna79	minor	sim61	Eso-AdenoCa
13	14586813	14586814	13	14870213	14870214	-	+	DUP	cna80	major	sim61	Eso-AdenoCa
13	14586813	14586814	13	14870213	14870214	+	-	DEL	cna80	minor	sim61	Eso-AdenoCa
13	14870214	14870215	13	15877330	15877331	-	+	DUP	cna81	major	sim61	Eso-AdenoCa
13	14870214	14870215	13	15877330	15877331	-	+	DUP	cna81	minor	sim61	Eso-AdenoCa
13	15877331	15877332	13	25659228	25659229	+	-	DEL	cna82	minor	sim61	Eso-AdenoCa
13	25659229	25659230	13	97605450	97605451	-	+	DUP	cna83	major	sim61	Eso-AdenoCa
13	97605451	97605452	13	99685592	99685593	-	+	DUP	cna84	major	sim61	Eso-AdenoCa
13	97605451	97605452	13	99685592	99685593	-	+	DUP	cna84	minor	sim61	Eso-AdenoCa
13	99685593	99685594	13	111430217	111430218	-	+	DUP	cna85	major	sim61	Eso-AdenoCa
13	111430218	111430219	13	115169878	115169879	-	+	DUP	cna86	major	sim61	Eso-AdenoCa
13	111430218	111430219	13	115169878	115169879	+	-	DEL	cna86	minor	sim61	Eso-AdenoCa
14	53312621	53312622	14	56120586	56120587	+	+	h2hINV	cna87	major	sim61	Eso-AdenoCa
14	65573821	65573822	14	65583822	65583823	+	+	h2hINV	cna87	minor	sim61	Eso-AdenoCa
15	17562380	17562381	15	22596689	22596690	-	+	DUP	cna89	major	sim61	Eso-AdenoCa
15	22596690	22596691	15	56332045	56332046	-	+	DUP	cna90	major	sim61	Eso-AdenoCa
15	56332046	56332047	15	100528164	100528165	+	-	DEL	cna91	minor	sim61	Eso-AdenoCa
15	100528165	100528166	15	102531392	102531393	-	+	DUP	cna92	major	sim61	Eso-AdenoCa
16	1	2	16	26947152	26947153	-	+	DUP	cna93	major	sim61	Eso-AdenoCa
16	1	2	16	26947152	26947153	+	-	DEL	cna93	minor	sim61	Eso-AdenoCa
16	26947153	26947154	16	27008233	27008234	-	+	DUP	cna94	major	sim61	Eso-AdenoCa
16	27008234	27008235	16	38853410	38853411	-	+	DUP	cna95	major	sim61	Eso-AdenoCa
16	38853411	38853412	16	76998871	76998872	+	-	DEL	cna96	minor	sim61	Eso-AdenoCa
16	76998872	76998873	16	84502577	84502578	-	+	DUP	cna97	major	sim61	Eso-AdenoCa
16	76998872	76998873	16	84502577	84502578	-	+	DUP	cna97	minor	sim61	Eso-AdenoCa
16	84502578	84502579	16	90354753	90354754	-	+	DUP	cna98	major	sim61	Eso-AdenoCa
16	85655189	85655190	16	85665196	85665197	-	-	t2tINV	cna98	major	sim61	Eso-AdenoCa
17	1	2	17	81195210	81195211	-	+	DUP	cna99	major	sim61	Eso-AdenoCa
17	1	2	17	81195210	81195211	-	+	DUP	cna99	minor	sim61	Eso-AdenoCa
18	1	2	18	68440538	68440539	-	+	DUP	cna100	major	sim61	Eso-AdenoCa
18	1	2	18	68440538	68440539	-	+	DUP	cna100	minor	sim61	Eso-AdenoCa
18	15859626	15859627	18	35828358	35828359	+	+	h2hINV	cna100	major	sim61	Eso-AdenoCa
18	68440539	68440540	18	78077248	78077249	-	+	DUP	cna101	major	sim61	Eso-AdenoCa
19	1	2	19	34585998	34585999	-	+	DUP	cna102	major	sim61	Eso-AdenoCa
19	34585999	34586000	19	34973567	34973568	-	+	DUP	cna103	major	sim61	Eso-AdenoCa
19	34585999	34586000	19	34973567	34973568	+	-	DEL	cna103	minor	sim61	Eso-AdenoCa
19	34973568	34973569	19	59128983	59128984	+	-	DEL	cna104	minor	sim61	Eso-AdenoCa
20	1	2	20	63025520	63025521	-	+	DUP	cna105	major	sim61	Eso-AdenoCa
21	1	2	21	3008651	3008652	-	+	DUP	cna106	major	sim61	Eso-AdenoCa
21	3008652	3008653	21	23019147	23019148	-	+	DUP	cna107	major	sim61	Eso-AdenoCa
21	3008652	3008653	21	23019147	23019148	+	-	DEL	cna107	minor	sim61	Eso-AdenoCa
21	23019148	23019149	21	38073785	38073786	+	-	DEL	cna108	minor	sim61	Eso-AdenoCa
21	38073786	38073787	21	48129895	48129896	-	+	DUP	cna109	major	sim61	Eso-AdenoCa
22	1	2	22	29105008	29105009	-	+	DUP	cna110	major	sim61	Eso-AdenoCa
22	1	2	22	29105008	29105009	+	-	DEL	cna110	minor	sim61	Eso-AdenoCa
22	29105009	29105010	22	29734907	29734908	+	-	DEL	cna111	minor	sim61	Eso-AdenoCa
22	29734908	29734909	22	51304566	51304567	-	+	DUP	cna112	major	sim61	Eso-AdenoCa
X	1	2	X	33868155	33868156	-	+	DUP	cna113	major	sim61	Eso-AdenoCa
X	33868156	33868157	X	74996993	74996994	-	+	DUP	cna114	major	sim61	Eso-AdenoCa
X	33868156	33868157	X	74996993	74996994	+	-	DEL	cna114	minor	sim61	Eso-AdenoCa
X	74996994	74996995	X	75895126	75895127	-	+	DUP	cna115	major	sim61	Eso-AdenoCa
X	74996994	74996995	X	75895126	75895127	-	+	DUP	cna115	minor	sim61	Eso-AdenoCa
X	75895127	75895128	X	78091770	78091771	+	-	DEL	cna116	minor	sim61	Eso-AdenoCa
X	78091771	78091772	X	87168815	87168816	-	+	DUP	cna117	major	sim61	Eso-AdenoCa
X	78091771	78091772	X	87168815	87168816	-	+	DUP	cna117	minor	sim61	Eso-AdenoCa
X	87168816	87168817	X	92236532	92236533	-	+	DUP	cna118	major	sim61	Eso-AdenoCa
X	92236533	92236534	X	155270560	155270561	-	+	DUP	cna119	major	sim61	Eso-AdenoCa
X	92236533	92236534	X	155270560	155270561	+	-	DEL	cna119	minor	sim61	Eso-AdenoCa
