chrom	start	end	major_cn	minor_cn	donor_id	study	id
1	1	123762	3	0	sim16	Eso-AdenoCa	cna0
1	123763	21030002	2	1	sim16	Eso-AdenoCa	cna1
1	21030003	24478637	2	0	sim16	Eso-AdenoCa	cna2
1	24478638	42665386	1	0	sim16	Eso-AdenoCa	cna3
1	42665387	57728616	2	0	sim16	Eso-AdenoCa	cna4
1	57728617	67518467	1	0	sim16	Eso-AdenoCa	cna5
1	67518468	68714858	2	1	sim16	Eso-AdenoCa	cna6
1	68714859	69861053	1	0	sim16	Eso-AdenoCa	cna7
1	69861054	70146043	4	2	sim16	Eso-AdenoCa	cna8
1	70146044	70425850	3	1	sim16	Eso-AdenoCa	cna9
1	70425851	75652888	1	0	sim16	Eso-AdenoCa	cna10
1	75652889	76179700	2	1	sim16	Eso-AdenoCa	cna11
1	76179701	202753975	2	0	sim16	Eso-AdenoCa	cna12
1	202753976	205157107	1	0	sim16	Eso-AdenoCa	cna13
1	205157108	205568923	4	2	sim16	Eso-AdenoCa	cna14
1	205568924	218202225	2	1	sim16	Eso-AdenoCa	cna15
1	218202226	218260889	2	0	sim16	Eso-AdenoCa	cna16
1	218260890	222360597	4	2	sim16	Eso-AdenoCa	cna17
1	222360598	222727857	3	1	sim16	Eso-AdenoCa	cna18
1	222727858	222926627	4	1	sim16	Eso-AdenoCa	cna19
1	222926628	223293336	2	1	sim16	Eso-AdenoCa	cna20
1	223293337	223725418	2	0	sim16	Eso-AdenoCa	cna21
1	223725419	228672542	4	3	sim16	Eso-AdenoCa	cna22
1	228672543	235794167	3	0	sim16	Eso-AdenoCa	cna23
1	235794168	238549633	2	0	sim16	Eso-AdenoCa	cna24
1	238549634	239387326	2	1	sim16	Eso-AdenoCa	cna25
1	239387327	239491191	1	0	sim16	Eso-AdenoCa	cna26
1	239491192	239823364	5	2	sim16	Eso-AdenoCa	cna27
1	239823365	241380761	0	0	sim16	Eso-AdenoCa	cna28
1	241380762	246589175	1	0	sim16	Eso-AdenoCa	cna29
1	246589176	246639656	4	2	sim16	Eso-AdenoCa	cna30
1	246639657	246871076	2	0	sim16	Eso-AdenoCa	cna31
1	246871077	247589871	2	1	sim16	Eso-AdenoCa	cna32
1	247589872	248598929	2	2	sim16	Eso-AdenoCa	cna33
1	248598930	249250621	1	0	sim16	Eso-AdenoCa	cna34
2	1	18195688	2	1	sim16	Eso-AdenoCa	cna35
2	18195689	20484903	2	0	sim16	Eso-AdenoCa	cna36
2	20484904	20495871	1	0	sim16	Eso-AdenoCa	cna37
2	20495872	20546407	3	3	sim16	Eso-AdenoCa	cna38
2	20546408	33913662	3	2	sim16	Eso-AdenoCa	cna39
2	33913663	94181519	2	1	sim16	Eso-AdenoCa	cna40
2	94181520	94202852	2	2	sim16	Eso-AdenoCa	cna41
2	94202853	94241491	4	1	sim16	Eso-AdenoCa	cna42
2	94241492	94588129	4	2	sim16	Eso-AdenoCa	cna43
2	94588130	94676025	1	0	sim16	Eso-AdenoCa	cna44
2	94676026	95067513	4	1	sim16	Eso-AdenoCa	cna45
2	95067514	96016958	2	0	sim16	Eso-AdenoCa	cna46
2	96016959	96038304	1	0	sim16	Eso-AdenoCa	cna47
2	96038305	97360112	2	2	sim16	Eso-AdenoCa	cna48
2	97360113	101782440	2	0	sim16	Eso-AdenoCa	cna49
2	101782441	102071769	4	0	sim16	Eso-AdenoCa	cna50
2	102071770	102540772	4	2	sim16	Eso-AdenoCa	cna51
2	102540773	103096014	4	0	sim16	Eso-AdenoCa	cna52
2	103096015	122045201	2	1	sim16	Eso-AdenoCa	cna53
2	122045202	122111035	2	0	sim16	Eso-AdenoCa	cna54
2	122111036	195445583	1	2	sim16	Eso-AdenoCa	cna55
2	195445584	200639675	2	0	sim16	Eso-AdenoCa	cna56
2	200639676	201087962	4	2	sim16	Eso-AdenoCa	cna57
2	201087963	202858182	2	1	sim16	Eso-AdenoCa	cna58
2	202858183	205194048	0	0	sim16	Eso-AdenoCa	cna59
2	205194049	212913390	2	1	sim16	Eso-AdenoCa	cna60
2	212913391	224588527	4	0	sim16	Eso-AdenoCa	cna61
2	224588528	238548565	1	0	sim16	Eso-AdenoCa	cna62
2	238548566	240237157	2	0	sim16	Eso-AdenoCa	cna63
2	240237158	243003312	3	0	sim16	Eso-AdenoCa	cna64
2	243003313	243199373	2	2	sim16	Eso-AdenoCa	cna65
3	1	187348197	2	1	sim16	Eso-AdenoCa	cna66
3	187348198	188405701	3	2	sim16	Eso-AdenoCa	cna67
3	188405702	196498406	2	0	sim16	Eso-AdenoCa	cna68
3	196498407	198022430	3	1	sim16	Eso-AdenoCa	cna69
4	1	9567645	2	1	sim16	Eso-AdenoCa	cna70
4	9567646	9664177	3	0	sim16	Eso-AdenoCa	cna71
4	9664178	9829264	2	1	sim16	Eso-AdenoCa	cna72
4	9829265	15954412	2	0	sim16	Eso-AdenoCa	cna73
4	15954413	16106468	3	2	sim16	Eso-AdenoCa	cna74
4	16106469	16395366	2	1	sim16	Eso-AdenoCa	cna75
4	16395367	16637739	1	0	sim16	Eso-AdenoCa	cna76
4	16637740	21136026	2	1	sim16	Eso-AdenoCa	cna77
4	21136027	21486905	1	0	sim16	Eso-AdenoCa	cna78
4	21486906	31812505	3	0	sim16	Eso-AdenoCa	cna79
4	31812506	34319608	3	3	sim16	Eso-AdenoCa	cna80
4	34319609	53226938	4	1	sim16	Eso-AdenoCa	cna81
4	53226939	55679856	3	0	sim16	Eso-AdenoCa	cna82
4	55679857	55977679	0	0	sim16	Eso-AdenoCa	cna83
4	55977680	59445933	3	1	sim16	Eso-AdenoCa	cna84
4	59445934	73332262	2	1	sim16	Eso-AdenoCa	cna85
4	73332263	91084860	2	0	sim16	Eso-AdenoCa	cna86
4	91084861	113528494	2	1	sim16	Eso-AdenoCa	cna87
4	113528495	114159953	3	2	sim16	Eso-AdenoCa	cna88
4	114159954	186569464	4	1	sim16	Eso-AdenoCa	cna89
4	186569465	186803648	2	0	sim16	Eso-AdenoCa	cna90
4	186803649	186903806	2	1	sim16	Eso-AdenoCa	cna91
4	186903807	186973259	0	0	sim16	Eso-AdenoCa	cna92
4	186973260	190781717	4	1	sim16	Eso-AdenoCa	cna93
4	190781718	190793927	3	2	sim16	Eso-AdenoCa	cna94
4	190793928	191154276	2	1	sim16	Eso-AdenoCa	cna95
5	1	35753294	1	0	sim16	Eso-AdenoCa	cna96
5	35753295	36046640	3	1	sim16	Eso-AdenoCa	cna97
5	36046641	36066357	3	2	sim16	Eso-AdenoCa	cna98
5	36066358	37723798	2	1	sim16	Eso-AdenoCa	cna99
5	37723799	38070639	3	1	sim16	Eso-AdenoCa	cna100
5	38070640	47765902	1	0	sim16	Eso-AdenoCa	cna101
5	47765903	47856359	3	2	sim16	Eso-AdenoCa	cna102
5	47856360	49561123	2	0	sim16	Eso-AdenoCa	cna103
5	49561124	55085436	1	0	sim16	Eso-AdenoCa	cna104
5	55085437	69809973	2	1	sim16	Eso-AdenoCa	cna105
5	69809974	69844648	0	0	sim16	Eso-AdenoCa	cna106
5	69844649	69919541	3	2	sim16	Eso-AdenoCa	cna107
5	69919542	70037980	2	1	sim16	Eso-AdenoCa	cna108
5	70037981	75443802	2	2	sim16	Eso-AdenoCa	cna109
5	75443803	113662987	2	1	sim16	Eso-AdenoCa	cna110
5	113662988	121686191	1	0	sim16	Eso-AdenoCa	cna111
5	121686192	123330543	4	3	sim16	Eso-AdenoCa	cna112
5	123330544	123426522	2	1	sim16	Eso-AdenoCa	cna113
5	123426523	125819055	3	1	sim16	Eso-AdenoCa	cna114
5	125819056	127281731	4	1	sim16	Eso-AdenoCa	cna115
5	127281732	127691178	2	2	sim16	Eso-AdenoCa	cna116
5	127691179	133336910	2	1	sim16	Eso-AdenoCa	cna117
5	133336911	133373546	3	2	sim16	Eso-AdenoCa	cna118
5	133373547	133404423	2	0	sim16	Eso-AdenoCa	cna119
5	133404424	133694907	3	0	sim16	Eso-AdenoCa	cna120
5	133694908	133705159	0	0	sim16	Eso-AdenoCa	cna121
5	133705160	136107663	3	2	sim16	Eso-AdenoCa	cna122
5	136107664	180915260	0	0	sim16	Eso-AdenoCa	cna123
6	1	110211124	2	1	sim16	Eso-AdenoCa	cna124
6	110211125	110383226	2	2	sim16	Eso-AdenoCa	cna125
6	110383227	110393296	7	1	sim16	Eso-AdenoCa	cna126
6	110393297	115179232	2	2	sim16	Eso-AdenoCa	cna127
6	115179233	116261273	1	0	sim16	Eso-AdenoCa	cna128
6	116261274	116310847	2	1	sim16	Eso-AdenoCa	cna129
6	116310848	116320926	7	1	sim16	Eso-AdenoCa	cna130
6	116320927	116392746	2	1	sim16	Eso-AdenoCa	cna131
6	116392747	116635477	3	1	sim16	Eso-AdenoCa	cna132
6	116635478	120544562	3	0	sim16	Eso-AdenoCa	cna133
6	120544563	120862683	1	0	sim16	Eso-AdenoCa	cna134
6	120862684	171115067	3	0	sim16	Eso-AdenoCa	cna135
7	1	15323013	2	1	sim16	Eso-AdenoCa	cna136
7	15323014	15357399	2	2	sim16	Eso-AdenoCa	cna137
7	15357400	18047162	2	1	sim16	Eso-AdenoCa	cna138
7	18047163	31204424	2	0	sim16	Eso-AdenoCa	cna139
7	31204425	31260093	1	0	sim16	Eso-AdenoCa	cna140
7	31260094	31372830	4	0	sim16	Eso-AdenoCa	cna141
7	31372831	31707269	2	2	sim16	Eso-AdenoCa	cna142
7	31707270	46083318	2	0	sim16	Eso-AdenoCa	cna143
7	46083319	46590936	4	1	sim16	Eso-AdenoCa	cna144
7	46590937	47886945	3	1	sim16	Eso-AdenoCa	cna145
7	47886946	48110686	2	1	sim16	Eso-AdenoCa	cna146
7	48110687	54333504	2	0	sim16	Eso-AdenoCa	cna147
7	54333505	54535149	1	0	sim16	Eso-AdenoCa	cna148
7	54535150	54632689	3	0	sim16	Eso-AdenoCa	cna149
7	54632690	54643060	4	0	sim16	Eso-AdenoCa	cna150
7	54643061	61299670	2	1	sim16	Eso-AdenoCa	cna151
7	61299671	87465691	1	0	sim16	Eso-AdenoCa	cna152
7	87465692	87476077	2	0	sim16	Eso-AdenoCa	cna153
7	87476078	87486490	2	3	sim16	Eso-AdenoCa	cna154
7	87486491	88682615	4	1	sim16	Eso-AdenoCa	cna155
7	88682616	140612349	1	0	sim16	Eso-AdenoCa	cna156
7	140612350	158751899	2	0	sim16	Eso-AdenoCa	cna157
7	158751900	159128298	3	1	sim16	Eso-AdenoCa	cna158
7	159128299	159138663	2	1	sim16	Eso-AdenoCa	cna159
8	1	7820674	4	0	sim16	Eso-AdenoCa	cna160
8	7820675	9407161	2	0	sim16	Eso-AdenoCa	cna161
8	9407162	9671796	2	1	sim16	Eso-AdenoCa	cna162
8	9671797	12102705	4	2	sim16	Eso-AdenoCa	cna163
8	12102706	30014725	2	2	sim16	Eso-AdenoCa	cna164
8	30014726	30285754	2	1	sim16	Eso-AdenoCa	cna165
8	30285755	52199106	3	1	sim16	Eso-AdenoCa	cna166
8	52199107	68949066	2	1	sim16	Eso-AdenoCa	cna167
8	68949067	69287937	3	0	sim16	Eso-AdenoCa	cna168
8	69287938	122811014	1	0	sim16	Eso-AdenoCa	cna169
8	122811015	140330687	3	1	sim16	Eso-AdenoCa	cna170
8	140330688	146364022	2	1	sim16	Eso-AdenoCa	cna171
9	1	26724040	2	0	sim16	Eso-AdenoCa	cna172
9	26724041	27668753	2	1	sim16	Eso-AdenoCa	cna173
9	27668754	35387578	2	0	sim16	Eso-AdenoCa	cna174
9	35387579	54237093	3	1	sim16	Eso-AdenoCa	cna175
9	54237094	55922376	2	1	sim16	Eso-AdenoCa	cna176
9	55922377	56125869	3	2	sim16	Eso-AdenoCa	cna177
9	56125870	56851206	6	2	sim16	Eso-AdenoCa	cna178
9	56851207	124106703	2	2	sim16	Eso-AdenoCa	cna179
9	124106704	124316090	1	0	sim16	Eso-AdenoCa	cna180
9	124316091	141213431	3	2	sim16	Eso-AdenoCa	cna181
10	1	49898571	1	0	sim16	Eso-AdenoCa	cna182
10	49898572	118037254	2	0	sim16	Eso-AdenoCa	cna183
10	118037255	118047953	1	0	sim16	Eso-AdenoCa	cna184
10	118047954	135534747	3	3	sim16	Eso-AdenoCa	cna185
11	1	7563285	4	0	sim16	Eso-AdenoCa	cna186
11	7563286	7824001	1	0	sim16	Eso-AdenoCa	cna187
11	7824002	73699721	2	1	sim16	Eso-AdenoCa	cna188
11	73699722	74050765	1	0	sim16	Eso-AdenoCa	cna189
11	74050766	74442936	2	0	sim16	Eso-AdenoCa	cna190
11	74442937	92392832	2	1	sim16	Eso-AdenoCa	cna191
11	92392833	98069626	3	1	sim16	Eso-AdenoCa	cna192
11	98069627	98428677	2	1	sim16	Eso-AdenoCa	cna193
11	98428678	135006516	3	3	sim16	Eso-AdenoCa	cna194
12	1	81866423	1	0	sim16	Eso-AdenoCa	cna195
12	81866424	81908257	3	3	sim16	Eso-AdenoCa	cna196
12	81908258	82228366	1	0	sim16	Eso-AdenoCa	cna197
12	82228367	82238704	2	0	sim16	Eso-AdenoCa	cna198
12	82238705	133545849	2	1	sim16	Eso-AdenoCa	cna199
12	133545850	133851895	2	2	sim16	Eso-AdenoCa	cna200
13	1	28003393	1	0	sim16	Eso-AdenoCa	cna201
13	28003394	39482611	5	1	sim16	Eso-AdenoCa	cna202
13	39482612	39652983	1	0	sim16	Eso-AdenoCa	cna203
13	39652984	39829595	2	1	sim16	Eso-AdenoCa	cna204
13	39829596	43365660	3	2	sim16	Eso-AdenoCa	cna205
13	43365661	115169878	2	0	sim16	Eso-AdenoCa	cna206
14	1	17497476	2	1	sim16	Eso-AdenoCa	cna207
14	17497477	107349540	2	2	sim16	Eso-AdenoCa	cna208
15	1	61893989	4	2	sim16	Eso-AdenoCa	cna209
15	61893990	67421485	2	0	sim16	Eso-AdenoCa	cna210
15	67421486	68624495	2	1	sim16	Eso-AdenoCa	cna211
15	68624496	69492002	3	2	sim16	Eso-AdenoCa	cna212
15	69492003	71043552	1	0	sim16	Eso-AdenoCa	cna213
15	71043553	99666183	2	1	sim16	Eso-AdenoCa	cna214
15	99666184	99877477	4	0	sim16	Eso-AdenoCa	cna215
15	99877478	101583408	2	2	sim16	Eso-AdenoCa	cna216
15	101583409	102531392	2	0	sim16	Eso-AdenoCa	cna217
16	1	4811569	2	1	sim16	Eso-AdenoCa	cna218
16	4811570	8816072	2	0	sim16	Eso-AdenoCa	cna219
16	8816073	23218212	1	0	sim16	Eso-AdenoCa	cna220
16	23218213	23387766	5	2	sim16	Eso-AdenoCa	cna221
16	23387767	25325578	2	1	sim16	Eso-AdenoCa	cna222
16	25325579	90354753	2	2	sim16	Eso-AdenoCa	cna223
17	1	81195210	2	2	sim16	Eso-AdenoCa	cna224
18	1	39228356	2	0	sim16	Eso-AdenoCa	cna225
18	39228357	39368496	2	1	sim16	Eso-AdenoCa	cna226
18	39368497	44242979	3	1	sim16	Eso-AdenoCa	cna227
18	44242980	44579235	1	0	sim16	Eso-AdenoCa	cna228
18	44579236	72598819	2	2	sim16	Eso-AdenoCa	cna229
18	72598820	78077248	3	1	sim16	Eso-AdenoCa	cna230
19	1	59128983	4	1	sim16	Eso-AdenoCa	cna231
20	1	52845267	4	1	sim16	Eso-AdenoCa	cna232
20	52845268	54157051	2	1	sim16	Eso-AdenoCa	cna233
20	54157052	60058506	0	0	sim16	Eso-AdenoCa	cna234
20	60058507	61977738	2	0	sim16	Eso-AdenoCa	cna235
20	61977739	63025520	1	0	sim16	Eso-AdenoCa	cna236
21	1	48129895	1	0	sim16	Eso-AdenoCa	cna237
22	1	4534529	1	0	sim16	Eso-AdenoCa	cna238
22	4534530	19291224	2	1	sim16	Eso-AdenoCa	cna239
22	19291225	20573921	1	0	sim16	Eso-AdenoCa	cna240
22	20573922	37587856	2	0	sim16	Eso-AdenoCa	cna241
22	37587857	51284225	2	1	sim16	Eso-AdenoCa	cna242
22	51284226	51304566	0	0	sim16	Eso-AdenoCa	cna243
X	1	21296223	1	0	sim16	Eso-AdenoCa	cna244
X	21296224	21384384	3	1	sim16	Eso-AdenoCa	cna245
X	21384385	21550572	2	2	sim16	Eso-AdenoCa	cna246
X	21550573	22094986	1	0	sim16	Eso-AdenoCa	cna247
X	22094987	22685740	4	0	sim16	Eso-AdenoCa	cna248
X	22685741	28934071	3	0	sim16	Eso-AdenoCa	cna249
X	28934072	30713945	2	1	sim16	Eso-AdenoCa	cna250
X	30713946	40370625	1	0	sim16	Eso-AdenoCa	cna251
X	40370626	40571047	2	1	sim16	Eso-AdenoCa	cna252
X	40571048	61146905	2	2	sim16	Eso-AdenoCa	cna253
X	61146906	62186916	1	0	sim16	Eso-AdenoCa	cna254
X	62186917	62822097	0	0	sim16	Eso-AdenoCa	cna255
X	62822098	62862793	1	0	sim16	Eso-AdenoCa	cna256
X	62862794	96497748	2	1	sim16	Eso-AdenoCa	cna257
X	96497749	96573816	4	2	sim16	Eso-AdenoCa	cna258
X	96573817	96585184	2	1	sim16	Eso-AdenoCa	cna259
X	96585185	117756349	2	0	sim16	Eso-AdenoCa	cna260
X	117756350	143070424	1	0	sim16	Eso-AdenoCa	cna261
X	143070425	143166672	2	1	sim16	Eso-AdenoCa	cna262
X	143166673	144495999	3	2	sim16	Eso-AdenoCa	cna263
X	144496000	150665432	2	1	sim16	Eso-AdenoCa	cna264
X	150665433	155124716	6	1	sim16	Eso-AdenoCa	cna265
X	155124717	155270560	2	1	sim16	Eso-AdenoCa	cna266
