chrom1	start1	end1	chrom2	start2	end2	strand1	strand2	svclass	id	allele	donor_id	tumor
1	1	2	1	30094604	30094605	-	+	DUP	cna0	major	sim66	Eso-AdenoCa
1	30094605	30094606	1	30247476	30247477	+	-	DEL	cna1	minor	sim66	Eso-AdenoCa
1	30247477	30247478	1	30291319	30291320	-	+	DUP	cna2	major	sim66	Eso-AdenoCa
1	108787554	108787555	1	108900362	108900363	-	+	DUP	cna4	major	sim66	Eso-AdenoCa
1	108787554	108787555	1	108900362	108900363	-	+	DUP	cna4	minor	sim66	Eso-AdenoCa
1	108900363	108900364	1	112417236	112417237	-	+	DUP	cna5	major	sim66	Eso-AdenoCa
1	112417237	112417238	1	249250621	249250622	+	-	DEL	cna6	minor	sim66	Eso-AdenoCa
1	175053700	175053701	1	176871516	176871517	+	+	h2hINV	cna6	major	sim66	Eso-AdenoCa
2	1	2	2	6751529	6751530	-	+	DUP	cna7	major	sim66	Eso-AdenoCa
2	1	2	2	6751529	6751530	+	-	DEL	cna7	minor	sim66	Eso-AdenoCa
2	6812323	6812324	2	85080134	85080135	-	+	DUP	cna9	major	sim66	Eso-AdenoCa
2	6812323	14389780	12	554484	133851895	+	-	TRA	cna9,cna46	minor,major	sim66	Eso-AdenoCa
2	73686079	73686080	2	73737186	73737187	+	+	h2hINV	cna9	major	sim66	Eso-AdenoCa
2	85080135	85080136	2	205757873	205757874	-	+	DUP	cna10	major	sim66	Eso-AdenoCa
2	88304179	88304180	2	110217276	110217277	-	-	t2tINV	cna10	major	sim66	Eso-AdenoCa
2	160680779	160680780	2	175207405	175207406	+	+	h2hINV	cna10	major	sim66	Eso-AdenoCa
2	205757874	205757875	2	205773525	205773526	+	-	DEL	cna11	minor	sim66	Eso-AdenoCa
2	205773526	205773527	2	205789190	205789191	-	+	DUP	cna12	major	sim66	Eso-AdenoCa
2	205789191	205789192	2	219745123	219745124	-	+	DUP	cna13	major	sim66	Eso-AdenoCa
2	205789191	205789192	2	219745123	219745124	-	+	DUP	cna13	minor	sim66	Eso-AdenoCa
2	219745124	219745125	2	243199373	243199374	+	-	DEL	cna14	minor	sim66	Eso-AdenoCa
3	1	2	3	118997357	118997358	-	+	DUP	cna15	major	sim66	Eso-AdenoCa
3	1	2	3	118997357	118997358	-	+	DUP	cna15	minor	sim66	Eso-AdenoCa
3	118997358	118997359	3	119023035	119023036	-	+	DUP	cna16	major	sim66	Eso-AdenoCa
3	118997358	118997359	3	119023035	119023036	+	-	DEL	cna16	minor	sim66	Eso-AdenoCa
3	146752606	146752607	3	183088638	183088639	+	+	h2hINV	cna17	minor	sim66	Eso-AdenoCa
4	31081176	31081177	4	46198422	46198423	+	+	h2hINV	cna18	minor	sim66	Eso-AdenoCa
4	42133606	42133607	4	158784366	158784367	+	-	DEL	cna19	minor	sim66	Eso-AdenoCa
4	158784367	158784368	4	158853132	158853133	-	+	DUP	cna20	major	sim66	Eso-AdenoCa
4	158784367	158784368	4	158853132	158853133	-	+	DUP	cna20	minor	sim66	Eso-AdenoCa
4	190963367	190963368	4	191154276	191154277	+	-	DEL	cna22	major	sim66	Eso-AdenoCa
4	190963367	190963368	4	191154276	191154277	+	-	DEL	cna22	minor	sim66	Eso-AdenoCa
5	1	2	5	71077981	71077982	-	+	DUP	cna23	major	sim66	Eso-AdenoCa
5	78388469	78388470	5	78513224	78513225	-	+	DUP	cna25	major	sim66	Eso-AdenoCa
5	78388469	78388470	5	78513224	78513225	-	+	DUP	cna25	minor	sim66	Eso-AdenoCa
5	156532654	156532655	5	180915260	180915261	-	+	DUP	cna27	major	sim66	Eso-AdenoCa
5	156532654	156532655	5	180915260	180915261	-	+	DUP	cna27	minor	sim66	Eso-AdenoCa
6	87652640	87652641	6	99017396	99017397	-	-	t2tINV	cna28	major	sim66	Eso-AdenoCa
6	168682114	168682115	6	171115067	171115068	-	+	DUP	cna29	major	sim66	Eso-AdenoCa
7	1	2	7	145274950	145274951	-	+	DUP	cna30	major	sim66	Eso-AdenoCa
7	1	2	7	145274950	145274951	+	-	DEL	cna30	minor	sim66	Eso-AdenoCa
7	12118073	12118074	7	13978255	13978256	+	+	h2hINV	cna30	major	sim66	Eso-AdenoCa
7	145274951	145274952	7	159138663	159138664	+	-	DEL	cna31	minor	sim66	Eso-AdenoCa
8	1	2	8	117008045	117008046	-	+	DUP	cna32	major	sim66	Eso-AdenoCa
8	1	2	8	117008045	117008046	-	+	DUP	cna32	minor	sim66	Eso-AdenoCa
8	1	63968511	14	63329106	107349540	+	-	TRA	cna32,cna48	major,major	sim66	Eso-AdenoCa
8	117045886	117045887	8	146364022	146364023	-	+	DUP	cna34	major	sim66	Eso-AdenoCa
9	1	2	9	1484492	1484493	-	+	DUP	cna35	major	sim66	Eso-AdenoCa
9	1	2	9	1484492	1484493	+	-	DEL	cna35	minor	sim66	Eso-AdenoCa
9	7714988	7714989	9	7724997	7724998	-	-	t2tINV	cna36	major	sim66	Eso-AdenoCa
9	39161054	39161055	9	42421801	42421802	+	-	DEL	cna37	minor	sim66	Eso-AdenoCa
9	42421802	42421803	9	141213431	141213432	-	+	DUP	cna38	major	sim66	Eso-AdenoCa
9	42421802	106195289	15	66678498	102531392	+	-	TRA	cna38,cna49	major,minor	sim66	Eso-AdenoCa
10	1	2	10	135534747	135534748	-	+	DUP	cna39	major	sim66	Eso-AdenoCa
11	1	2	11	72512816	72512817	-	+	DUP	cna40	major	sim66	Eso-AdenoCa
11	72512817	72512818	11	89333862	89333863	-	+	DUP	cna41	major	sim66	Eso-AdenoCa
11	89333863	89333864	11	101837279	101837280	-	+	DUP	cna42	major	sim66	Eso-AdenoCa
11	101837280	101837281	11	102396271	102396272	-	+	DUP	cna43	major	sim66	Eso-AdenoCa
11	101837280	101837281	11	102396271	102396272	-	+	DUP	cna43	minor	sim66	Eso-AdenoCa
11	102396272	102396273	11	131144412	131144413	-	+	DUP	cna44	major	sim66	Eso-AdenoCa
11	102396272	102396273	11	131144412	131144413	+	-	DEL	cna44	minor	sim66	Eso-AdenoCa
11	131144413	131144414	11	135006516	135006517	-	+	DUP	cna45	major	sim66	Eso-AdenoCa
12	1	2	12	133851895	133851896	-	+	DUP	cna46	major	sim66	Eso-AdenoCa
12	1	2	12	133851895	133851896	+	-	DEL	cna46	minor	sim66	Eso-AdenoCa
12	11412594	11412595	12	11422602	11422603	-	-	t2tINV	cna46	major	sim66	Eso-AdenoCa
12	13490594	13490595	12	14417842	14417843	+	+	h2hINV	cna46	major	sim66	Eso-AdenoCa
13	1	2	13	115169878	115169879	-	+	DUP	cna47	major	sim66	Eso-AdenoCa
13	1	2	13	115169878	115169879	+	-	DEL	cna47	minor	sim66	Eso-AdenoCa
14	1	2	14	107349540	107349541	+	-	DEL	cna48	minor	sim66	Eso-AdenoCa
15	1	2	15	102531392	102531393	+	-	DEL	cna49	minor	sim66	Eso-AdenoCa
16	20918189	20918190	16	20928308	20928309	-	-	t2tINV	cna50	major	sim66	Eso-AdenoCa
16	40697756	40697757	16	40726415	40726416	-	+	DUP	cna51	major	sim66	Eso-AdenoCa
16	40726416	40726417	16	85663104	85663105	-	+	DUP	cna52	major	sim66	Eso-AdenoCa
16	40726416	40726417	16	85663104	85663105	-	+	DUP	cna52	minor	sim66	Eso-AdenoCa
16	65177889	65177890	16	65187924	65187925	-	-	t2tINV	cna52	minor	sim66	Eso-AdenoCa
16	85663105	85663106	16	90354753	90354754	-	+	DUP	cna53	major	sim66	Eso-AdenoCa
16	85663105	85663106	16	90354753	90354754	+	-	DEL	cna53	minor	sim66	Eso-AdenoCa
17	1	2	17	81195210	81195211	-	+	DUP	cna54	major	sim66	Eso-AdenoCa
17	1	2	17	81195210	81195211	+	-	DEL	cna54	minor	sim66	Eso-AdenoCa
18	1	2	18	57438020	57438021	-	+	DUP	cna55	major	sim66	Eso-AdenoCa
18	57448776	57448777	18	70143575	70143576	-	+	DUP	cna57	major	sim66	Eso-AdenoCa
18	57448776	57448777	18	70143575	70143576	+	-	DEL	cna57	minor	sim66	Eso-AdenoCa
18	71180172	71180173	18	78077248	78077249	-	+	DUP	cna59	major	sim66	Eso-AdenoCa
18	71180172	71180173	18	78077248	78077249	-	+	DUP	cna59	minor	sim66	Eso-AdenoCa
19	1	2	19	59128983	59128984	-	+	DUP	cna60	major	sim66	Eso-AdenoCa
19	1	2	19	59128983	59128984	+	-	DEL	cna60	minor	sim66	Eso-AdenoCa
19	22157378	22157379	19	29085201	29085202	-	-	t2tINV	cna60	major	sim66	Eso-AdenoCa
20	1	2	20	62723886	62723887	-	+	DUP	cna61	major	sim66	Eso-AdenoCa
20	1	2	20	62723886	62723887	+	-	DEL	cna61	minor	sim66	Eso-AdenoCa
20	62723887	62723888	20	63025520	63025521	+	-	DEL	cna62	minor	sim66	Eso-AdenoCa
21	1	2	21	48129895	48129896	-	+	DUP	cna63	major	sim66	Eso-AdenoCa
22	1	2	22	46907922	46907923	-	+	DUP	cna64	major	sim66	Eso-AdenoCa
22	46907923	46907924	22	51304566	51304567	-	+	DUP	cna65	major	sim66	Eso-AdenoCa
22	46907923	46907924	22	51304566	51304567	+	-	DEL	cna65	minor	sim66	Eso-AdenoCa
X	1	2	X	154421584	154421585	-	+	DUP	cna66	major	sim66	Eso-AdenoCa
X	1	2	X	154421584	154421585	-	+	DUP	cna66	minor	sim66	Eso-AdenoCa
Y	1	2	Y	57726027	57726028	-	+	DUP	cna68	major	sim66	Eso-AdenoCa
Y	58688381	58688382	Y	58998507	58998508	-	+	DUP	cna70	major	sim66	Eso-AdenoCa
Y	58688381	58688382	Y	58998507	58998508	+	-	DEL	cna70	minor	sim66	Eso-AdenoCa
Y	58998508	58998509	Y	59373566	59373567	-	+	DUP	cna71	major	sim66	Eso-AdenoCa
