chrom1	start1	end1	chrom2	start2	end2	strand1	strand2	svclass	id	allele	donor_id	tumor
1	1	2	1	164424	164425	-	+	DUP	cna0	major	sim62	Eso-AdenoCa
1	164425	164426	1	2301483	2301484	-	+	DUP	cna1	major	sim62	Eso-AdenoCa
1	164425	164426	1	2301483	2301484	+	-	DEL	cna1	minor	sim62	Eso-AdenoCa
1	2301484	2301485	1	44620224	44620225	-	+	DUP	cna2	major	sim62	Eso-AdenoCa
1	2301484	29042201	4	124688613	135589066	+	-	TRA	cna2,cna49	minor,major	sim62	Eso-AdenoCa
1	25114100	44620224	4	168436104	181808716	-	-	TRA	cna2,cna56	major,minor	sim62	Eso-AdenoCa
1	44620225	44620226	1	49723649	49723650	-	+	DUP	cna3	major	sim62	Eso-AdenoCa
1	44620225	44620226	1	49723649	49723650	-	+	DUP	cna3	minor	sim62	Eso-AdenoCa
1	47166400	47166401	1	47248703	47248704	+	+	h2hINV	cna3	major	sim62	Eso-AdenoCa
1	49723650	49723651	1	58760062	58760063	-	+	DUP	cna4	major	sim62	Eso-AdenoCa
1	49723650	49723651	1	58760062	58760063	+	-	DEL	cna4	minor	sim62	Eso-AdenoCa
1	58760063	58760064	1	61894240	61894241	-	+	DUP	cna5	major	sim62	Eso-AdenoCa
1	60786315	61894240	18	20227317	22077827	-	+	TRA	cna203,cna5	minor,major	sim62	Eso-AdenoCa
1	61894241	61894242	1	61931484	61931485	-	+	DUP	cna6	major	sim62	Eso-AdenoCa
1	61931485	61931486	1	77566598	77566599	-	+	DUP	cna7	major	sim62	Eso-AdenoCa
1	61931485	66679901	6	47209270	65271874	+	+	TRA	cna7,cna77	major,major	sim62	Eso-AdenoCa
1	77566599	77566600	1	78791692	78791693	+	-	DEL	cna8	major	sim62	Eso-AdenoCa
1	77566599	77566600	1	78791692	78791693	+	-	DEL	cna8	minor	sim62	Eso-AdenoCa
1	78791693	78791694	1	84875011	84875012	-	+	DUP	cna9	major	sim62	Eso-AdenoCa
1	81761055	84875011	19	22296878	59128983	-	-	TRA	cna208,cna9	minor,minor	sim62	Eso-AdenoCa
1	84875012	84875013	1	155566055	155566056	-	+	DUP	cna10	major	sim62	Eso-AdenoCa
1	84875012	84875013	1	155566055	155566056	+	-	DEL	cna10	minor	sim62	Eso-AdenoCa
1	84875012	152611101	11	123276908	124463860	+	-	TRA	cna10,cna139	major,minor	sim62	Eso-AdenoCa
1	93261081	155566055	14	48224321	68009192	-	-	TRA	cna167,cna10	minor,major	sim62	Eso-AdenoCa
1	152861300	152861301	1	182501095	182501096	-	-	t2tINV	cna15	minor	sim62	Eso-AdenoCa
1	154242800	154242801	1	154252803	154252804	+	+	h2hINV	cna10	major	sim62	Eso-AdenoCa
1	155566056	155566057	1	155752717	155752718	-	+	DUP	cna11	major	sim62	Eso-AdenoCa
1	155566056	155566057	1	155752717	155752718	-	+	DUP	cna11	minor	sim62	Eso-AdenoCa
1	155752718	155752719	1	156270646	156270647	+	-	DEL	cna12	minor	sim62	Eso-AdenoCa
1	156270647	156270648	1	163175771	163175772	-	+	DUP	cna13	major	sim62	Eso-AdenoCa
1	156270647	156270648	1	163175771	163175772	-	+	DUP	cna13	minor	sim62	Eso-AdenoCa
1	163175772	163175773	1	163185520	163185521	-	+	DUP	cna14	major	sim62	Eso-AdenoCa
1	163175772	163175773	1	163185520	163185521	+	-	DEL	cna14	minor	sim62	Eso-AdenoCa
1	163185521	163185522	1	247335565	247335566	-	+	DUP	cna15	major	sim62	Eso-AdenoCa
1	163185521	205616801	4	183051036	190966963	+	-	TRA	cna15,cna57	minor,major	sim62	Eso-AdenoCa
1	218099300	218099301	1	219510175	219510176	+	+	h2hINV	cna15	minor	sim62	Eso-AdenoCa
1	229334500	229334501	1	238209926	238209927	-	-	t2tINV	cna15	major	sim62	Eso-AdenoCa
1	247335566	247335567	1	248446909	248446910	-	+	DUP	cna16	major	sim62	Eso-AdenoCa
1	247335566	247335567	1	248446909	248446910	+	-	DEL	cna16	minor	sim62	Eso-AdenoCa
1	248446910	248446911	1	249231137	249231138	-	+	DUP	cna17	major	sim62	Eso-AdenoCa
1	249231138	249231139	1	249240869	249240870	-	+	DUP	cna18	major	sim62	Eso-AdenoCa
1	249231138	249231139	1	249240869	249240870	-	+	DUP	cna18	minor	sim62	Eso-AdenoCa
1	249240870	249240871	1	249250621	249250622	-	+	DUP	cna19	major	sim62	Eso-AdenoCa
2	1	2	2	1467415	1467416	-	+	DUP	cna20	major	sim62	Eso-AdenoCa
2	836479	836480	2	9511515	9511516	-	-	t2tINV	cna21	minor	sim62	Eso-AdenoCa
2	1467416	1467417	2	55701081	55701082	-	+	DUP	cna21	major	sim62	Eso-AdenoCa
2	1467416	1467417	2	55701081	55701082	-	+	DUP	cna21	minor	sim62	Eso-AdenoCa
2	8650379	55701081	7	43353821	142953824	-	+	TRA	cna21,cna88	minor,major	sim62	Eso-AdenoCa
2	11701279	11701280	2	20613173	20613174	+	+	h2hINV	cna21	major	sim62	Eso-AdenoCa
2	55701082	55701083	2	97281608	97281609	-	+	DUP	cna22	major	sim62	Eso-AdenoCa
2	55701082	60895080	4	1	13934394	+	+	TRA	cna22,cna49	major,minor	sim62	Eso-AdenoCa
2	85168028	97281608	11	35964312	47930811	-	+	TRA	cna133,cna22	minor,minor	sim62	Eso-AdenoCa
2	97281609	97281610	2	99944000	99944001	+	-	DEL	cna23	minor	sim62	Eso-AdenoCa
2	99944001	99944002	2	100468522	100468523	-	+	DUP	cna24	major	sim62	Eso-AdenoCa
2	99944001	99944002	2	100468522	100468523	-	+	DUP	cna24	minor	sim62	Eso-AdenoCa
2	137186956	137186957	2	141179995	141179996	-	+	DUP	cna26	major	sim62	Eso-AdenoCa
2	137186956	137186957	2	141179995	141179996	-	+	DUP	cna26	minor	sim62	Eso-AdenoCa
2	141179996	141179997	2	141233505	141233506	+	-	DEL	cna27	minor	sim62	Eso-AdenoCa
2	141233506	141233507	2	146007177	146007178	-	+	DUP	cna28	major	sim62	Eso-AdenoCa
2	141233506	141233507	2	146007177	146007178	-	+	DUP	cna28	minor	sim62	Eso-AdenoCa
2	169822584	169822585	2	194398581	194398582	-	+	DUP	cna30	major	sim62	Eso-AdenoCa
2	169822584	169822585	2	194398581	194398582	+	-	DEL	cna30	minor	sim62	Eso-AdenoCa
2	169822584	180326180	5	69583819	84496513	+	-	TRA	cna30,cna63	minor,major	sim62	Eso-AdenoCa
2	182712079	182712080	2	191298333	191298334	+	+	h2hINV	cna30	major	sim62	Eso-AdenoCa
2	192231278	194398581	17	29571636	55169906	-	-	TRA	cna195,cna30	major,major	sim62	Eso-AdenoCa
2	194398582	194398583	2	212191144	212191145	+	-	DEL	cna31	minor	sim62	Eso-AdenoCa
2	209141523	212191144	5	117681752	131113801	-	+	TRA	cna68,cna31	minor,major	sim62	Eso-AdenoCa
2	212191145	212191146	2	243199373	243199374	-	+	DUP	cna32	major	sim62	Eso-AdenoCa
2	212191145	212191146	2	243199373	243199374	+	-	DEL	cna32	minor	sim62	Eso-AdenoCa
2	212191145	225297080	5	87808933	116287389	+	-	TRA	cna32,cna64	minor,minor	sim62	Eso-AdenoCa
2	212191145	234599644	16	60063219	61642290	+	+	TRA	cna190,cna32	minor,minor	sim62	Eso-AdenoCa
2	214260279	214260280	2	225738282	225738283	+	+	h2hINV	cna32	major	sim62	Eso-AdenoCa
2	218820279	218820280	2	221403977	221403978	+	+	h2hINV	cna32	major	sim62	Eso-AdenoCa
3	1	2	3	17097656	17097657	+	-	DEL	cna33	minor	sim62	Eso-AdenoCa
3	13222006	13222007	3	14875148	14875149	-	-	t2tINV	cna33	major	sim62	Eso-AdenoCa
3	17097657	17097658	3	17563418	17563419	-	+	DUP	cna34	major	sim62	Eso-AdenoCa
3	17097657	17097658	3	17563418	17563419	+	-	DEL	cna34	minor	sim62	Eso-AdenoCa
3	17563419	17563420	3	19882413	19882414	-	+	DUP	cna35	major	sim62	Eso-AdenoCa
3	19882414	19882415	3	19894163	19894164	-	+	DUP	cna36	major	sim62	Eso-AdenoCa
3	19894164	19894165	3	41988680	41988681	-	+	DUP	cna37	major	sim62	Eso-AdenoCa
3	19894164	19894165	3	41988680	41988681	-	+	DUP	cna37	minor	sim62	Eso-AdenoCa
3	41988681	41988682	3	44341954	44341955	-	+	DUP	cna38	major	sim62	Eso-AdenoCa
3	41988681	41988682	3	44341954	44341955	-	+	DUP	cna38	minor	sim62	Eso-AdenoCa
3	44341955	44341956	3	44868918	44868919	-	+	DUP	cna39	major	sim62	Eso-AdenoCa
3	44868919	44868920	3	45024167	45024168	-	+	DUP	cna40	major	sim62	Eso-AdenoCa
3	45024168	45024169	3	144189635	144189636	+	-	DEL	cna41	minor	sim62	Eso-AdenoCa
3	45024168	141339207	7	43353821	110819708	+	+	TRA	cna41,cna88	major,major	sim62	Eso-AdenoCa
3	50196506	50196507	3	50206511	50206512	+	+	h2hINV	cna41	major	sim62	Eso-AdenoCa
3	63211606	63211607	3	63282314	63282315	+	+	h2hINV	cna41	major	sim62	Eso-AdenoCa
3	68305706	68305707	3	68766282	68766283	-	-	t2tINV	cna41	major	sim62	Eso-AdenoCa
3	69177406	69177407	3	69197478	69197479	+	+	h2hINV	cna41	major	sim62	Eso-AdenoCa
3	74832348	144189635	X	114769774	114811315	-	+	TRA	cna224,cna41	minor,minor	sim62	Eso-AdenoCa
3	102454006	102454007	3	102510009	102510010	+	+	h2hINV	cna41	major	sim62	Eso-AdenoCa
3	109866206	109866207	3	114346836	114346837	-	-	t2tINV	cna41	major	sim62	Eso-AdenoCa
3	144189636	144189637	3	192636566	192636567	-	+	DUP	cna42	major	sim62	Eso-AdenoCa
3	144189636	178366507	9	77533888	82791574	+	-	TRA	cna42,cna108	minor,minor	sim62	Eso-AdenoCa
3	179595206	179595207	3	179605213	179605214	+	+	h2hINV	cna42	minor	sim62	Eso-AdenoCa
3	192636567	192636568	3	192784634	192784635	+	-	DEL	cna43	minor	sim62	Eso-AdenoCa
3	192784635	192784636	3	193528011	193528012	-	+	DUP	cna44	major	sim62	Eso-AdenoCa
3	192784635	192784636	3	193528011	193528012	+	-	DEL	cna44	minor	sim62	Eso-AdenoCa
3	193528012	193528013	3	193781173	193781174	-	+	DUP	cna45	major	sim62	Eso-AdenoCa
3	193528012	193528013	3	193781173	193781174	-	+	DUP	cna45	minor	sim62	Eso-AdenoCa
3	193781174	193781175	3	194167808	194167809	+	-	DEL	cna46	major	sim62	Eso-AdenoCa
3	193781174	193781175	3	194167808	194167809	+	-	DEL	cna46	minor	sim62	Eso-AdenoCa
3	194167809	194167810	3	197799781	197799782	-	+	DUP	cna47	major	sim62	Eso-AdenoCa
3	194167809	194167810	3	197799781	197799782	-	+	DUP	cna47	minor	sim62	Eso-AdenoCa
3	197799782	197799783	3	198022430	198022431	-	+	DUP	cna48	major	sim62	Eso-AdenoCa
3	197799782	197799783	3	198022430	198022431	+	-	DEL	cna48	minor	sim62	Eso-AdenoCa
4	1	2	4	135589066	135589067	-	+	DUP	cna49	major	sim62	Eso-AdenoCa
4	1	2	4	135589066	135589067	+	-	DEL	cna49	minor	sim62	Eso-AdenoCa
4	1	54496529	X	31612314	94104965	+	-	TRA	cna221,cna49	major,minor	sim62	Eso-AdenoCa
4	4005676	4005677	4	4280571	4280572	-	-	t2tINV	cna49	major	sim62	Eso-AdenoCa
4	73469276	73469277	4	73479284	73479285	+	+	h2hINV	cna49	major	sim62	Eso-AdenoCa
4	123640876	135589066	10	51015380	74925904	-	-	TRA	cna49,cna121	major,major	sim62	Eso-AdenoCa
4	135589067	135589068	4	135727079	135727080	-	+	DUP	cna50	major	sim62	Eso-AdenoCa
4	135727080	135727081	4	137100724	137100725	-	+	DUP	cna51	major	sim62	Eso-AdenoCa
4	135727080	135727081	4	137100724	137100725	+	-	DEL	cna51	minor	sim62	Eso-AdenoCa
4	137100725	137100726	4	137125950	137125951	-	+	DUP	cna52	major	sim62	Eso-AdenoCa
4	137125951	137125952	4	140947018	140947019	+	-	DEL	cna53	minor	sim62	Eso-AdenoCa
4	140947019	140947020	4	161604512	161604513	-	+	DUP	cna54	major	sim62	Eso-AdenoCa
4	140947019	140947020	4	161604512	161604513	-	+	DUP	cna54	minor	sim62	Eso-AdenoCa
4	143625776	161604512	11	76874976	77298473	-	-	TRA	cna54,cna133	minor,minor	sim62	Eso-AdenoCa
4	155552776	155552777	4	155562783	155562784	+	+	h2hINV	cna54	major	sim62	Eso-AdenoCa
4	161604513	161604514	4	161715235	161715236	-	+	DUP	cna55	major	sim62	Eso-AdenoCa
4	161604513	161604514	4	161715235	161715236	+	-	DEL	cna55	minor	sim62	Eso-AdenoCa
4	161715236	161715237	4	181808716	181808717	-	+	DUP	cna56	major	sim62	Eso-AdenoCa
4	174816640	181808716	16	2726589	9789938	-	-	TRA	cna181,cna56	major,minor	sim62	Eso-AdenoCa
4	181808717	181808718	4	190966963	190966964	-	+	DUP	cna57	major	sim62	Eso-AdenoCa
4	181808717	181808718	4	190966963	190966964	-	+	DUP	cna57	minor	sim62	Eso-AdenoCa
4	190966964	190966965	4	190979649	190979650	-	+	DUP	cna58	major	sim62	Eso-AdenoCa
4	190966964	190966965	4	190979649	190979650	-	+	DUP	cna58	minor	sim62	Eso-AdenoCa
4	190979650	190979651	4	191051083	191051084	-	+	DUP	cna59	major	sim62	Eso-AdenoCa
4	190979650	190979651	4	191051083	191051084	-	+	DUP	cna59	minor	sim62	Eso-AdenoCa
4	191051084	191051085	4	191154276	191154277	-	+	DUP	cna60	major	sim62	Eso-AdenoCa
4	191051084	191051085	4	191154276	191154277	+	-	DEL	cna60	minor	sim62	Eso-AdenoCa
5	1	2	5	20358426	20358427	-	+	DUP	cna61	major	sim62	Eso-AdenoCa
5	1	2	5	20358426	20358427	+	-	DEL	cna61	minor	sim62	Eso-AdenoCa
5	4762658	20358426	6	146293940	153353063	-	-	TRA	cna81,cna61	major,major	sim62	Eso-AdenoCa
5	13905200	20358426	10	6128082	33445512	-	-	TRA	cna61,cna118	major,major	sim62	Eso-AdenoCa
5	20489560	20489561	5	84496513	84496514	-	+	DUP	cna63	major	sim62	Eso-AdenoCa
5	43866000	43866001	5	44348278	44348279	+	+	h2hINV	cna63	major	sim62	Eso-AdenoCa
5	45018800	45018801	5	47288751	47288752	-	-	t2tINV	cna63	minor	sim62	Eso-AdenoCa
5	84496514	84496515	5	116287389	116287390	-	+	DUP	cna64	major	sim62	Eso-AdenoCa
5	84496514	84496515	5	116287389	116287390	-	+	DUP	cna64	minor	sim62	Eso-AdenoCa
5	93193000	93193001	5	125307653	125307654	+	+	h2hINV	cna64	major	sim62	Eso-AdenoCa
5	116287390	116287391	5	117631233	117631234	-	+	DUP	cna65	major	sim62	Eso-AdenoCa
5	116287390	116287391	5	117631233	117631234	+	-	DEL	cna65	minor	sim62	Eso-AdenoCa
5	117631234	117631235	5	117671997	117671998	-	+	DUP	cna66	major	sim62	Eso-AdenoCa
5	117671998	117671999	5	117681751	117681752	-	+	DUP	cna67	major	sim62	Eso-AdenoCa
5	117681752	117681753	5	154767394	154767395	-	+	DUP	cna68	major	sim62	Eso-AdenoCa
5	117681752	117681753	5	154767394	154767395	-	+	DUP	cna68	minor	sim62	Eso-AdenoCa
5	154767395	154767396	5	154921039	154921040	-	+	DUP	cna69	major	sim62	Eso-AdenoCa
5	154921040	154921041	5	154940550	154940551	-	+	DUP	cna70	major	sim62	Eso-AdenoCa
5	154921040	154921041	5	154940550	154940551	-	+	DUP	cna70	minor	sim62	Eso-AdenoCa
5	154940551	154940552	5	172308052	172308053	-	+	DUP	cna71	major	sim62	Eso-AdenoCa
5	172308053	172308054	5	172591979	172591980	-	+	DUP	cna72	major	sim62	Eso-AdenoCa
5	172591980	172591981	5	173098427	173098428	+	-	DEL	cna73	major	sim62	Eso-AdenoCa
5	172591980	172591981	5	173098427	173098428	+	-	DEL	cna73	minor	sim62	Eso-AdenoCa
5	173098428	173098429	5	174156832	174156833	+	-	DEL	cna74	minor	sim62	Eso-AdenoCa
5	174156833	174156834	5	180915260	180915261	-	+	DUP	cna75	major	sim62	Eso-AdenoCa
6	1	2	6	47209269	47209270	-	+	DUP	cna76	major	sim62	Eso-AdenoCa
6	1	2	6	47209269	47209270	-	+	DUP	cna76	minor	sim62	Eso-AdenoCa
6	13442140	13442141	6	45869641	45869642	-	-	t2tINV	cna76	major	sim62	Eso-AdenoCa
6	47209270	47209271	6	67262376	67262377	-	+	DUP	cna77	major	sim62	Eso-AdenoCa
6	67151840	67151841	6	74848328	74848329	+	+	h2hINV	cna77	major	sim62	Eso-AdenoCa
6	67262377	67262378	6	67351774	67351775	-	+	DUP	cna78	major	sim62	Eso-AdenoCa
6	67351775	67351776	6	69330800	69330801	-	+	DUP	cna79	major	sim62	Eso-AdenoCa
6	67351775	67351776	6	69330800	69330801	+	-	DEL	cna79	minor	sim62	Eso-AdenoCa
6	69330801	69330802	6	72220998	72220999	-	+	DUP	cna80	major	sim62	Eso-AdenoCa
6	72220999	72221000	6	153353063	153353064	+	-	DEL	cna81	minor	sim62	Eso-AdenoCa
6	104418553	153353063	18	43381826	63851245	-	-	TRA	cna205,cna81	major,major	sim62	Eso-AdenoCa
6	110702540	110702541	6	110712548	110712549	-	-	t2tINV	cna81	major	sim62	Eso-AdenoCa
6	112622140	112622141	6	112632145	112632146	+	+	h2hINV	cna81	major	sim62	Eso-AdenoCa
6	153353064	153353065	6	171115067	171115068	-	+	DUP	cna82	major	sim62	Eso-AdenoCa
6	154584540	154584541	6	154661073	154661074	+	+	h2hINV	cna82	minor	sim62	Eso-AdenoCa
6	161729940	161729941	6	162043373	162043374	+	+	h2hINV	cna82	minor	sim62	Eso-AdenoCa
7	1	2	7	23376656	23376657	+	-	DEL	cna83	minor	sim62	Eso-AdenoCa
7	2755873	2755874	7	2786928	2786929	+	+	h2hINV	cna83	major	sim62	Eso-AdenoCa
7	23376657	23376658	7	42124968	42124969	-	+	DUP	cna84	major	sim62	Eso-AdenoCa
7	23376657	23376658	7	42124968	42124969	+	-	DEL	cna84	minor	sim62	Eso-AdenoCa
7	41870873	41870874	7	41907039	41907040	-	-	t2tINV	cna84	major	sim62	Eso-AdenoCa
7	42124969	42124970	7	42605949	42605950	-	+	DUP	cna85	major	sim62	Eso-AdenoCa
7	42605950	42605951	7	43341419	43341420	-	+	DUP	cna86	major	sim62	Eso-AdenoCa
7	42605950	42605951	7	43341419	43341420	-	+	DUP	cna86	minor	sim62	Eso-AdenoCa
7	43341420	43341421	7	43353820	43353821	-	+	DUP	cna87	major	sim62	Eso-AdenoCa
7	43341420	43341421	7	43353820	43353821	+	-	DEL	cna87	minor	sim62	Eso-AdenoCa
7	43353821	43353822	7	146974593	146974594	+	-	DEL	cna88	minor	sim62	Eso-AdenoCa
7	111929556	146974593	11	35964312	75658711	-	+	TRA	cna133,cna88	major,major	sim62	Eso-AdenoCa
7	121944773	121944774	7	121965563	121965564	-	-	t2tINV	cna88	major	sim62	Eso-AdenoCa
7	124659673	124659674	7	133534364	133534365	-	-	t2tINV	cna88	major	sim62	Eso-AdenoCa
7	146974594	146974595	7	154136997	154136998	-	+	DUP	cna89	major	sim62	Eso-AdenoCa
7	146974594	146974595	7	154136997	154136998	+	-	DEL	cna89	minor	sim62	Eso-AdenoCa
7	154136998	154136999	7	154240266	154240267	-	+	DUP	cna90	major	sim62	Eso-AdenoCa
7	154136998	154136999	7	154240266	154240267	-	+	DUP	cna90	minor	sim62	Eso-AdenoCa
7	154240267	154240268	7	155178628	155178629	-	+	DUP	cna91	major	sim62	Eso-AdenoCa
7	155178629	155178630	7	159138663	159138664	-	+	DUP	cna92	major	sim62	Eso-AdenoCa
7	155178629	155178630	7	159138663	159138664	+	-	DEL	cna92	minor	sim62	Eso-AdenoCa
8	1	2	8	15919536	15919537	-	+	DUP	cna93	major	sim62	Eso-AdenoCa
8	1	2	8	15919536	15919537	-	+	DUP	cna93	minor	sim62	Eso-AdenoCa
8	13198710	13198711	8	46618274	46618275	-	-	t2tINV	cna95	major	sim62	Eso-AdenoCa
8	15919537	15919538	8	21386960	21386961	+	-	DEL	cna94	minor	sim62	Eso-AdenoCa
8	21386961	21386962	8	90211424	90211425	-	+	DUP	cna95	major	sim62	Eso-AdenoCa
8	21386961	21386962	8	90211424	90211425	+	-	DEL	cna95	minor	sim62	Eso-AdenoCa
8	29921010	29921011	8	29931023	29931024	+	+	h2hINV	cna95	major	sim62	Eso-AdenoCa
8	48609310	90211424	11	16339262	23737870	-	-	TRA	cna95,cna126	minor,major	sim62	Eso-AdenoCa
8	90211425	90211426	8	91487361	91487362	-	+	DUP	cna96	major	sim62	Eso-AdenoCa
8	91487362	91487363	8	92583698	92583699	+	-	DEL	cna97	minor	sim62	Eso-AdenoCa
8	92583699	92583700	8	103327838	103327839	-	+	DUP	cna98	major	sim62	Eso-AdenoCa
8	100162510	100162511	8	129718197	129718198	+	+	h2hINV	cna98	major	sim62	Eso-AdenoCa
8	103327839	103327840	8	103752048	103752049	-	+	DUP	cna99	major	sim62	Eso-AdenoCa
8	103327839	103327840	8	103752048	103752049	-	+	DUP	cna99	minor	sim62	Eso-AdenoCa
8	103752049	103752050	8	107552352	107552353	-	+	DUP	cna100	major	sim62	Eso-AdenoCa
8	103752049	103752050	8	107552352	107552353	+	-	DEL	cna100	minor	sim62	Eso-AdenoCa
8	107204310	107204311	8	107730065	107730066	-	-	t2tINV	cna101	major	sim62	Eso-AdenoCa
8	107552353	107552354	8	109666875	109666876	+	-	DEL	cna101	minor	sim62	Eso-AdenoCa
8	109666876	109666877	8	109983964	109983965	-	+	DUP	cna102	major	sim62	Eso-AdenoCa
8	109983965	109983966	8	121465050	121465051	+	-	DEL	cna103	minor	sim62	Eso-AdenoCa
8	119688210	121465050	13	44088055	66966452	-	+	TRA	cna103,cna161	major,minor	sim62	Eso-AdenoCa
8	121465051	121465052	8	132564709	132564710	-	+	DUP	cna104	major	sim62	Eso-AdenoCa
8	121465051	128705311	10	55595077	74925904	+	-	TRA	cna104,cna121	minor,minor	sim62	Eso-AdenoCa
8	123050610	123050611	8	123060615	123060616	-	-	t2tINV	cna104	major	sim62	Eso-AdenoCa
8	132564710	132564711	8	144582243	144582244	-	+	DUP	cna105	major	sim62	Eso-AdenoCa
8	132564710	132564711	8	144582243	144582244	-	+	DUP	cna105	minor	sim62	Eso-AdenoCa
8	144582244	144582245	8	146352613	146352614	-	+	DUP	cna106	major	sim62	Eso-AdenoCa
8	146352614	146352615	8	146364022	146364023	-	+	DUP	cna107	major	sim62	Eso-AdenoCa
8	146352614	146352615	8	146364022	146364023	+	-	DEL	cna107	minor	sim62	Eso-AdenoCa
9	27426188	27426189	9	27436196	27436197	-	-	t2tINV	cna108	minor	sim62	Eso-AdenoCa
9	31220388	31220389	9	50663036	50663037	+	+	h2hINV	cna108	major	sim62	Eso-AdenoCa
9	33680688	33680689	9	33690701	33690702	-	-	t2tINV	cna108	major	sim62	Eso-AdenoCa
9	68943567	82791574	15	88475281	102510971	-	-	TRA	cna179,cna108	major,major	sim62	Eso-AdenoCa
9	82791575	82791576	9	83641848	83641849	-	+	DUP	cna109	major	sim62	Eso-AdenoCa
9	82791575	82791576	9	83641848	83641849	+	-	DEL	cna109	minor	sim62	Eso-AdenoCa
9	83641849	83641850	9	83814965	83814966	-	+	DUP	cna110	major	sim62	Eso-AdenoCa
9	83814966	83814967	9	88332803	88332804	+	-	DEL	cna111	minor	sim62	Eso-AdenoCa
9	88332804	88332805	9	88376541	88376542	-	+	DUP	cna112	major	sim62	Eso-AdenoCa
9	88376542	88376543	9	91015254	91015255	+	-	DEL	cna113	minor	sim62	Eso-AdenoCa
9	91015255	91015256	9	98609544	98609545	-	+	DUP	cna114	major	sim62	Eso-AdenoCa
9	98609545	98609546	9	98762464	98762465	-	+	DUP	cna115	major	sim62	Eso-AdenoCa
9	98762465	98762466	9	141028635	141028636	+	-	DEL	cna116	minor	sim62	Eso-AdenoCa
9	141028636	141028637	9	141213431	141213432	-	+	DUP	cna117	major	sim62	Eso-AdenoCa
10	1	2	10	33445512	33445513	-	+	DUP	cna118	major	sim62	Eso-AdenoCa
10	1	2	10	33445512	33445513	+	-	DEL	cna118	minor	sim62	Eso-AdenoCa
10	33445513	33445514	10	35303660	35303661	-	+	DUP	cna119	major	sim62	Eso-AdenoCa
10	35303661	35303662	10	36196132	36196133	+	-	DEL	cna120	minor	sim62	Eso-AdenoCa
10	35303661	35606958	14	72993631	74312356	+	-	TRA	cna120,cna172	minor,major	sim62	Eso-AdenoCa
10	36196133	36196134	10	74925904	74925905	-	+	DUP	cna121	major	sim62	Eso-AdenoCa
10	55788557	55788558	10	76080239	76080240	+	+	h2hINV	cna121	minor	sim62	Eso-AdenoCa
10	74925905	74925906	10	77045896	77045897	-	+	DUP	cna122	major	sim62	Eso-AdenoCa
10	74925905	74925906	10	77045896	77045897	+	-	DEL	cna122	minor	sim62	Eso-AdenoCa
10	77123935	77123936	10	135534747	135534748	-	+	DUP	cna124	major	sim62	Eso-AdenoCa
10	87372257	87372258	10	87382267	87382268	+	+	h2hINV	cna124	major	sim62	Eso-AdenoCa
11	1	2	11	15766790	15766791	+	-	DEL	cna125	minor	sim62	Eso-AdenoCa
11	23737871	23737872	11	24458382	24458383	+	-	DEL	cna127	minor	sim62	Eso-AdenoCa
11	24458383	24458384	11	25157736	25157737	-	+	DUP	cna128	major	sim62	Eso-AdenoCa
11	24458383	24458384	11	25157736	25157737	-	+	DUP	cna128	minor	sim62	Eso-AdenoCa
11	25157737	25157738	11	30233167	30233168	+	-	DEL	cna129	minor	sim62	Eso-AdenoCa
11	26939910	26939911	11	27255275	27255276	-	-	t2tINV	cna129	major	sim62	Eso-AdenoCa
11	28964883	30233167	22	1	27452681	-	+	TRA	cna217,cna129	major,minor	sim62	Eso-AdenoCa
11	30233168	30233169	11	30573486	30573487	-	+	DUP	cna130	major	sim62	Eso-AdenoCa
11	30573487	30573488	11	34003890	34003891	-	+	DUP	cna131	major	sim62	Eso-AdenoCa
11	30573487	30573488	11	34003890	34003891	+	-	DEL	cna131	minor	sim62	Eso-AdenoCa
11	34003891	34003892	11	35964311	35964312	-	+	DUP	cna132	major	sim62	Eso-AdenoCa
11	35042510	35042511	11	35052518	35052519	-	-	t2tINV	cna132	major	sim62	Eso-AdenoCa
11	35964312	35964313	11	77298473	77298474	+	-	DEL	cna133	minor	sim62	Eso-AdenoCa
11	46124510	46124511	11	46365037	46365038	-	-	t2tINV	cna133	major	sim62	Eso-AdenoCa
11	70025210	70025211	11	75599482	75599483	+	+	h2hINV	cna133	major	sim62	Eso-AdenoCa
11	77298474	77298475	11	77373812	77373813	-	+	DUP	cna134	major	sim62	Eso-AdenoCa
11	77298474	77298475	11	77373812	77373813	-	+	DUP	cna134	minor	sim62	Eso-AdenoCa
11	77373813	77373814	11	77384335	77384336	-	+	DUP	cna135	major	sim62	Eso-AdenoCa
11	77373813	77373814	11	77384335	77384336	-	+	DUP	cna135	minor	sim62	Eso-AdenoCa
11	77384336	77384337	11	97873870	97873871	-	+	DUP	cna136	major	sim62	Eso-AdenoCa
11	77384336	77384337	11	97873870	97873871	+	-	DEL	cna136	minor	sim62	Eso-AdenoCa
11	97873871	97873872	11	106302458	106302459	+	-	DEL	cna137	major	sim62	Eso-AdenoCa
11	97873871	97873872	11	106302458	106302459	+	-	DEL	cna137	minor	sim62	Eso-AdenoCa
11	106302459	106302460	11	106470259	106470260	-	+	DUP	cna138	major	sim62	Eso-AdenoCa
11	106302459	106302460	11	106470259	106470260	+	-	DEL	cna138	minor	sim62	Eso-AdenoCa
11	106470260	106470261	11	124463860	124463861	-	+	DUP	cna139	major	sim62	Eso-AdenoCa
11	106470260	106470261	11	124463860	124463861	+	-	DEL	cna139	minor	sim62	Eso-AdenoCa
11	124463861	124463862	11	124495348	124495349	+	-	DEL	cna140	minor	sim62	Eso-AdenoCa
11	124495349	124495350	11	124767976	124767977	-	+	DUP	cna141	major	sim62	Eso-AdenoCa
11	124495349	124495350	11	124767976	124767977	-	+	DUP	cna141	minor	sim62	Eso-AdenoCa
11	124767977	124767978	11	132839743	132839744	-	+	DUP	cna142	major	sim62	Eso-AdenoCa
11	132839744	132839745	11	132906645	132906646	-	+	DUP	cna143	major	sim62	Eso-AdenoCa
11	132906646	132906647	11	135006516	135006517	-	+	DUP	cna144	major	sim62	Eso-AdenoCa
11	132906646	132906647	11	135006516	135006517	+	-	DEL	cna144	minor	sim62	Eso-AdenoCa
12	1	2	12	123345666	123345667	-	+	DUP	cna145	major	sim62	Eso-AdenoCa
12	1	2	12	123345666	123345667	+	-	DEL	cna145	minor	sim62	Eso-AdenoCa
12	25023594	25023595	12	25033602	25033603	-	-	t2tINV	cna145	major	sim62	Eso-AdenoCa
12	26915794	123345666	16	88812803	90354753	-	-	TRA	cna145,cna194	major,minor	sim62	Eso-AdenoCa
12	48629754	123345666	16	73498489	74417918	-	-	TRA	cna190,cna145	minor,minor	sim62	Eso-AdenoCa
12	60835094	60835095	12	60953188	60953189	-	-	t2tINV	cna145	major	sim62	Eso-AdenoCa
12	123345667	123345668	12	133651952	133651953	-	+	DUP	cna146	major	sim62	Eso-AdenoCa
12	133651953	133651954	12	133776751	133776752	+	-	DEL	cna147	minor	sim62	Eso-AdenoCa
12	133776752	133776753	12	133842223	133842224	-	+	DUP	cna148	major	sim62	Eso-AdenoCa
12	133842224	133842225	12	133851895	133851896	+	-	DEL	cna149	minor	sim62	Eso-AdenoCa
13	1	2	13	729466	729467	-	+	DUP	cna150	major	sim62	Eso-AdenoCa
13	1	2	13	729466	729467	-	+	DUP	cna150	minor	sim62	Eso-AdenoCa
13	729467	729468	13	819973	819974	+	-	DEL	cna151	major	sim62	Eso-AdenoCa
13	729467	729468	13	819973	819974	+	-	DEL	cna151	minor	sim62	Eso-AdenoCa
13	819974	819975	13	1424761	1424762	-	+	DUP	cna152	major	sim62	Eso-AdenoCa
13	819974	819975	13	1424761	1424762	+	-	DEL	cna152	minor	sim62	Eso-AdenoCa
13	1424762	1424763	13	3258374	3258375	-	+	DUP	cna153	major	sim62	Eso-AdenoCa
13	3258375	3258376	13	22686894	22686895	-	+	DUP	cna154	major	sim62	Eso-AdenoCa
13	3258375	3258376	13	22686894	22686895	-	+	DUP	cna154	minor	sim62	Eso-AdenoCa
13	22686895	22686896	13	30843826	30843827	-	+	DUP	cna155	major	sim62	Eso-AdenoCa
13	22686895	22686896	13	30843826	30843827	+	-	DEL	cna155	minor	sim62	Eso-AdenoCa
13	30843827	30843828	13	32844354	32844355	-	+	DUP	cna156	major	sim62	Eso-AdenoCa
13	30843827	30843828	13	32844354	32844355	-	+	DUP	cna156	minor	sim62	Eso-AdenoCa
13	32844355	32844356	13	38793785	38793786	-	+	DUP	cna157	major	sim62	Eso-AdenoCa
13	32844355	32844356	13	38793785	38793786	+	-	DEL	cna157	minor	sim62	Eso-AdenoCa
13	38793786	38793787	13	38817184	38817185	-	+	DUP	cna158	major	sim62	Eso-AdenoCa
13	38817185	38817186	13	39412884	39412885	-	+	DUP	cna159	major	sim62	Eso-AdenoCa
13	39412885	39412886	13	44088054	44088055	-	+	DUP	cna160	major	sim62	Eso-AdenoCa
13	39412885	39412886	13	44088054	44088055	+	-	DEL	cna160	minor	sim62	Eso-AdenoCa
13	44088055	44088056	13	99494775	99494776	-	+	DUP	cna161	major	sim62	Eso-AdenoCa
13	99494776	99494777	13	115169878	115169879	-	+	DUP	cna162	major	sim62	Eso-AdenoCa
13	99494776	99494777	13	115169878	115169879	-	+	DUP	cna162	minor	sim62	Eso-AdenoCa
14	1	2	14	1342715	1342716	+	-	DEL	cna163	minor	sim62	Eso-AdenoCa
14	1342716	1342717	14	7558581	7558582	-	+	DUP	cna164	major	sim62	Eso-AdenoCa
14	7558582	7558583	14	28595908	28595909	+	-	DEL	cna165	minor	sim62	Eso-AdenoCa
14	24411421	24411422	14	25158351	25158352	+	+	h2hINV	cna165	major	sim62	Eso-AdenoCa
14	28595909	28595910	14	29022487	29022488	-	+	DUP	cna166	major	sim62	Eso-AdenoCa
14	28595909	28595910	14	29022487	29022488	+	-	DEL	cna166	minor	sim62	Eso-AdenoCa
14	29022488	29022489	14	68009192	68009193	-	+	DUP	cna167	major	sim62	Eso-AdenoCa
14	29022488	29022489	14	68009192	68009193	-	+	DUP	cna167	minor	sim62	Eso-AdenoCa
14	45348621	45348622	14	45368741	45368742	-	-	t2tINV	cna167	minor	sim62	Eso-AdenoCa
14	50874821	68009192	X	127819171	148933260	-	-	TRA	cna167,cna228	minor,major	sim62	Eso-AdenoCa
14	58901621	58901622	14	58921492	58921493	-	-	t2tINV	cna167	major	sim62	Eso-AdenoCa
14	68009193	68009194	14	68585414	68585415	-	+	DUP	cna168	major	sim62	Eso-AdenoCa
14	68585415	68585416	14	68649285	68649286	-	+	DUP	cna169	major	sim62	Eso-AdenoCa
14	68585415	68585416	14	68649285	68649286	+	-	DEL	cna169	minor	sim62	Eso-AdenoCa
14	68649286	68649287	14	68659439	68659440	-	+	DUP	cna170	major	sim62	Eso-AdenoCa
14	68659440	68659441	14	68947752	68947753	-	+	DUP	cna171	major	sim62	Eso-AdenoCa
14	68947753	68947754	14	74312356	74312357	-	+	DUP	cna172	major	sim62	Eso-AdenoCa
14	68947753	68947754	14	74312356	74312357	+	-	DEL	cna172	minor	sim62	Eso-AdenoCa
14	74312357	74312358	14	94464020	94464021	-	+	DUP	cna173	major	sim62	Eso-AdenoCa
14	94464021	94464022	14	106767976	106767977	-	+	DUP	cna174	major	sim62	Eso-AdenoCa
14	106767977	106767978	14	107110293	107110294	-	+	DUP	cna175	major	sim62	Eso-AdenoCa
14	106767977	106767978	14	107110293	107110294	+	-	DEL	cna175	minor	sim62	Eso-AdenoCa
14	107110294	107110295	14	107349540	107349541	+	-	DEL	cna176	minor	sim62	Eso-AdenoCa
15	1	2	15	8075356	8075357	-	+	DUP	cna177	major	sim62	Eso-AdenoCa
15	1	2	15	8075356	8075357	-	+	DUP	cna177	minor	sim62	Eso-AdenoCa
15	8075357	8075358	15	14110120	14110121	-	+	DUP	cna178	major	sim62	Eso-AdenoCa
15	8075357	8075358	15	14110120	14110121	+	-	DEL	cna178	minor	sim62	Eso-AdenoCa
15	14110121	14110122	15	102510971	102510972	-	+	DUP	cna179	major	sim62	Eso-AdenoCa
15	14110121	14110122	15	102510971	102510972	+	-	DEL	cna179	minor	sim62	Eso-AdenoCa
15	102510972	102510973	15	102531392	102531393	-	+	DUP	cna180	major	sim62	Eso-AdenoCa
16	1	2	16	9789938	9789939	-	+	DUP	cna181	major	sim62	Eso-AdenoCa
16	9789939	9789940	16	9852978	9852979	-	+	DUP	cna182	major	sim62	Eso-AdenoCa
16	9852979	9852980	16	10517030	10517031	-	+	DUP	cna183	major	sim62	Eso-AdenoCa
16	9852979	9852980	16	10517030	10517031	+	-	DEL	cna183	minor	sim62	Eso-AdenoCa
16	10517031	10517032	16	10817271	10817272	-	+	DUP	cna184	major	sim62	Eso-AdenoCa
16	10517031	10517032	16	10817271	10817272	-	+	DUP	cna184	minor	sim62	Eso-AdenoCa
16	10817272	10817273	16	10867502	10867503	-	+	DUP	cna185	major	sim62	Eso-AdenoCa
16	10867503	10867504	16	19607055	19607056	+	-	DEL	cna186	minor	sim62	Eso-AdenoCa
16	19607056	19607057	16	19618223	19618224	-	+	DUP	cna187	major	sim62	Eso-AdenoCa
16	19618224	19618225	16	20188234	20188235	+	-	DEL	cna188	minor	sim62	Eso-AdenoCa
16	20188235	20188236	16	60063218	60063219	-	+	DUP	cna189	major	sim62	Eso-AdenoCa
16	32242689	32242690	16	43582143	43582144	+	+	h2hINV	cna189	minor	sim62	Eso-AdenoCa
16	60063219	60063220	16	74417918	74417919	-	+	DUP	cna190	major	sim62	Eso-AdenoCa
16	60063219	60063220	16	74417918	74417919	-	+	DUP	cna190	minor	sim62	Eso-AdenoCa
16	74417919	74417920	16	74478451	74478452	+	-	DEL	cna191	major	sim62	Eso-AdenoCa
16	74417919	74417920	16	74478451	74478452	+	-	DEL	cna191	minor	sim62	Eso-AdenoCa
16	74478452	74478453	16	74528265	74528266	-	+	DUP	cna192	major	sim62	Eso-AdenoCa
16	74478452	74478453	16	74528265	74528266	-	+	DUP	cna192	minor	sim62	Eso-AdenoCa
16	74528266	74528267	16	74597591	74597592	+	-	DEL	cna193	minor	sim62	Eso-AdenoCa
16	74597592	74597593	16	90354753	90354754	-	+	DUP	cna194	major	sim62	Eso-AdenoCa
16	88608889	90354753	17	1	2414123	-	+	TRA	cna194,cna195	major,major	sim62	Eso-AdenoCa
17	1	2	17	55169906	55169907	-	+	DUP	cna195	major	sim62	Eso-AdenoCa
17	1	2	17	55169906	55169907	-	+	DUP	cna195	minor	sim62	Eso-AdenoCa
17	55169907	55169908	17	81195210	81195211	+	-	DEL	cna196	minor	sim62	Eso-AdenoCa
18	1	2	18	3489699	3489700	+	-	DEL	cna197	minor	sim62	Eso-AdenoCa
18	3489700	3489701	18	6049113	6049114	-	+	DUP	cna198	major	sim62	Eso-AdenoCa
18	3489700	3489701	18	6049113	6049114	+	-	DEL	cna198	minor	sim62	Eso-AdenoCa
18	6049114	6049115	18	7691182	7691183	+	-	DEL	cna199	major	sim62	Eso-AdenoCa
18	7691183	7691184	18	8875192	8875193	-	+	DUP	cna200	major	sim62	Eso-AdenoCa
18	7691183	7691184	18	8875192	8875193	-	+	DUP	cna200	minor	sim62	Eso-AdenoCa
18	8875193	8875194	18	9036341	9036342	-	+	DUP	cna201	major	sim62	Eso-AdenoCa
18	9036342	9036343	18	20227316	20227317	-	+	DUP	cna202	major	sim62	Eso-AdenoCa
18	20227317	20227318	18	25999135	25999136	-	+	DUP	cna203	major	sim62	Eso-AdenoCa
18	25999136	25999137	18	27522309	27522310	+	-	DEL	cna204	minor	sim62	Eso-AdenoCa
18	27522310	27522311	18	63851245	63851246	-	+	DUP	cna205	major	sim62	Eso-AdenoCa
18	27522310	27522311	18	63851245	63851246	-	+	DUP	cna205	minor	sim62	Eso-AdenoCa
18	63851246	63851247	18	77252277	77252278	-	+	DUP	cna206	major	sim62	Eso-AdenoCa
18	63851246	63851247	18	77252277	77252278	-	+	DUP	cna206	minor	sim62	Eso-AdenoCa
18	77252278	77252279	18	78077248	78077249	-	+	DUP	cna207	major	sim62	Eso-AdenoCa
19	1	2	19	59128983	59128984	-	+	DUP	cna208	major	sim62	Eso-AdenoCa
19	1	2	19	59128983	59128984	-	+	DUP	cna208	minor	sim62	Eso-AdenoCa
19	9732678	9732679	19	9742702	9742703	+	+	h2hINV	cna208	major	sim62	Eso-AdenoCa
19	11949178	11949179	19	11959188	11959189	+	+	h2hINV	cna208	minor	sim62	Eso-AdenoCa
19	36550178	36550179	19	36570175	36570176	+	+	h2hINV	cna208	minor	sim62	Eso-AdenoCa
20	1	2	20	63025520	63025521	-	+	DUP	cna209	major	sim62	Eso-AdenoCa
20	1	2	20	63025520	63025521	-	+	DUP	cna209	minor	sim62	Eso-AdenoCa
20	14742195	14742196	20	15021860	15021861	-	-	t2tINV	cna209	minor	sim62	Eso-AdenoCa
21	1	2	21	22903279	22903280	-	+	DUP	cna210	major	sim62	Eso-AdenoCa
21	1	2	21	22903279	22903280	-	+	DUP	cna210	minor	sim62	Eso-AdenoCa
21	17101775	17101776	21	17111781	17111782	+	+	h2hINV	cna210	major	sim62	Eso-AdenoCa
21	19495775	19495776	21	19505777	19505778	+	+	h2hINV	cna210	minor	sim62	Eso-AdenoCa
21	22903280	22903281	21	42800631	42800632	-	+	DUP	cna211	major	sim62	Eso-AdenoCa
21	42800632	42800633	21	43569923	43569924	-	+	DUP	cna212	major	sim62	Eso-AdenoCa
21	42800632	42800633	21	43569923	43569924	+	-	DEL	cna212	minor	sim62	Eso-AdenoCa
21	43569924	43569925	21	44236485	44236486	-	+	DUP	cna213	major	sim62	Eso-AdenoCa
21	44236486	44236487	21	44258696	44258697	-	+	DUP	cna214	major	sim62	Eso-AdenoCa
21	44258697	44258698	21	45222977	45222978	-	+	DUP	cna215	major	sim62	Eso-AdenoCa
21	44258697	44258698	21	45222977	45222978	-	+	DUP	cna215	minor	sim62	Eso-AdenoCa
21	45222978	45222979	21	48129895	48129896	-	+	DUP	cna216	major	sim62	Eso-AdenoCa
22	1	2	22	40675894	40675895	+	-	DEL	cna217	minor	sim62	Eso-AdenoCa
22	40675895	40675896	22	41750826	41750827	-	+	DUP	cna218	major	sim62	Eso-AdenoCa
22	41750827	41750828	22	51262341	51262342	-	+	DUP	cna219	major	sim62	Eso-AdenoCa
22	41750827	41750828	22	51262341	51262342	+	-	DEL	cna219	minor	sim62	Eso-AdenoCa
22	51262342	51262343	22	51304566	51304567	-	+	DUP	cna220	major	sim62	Eso-AdenoCa
22	51262342	51262343	22	51304566	51304567	-	+	DUP	cna220	minor	sim62	Eso-AdenoCa
X	1	2	X	94104965	94104966	-	+	DUP	cna221	major	sim62	Eso-AdenoCa
X	1	2	X	94104965	94104966	+	-	DEL	cna221	minor	sim62	Eso-AdenoCa
X	94104966	94104967	X	111313135	111313136	+	-	DEL	cna222	minor	sim62	Eso-AdenoCa
X	97010714	97010715	X	97084233	97084234	+	+	h2hINV	cna222	major	sim62	Eso-AdenoCa
X	111313136	111313137	X	114769773	114769774	-	+	DUP	cna223	major	sim62	Eso-AdenoCa
X	114769774	114769775	X	115221217	115221218	-	+	DUP	cna224	major	sim62	Eso-AdenoCa
X	115221218	115221219	X	118327597	118327598	-	+	DUP	cna225	major	sim62	Eso-AdenoCa
X	115221218	115221219	X	118327597	118327598	-	+	DUP	cna225	minor	sim62	Eso-AdenoCa
X	118327598	118327599	X	118641170	118641171	-	+	DUP	cna226	major	sim62	Eso-AdenoCa
X	118327598	118327599	X	118641170	118641171	-	+	DUP	cna226	minor	sim62	Eso-AdenoCa
X	118641171	118641172	X	123935521	123935522	-	+	DUP	cna227	major	sim62	Eso-AdenoCa
X	118641171	118641172	X	123935521	123935522	-	+	DUP	cna227	minor	sim62	Eso-AdenoCa
X	123935522	123935523	X	148933260	148933261	-	+	DUP	cna228	major	sim62	Eso-AdenoCa
X	123935522	123935523	X	148933260	148933261	+	-	DEL	cna228	minor	sim62	Eso-AdenoCa
X	148933261	148933262	X	154967945	154967946	-	+	DUP	cna229	major	sim62	Eso-AdenoCa
X	154967946	154967947	X	154980079	154980080	-	+	DUP	cna230	major	sim62	Eso-AdenoCa
X	154980080	154980081	X	155270560	155270561	-	+	DUP	cna231	major	sim62	Eso-AdenoCa
X	154980080	154980081	X	155270560	155270561	+	-	DEL	cna231	minor	sim62	Eso-AdenoCa
Y	1	2	Y	11361449	11361450	-	+	DUP	cna232	major	sim62	Eso-AdenoCa
Y	1	2	Y	11361449	11361450	+	-	DEL	cna232	minor	sim62	Eso-AdenoCa
Y	11361450	11361451	Y	11593345	11593346	-	+	DUP	cna233	major	sim62	Eso-AdenoCa
Y	11361450	11361451	Y	11593345	11593346	-	+	DUP	cna233	minor	sim62	Eso-AdenoCa
Y	11593346	11593347	Y	13944368	13944369	-	+	DUP	cna234	major	sim62	Eso-AdenoCa
Y	11593346	11593347	Y	13944368	13944369	+	-	DEL	cna234	minor	sim62	Eso-AdenoCa
Y	13944369	13944370	Y	14010195	14010196	-	+	DUP	cna235	major	sim62	Eso-AdenoCa
Y	14010196	14010197	Y	15089015	15089016	-	+	DUP	cna236	major	sim62	Eso-AdenoCa
Y	14010196	14010197	Y	15089015	15089016	-	+	DUP	cna236	minor	sim62	Eso-AdenoCa
Y	15089016	15089017	Y	16592935	16592936	-	+	DUP	cna237	major	sim62	Eso-AdenoCa
Y	16592936	16592937	Y	16787726	16787727	-	+	DUP	cna238	major	sim62	Eso-AdenoCa
Y	16592936	16592937	Y	16787726	16787727	+	-	DEL	cna238	minor	sim62	Eso-AdenoCa
Y	16787727	16787728	Y	16918601	16918602	-	+	DUP	cna239	major	sim62	Eso-AdenoCa
Y	16918602	16918603	Y	16985524	16985525	-	+	DUP	cna240	major	sim62	Eso-AdenoCa
Y	16985525	16985526	Y	17133940	17133941	-	+	DUP	cna241	major	sim62	Eso-AdenoCa
Y	17133941	17133942	Y	34910463	34910464	-	+	DUP	cna242	major	sim62	Eso-AdenoCa
Y	17133941	17133942	Y	34910463	34910464	-	+	DUP	cna242	minor	sim62	Eso-AdenoCa
Y	34910464	34910465	Y	35101151	35101152	-	+	DUP	cna243	major	sim62	Eso-AdenoCa
Y	35101152	35101153	Y	37306962	37306963	-	+	DUP	cna244	major	sim62	Eso-AdenoCa
Y	35101152	35101153	Y	37306962	37306963	+	-	DEL	cna244	minor	sim62	Eso-AdenoCa
Y	37306963	37306964	Y	39071367	39071368	-	+	DUP	cna245	major	sim62	Eso-AdenoCa
Y	39071368	39071369	Y	52306266	52306267	-	+	DUP	cna246	major	sim62	Eso-AdenoCa
Y	39071368	39071369	Y	52306266	52306267	-	+	DUP	cna246	minor	sim62	Eso-AdenoCa
Y	52306267	52306268	Y	59373566	59373567	-	+	DUP	cna247	major	sim62	Eso-AdenoCa
