chrom1	start1	end1	chrom2	start2	end2	strand1	strand2	svclass	id	allele	donor_id	tumor
1	1	2	1	16794	16795	-	+	DUP	cna0	major	sim29	Eso-AdenoCa
1	1	2	1	16794	16795	+	-	DEL	cna0	minor	sim29	Eso-AdenoCa
1	16795	16796	1	2095272	2095273	-	+	DUP	cna1	major	sim29	Eso-AdenoCa
1	2095273	2095274	1	2743524	2743525	-	+	DUP	cna2	major	sim29	Eso-AdenoCa
1	2095273	2095274	1	2743524	2743525	+	-	DEL	cna2	minor	sim29	Eso-AdenoCa
1	2743525	2743526	1	22885918	22885919	-	+	DUP	cna3	major	sim29	Eso-AdenoCa
1	2743525	2743526	1	22885918	22885919	-	+	DUP	cna3	minor	sim29	Eso-AdenoCa
1	23182824	23182825	1	29277748	29277749	-	+	DUP	cna5	major	sim29	Eso-AdenoCa
1	29277749	29277750	1	40271257	40271258	+	-	DEL	cna6	minor	sim29	Eso-AdenoCa
1	40271258	40271259	1	75116502	75116503	-	+	DUP	cna7	major	sim29	Eso-AdenoCa
1	52943200	52943201	1	52963496	52963497	+	+	h2hINV	cna7	major	sim29	Eso-AdenoCa
1	75116503	139971761	3	1	13464507	+	+	TRA	cna51,cna8	major,minor	sim29	Eso-AdenoCa
1	113918100	113918101	1	166738967	166738968	+	+	h2hINV	cna8	minor	sim29	Eso-AdenoCa
1	145218383	145218384	1	145262074	145262075	-	+	DUP	cna9	major	sim29	Eso-AdenoCa
1	145262075	145262076	1	145449458	145449459	+	-	DEL	cna10	major	sim29	Eso-AdenoCa
1	145262075	145262076	1	145449458	145449459	+	-	DEL	cna10	minor	sim29	Eso-AdenoCa
1	145449459	145449460	1	148088727	148088728	+	-	DEL	cna11	minor	sim29	Eso-AdenoCa
1	155769501	155769502	1	155810727	155810728	+	-	DEL	cna13	minor	sim29	Eso-AdenoCa
1	156524583	156524584	1	156558381	156558382	-	+	DUP	cna15	major	sim29	Eso-AdenoCa
1	156524583	156524584	1	156558381	156558382	+	-	DEL	cna15	minor	sim29	Eso-AdenoCa
1	156558382	156558383	1	158222645	158222646	-	+	DUP	cna16	major	sim29	Eso-AdenoCa
1	158222646	158222647	1	164433149	164433150	+	-	DEL	cna17	minor	sim29	Eso-AdenoCa
1	168095604	168095605	1	168566713	168566714	-	+	DUP	cna19	major	sim29	Eso-AdenoCa
1	168095604	168095605	1	168566713	168566714	+	-	DEL	cna19	minor	sim29	Eso-AdenoCa
1	168566714	168566715	1	176709543	176709544	-	+	DUP	cna20	major	sim29	Eso-AdenoCa
1	178197137	178197138	1	178446093	178446094	-	+	DUP	cna22	major	sim29	Eso-AdenoCa
1	178446094	178446095	1	179372345	179372346	+	-	DEL	cna23	minor	sim29	Eso-AdenoCa
1	179372346	179372347	1	180191037	180191038	-	+	DUP	cna24	major	sim29	Eso-AdenoCa
1	179372346	179372347	1	180191037	180191038	+	-	DEL	cna24	minor	sim29	Eso-AdenoCa
1	180191038	180191039	1	182239303	182239304	-	+	DUP	cna25	major	sim29	Eso-AdenoCa
1	180191038	180191039	1	182239303	182239304	-	+	DUP	cna25	minor	sim29	Eso-AdenoCa
1	182528847	182528848	1	183539661	183539662	-	+	DUP	cna27	major	sim29	Eso-AdenoCa
1	182528847	182528848	1	183539661	183539662	+	-	DEL	cna27	minor	sim29	Eso-AdenoCa
1	183539662	183539663	1	184864322	184864323	-	+	DUP	cna28	major	sim29	Eso-AdenoCa
1	183539662	183539663	1	184864322	184864323	-	+	DUP	cna28	minor	sim29	Eso-AdenoCa
1	195518000	195518001	1	197647365	197647366	+	+	h2hINV	cna29	minor	sim29	Eso-AdenoCa
1	214559000	214559001	1	214569006	214569007	+	+	h2hINV	cna29	minor	sim29	Eso-AdenoCa
1	221921700	221921701	1	221931708	221931709	-	-	t2tINV	cna29	minor	sim29	Eso-AdenoCa
1	226646400	226646401	1	226656402	226656403	+	+	h2hINV	cna29	minor	sim29	Eso-AdenoCa
1	227123669	227123670	1	227446095	227446096	-	+	DUP	cna30	major	sim29	Eso-AdenoCa
1	227446096	227446097	1	248543087	248543088	+	-	DEL	cna31	minor	sim29	Eso-AdenoCa
1	248543088	248543089	1	248712825	248712826	+	-	DEL	cna32	major	sim29	Eso-AdenoCa
1	248543088	248543089	1	248712825	248712826	+	-	DEL	cna32	minor	sim29	Eso-AdenoCa
1	248712826	248712827	1	248881648	248881649	-	+	DUP	cna33	major	sim29	Eso-AdenoCa
1	248881649	248881650	1	249242207	249242208	-	+	DUP	cna34	major	sim29	Eso-AdenoCa
1	248881649	248881650	1	249242207	249242208	+	-	DEL	cna34	minor	sim29	Eso-AdenoCa
1	249242208	249242209	1	249250621	249250622	+	-	DEL	cna35	minor	sim29	Eso-AdenoCa
2	1	2	2	23310428	23310429	-	+	DUP	cna36	major	sim29	Eso-AdenoCa
2	2420279	2420280	2	4589006	4589007	-	-	t2tINV	cna36	major	sim29	Eso-AdenoCa
2	10216579	10216580	2	11079241	11079242	+	+	h2hINV	cna36	minor	sim29	Eso-AdenoCa
2	17815879	23310428	13	1	26016663	-	+	TRA	cna36,cna170	minor,minor	sim29	Eso-AdenoCa
2	23341498	23341499	2	26736894	26736895	-	+	DUP	cna38	major	sim29	Eso-AdenoCa
2	23341498	23341499	2	26736894	26736895	+	-	DEL	cna38	minor	sim29	Eso-AdenoCa
2	23341498	23421178	14	39150221	41750829	+	-	TRA	cna179,cna38	minor,major	sim29	Eso-AdenoCa
2	26736895	26736896	2	26761310	26761311	-	+	DUP	cna39	major	sim29	Eso-AdenoCa
2	26761311	26761312	2	33256349	33256350	-	+	DUP	cna40	major	sim29	Eso-AdenoCa
2	33256350	33256351	2	33413962	33413963	-	+	DUP	cna41	major	sim29	Eso-AdenoCa
2	33413963	33413964	2	37789247	37789248	-	+	DUP	cna42	major	sim29	Eso-AdenoCa
2	33413963	34668480	9	69133513	120019443	+	-	TRA	cna42,cna124	minor,major	sim29	Eso-AdenoCa
2	37789248	37789249	2	38065996	38065997	-	+	DUP	cna43	major	sim29	Eso-AdenoCa
2	38065997	38065998	2	43884614	43884615	-	+	DUP	cna44	major	sim29	Eso-AdenoCa
2	38065997	38065998	2	43884614	43884615	+	-	DEL	cna44	minor	sim29	Eso-AdenoCa
2	43884615	43884616	2	43893771	43893772	-	+	DUP	cna45	major	sim29	Eso-AdenoCa
2	43884615	43884616	2	43893771	43893772	+	-	DEL	cna45	minor	sim29	Eso-AdenoCa
2	43893772	43893773	2	44240774	44240775	-	+	DUP	cna46	major	sim29	Eso-AdenoCa
2	122931779	122931780	2	131937049	131937050	-	-	t2tINV	cna47	minor	sim29	Eso-AdenoCa
2	124107979	124107980	2	124421835	124421836	-	-	t2tINV	cna47	major	sim29	Eso-AdenoCa
2	137771379	137771380	2	137894042	137894043	-	-	t2tINV	cna47	major	sim29	Eso-AdenoCa
2	158105179	158105180	2	190353486	190353487	-	-	t2tINV	cna49	major	sim29	Eso-AdenoCa
2	187209994	187209995	2	187219156	187219157	+	-	DEL	cna48	minor	sim29	Eso-AdenoCa
2	187219157	238280119	16	15318889	90354753	+	-	TRA	cna194,cna49	minor,major	sim29	Eso-AdenoCa
2	217598279	217598280	2	222695166	222695167	-	-	t2tINV	cna49	major	sim29	Eso-AdenoCa
2	237734216	242808689	8	94154110	139208965	-	-	TRA	cna103,cna49	major,major	sim29	Eso-AdenoCa
2	242808690	242808691	2	243199373	243199374	-	+	DUP	cna50	major	sim29	Eso-AdenoCa
3	11261898	21911824	9	35456888	41350549	-	-	TRA	cna121,cna51	minor,major	sim29	Eso-AdenoCa
3	21911825	21911826	3	29665515	29665516	+	-	DEL	cna52	minor	sim29	Eso-AdenoCa
3	23119106	23119107	3	23311925	23311926	-	-	t2tINV	cna52	major	sim29	Eso-AdenoCa
3	29665516	29665517	3	38720039	38720040	-	+	DUP	cna53	major	sim29	Eso-AdenoCa
3	29665516	29665517	3	38720039	38720040	-	+	DUP	cna53	minor	sim29	Eso-AdenoCa
3	38720040	38720041	3	40516497	40516498	-	+	DUP	cna54	major	sim29	Eso-AdenoCa
3	38720040	38720041	3	40516497	40516498	-	+	DUP	cna54	minor	sim29	Eso-AdenoCa
3	40516498	40516499	3	43888150	43888151	-	+	DUP	cna55	major	sim29	Eso-AdenoCa
3	43040406	43040407	3	84774368	84774369	+	+	h2hINV	cna55	major	sim29	Eso-AdenoCa
3	43888151	43888152	3	47222970	47222971	+	-	DEL	cna56	minor	sim29	Eso-AdenoCa
3	47222971	47222972	3	48659328	48659329	-	+	DUP	cna57	major	sim29	Eso-AdenoCa
3	48659329	48659330	3	185290251	185290252	-	+	DUP	cna58	major	sim29	Eso-AdenoCa
3	48659329	48659330	3	185290251	185290252	-	+	DUP	cna58	minor	sim29	Eso-AdenoCa
3	48659329	117798907	10	101052704	115881717	+	+	TRA	cna58,cna138	minor,major	sim29	Eso-AdenoCa
3	48659329	132006917	16	1	47041590	+	+	TRA	cna194,cna58	minor,major	sim29	Eso-AdenoCa
3	86925106	86925107	3	86935115	86935116	-	-	t2tINV	cna58	minor	sim29	Eso-AdenoCa
3	116045906	116045907	3	135963989	135963990	+	+	h2hINV	cna58	minor	sim29	Eso-AdenoCa
3	135930706	135930707	3	142772131	142772132	+	+	h2hINV	cna58	major	sim29	Eso-AdenoCa
3	185290252	185290253	3	193267667	193267668	+	-	DEL	cna59	minor	sim29	Eso-AdenoCa
3	187686606	187686607	3	187696610	187696611	-	-	t2tINV	cna59	major	sim29	Eso-AdenoCa
3	193267668	193267669	3	198022430	198022431	-	+	DUP	cna60	major	sim29	Eso-AdenoCa
4	26039576	26039577	4	26049586	26049587	-	-	t2tINV	cna61	major	sim29	Eso-AdenoCa
4	58360576	58360577	4	58409072	58409073	+	+	h2hINV	cna61	minor	sim29	Eso-AdenoCa
4	68597876	68597877	4	68607881	68607882	-	-	t2tINV	cna61	major	sim29	Eso-AdenoCa
4	100214173	151795195	19	33708978	59128983	-	-	TRA	cna222,cna61	minor,major	sim29	Eso-AdenoCa
4	151795196	151795197	4	152118218	152118219	-	+	DUP	cna62	major	sim29	Eso-AdenoCa
4	159715558	159715559	4	186052155	186052156	-	+	DUP	cna64	major	sim29	Eso-AdenoCa
4	159715558	159715559	4	186052155	186052156	-	+	DUP	cna64	minor	sim29	Eso-AdenoCa
4	186052156	186052157	4	191154276	191154277	-	+	DUP	cna65	major	sim29	Eso-AdenoCa
5	1	2	5	33515768	33515769	-	+	DUP	cna66	major	sim29	Eso-AdenoCa
5	3353700	3353701	5	12256668	12256669	-	-	t2tINV	cna66	major	sim29	Eso-AdenoCa
5	3615300	3615301	5	3625301	3625302	+	+	h2hINV	cna66	major	sim29	Eso-AdenoCa
5	24096100	24096101	5	24771964	24771965	-	-	t2tINV	cna66	major	sim29	Eso-AdenoCa
5	27453200	27453201	5	44908161	44908162	-	-	t2tINV	cna68	major	sim29	Eso-AdenoCa
5	31539100	31539101	5	31639489	31639490	+	+	h2hINV	cna66	minor	sim29	Eso-AdenoCa
5	33515769	33515770	5	36898043	36898044	+	-	DEL	cna67	minor	sim29	Eso-AdenoCa
5	55469400	77446799	21	1	14177659	-	+	TRA	cna68,cna237	major,minor	sim29	Eso-AdenoCa
5	77446800	77446801	5	96260330	96260331	-	+	DUP	cna69	major	sim29	Eso-AdenoCa
5	77446800	77446801	5	96260330	96260331	+	-	DEL	cna69	minor	sim29	Eso-AdenoCa
5	88718200	88718201	5	88728203	88728204	+	+	h2hINV	cna69	major	sim29	Eso-AdenoCa
5	96260331	96260332	5	103842951	103842952	-	+	DUP	cna70	major	sim29	Eso-AdenoCa
5	103842952	103842953	5	107320682	107320683	-	+	DUP	cna71	major	sim29	Eso-AdenoCa
5	103842952	103842953	5	107320682	107320683	-	+	DUP	cna71	minor	sim29	Eso-AdenoCa
5	107320683	117257301	20	42710656	60793129	+	-	TRA	cna72,cna233	minor,minor	sim29	Eso-AdenoCa
5	134217300	134217301	5	134237294	134237295	+	+	h2hINV	cna72	minor	sim29	Eso-AdenoCa
5	135989707	135989708	5	136066618	136066619	+	-	DEL	cna73	minor	sim29	Eso-AdenoCa
5	136066619	136066620	5	146406759	146406760	-	+	DUP	cna74	major	sim29	Eso-AdenoCa
5	136066619	136066620	5	146406759	146406760	+	-	DEL	cna74	minor	sim29	Eso-AdenoCa
5	146406760	146406761	5	175484149	175484150	-	+	DUP	cna75	major	sim29	Eso-AdenoCa
5	146406760	146406761	5	175484149	175484150	+	-	DEL	cna75	minor	sim29	Eso-AdenoCa
5	162354384	175484149	12	82305414	85065395	-	+	TRA	cna158,cna75	minor,major	sim29	Eso-AdenoCa
5	175484150	175484151	5	175613697	175613698	-	+	DUP	cna76	major	sim29	Eso-AdenoCa
5	175613698	175613699	5	175834404	175834405	-	+	DUP	cna77	major	sim29	Eso-AdenoCa
5	175834405	175834406	5	175861085	175861086	+	-	DEL	cna78	minor	sim29	Eso-AdenoCa
5	176338804	176338805	5	176347682	176347683	+	-	DEL	cna80	minor	sim29	Eso-AdenoCa
5	176347683	176347684	5	177191557	177191558	-	+	DUP	cna81	major	sim29	Eso-AdenoCa
5	176347683	176347684	5	177191557	177191558	+	-	DEL	cna81	minor	sim29	Eso-AdenoCa
5	177191558	177191559	5	180129849	180129850	-	+	DUP	cna82	major	sim29	Eso-AdenoCa
5	177191558	177191559	5	180129849	180129850	-	+	DUP	cna82	minor	sim29	Eso-AdenoCa
5	179086400	179086401	5	179096405	179096406	-	-	t2tINV	cna82	major	sim29	Eso-AdenoCa
5	180129850	180129851	5	180904192	180904193	-	+	DUP	cna83	major	sim29	Eso-AdenoCa
6	24128240	24128241	6	24138242	24138243	+	+	h2hINV	cna85	major	sim29	Eso-AdenoCa
6	30415440	30415441	6	30425447	30425448	-	-	t2tINV	cna85	major	sim29	Eso-AdenoCa
6	32854140	32854141	6	42738998	42738999	-	-	t2tINV	cna85	minor	sim29	Eso-AdenoCa
6	35236440	171032283	13	43227847	50720474	-	-	TRA	cna85,cna170	major,minor	sim29	Eso-AdenoCa
6	72784240	72784241	6	73031572	73031573	-	-	t2tINV	cna85	major	sim29	Eso-AdenoCa
6	78612040	78612041	6	78622054	78622055	-	-	t2tINV	cna85	minor	sim29	Eso-AdenoCa
6	80943040	171032283	11	4727935	18817446	-	-	TRA	cna85,cna141	major,minor	sim29	Eso-AdenoCa
6	81691540	81691541	6	133628196	133628197	+	+	h2hINV	cna85	minor	sim29	Eso-AdenoCa
6	89904540	89904541	6	89914545	89914546	+	+	h2hINV	cna85	minor	sim29	Eso-AdenoCa
6	123252940	123252941	6	123262946	123262947	+	+	h2hINV	cna85	major	sim29	Eso-AdenoCa
6	171032284	171032285	6	171115067	171115068	-	+	DUP	cna86	major	sim29	Eso-AdenoCa
6	171032284	171032285	6	171115067	171115068	+	-	DEL	cna86	minor	sim29	Eso-AdenoCa
7	1320173	1320174	7	39170396	39170397	-	-	t2tINV	cna88	minor	sim29	Eso-AdenoCa
7	38988003	38988004	7	45915696	45915697	-	+	DUP	cna88	major	sim29	Eso-AdenoCa
7	38988003	38988004	7	45915696	45915697	-	+	DUP	cna88	minor	sim29	Eso-AdenoCa
7	38988003	42550374	8	104255230	139208965	+	-	TRA	cna88,cna103	minor,major	sim29	Eso-AdenoCa
7	43955773	43955774	7	52268148	52268149	-	-	t2tINV	cna90	major	sim29	Eso-AdenoCa
7	45915697	45915698	7	52041295	52041296	-	+	DUP	cna89	major	sim29	Eso-AdenoCa
7	52041296	68421074	12	20533065	26605052	+	+	TRA	cna90,cna156	minor,minor	sim29	Eso-AdenoCa
7	70548008	70548009	7	90446546	90446547	-	+	DUP	cna91	major	sim29	Eso-AdenoCa
7	73574373	73574374	7	73604834	73604835	-	-	t2tINV	cna91	major	sim29	Eso-AdenoCa
7	90446547	90446548	7	90623928	90623929	+	-	DEL	cna92	minor	sim29	Eso-AdenoCa
7	90623929	90623930	7	92324696	92324697	-	+	DUP	cna93	major	sim29	Eso-AdenoCa
7	92324697	92324698	7	92855137	92855138	-	+	DUP	cna94	major	sim29	Eso-AdenoCa
7	92324697	92324698	7	92855137	92855138	-	+	DUP	cna94	minor	sim29	Eso-AdenoCa
7	92855138	92855139	7	92971758	92971759	-	+	DUP	cna95	major	sim29	Eso-AdenoCa
7	92971759	92971760	7	101994990	101994991	-	+	DUP	cna96	major	sim29	Eso-AdenoCa
7	92971759	92971760	7	101994990	101994991	+	-	DEL	cna96	minor	sim29	Eso-AdenoCa
7	95108373	95108374	7	119174411	119174412	+	+	h2hINV	cna96	major	sim29	Eso-AdenoCa
7	101994991	101994992	7	103956195	103956196	-	+	DUP	cna97	major	sim29	Eso-AdenoCa
7	103956196	103956197	7	104690902	104690903	+	-	DEL	cna98	minor	sim29	Eso-AdenoCa
7	139440273	139440274	7	145901658	145901659	+	+	h2hINV	cna99	major	sim29	Eso-AdenoCa
8	2797910	2797911	8	2807916	2807917	-	-	t2tINV	cna100	major	sim29	Eso-AdenoCa
8	7458110	7458111	8	7468120	7468121	-	-	t2tINV	cna100	major	sim29	Eso-AdenoCa
8	19003991	19003992	8	23589043	23589044	-	+	DUP	cna101	major	sim29	Eso-AdenoCa
8	19003991	19003992	8	23589043	23589044	-	+	DUP	cna101	minor	sim29	Eso-AdenoCa
8	23206710	23206711	8	23277327	23277328	-	-	t2tINV	cna101	major	sim29	Eso-AdenoCa
8	23589044	23589045	8	23599115	23599116	-	+	DUP	cna102	major	sim29	Eso-AdenoCa
8	49082010	49082011	8	51338846	51338847	+	+	h2hINV	cna103	major	sim29	Eso-AdenoCa
8	51631210	51631211	8	51641217	51641218	-	-	t2tINV	cna103	minor	sim29	Eso-AdenoCa
8	67556810	67556811	8	95661970	95661971	+	+	h2hINV	cna103	major	sim29	Eso-AdenoCa
8	77198810	77198811	8	77494794	77494795	+	+	h2hINV	cna103	major	sim29	Eso-AdenoCa
8	80806010	80806011	8	80816010	80816011	+	+	h2hINV	cna103	minor	sim29	Eso-AdenoCa
8	87875010	87875011	8	87885022	87885023	-	-	t2tINV	cna103	major	sim29	Eso-AdenoCa
8	95884310	95884311	8	99345260	99345261	+	+	h2hINV	cna103	minor	sim29	Eso-AdenoCa
8	110979110	110979111	8	111009380	111009381	-	-	t2tINV	cna103	minor	sim29	Eso-AdenoCa
8	139208966	139208967	8	139279280	139279281	-	+	DUP	cna104	major	sim29	Eso-AdenoCa
8	139279281	139279282	8	139372365	139372366	-	+	DUP	cna105	major	sim29	Eso-AdenoCa
8	139279281	139279282	8	139372365	139372366	+	-	DEL	cna105	minor	sim29	Eso-AdenoCa
8	139372366	139372367	8	139526810	139526811	-	+	DUP	cna106	major	sim29	Eso-AdenoCa
8	139526811	139526812	8	139717109	139717110	-	+	DUP	cna107	major	sim29	Eso-AdenoCa
8	139717110	139717111	8	143150186	143150187	-	+	DUP	cna108	major	sim29	Eso-AdenoCa
8	139717110	139717111	8	143150186	143150187	+	-	DEL	cna108	minor	sim29	Eso-AdenoCa
8	143150187	143150188	8	143633272	143633273	-	+	DUP	cna109	major	sim29	Eso-AdenoCa
8	143150187	143150188	8	143633272	143633273	+	-	DEL	cna109	minor	sim29	Eso-AdenoCa
8	143633273	143633274	8	143792484	143792485	-	+	DUP	cna110	major	sim29	Eso-AdenoCa
8	143633273	143633274	8	143792484	143792485	+	-	DEL	cna110	minor	sim29	Eso-AdenoCa
8	143792485	143792486	8	144016596	144016597	-	+	DUP	cna111	major	sim29	Eso-AdenoCa
8	145153713	145153714	8	145928984	145928985	-	+	DUP	cna113	major	sim29	Eso-AdenoCa
9	1	2	9	8802383	8802384	-	+	DUP	cna115	major	sim29	Eso-AdenoCa
9	2085488	2085489	9	4603524	4603525	-	-	t2tINV	cna115	major	sim29	Eso-AdenoCa
9	4322588	4322589	9	5919687	5919688	-	-	t2tINV	cna115	major	sim29	Eso-AdenoCa
9	8802384	8802385	9	8812872	8812873	-	+	DUP	cna116	major	sim29	Eso-AdenoCa
9	8802384	8802385	9	8812872	8812873	-	+	DUP	cna116	minor	sim29	Eso-AdenoCa
9	21716688	21716689	9	22254207	22254208	+	+	h2hINV	cna117	minor	sim29	Eso-AdenoCa
9	23948253	23948254	9	23996565	23996566	-	+	DUP	cna118	major	sim29	Eso-AdenoCa
9	23996566	23996567	9	24054102	24054103	+	-	DEL	cna119	minor	sim29	Eso-AdenoCa
9	24054103	24054104	9	33916496	33916497	-	+	DUP	cna120	major	sim29	Eso-AdenoCa
9	24054103	24745389	11	24213896	46188633	+	+	TRA	cna120,cna147	major,major	sim29	Eso-AdenoCa
9	33916497	33916498	9	41350549	41350550	-	+	DUP	cna121	major	sim29	Eso-AdenoCa
9	33916497	33916498	9	41350549	41350550	-	+	DUP	cna121	minor	sim29	Eso-AdenoCa
9	43320315	43320316	9	44607955	44607956	-	+	DUP	cna123	major	sim29	Eso-AdenoCa
9	73598588	73598589	9	73618570	73618571	+	+	h2hINV	cna124	minor	sim29	Eso-AdenoCa
9	91781188	91781189	9	91791191	91791192	+	+	h2hINV	cna124	minor	sim29	Eso-AdenoCa
9	120019444	120019445	9	137195661	137195662	-	+	DUP	cna125	major	sim29	Eso-AdenoCa
9	120019444	120019445	9	137195661	137195662	-	+	DUP	cna125	minor	sim29	Eso-AdenoCa
9	139318376	139318377	9	141018787	141018788	-	+	DUP	cna127	major	sim29	Eso-AdenoCa
9	141018788	141018789	9	141213431	141213432	-	+	DUP	cna128	major	sim29	Eso-AdenoCa
9	141018788	141018789	9	141213431	141213432	+	-	DEL	cna128	minor	sim29	Eso-AdenoCa
10	3585157	3585158	10	3595164	3595165	+	+	h2hINV	cna129	minor	sim29	Eso-AdenoCa
10	54911733	54911734	10	57101064	57101065	-	+	DUP	cna130	major	sim29	Eso-AdenoCa
10	54911733	54911734	10	57101064	57101065	-	+	DUP	cna130	minor	sim29	Eso-AdenoCa
10	57101065	57101066	10	57109967	57109968	-	+	DUP	cna131	major	sim29	Eso-AdenoCa
10	57109968	57109969	10	73167298	73167299	-	+	DUP	cna132	major	sim29	Eso-AdenoCa
10	89033019	89033020	10	89340617	89340618	-	+	DUP	cna134	major	sim29	Eso-AdenoCa
10	93178557	93178558	10	94262356	94262357	-	-	t2tINV	cna135	major	sim29	Eso-AdenoCa
10	100639409	100639410	10	100836958	100836959	+	-	DEL	cna136	major	sim29	Eso-AdenoCa
10	100639409	100639410	10	100836958	100836959	+	-	DEL	cna136	minor	sim29	Eso-AdenoCa
10	100836959	100836960	10	101052703	101052704	-	+	DUP	cna137	major	sim29	Eso-AdenoCa
10	101052704	101052705	10	132071877	132071878	+	-	DEL	cna138	minor	sim29	Eso-AdenoCa
11	153410	153411	11	430973	430974	-	-	t2tINV	cna140	minor	sim29	Eso-AdenoCa
11	2115715	2115716	11	18817446	18817447	-	+	DUP	cna141	major	sim29	Eso-AdenoCa
11	16500929	18817446	X	1	31530915	-	+	TRA	cna243,cna141	major,minor	sim29	Eso-AdenoCa
11	18817447	18817448	11	19463882	19463883	-	+	DUP	cna142	major	sim29	Eso-AdenoCa
11	19463883	19463884	11	19473654	19473655	-	+	DUP	cna143	major	sim29	Eso-AdenoCa
11	20433761	20433762	11	21364508	21364509	-	+	DUP	cna145	major	sim29	Eso-AdenoCa
11	20433761	20433762	11	21364508	21364509	-	+	DUP	cna145	minor	sim29	Eso-AdenoCa
11	21364509	21364510	11	24213895	24213896	-	+	DUP	cna146	major	sim29	Eso-AdenoCa
11	21364509	21364510	11	24213895	24213896	-	+	DUP	cna146	minor	sim29	Eso-AdenoCa
11	44102010	44102011	11	44112013	44112014	+	+	h2hINV	cna147	minor	sim29	Eso-AdenoCa
11	71010010	71010011	11	71453395	71453396	+	+	h2hINV	cna147	minor	sim29	Eso-AdenoCa
11	118079807	118079808	11	132096452	132096453	-	+	DUP	cna148	major	sim29	Eso-AdenoCa
11	118079807	118079808	11	132096452	132096453	+	-	DEL	cna148	minor	sim29	Eso-AdenoCa
11	132096453	132096454	11	134996744	134996745	-	+	DUP	cna149	major	sim29	Eso-AdenoCa
11	132096453	132096454	11	134996744	134996745	-	+	DUP	cna149	minor	sim29	Eso-AdenoCa
11	134996745	134996746	11	135006516	135006517	+	-	DEL	cna150	minor	sim29	Eso-AdenoCa
12	8669390	8669391	12	9160856	9160857	+	-	DEL	cna152	minor	sim29	Eso-AdenoCa
12	20177061	20177062	12	20492673	20492674	-	+	DUP	cna154	major	sim29	Eso-AdenoCa
12	20177061	20177062	12	20492673	20492674	-	+	DUP	cna154	minor	sim29	Eso-AdenoCa
12	20492674	20492675	12	20533064	20533065	+	-	DEL	cna155	major	sim29	Eso-AdenoCa
12	20492674	20492675	12	20533064	20533065	+	-	DEL	cna155	minor	sim29	Eso-AdenoCa
12	20758394	20758395	12	49399287	49399288	-	-	t2tINV	cna157	major	sim29	Eso-AdenoCa
12	21755894	21755895	12	22002688	22002689	-	-	t2tINV	cna156	minor	sim29	Eso-AdenoCa
12	31380394	31380395	12	31390403	31390404	-	-	t2tINV	cna156	minor	sim29	Eso-AdenoCa
12	37511833	37511834	12	82305413	82305414	-	+	DUP	cna157	major	sim29	Eso-AdenoCa
12	37511833	37511834	12	82305413	82305414	+	-	DEL	cna157	minor	sim29	Eso-AdenoCa
12	63433294	82305413	21	26644876	28941267	-	-	TRA	cna157,cna237	minor,major	sim29	Eso-AdenoCa
12	68171794	68171795	12	68181803	68181804	-	-	t2tINV	cna157	major	sim29	Eso-AdenoCa
12	84825294	84825295	12	84835299	84835300	-	-	t2tINV	cna158	major	sim29	Eso-AdenoCa
12	95362553	95362554	12	95458986	95458987	-	+	DUP	cna159	major	sim29	Eso-AdenoCa
12	95362553	95362554	12	95458986	95458987	-	+	DUP	cna159	minor	sim29	Eso-AdenoCa
12	96270561	96270562	12	97898386	97898387	-	+	DUP	cna161	major	sim29	Eso-AdenoCa
12	97898387	97898388	12	100093201	100093202	-	+	DUP	cna162	major	sim29	Eso-AdenoCa
12	97898387	97898388	12	100093201	100093202	-	+	DUP	cna162	minor	sim29	Eso-AdenoCa
12	100093202	100093203	12	111187370	111187371	-	+	DUP	cna163	major	sim29	Eso-AdenoCa
12	100093202	100093203	12	111187370	111187371	+	-	DEL	cna163	minor	sim29	Eso-AdenoCa
12	101568094	101568095	12	101578099	101578100	+	+	h2hINV	cna163	major	sim29	Eso-AdenoCa
12	111187371	111187372	12	111391808	111391809	-	+	DUP	cna164	major	sim29	Eso-AdenoCa
12	111391809	111391810	12	111546324	111546325	-	+	DUP	cna165	major	sim29	Eso-AdenoCa
12	111546325	111546326	12	119987677	119987678	-	+	DUP	cna166	major	sim29	Eso-AdenoCa
12	119987678	119987679	12	120231246	120231247	-	+	DUP	cna167	major	sim29	Eso-AdenoCa
12	119987678	119987679	12	120231246	120231247	-	+	DUP	cna167	minor	sim29	Eso-AdenoCa
12	120231247	120231248	12	125496598	125496599	+	-	DEL	cna168	minor	sim29	Eso-AdenoCa
12	126256894	126256895	12	126266903	126266904	-	-	t2tINV	cna169	minor	sim29	Eso-AdenoCa
13	1	2	13	50720474	50720475	+	-	DEL	cna170	minor	sim29	Eso-AdenoCa
13	1	30175300	X	1	38859892	+	+	TRA	cna170,cna243	major,major	sim29	Eso-AdenoCa
13	50720475	50720476	13	115169878	115169879	-	+	DUP	cna171	major	sim29	Eso-AdenoCa
13	50720475	50720476	13	115169878	115169879	+	-	DEL	cna171	minor	sim29	Eso-AdenoCa
13	92267499	92267500	13	104597980	104597981	+	+	h2hINV	cna171	major	sim29	Eso-AdenoCa
13	102234999	102235000	13	105746336	105746337	+	+	h2hINV	cna171	major	sim29	Eso-AdenoCa
14	14175286	14175287	14	32164835	32164836	-	+	DUP	cna173	major	sim29	Eso-AdenoCa
14	14175286	14175287	14	32164835	32164836	+	-	DEL	cna173	minor	sim29	Eso-AdenoCa
14	32164836	32164837	14	34222468	34222469	-	+	DUP	cna174	major	sim29	Eso-AdenoCa
14	32164836	32164837	14	34222468	34222469	+	-	DEL	cna174	minor	sim29	Eso-AdenoCa
14	34222469	34222470	14	35368822	35368823	-	+	DUP	cna175	major	sim29	Eso-AdenoCa
14	34222469	34222470	14	35368822	35368823	-	+	DUP	cna175	minor	sim29	Eso-AdenoCa
14	35368823	35368824	14	36074727	36074728	-	+	DUP	cna176	major	sim29	Eso-AdenoCa
14	36074728	36074729	14	38057397	38057398	+	-	DEL	cna177	major	sim29	Eso-AdenoCa
14	36074728	36074729	14	38057397	38057398	+	-	DEL	cna177	minor	sim29	Eso-AdenoCa
14	38057398	38057399	14	38385851	38385852	+	-	DEL	cna178	minor	sim29	Eso-AdenoCa
14	41750830	41750831	14	42170416	42170417	+	-	DEL	cna180	minor	sim29	Eso-AdenoCa
14	42170417	42170418	14	44166338	44166339	-	+	DUP	cna181	major	sim29	Eso-AdenoCa
14	42170417	42170418	14	44166338	44166339	-	+	DUP	cna181	minor	sim29	Eso-AdenoCa
14	44166339	44166340	14	55873821	55873822	-	+	DUP	cna182	major	sim29	Eso-AdenoCa
14	44166339	44166340	14	55873821	55873822	-	+	DUP	cna182	minor	sim29	Eso-AdenoCa
14	55873822	55873823	14	55916554	55916555	+	-	DEL	cna183	minor	sim29	Eso-AdenoCa
14	55916555	55916556	14	59233681	59233682	-	+	DUP	cna184	major	sim29	Eso-AdenoCa
14	55916555	55916556	14	59233681	59233682	+	-	DEL	cna184	minor	sim29	Eso-AdenoCa
14	59233682	59233683	14	103749999	103750000	-	+	DUP	cna185	major	sim29	Eso-AdenoCa
14	59233682	59233683	14	103749999	103750000	-	+	DUP	cna185	minor	sim29	Eso-AdenoCa
14	61913521	61913522	14	64169245	64169246	+	+	h2hINV	cna185	minor	sim29	Eso-AdenoCa
14	74649721	74649722	14	74659722	74659723	+	+	h2hINV	cna185	major	sim29	Eso-AdenoCa
14	76642421	76642422	14	76652427	76652428	-	-	t2tINV	cna185	major	sim29	Eso-AdenoCa
14	92086121	92086122	14	99622025	99622026	+	+	h2hINV	cna185	minor	sim29	Eso-AdenoCa
14	103750000	103750001	14	103954837	103954838	-	+	DUP	cna186	major	sim29	Eso-AdenoCa
14	106977450	106977451	14	107243439	107243440	-	+	DUP	cna188	major	sim29	Eso-AdenoCa
14	107243440	107243441	14	107349540	107349541	-	+	DUP	cna189	major	sim29	Eso-AdenoCa
14	107243440	107243441	14	107349540	107349541	-	+	DUP	cna189	minor	sim29	Eso-AdenoCa
15	95237023	95237024	15	98594217	98594218	+	-	DEL	cna191	minor	sim29	Eso-AdenoCa
15	99336607	99336608	15	102531392	102531393	-	+	DUP	cna193	major	sim29	Eso-AdenoCa
16	79388089	79388090	16	79398097	79398098	+	+	h2hINV	cna194	major	sim29	Eso-AdenoCa
17	1	2	17	9287919	9287920	+	-	DEL	cna195	minor	sim29	Eso-AdenoCa
17	6995336	6995337	17	7005348	7005349	-	-	t2tINV	cna195	major	sim29	Eso-AdenoCa
17	9287920	9287921	17	10148252	10148253	-	+	DUP	cna196	major	sim29	Eso-AdenoCa
17	13275566	13275567	17	44579839	44579840	-	+	DUP	cna198	major	sim29	Eso-AdenoCa
17	13275566	13275567	17	44579839	44579840	-	+	DUP	cna198	minor	sim29	Eso-AdenoCa
17	26803736	26803737	17	26813739	26813740	-	-	t2tINV	cna198	major	sim29	Eso-AdenoCa
17	37145836	44579839	20	29341422	46546015	-	+	TRA	cna198,cna233	major,major	sim29	Eso-AdenoCa
17	38464036	38464037	17	38474043	38474044	-	-	t2tINV	cna198	major	sim29	Eso-AdenoCa
17	42493436	42493437	17	68458475	68458476	-	-	t2tINV	cna203	major	sim29	Eso-AdenoCa
17	46485871	46485872	17	47272348	47272349	+	-	DEL	cna200	minor	sim29	Eso-AdenoCa
17	47272349	47272350	17	47417522	47417523	-	+	DUP	cna201	major	sim29	Eso-AdenoCa
17	47417523	47417524	17	47598777	47598778	-	+	DUP	cna202	major	sim29	Eso-AdenoCa
17	47598778	47598779	17	71906971	71906972	-	+	DUP	cna203	major	sim29	Eso-AdenoCa
17	58504736	58504737	17	58609785	58609786	+	+	h2hINV	cna203	minor	sim29	Eso-AdenoCa
17	71906972	71906973	17	71916111	71916112	-	+	DUP	cna204	major	sim29	Eso-AdenoCa
17	71906972	71906973	17	71916111	71916112	-	+	DUP	cna204	minor	sim29	Eso-AdenoCa
17	71916112	71916113	17	73405445	73405446	-	+	DUP	cna205	major	sim29	Eso-AdenoCa
17	73405446	73405447	17	73645411	73645412	+	-	DEL	cna206	minor	sim29	Eso-AdenoCa
17	73645412	73645413	17	73824553	73824554	-	+	DUP	cna207	major	sim29	Eso-AdenoCa
17	75752022	75752023	17	78926196	78926197	-	+	DUP	cna209	major	sim29	Eso-AdenoCa
17	78926197	78926198	17	81195210	81195211	-	+	DUP	cna210	major	sim29	Eso-AdenoCa
17	78926197	78926198	17	81195210	81195211	-	+	DUP	cna210	minor	sim29	Eso-AdenoCa
18	3950184	3950185	18	3988378	3988379	-	+	DUP	cna212	major	sim29	Eso-AdenoCa
18	3998711	3998712	18	4325342	4325343	-	+	DUP	cna214	major	sim29	Eso-AdenoCa
18	3998711	3998712	18	4325342	4325343	-	+	DUP	cna214	minor	sim29	Eso-AdenoCa
18	4380368	4380369	18	6306856	6306857	-	+	DUP	cna216	major	sim29	Eso-AdenoCa
18	7655826	7655827	18	7665835	7665836	+	+	h2hINV	cna217	minor	sim29	Eso-AdenoCa
18	27817126	27817127	18	37049088	37049089	-	-	t2tINV	cna217	major	sim29	Eso-AdenoCa
18	57579412	57579413	18	57588045	57588046	-	+	DUP	cna218	major	sim29	Eso-AdenoCa
18	57588046	57588047	18	60279940	60279941	-	+	DUP	cna219	major	sim29	Eso-AdenoCa
18	57588046	57588047	18	60279940	60279941	+	-	DEL	cna219	minor	sim29	Eso-AdenoCa
18	77888096	77888097	18	78077248	78077249	-	+	DUP	cna221	major	sim29	Eso-AdenoCa
19	19447778	19447779	19	19457782	19457783	-	-	t2tINV	cna222	major	sim29	Eso-AdenoCa
19	23574778	23574779	19	23605312	23605313	-	-	t2tINV	cna222	minor	sim29	Eso-AdenoCa
19	31554378	31554379	19	43550298	43550299	-	-	t2tINV	cna222	major	sim29	Eso-AdenoCa
20	4468395	4468396	20	4478414	4478415	+	+	h2hINV	cna223	major	sim29	Eso-AdenoCa
20	24948195	24948196	20	25010001	25010002	+	-	DEL	cna224	major	sim29	Eso-AdenoCa
20	24948195	24948196	20	25010001	25010002	+	-	DEL	cna224	minor	sim29	Eso-AdenoCa
20	25010002	25010003	20	25599087	25599088	-	+	DUP	cna225	major	sim29	Eso-AdenoCa
20	25599088	25599089	20	25608945	25608946	-	+	DUP	cna226	major	sim29	Eso-AdenoCa
20	25608946	25608947	20	25988661	25988662	-	+	DUP	cna227	major	sim29	Eso-AdenoCa
20	25608946	25608947	20	25988661	25988662	-	+	DUP	cna227	minor	sim29	Eso-AdenoCa
20	25988662	25988663	20	26044191	26044192	+	-	DEL	cna228	minor	sim29	Eso-AdenoCa
20	26044192	26044193	20	27582251	27582252	-	+	DUP	cna229	major	sim29	Eso-AdenoCa
20	27582252	27582253	20	27726078	27726079	+	-	DEL	cna230	major	sim29	Eso-AdenoCa
20	27582252	27582253	20	27726078	27726079	+	-	DEL	cna230	minor	sim29	Eso-AdenoCa
20	27726079	27726080	20	28881686	28881687	-	+	DUP	cna231	major	sim29	Eso-AdenoCa
20	27726079	27726080	20	28881686	28881687	+	-	DEL	cna231	minor	sim29	Eso-AdenoCa
20	29341422	29341423	20	60793129	60793130	-	+	DUP	cna233	major	sim29	Eso-AdenoCa
20	29341422	29341423	20	60793129	60793130	-	+	DUP	cna233	minor	sim29	Eso-AdenoCa
20	36553495	36553496	20	46510857	46510858	+	+	h2hINV	cna233	major	sim29	Eso-AdenoCa
20	60793130	60793131	20	60983682	60983683	-	+	DUP	cna234	major	sim29	Eso-AdenoCa
20	60793130	60793131	20	60983682	60983683	-	+	DUP	cna234	minor	sim29	Eso-AdenoCa
20	60983683	60983684	20	61211450	61211451	+	-	DEL	cna235	minor	sim29	Eso-AdenoCa
21	1	2	21	28941267	28941268	+	-	DEL	cna237	minor	sim29	Eso-AdenoCa
21	32331413	32331414	21	32342182	32342183	+	-	DEL	cna239	minor	sim29	Eso-AdenoCa
21	32342183	32342184	21	47963756	47963757	-	+	DUP	cna240	major	sim29	Eso-AdenoCa
21	32342183	32342184	21	47963756	47963757	+	-	DEL	cna240	minor	sim29	Eso-AdenoCa
21	38057975	47963756	X	76793925	106515167	-	+	TRA	cna240,cna245	major,major	sim29	Eso-AdenoCa
21	47963757	47963758	21	48129895	48129896	-	+	DUP	cna241	major	sim29	Eso-AdenoCa
22	1	2	22	51304566	51304567	+	-	DEL	cna242	minor	sim29	Eso-AdenoCa
22	21504580	21504581	22	27129930	27129931	+	+	h2hINV	cna242	major	sim29	Eso-AdenoCa
22	22633780	22633781	22	27859091	27859092	-	-	t2tINV	cna242	major	sim29	Eso-AdenoCa
X	4273014	4273015	X	4283051	4283052	+	+	h2hINV	cna243	major	sim29	Eso-AdenoCa
X	21471014	21471015	X	21481019	21481020	-	-	t2tINV	cna243	major	sim29	Eso-AdenoCa
X	32635714	32635715	X	37131152	37131153	-	-	t2tINV	cna243	minor	sim29	Eso-AdenoCa
X	46225614	46225615	X	64302212	64302213	+	+	h2hINV	cna243	major	sim29	Eso-AdenoCa
X	54009550	54009551	X	76793924	76793925	-	+	DUP	cna244	major	sim29	Eso-AdenoCa
X	54009550	54009551	X	76793924	76793925	+	-	DEL	cna244	minor	sim29	Eso-AdenoCa
X	95612114	95612115	X	149046192	149046193	-	-	t2tINV	cna245	major	sim29	Eso-AdenoCa
X	155040478	155040479	X	155270560	155270561	+	-	DEL	cna246	minor	sim29	Eso-AdenoCa
