chrom1	start1	end1	chrom2	start2	end2	strand1	strand2	svclass	id	allele	donor_id	tumor
1	19717400	19717401	1	31709989	31709990	-	-	t2tINV	cna0	major	sim51	Eso-AdenoCa
1	49085600	49085601	1	102152843	102152844	-	-	t2tINV	cna0	minor	sim51	Eso-AdenoCa
1	86225500	86225501	1	106046638	106046639	-	-	t2tINV	cna0	major	sim51	Eso-AdenoCa
1	145660800	145660801	1	145670850	145670851	-	-	t2tINV	cna0	major	sim51	Eso-AdenoCa
1	238435300	238435301	1	238445308	238445309	-	-	t2tINV	cna0	major	sim51	Eso-AdenoCa
1	239380500	239380501	1	240615014	240615015	-	-	t2tINV	cna0	minor	sim51	Eso-AdenoCa
1	243626341	243626342	1	248386996	248386997	-	+	DUP	cna1	major	sim51	Eso-AdenoCa
1	243626341	243626342	1	248386996	248386997	-	+	DUP	cna1	minor	sim51	Eso-AdenoCa
1	248386997	248386998	1	249250621	249250622	-	+	DUP	cna2	major	sim51	Eso-AdenoCa
2	18010379	18010380	2	18020384	18020385	-	-	t2tINV	cna3	major	sim51	Eso-AdenoCa
2	32715812	32715813	2	51575639	51575640	-	+	DUP	cna4	major	sim51	Eso-AdenoCa
2	32715812	32715813	2	51575639	51575640	-	+	DUP	cna4	minor	sim51	Eso-AdenoCa
2	51575640	51575641	2	81891092	81891093	-	+	DUP	cna5	major	sim51	Eso-AdenoCa
2	69347979	69347980	2	71791735	71791736	-	-	t2tINV	cna5	major	sim51	Eso-AdenoCa
2	84897179	120546273	11	54914118	91437609	-	-	TRA	cna6,cna38	major,major	sim51	Eso-AdenoCa
2	96374779	96374780	2	96384786	96384787	-	-	t2tINV	cna6	major	sim51	Eso-AdenoCa
2	120546274	120546275	2	140980103	140980104	+	-	DEL	cna7	minor	sim51	Eso-AdenoCa
2	140980104	140980105	2	243199373	243199374	-	+	DUP	cna8	major	sim51	Eso-AdenoCa
3	12568106	12568107	3	12588153	12588154	+	+	h2hINV	cna9	major	sim51	Eso-AdenoCa
3	20327803	20327804	3	53518187	53518188	-	+	DUP	cna10	major	sim51	Eso-AdenoCa
3	32415006	32415007	3	32425014	32425015	-	-	t2tINV	cna10	major	sim51	Eso-AdenoCa
3	68706906	99359310	18	67599903	78077248	-	-	TRA	cna11,cna80	minor,major	sim51	Eso-AdenoCa
3	99359311	99359312	3	109086934	109086935	-	+	DUP	cna12	major	sim51	Eso-AdenoCa
3	99359311	99359312	3	109086934	109086935	+	-	DEL	cna12	minor	sim51	Eso-AdenoCa
3	109086935	109086936	3	109150534	109150535	-	+	DUP	cna13	major	sim51	Eso-AdenoCa
3	109086935	109086936	3	109150534	109150535	+	-	DEL	cna13	minor	sim51	Eso-AdenoCa
3	109241265	109241266	3	163488323	163488324	-	+	DUP	cna15	major	sim51	Eso-AdenoCa
3	114162906	114162907	3	115367351	115367352	+	+	h2hINV	cna15	major	sim51	Eso-AdenoCa
3	164449406	164449407	3	175923125	175923126	-	-	t2tINV	cna17	minor	sim51	Eso-AdenoCa
3	168242746	168242747	3	196703131	196703132	-	+	DUP	cna17	major	sim51	Eso-AdenoCa
3	168242746	168242747	3	196703131	196703132	-	+	DUP	cna17	minor	sim51	Eso-AdenoCa
3	187744806	187744807	3	187774952	187774953	-	-	t2tINV	cna17	minor	sim51	Eso-AdenoCa
4	36550076	36550077	4	36570173	36570174	+	+	h2hINV	cna19	major	sim51	Eso-AdenoCa
4	69146915	69146916	4	190240949	190240950	-	+	DUP	cna20	major	sim51	Eso-AdenoCa
4	69146915	69146916	4	190240949	190240950	-	+	DUP	cna20	minor	sim51	Eso-AdenoCa
4	87191076	87191077	4	87201083	87201084	-	-	t2tINV	cna20	minor	sim51	Eso-AdenoCa
4	175671376	175671377	4	175681385	175681386	-	-	t2tINV	cna20	minor	sim51	Eso-AdenoCa
4	190240950	190240951	4	191154276	191154277	-	+	DUP	cna21	major	sim51	Eso-AdenoCa
4	190240950	190240951	4	191154276	191154277	+	-	DEL	cna21	minor	sim51	Eso-AdenoCa
5	1	2	5	58822952	58822953	-	+	DUP	cna22	major	sim51	Eso-AdenoCa
5	54360500	54360501	5	80973817	80973818	-	-	t2tINV	cna23	major	sim51	Eso-AdenoCa
5	92139900	92139901	5	93043617	93043618	-	-	t2tINV	cna23	major	sim51	Eso-AdenoCa
5	153490600	153490601	5	153520979	153520980	-	-	t2tINV	cna23	major	sim51	Eso-AdenoCa
6	1	2	6	136221464	136221465	-	+	DUP	cna24	major	sim51	Eso-AdenoCa
6	54033540	54033541	6	54253589	54253590	-	-	t2tINV	cna24	minor	sim51	Eso-AdenoCa
6	136221465	136221466	6	136750589	136750590	+	-	DEL	cna25	minor	sim51	Eso-AdenoCa
6	136750590	136750591	6	136761727	136761728	-	+	DUP	cna26	major	sim51	Eso-AdenoCa
6	136750590	136750591	6	136761727	136761728	-	+	DUP	cna26	minor	sim51	Eso-AdenoCa
6	138654640	138654641	6	138744038	138744039	-	-	t2tINV	cna27	major	sim51	Eso-AdenoCa
6	141954829	141954830	6	153977524	153977525	-	+	DUP	cna28	major	sim51	Eso-AdenoCa
6	141954829	141954830	6	153977524	153977525	+	-	DEL	cna28	minor	sim51	Eso-AdenoCa
6	153977525	153977526	6	171115067	171115068	-	+	DUP	cna29	major	sim51	Eso-AdenoCa
7	1	2	7	68228105	68228106	-	+	DUP	cna30	major	sim51	Eso-AdenoCa
7	1	2	7	68228105	68228106	-	+	DUP	cna30	minor	sim51	Eso-AdenoCa
7	54445573	54445574	7	57433139	57433140	-	-	t2tINV	cna30	major	sim51	Eso-AdenoCa
7	68228106	68228107	7	159138663	159138664	-	+	DUP	cna31	major	sim51	Eso-AdenoCa
7	68228106	68228107	7	159138663	159138664	-	+	DUP	cna31	minor	sim51	Eso-AdenoCa
8	145503909	145503910	8	146364022	146364023	+	-	DEL	cna33	minor	sim51	Eso-AdenoCa
9	19289988	141213431	13	104044393	115169878	-	-	TRA	cna34,cna55	major,minor	sim51	Eso-AdenoCa
9	108222788	141213431	13	111107695	115169878	-	-	TRA	cna34,cna55	major,major	sim51	Eso-AdenoCa
9	119894588	119894589	9	120176903	120176904	-	-	t2tINV	cna34	major	sim51	Eso-AdenoCa
9	139228188	139228189	9	139339649	139339650	+	+	h2hINV	cna34	major	sim51	Eso-AdenoCa
10	1	2	10	37264785	37264786	-	+	DUP	cna35	major	sim51	Eso-AdenoCa
10	1	2	10	37264785	37264786	-	+	DUP	cna35	minor	sim51	Eso-AdenoCa
10	37264786	37264787	10	47370256	47370257	-	+	DUP	cna36	major	sim51	Eso-AdenoCa
10	37264786	37264787	10	47370256	47370257	-	+	DUP	cna36	minor	sim51	Eso-AdenoCa
10	86286757	86286758	10	96279212	96279213	-	-	t2tINV	cna37	major	sim51	Eso-AdenoCa
10	101348557	101348558	10	112337747	112337748	+	+	h2hINV	cna37	minor	sim51	Eso-AdenoCa
10	101616157	101616158	10	130799119	130799120	-	-	t2tINV	cna37	minor	sim51	Eso-AdenoCa
11	34441310	34441311	11	34451320	34451321	-	-	t2tINV	cna38	minor	sim51	Eso-AdenoCa
11	79286710	91437609	17	44240661	53035580	-	-	TRA	cna38,cna73	minor,major	sim51	Eso-AdenoCa
11	91437610	91437611	11	113843332	113843333	-	+	DUP	cna39	major	sim51	Eso-AdenoCa
11	91437610	91437611	11	113843332	113843333	-	+	DUP	cna39	minor	sim51	Eso-AdenoCa
11	117105267	117105268	11	117903652	117903653	-	+	DUP	cna41	major	sim51	Eso-AdenoCa
11	117903653	117903654	11	135006516	135006517	-	+	DUP	cna42	major	sim51	Eso-AdenoCa
12	1	2	12	48275990	48275991	+	-	DEL	cna43	minor	sim51	Eso-AdenoCa
12	48334996	48334997	12	82062329	82062330	+	-	DEL	cna45	minor	sim51	Eso-AdenoCa
12	82062330	82062331	12	82122036	82122037	-	+	DUP	cna46	major	sim51	Eso-AdenoCa
12	91008594	91008595	12	98102124	98102125	-	-	t2tINV	cna47	minor	sim51	Eso-AdenoCa
12	125571894	125571895	12	125602322	125602323	-	-	t2tINV	cna47	major	sim51	Eso-AdenoCa
12	133188945	133188946	12	133851895	133851896	-	+	DUP	cna48	major	sim51	Eso-AdenoCa
13	30834799	30834800	13	34545099	34545100	-	-	t2tINV	cna49	minor	sim51	Eso-AdenoCa
13	37677544	37677545	13	38227705	38227706	-	+	DUP	cna50	major	sim51	Eso-AdenoCa
13	38227706	38227707	13	45332458	45332459	+	-	DEL	cna51	minor	sim51	Eso-AdenoCa
13	84641271	84641272	13	91067959	91067960	-	+	DUP	cna53	major	sim51	Eso-AdenoCa
13	91067960	91067961	13	92147490	92147491	-	+	DUP	cna54	major	sim51	Eso-AdenoCa
13	92147491	92147492	13	115169878	115169879	-	+	DUP	cna55	major	sim51	Eso-AdenoCa
14	1	2	14	1731297	1731298	-	+	DUP	cna56	major	sim51	Eso-AdenoCa
14	1	2	14	1731297	1731298	+	-	DEL	cna56	minor	sim51	Eso-AdenoCa
14	1731298	1731299	14	47350646	47350647	-	+	DUP	cna57	major	sim51	Eso-AdenoCa
14	47360905	47360906	14	48127665	48127666	-	+	DUP	cna59	major	sim51	Eso-AdenoCa
15	1	2	15	102531392	102531393	+	-	DEL	cna61	minor	sim51	Eso-AdenoCa
15	1	81029382	X	46028439	101623961	+	+	TRA	cna61,cna91	major,major	sim51	Eso-AdenoCa
15	56603281	56603282	15	58558612	58558613	-	-	t2tINV	cna61	major	sim51	Eso-AdenoCa
16	1	2	16	74316723	74316724	+	-	DEL	cna62	minor	sim51	Eso-AdenoCa
16	67064089	74316723	21	8712150	48129895	-	-	TRA	cna62,cna88	minor,major	sim51	Eso-AdenoCa
16	75641128	75641129	16	75774596	75774597	-	+	DUP	cna64	major	sim51	Eso-AdenoCa
16	75641128	75641129	16	75774596	75774597	+	-	DEL	cna64	minor	sim51	Eso-AdenoCa
16	75774597	75774598	16	75851533	75851534	+	-	DEL	cna65	minor	sim51	Eso-AdenoCa
16	86423456	86423457	16	86672235	86672236	+	-	DEL	cna67	minor	sim51	Eso-AdenoCa
16	88784791	88784792	16	90294590	90294591	-	+	DUP	cna69	major	sim51	Eso-AdenoCa
16	88784791	88784792	16	90294590	90294591	-	+	DUP	cna69	minor	sim51	Eso-AdenoCa
17	13449451	13449452	17	14082571	14082572	-	+	DUP	cna72	major	sim51	Eso-AdenoCa
17	13449451	13449452	17	14082571	14082572	-	+	DUP	cna72	minor	sim51	Eso-AdenoCa
17	14082572	14082573	17	53035580	53035581	-	+	DUP	cna73	major	sim51	Eso-AdenoCa
17	14082572	14082573	17	53035580	53035581	-	+	DUP	cna73	minor	sim51	Eso-AdenoCa
17	53035581	53035582	17	80099473	80099474	-	+	DUP	cna74	major	sim51	Eso-AdenoCa
17	53035581	53035582	17	80099473	80099474	-	+	DUP	cna74	minor	sim51	Eso-AdenoCa
17	80099474	80099475	17	81195210	81195211	-	+	DUP	cna75	major	sim51	Eso-AdenoCa
17	80099474	80099475	17	81195210	81195211	-	+	DUP	cna75	minor	sim51	Eso-AdenoCa
18	19013110	19013111	18	19562073	19562074	+	-	DEL	cna77	minor	sim51	Eso-AdenoCa
18	19562074	19562075	18	25432474	25432475	-	+	DUP	cna78	major	sim51	Eso-AdenoCa
18	25432475	25432476	18	29764655	29764656	-	+	DUP	cna79	major	sim51	Eso-AdenoCa
18	29764656	29764657	18	78077248	78077249	-	+	DUP	cna80	major	sim51	Eso-AdenoCa
19	1	2	19	1179597	1179598	-	+	DUP	cna81	major	sim51	Eso-AdenoCa
19	51070744	51070745	19	51163285	51163286	-	+	DUP	cna83	major	sim51	Eso-AdenoCa
19	51070744	51070745	19	51163285	51163286	-	+	DUP	cna83	minor	sim51	Eso-AdenoCa
19	51163286	51163287	19	59128983	59128984	+	-	DEL	cna84	minor	sim51	Eso-AdenoCa
20	57205546	57205547	20	62714355	62714356	-	+	DUP	cna86	major	sim51	Eso-AdenoCa
21	1	2	21	48129895	48129896	-	+	DUP	cna88	major	sim51	Eso-AdenoCa
21	23436075	23436076	21	23446080	23446081	-	-	t2tINV	cna88	major	sim51	Eso-AdenoCa
22	1	2	22	51304566	51304567	-	+	DUP	cna89	major	sim51	Eso-AdenoCa
X	1	2	X	46028438	46028439	-	+	DUP	cna90	major	sim51	Eso-AdenoCa
X	21590414	21590415	X	23507526	23507527	+	+	h2hINV	cna90	major	sim51	Eso-AdenoCa
X	146248511	146248512	X	155270560	155270561	-	+	DUP	cna92	major	sim51	Eso-AdenoCa
X	146248511	146248512	X	155270560	155270561	-	+	DUP	cna92	minor	sim51	Eso-AdenoCa
Y	1	2	Y	59373566	59373567	-	+	DUP	cna93	major	sim51	Eso-AdenoCa
