chrom1	start1	end1	chrom2	start2	end2	strand1	strand2	svclass	id	allele	donor_id	tumor
1	1	2	1	106081	106082	+	-	DEL	cna0	minor	sim93	Eso-AdenoCa
1	106082	106083	1	340914	340915	-	+	DUP	cna1	major	sim93	Eso-AdenoCa
1	340915	340916	1	1755020	1755021	+	-	DEL	cna2	minor	sim93	Eso-AdenoCa
1	1755021	1755022	1	2025838	2025839	-	+	DUP	cna3	major	sim93	Eso-AdenoCa
1	1755021	1755022	1	2025838	2025839	+	-	DEL	cna3	minor	sim93	Eso-AdenoCa
1	2025839	2025840	1	2083135	2083136	-	+	DUP	cna4	major	sim93	Eso-AdenoCa
1	2025839	2025840	1	2083135	2083136	-	+	DUP	cna4	minor	sim93	Eso-AdenoCa
1	2083136	2083137	1	2528433	2528434	-	+	DUP	cna5	major	sim93	Eso-AdenoCa
1	2528434	2528435	1	3947635	3947636	+	-	DEL	cna6	minor	sim93	Eso-AdenoCa
1	3947636	3947637	1	3971308	3971309	-	+	DUP	cna7	major	sim93	Eso-AdenoCa
1	3971309	3971310	1	4550118	4550119	-	+	DUP	cna8	major	sim93	Eso-AdenoCa
1	3971309	3971310	1	4550118	4550119	+	-	DEL	cna8	minor	sim93	Eso-AdenoCa
1	4550119	4550120	1	53952344	53952345	-	+	DUP	cna9	major	sim93	Eso-AdenoCa
1	39237500	39237501	1	60885532	60885533	-	-	t2tINV	cna12	minor	sim93	Eso-AdenoCa
1	53952345	53952346	1	57364003	57364004	-	+	DUP	cna10	major	sim93	Eso-AdenoCa
1	53952345	53952346	1	57364003	57364004	-	+	DUP	cna10	minor	sim93	Eso-AdenoCa
1	57364004	57364005	1	57692582	57692583	+	-	DEL	cna11	minor	sim93	Eso-AdenoCa
1	57692583	57692584	1	62865768	62865769	-	+	DUP	cna12	major	sim93	Eso-AdenoCa
1	57692583	57692584	1	62865768	62865769	-	+	DUP	cna12	minor	sim93	Eso-AdenoCa
1	62865769	62865770	1	63226143	63226144	-	+	DUP	cna13	major	sim93	Eso-AdenoCa
1	62865769	62865770	1	63226143	63226144	+	-	DEL	cna13	minor	sim93	Eso-AdenoCa
1	63226144	63226145	1	63237945	63237946	+	-	DEL	cna14	minor	sim93	Eso-AdenoCa
1	63237946	63237947	1	78926734	78926735	-	+	DUP	cna15	major	sim93	Eso-AdenoCa
1	73302200	73302201	1	73322316	73322317	-	-	t2tINV	cna15	major	sim93	Eso-AdenoCa
1	78926735	78926736	1	125071554	125071555	-	+	DUP	cna16	major	sim93	Eso-AdenoCa
1	78926735	78926736	1	125071554	125071555	-	+	DUP	cna16	minor	sim93	Eso-AdenoCa
1	125071555	125071556	1	176978256	176978257	-	+	DUP	cna17	major	sim93	Eso-AdenoCa
1	125071555	125071556	1	176978256	176978257	+	-	DEL	cna17	minor	sim93	Eso-AdenoCa
1	125071555	151205497	20	40183881	45473696	+	+	TRA	cna166,cna17	major,minor	sim93	Eso-AdenoCa
1	145012200	145012201	1	152456713	152456714	+	+	h2hINV	cna17	major	sim93	Eso-AdenoCa
1	159241100	159241101	1	168546182	168546183	+	+	h2hINV	cna17	major	sim93	Eso-AdenoCa
1	176978257	176978258	1	177158761	177158762	+	-	DEL	cna18	major	sim93	Eso-AdenoCa
1	176978257	176978258	1	177158761	177158762	+	-	DEL	cna18	minor	sim93	Eso-AdenoCa
1	177158762	177158763	1	178839082	178839083	-	+	DUP	cna19	major	sim93	Eso-AdenoCa
1	177158762	177158763	1	178839082	178839083	+	-	DEL	cna19	minor	sim93	Eso-AdenoCa
1	178839083	178839084	1	184094168	184094169	-	+	DUP	cna20	major	sim93	Eso-AdenoCa
1	178839083	178839084	1	184094168	184094169	+	-	DEL	cna20	minor	sim93	Eso-AdenoCa
1	184094169	184094170	1	184197696	184197697	-	+	DUP	cna21	major	sim93	Eso-AdenoCa
1	184197697	184197698	1	234188983	234188984	-	+	DUP	cna22	major	sim93	Eso-AdenoCa
1	184197697	184197698	1	234188983	234188984	+	-	DEL	cna22	minor	sim93	Eso-AdenoCa
1	234188984	234188985	1	234212568	234212569	-	+	DUP	cna23	major	sim93	Eso-AdenoCa
1	234212569	234212570	1	249250621	249250622	+	-	DEL	cna24	minor	sim93	Eso-AdenoCa
1	237731300	237731301	1	248376972	248376973	+	+	h2hINV	cna24	major	sim93	Eso-AdenoCa
2	1	2	2	50062486	50062487	-	+	DUP	cna25	major	sim93	Eso-AdenoCa
2	1	2	2	50062486	50062487	-	+	DUP	cna25	minor	sim93	Eso-AdenoCa
2	1	39313580	3	57535236	58370866	+	+	TRA	cna25,cna32	minor,minor	sim93	Eso-AdenoCa
2	24293179	24293180	2	27189758	27189759	+	+	h2hINV	cna25	major	sim93	Eso-AdenoCa
2	46845679	46845680	2	143289918	143289919	-	-	t2tINV	cna28	major	sim93	Eso-AdenoCa
2	50062487	50062488	2	91864862	91864863	-	+	DUP	cna26	major	sim93	Eso-AdenoCa
2	91864863	91864864	2	94258673	94258674	-	+	DUP	cna27	major	sim93	Eso-AdenoCa
2	91864863	91864864	2	94258673	94258674	-	+	DUP	cna27	minor	sim93	Eso-AdenoCa
2	94258674	94258675	2	195031399	195031400	-	+	DUP	cna28	major	sim93	Eso-AdenoCa
2	94258674	94258675	2	195031399	195031400	+	-	DEL	cna28	minor	sim93	Eso-AdenoCa
2	195031400	195031401	2	242341631	242341632	-	+	DUP	cna29	major	sim93	Eso-AdenoCa
2	228682979	228682980	2	233066811	233066812	+	+	h2hINV	cna29	major	sim93	Eso-AdenoCa
2	242341632	242341633	2	243199373	243199374	-	+	DUP	cna30	major	sim93	Eso-AdenoCa
2	242341632	242341633	2	243199373	243199374	-	+	DUP	cna30	minor	sim93	Eso-AdenoCa
3	1	2	3	57535235	57535236	-	+	DUP	cna31	major	sim93	Eso-AdenoCa
3	6759506	6759507	3	16779008	16779009	-	-	t2tINV	cna31	minor	sim93	Eso-AdenoCa
3	49619406	49619407	3	56712888	56712889	-	-	t2tINV	cna31	minor	sim93	Eso-AdenoCa
3	57535236	57535237	3	63659402	63659403	-	+	DUP	cna32	major	sim93	Eso-AdenoCa
3	63659403	63659404	3	71036642	71036643	-	+	DUP	cna33	major	sim93	Eso-AdenoCa
3	63659403	63659404	3	71036642	71036643	+	-	DEL	cna33	minor	sim93	Eso-AdenoCa
3	71036643	71036644	3	88126684	88126685	-	+	DUP	cna34	major	sim93	Eso-AdenoCa
3	74485306	88126684	4	153412318	191136469	-	-	TRA	cna34,cna42	minor,major	sim93	Eso-AdenoCa
3	88126685	88126686	3	88181192	88181193	-	+	DUP	cna35	major	sim93	Eso-AdenoCa
3	88126685	88126686	3	88181192	88181193	-	+	DUP	cna35	minor	sim93	Eso-AdenoCa
3	88181193	88181194	3	90060866	90060867	-	+	DUP	cna36	major	sim93	Eso-AdenoCa
3	90060867	90060868	3	92883816	92883817	-	+	DUP	cna37	major	sim93	Eso-AdenoCa
3	92883817	92883818	3	164521864	164521865	-	+	DUP	cna38	major	sim93	Eso-AdenoCa
3	111855106	164521864	19	13332694	13795540	-	-	TRA	cna38,cna149	major,minor	sim93	Eso-AdenoCa
3	121254406	121254407	3	121264420	121264421	-	-	t2tINV	cna38	minor	sim93	Eso-AdenoCa
3	164521865	164521866	3	167630573	167630574	-	+	DUP	cna39	major	sim93	Eso-AdenoCa
3	167630574	167630575	3	197612777	197612778	-	+	DUP	cna40	major	sim93	Eso-AdenoCa
3	170572106	170572107	3	195120657	195120658	+	+	h2hINV	cna40	major	sim93	Eso-AdenoCa
3	172023406	172023407	3	172202137	172202138	+	+	h2hINV	cna40	major	sim93	Eso-AdenoCa
3	197612778	197612779	3	198022430	198022431	-	+	DUP	cna41	major	sim93	Eso-AdenoCa
4	1	2	4	191136469	191136470	+	-	DEL	cna42	minor	sim93	Eso-AdenoCa
4	40569676	40569677	4	49338575	49338576	+	+	h2hINV	cna42	major	sim93	Eso-AdenoCa
4	47420676	191136469	8	115647062	146364022	-	-	TRA	cna42,cna65	major,major	sim93	Eso-AdenoCa
4	117237676	117237677	4	127819720	127819721	+	+	h2hINV	cna42	major	sim93	Eso-AdenoCa
4	119508076	119508077	4	126729238	126729239	+	+	h2hINV	cna42	major	sim93	Eso-AdenoCa
4	191136470	191136471	4	191154276	191154277	-	+	DUP	cna43	major	sim93	Eso-AdenoCa
5	1466100	1466101	5	1476104	1476105	+	+	h2hINV	cna44	major	sim93	Eso-AdenoCa
5	143445406	143445407	5	149676226	149676227	+	-	DEL	cna45	minor	sim93	Eso-AdenoCa
5	149676227	149676228	5	179626751	179626752	-	+	DUP	cna46	major	sim93	Eso-AdenoCa
5	149676227	149676228	5	179626751	179626752	+	-	DEL	cna46	minor	sim93	Eso-AdenoCa
5	179626752	179626753	5	180477929	180477930	-	+	DUP	cna47	major	sim93	Eso-AdenoCa
5	179626752	179626753	5	180477929	180477930	+	-	DEL	cna47	minor	sim93	Eso-AdenoCa
5	180477930	180477931	5	180915260	180915261	-	+	DUP	cna48	major	sim93	Eso-AdenoCa
5	180477930	180477931	5	180915260	180915261	-	+	DUP	cna48	minor	sim93	Eso-AdenoCa
6	1	2	6	6734460	6734461	-	+	DUP	cna49	major	sim93	Eso-AdenoCa
6	3690640	3690641	6	3720571	3720572	-	-	t2tINV	cna49	major	sim93	Eso-AdenoCa
6	6734461	6734462	6	108573091	108573092	-	+	DUP	cna50	major	sim93	Eso-AdenoCa
6	6734461	6734462	6	108573091	108573092	-	+	DUP	cna50	minor	sim93	Eso-AdenoCa
6	6734461	99907941	X	82516601	90930876	+	-	TRA	cna50,cna174	minor,minor	sim93	Eso-AdenoCa
6	79749340	79749341	6	82898229	82898230	+	+	h2hINV	cna50	minor	sim93	Eso-AdenoCa
6	84155640	108573091	12	53558504	71853132	-	-	TRA	cna50,cna105	minor,major	sim93	Eso-AdenoCa
6	86787840	86787841	6	86797851	86797852	-	-	t2tINV	cna50	major	sim93	Eso-AdenoCa
6	108573092	108573093	6	170648493	170648494	-	+	DUP	cna51	major	sim93	Eso-AdenoCa
6	108573092	108573093	6	170648493	170648494	+	-	DEL	cna51	minor	sim93	Eso-AdenoCa
6	144681340	170648493	18	61928383	71828383	-	+	TRA	cna51,cna146	major,major	sim93	Eso-AdenoCa
6	170648494	170648495	6	171086653	171086654	-	+	DUP	cna52	major	sim93	Eso-AdenoCa
6	171086654	171086655	6	171115067	171115068	-	+	DUP	cna53	major	sim93	Eso-AdenoCa
6	171086654	171086655	6	171115067	171115068	-	+	DUP	cna53	minor	sim93	Eso-AdenoCa
7	1	2	7	40345419	40345420	-	+	DUP	cna54	major	sim93	Eso-AdenoCa
7	1	2	7	40345419	40345420	-	+	DUP	cna54	minor	sim93	Eso-AdenoCa
7	7742873	7742874	7	36425676	36425677	+	+	h2hINV	cna54	minor	sim93	Eso-AdenoCa
7	40345420	40345421	7	40825675	40825676	-	+	DUP	cna55	major	sim93	Eso-AdenoCa
7	40345420	40345421	7	40825675	40825676	+	-	DEL	cna55	minor	sim93	Eso-AdenoCa
7	40825676	40825677	7	41095662	41095663	+	-	DEL	cna56	minor	sim93	Eso-AdenoCa
7	41095663	41095664	7	43610232	43610233	-	+	DUP	cna57	major	sim93	Eso-AdenoCa
7	41095663	41095664	7	43610232	43610233	-	+	DUP	cna57	minor	sim93	Eso-AdenoCa
7	43610233	43610234	7	43843480	43843481	+	-	DEL	cna58	major	sim93	Eso-AdenoCa
7	43610233	43610234	7	43843480	43843481	+	-	DEL	cna58	minor	sim93	Eso-AdenoCa
7	43843481	43843482	7	71471677	71471678	-	+	DUP	cna59	major	sim93	Eso-AdenoCa
7	71471678	71471679	7	94512380	94512381	-	+	DUP	cna60	major	sim93	Eso-AdenoCa
7	71471678	71471679	7	94512380	94512381	+	-	DEL	cna60	minor	sim93	Eso-AdenoCa
7	94512381	94512382	7	140103680	140103681	-	+	DUP	cna61	major	sim93	Eso-AdenoCa
7	94512381	132837074	15	24471364	73385071	+	+	TRA	cna61,cna124	minor,major	sim93	Eso-AdenoCa
7	99169473	99169474	7	99179481	99179482	-	-	t2tINV	cna61	minor	sim93	Eso-AdenoCa
7	100386673	100386674	7	124680375	124680376	+	+	h2hINV	cna61	minor	sim93	Eso-AdenoCa
7	140103681	140103682	7	152812572	152812573	+	-	DEL	cna62	major	sim93	Eso-AdenoCa
7	140103681	140103682	7	152812572	152812573	+	-	DEL	cna62	minor	sim93	Eso-AdenoCa
7	152812573	152812574	7	154023253	154023254	+	-	DEL	cna63	minor	sim93	Eso-AdenoCa
7	154023254	154023255	7	159138663	159138664	-	+	DUP	cna64	major	sim93	Eso-AdenoCa
8	1	2	8	146364022	146364023	-	+	DUP	cna65	major	sim93	Eso-AdenoCa
8	1	2	8	146364022	146364023	-	+	DUP	cna65	minor	sim93	Eso-AdenoCa
8	19775410	19775411	8	25334440	25334441	-	-	t2tINV	cna65	major	sim93	Eso-AdenoCa
8	32424710	32424711	8	36831979	36831980	+	+	h2hINV	cna65	minor	sim93	Eso-AdenoCa
8	66277108	146364022	X	1	13686915	-	+	TRA	cna172,cna65	major,minor	sim93	Eso-AdenoCa
9	1	2	9	135475779	135475780	-	+	DUP	cna66	major	sim93	Eso-AdenoCa
9	22105188	22105189	9	26065349	26065350	-	-	t2tINV	cna66	minor	sim93	Eso-AdenoCa
9	35870388	35870389	9	84491773	84491774	-	-	t2tINV	cna66	minor	sim93	Eso-AdenoCa
9	72891988	72891989	9	99288404	99288405	+	+	h2hINV	cna66	minor	sim93	Eso-AdenoCa
9	114759488	135475779	15	20223179	24471363	-	-	TRA	cna66,cna123	minor,major	sim93	Eso-AdenoCa
9	135475780	135475781	9	141054343	141054344	-	+	DUP	cna67	major	sim93	Eso-AdenoCa
9	141054344	141054345	9	141213431	141213432	+	-	DEL	cna68	minor	sim93	Eso-AdenoCa
10	1	2	10	32337984	32337985	-	+	DUP	cna69	major	sim93	Eso-AdenoCa
10	4121457	4121458	10	4449027	4449028	+	+	h2hINV	cna69	major	sim93	Eso-AdenoCa
10	32337985	32337986	10	33717683	33717684	-	+	DUP	cna70	major	sim93	Eso-AdenoCa
10	32337985	32337986	10	33717683	33717684	+	-	DEL	cna70	minor	sim93	Eso-AdenoCa
10	33717684	33717685	10	33896431	33896432	+	-	DEL	cna71	major	sim93	Eso-AdenoCa
10	33717684	33717685	10	33896431	33896432	+	-	DEL	cna71	minor	sim93	Eso-AdenoCa
10	33896432	33896433	10	33919595	33919596	+	-	DEL	cna72	minor	sim93	Eso-AdenoCa
10	33919596	33919597	10	34034560	34034561	-	+	DUP	cna73	major	sim93	Eso-AdenoCa
10	34034561	34034562	10	50233697	50233698	-	+	DUP	cna74	major	sim93	Eso-AdenoCa
10	34034561	34034562	10	50233697	50233698	+	-	DEL	cna74	minor	sim93	Eso-AdenoCa
10	50233698	50233699	10	50835425	50835426	-	+	DUP	cna75	major	sim93	Eso-AdenoCa
10	50835426	50835427	10	51045192	51045193	-	+	DUP	cna76	major	sim93	Eso-AdenoCa
10	50835426	50835427	10	51045192	51045193	+	-	DEL	cna76	minor	sim93	Eso-AdenoCa
10	51045193	51045194	10	51120601	51120602	+	-	DEL	cna77	minor	sim93	Eso-AdenoCa
10	51120602	51120603	10	54239360	54239361	-	+	DUP	cna78	major	sim93	Eso-AdenoCa
10	51120602	51120603	10	54239360	54239361	+	-	DEL	cna78	minor	sim93	Eso-AdenoCa
10	54239361	54239362	10	59583774	59583775	-	+	DUP	cna79	major	sim93	Eso-AdenoCa
10	54239361	54239362	10	59583774	59583775	-	+	DUP	cna79	minor	sim93	Eso-AdenoCa
10	59583775	59583776	10	61312653	61312654	-	+	DUP	cna80	major	sim93	Eso-AdenoCa
10	61312654	61312655	10	61778773	61778774	-	+	DUP	cna81	major	sim93	Eso-AdenoCa
10	61312654	61312655	10	61778773	61778774	+	-	DEL	cna81	minor	sim93	Eso-AdenoCa
10	61778774	61778775	10	63691527	63691528	-	+	DUP	cna82	major	sim93	Eso-AdenoCa
10	63691528	63691529	10	97539485	97539486	-	+	DUP	cna83	major	sim93	Eso-AdenoCa
10	63691528	63691529	10	97539485	97539486	+	-	DEL	cna83	minor	sim93	Eso-AdenoCa
10	74581857	74581858	10	74630680	74630681	+	+	h2hINV	cna83	major	sim93	Eso-AdenoCa
10	75597257	75597258	10	94349629	94349630	+	+	h2hINV	cna83	major	sim93	Eso-AdenoCa
10	97539486	97539487	10	100359778	100359779	+	-	DEL	cna84	minor	sim93	Eso-AdenoCa
10	100359779	100359780	10	101295901	101295902	-	+	DUP	cna85	major	sim93	Eso-AdenoCa
10	100359779	100359780	10	101295901	101295902	-	+	DUP	cna85	minor	sim93	Eso-AdenoCa
10	101295902	101295903	10	115337510	115337511	-	+	DUP	cna86	major	sim93	Eso-AdenoCa
10	101295902	101295903	10	115337510	115337511	+	-	DEL	cna86	minor	sim93	Eso-AdenoCa
10	115337511	115337512	10	120327136	120327137	-	+	DUP	cna87	major	sim93	Eso-AdenoCa
10	120327137	120327138	10	120390006	120390007	-	+	DUP	cna88	major	sim93	Eso-AdenoCa
10	120327137	120327138	10	120390006	120390007	-	+	DUP	cna88	minor	sim93	Eso-AdenoCa
10	120390007	120390008	10	121015233	121015234	-	+	DUP	cna89	major	sim93	Eso-AdenoCa
10	120390007	120390008	10	121015233	121015234	-	+	DUP	cna89	minor	sim93	Eso-AdenoCa
10	121015234	121015235	10	135090659	135090660	-	+	DUP	cna90	major	sim93	Eso-AdenoCa
10	121015234	121015235	10	135090659	135090660	+	-	DEL	cna90	minor	sim93	Eso-AdenoCa
10	135090660	135090661	10	135431278	135431279	-	+	DUP	cna91	major	sim93	Eso-AdenoCa
10	135431279	135431280	10	135534747	135534748	+	-	DEL	cna92	minor	sim93	Eso-AdenoCa
11	1	2	11	9066839	9066840	-	+	DUP	cna93	major	sim93	Eso-AdenoCa
11	6606210	6606211	11	6616211	6616212	+	+	h2hINV	cna93	minor	sim93	Eso-AdenoCa
11	9066840	9066841	11	9445338	9445339	-	+	DUP	cna94	major	sim93	Eso-AdenoCa
11	9066840	9066841	11	9445338	9445339	+	-	DEL	cna94	minor	sim93	Eso-AdenoCa
11	9445339	9445340	11	10261781	10261782	-	+	DUP	cna95	major	sim93	Eso-AdenoCa
11	10261782	10261783	11	10409866	10409867	-	+	DUP	cna96	major	sim93	Eso-AdenoCa
11	10261782	10261783	11	10409866	10409867	+	-	DEL	cna96	minor	sim93	Eso-AdenoCa
11	10409867	10409868	11	10420961	10420962	+	-	DEL	cna97	minor	sim93	Eso-AdenoCa
11	10420962	10420963	11	10497842	10497843	+	-	DEL	cna98	major	sim93	Eso-AdenoCa
11	10420962	10420963	11	10497842	10497843	+	-	DEL	cna98	minor	sim93	Eso-AdenoCa
11	10497843	10497844	11	83017317	83017318	-	+	DUP	cna99	major	sim93	Eso-AdenoCa
11	10497843	10497844	11	83017317	83017318	+	-	DEL	cna99	minor	sim93	Eso-AdenoCa
11	13700510	13700511	11	15872432	15872433	-	-	t2tINV	cna99	major	sim93	Eso-AdenoCa
11	20913910	20913911	11	57280221	57280222	+	+	h2hINV	cna99	major	sim93	Eso-AdenoCa
11	24239310	24239311	11	27628376	27628377	-	-	t2tINV	cna99	major	sim93	Eso-AdenoCa
11	28487010	83017317	15	30996742	101247072	-	-	TRA	cna99,cna124	minor,minor	sim93	Eso-AdenoCa
11	81650010	83017317	18	33859865	37278468	-	+	TRA	cna99,cna139	minor,major	sim93	Eso-AdenoCa
11	83017318	83017319	11	95162028	95162029	-	+	DUP	cna100	major	sim93	Eso-AdenoCa
11	95162029	95162030	11	95364617	95364618	-	+	DUP	cna101	major	sim93	Eso-AdenoCa
11	95162029	95162030	11	95364617	95364618	+	-	DEL	cna101	minor	sim93	Eso-AdenoCa
11	95364618	95364619	11	96612339	96612340	-	+	DUP	cna102	major	sim93	Eso-AdenoCa
11	95364618	95364619	11	96612339	96612340	+	-	DEL	cna102	minor	sim93	Eso-AdenoCa
11	96612340	96612341	11	97015808	97015809	-	+	DUP	cna103	major	sim93	Eso-AdenoCa
11	96612340	96612341	11	97015808	97015809	-	+	DUP	cna103	minor	sim93	Eso-AdenoCa
11	97015809	97015810	11	135006516	135006517	-	+	DUP	cna104	major	sim93	Eso-AdenoCa
11	134949710	134949711	11	135000692	135000693	-	-	t2tINV	cna104	minor	sim93	Eso-AdenoCa
12	1	2	12	71853132	71853133	-	+	DUP	cna105	major	sim93	Eso-AdenoCa
12	1	2	12	71853132	71853133	+	-	DEL	cna105	minor	sim93	Eso-AdenoCa
12	6350594	6350595	12	6480838	6480839	-	-	t2tINV	cna105	major	sim93	Eso-AdenoCa
12	46800194	46800195	12	46810201	46810202	-	-	t2tINV	cna105	major	sim93	Eso-AdenoCa
12	62523794	62523795	12	62533799	62533800	-	-	t2tINV	cna105	major	sim93	Eso-AdenoCa
12	62736694	62736695	12	62746704	62746705	-	-	t2tINV	cna105	major	sim93	Eso-AdenoCa
12	71853133	71853134	12	72155293	72155294	+	-	DEL	cna106	minor	sim93	Eso-AdenoCa
12	72130494	72155293	16	48418229	84378290	-	-	TRA	cna106,cna132	major,minor	sim93	Eso-AdenoCa
12	72155294	72155295	12	107232943	107232944	-	+	DUP	cna107	major	sim93	Eso-AdenoCa
12	72155294	72155295	12	107232943	107232944	-	+	DUP	cna107	minor	sim93	Eso-AdenoCa
12	84351294	84351295	12	118982943	118982944	+	+	h2hINV	cna107	major	sim93	Eso-AdenoCa
12	106471394	106471395	12	107787623	107787624	+	+	h2hINV	cna107	major	sim93	Eso-AdenoCa
12	107232944	107232945	12	107644979	107644980	-	+	DUP	cna108	major	sim93	Eso-AdenoCa
12	107644980	107644981	12	114146902	114146903	-	+	DUP	cna109	major	sim93	Eso-AdenoCa
12	107644980	107644981	12	114146902	114146903	-	+	DUP	cna109	minor	sim93	Eso-AdenoCa
12	114146903	114146904	12	116438245	116438246	+	-	DEL	cna110	minor	sim93	Eso-AdenoCa
12	116438246	116438247	12	116935391	116935392	-	+	DUP	cna111	major	sim93	Eso-AdenoCa
12	116935392	116935393	12	133253539	133253540	-	+	DUP	cna112	major	sim93	Eso-AdenoCa
12	116935392	116935393	12	133253539	133253540	+	-	DEL	cna112	minor	sim93	Eso-AdenoCa
12	133253540	133253541	12	133851895	133851896	+	-	DEL	cna113	minor	sim93	Eso-AdenoCa
13	1	2	13	115169878	115169879	-	+	DUP	cna114	major	sim93	Eso-AdenoCa
13	1	2	13	115169878	115169879	-	+	DUP	cna114	minor	sim93	Eso-AdenoCa
14	1	2	14	107349540	107349541	-	+	DUP	cna115	major	sim93	Eso-AdenoCa
14	1	2	14	107349540	107349541	-	+	DUP	cna115	minor	sim93	Eso-AdenoCa
14	35624821	35624822	14	40809021	40809022	+	+	h2hINV	cna115	major	sim93	Eso-AdenoCa
15	1	2	15	8063574	8063575	+	-	DEL	cna116	minor	sim93	Eso-AdenoCa
15	8063575	8063576	15	15270053	15270054	-	+	DUP	cna117	major	sim93	Eso-AdenoCa
15	15270054	15270055	15	15910049	15910050	-	+	DUP	cna118	major	sim93	Eso-AdenoCa
15	15910050	15910051	15	15923175	15923176	-	+	DUP	cna119	major	sim93	Eso-AdenoCa
15	15910050	15910051	15	15923175	15923176	-	+	DUP	cna119	minor	sim93	Eso-AdenoCa
15	15923176	15923177	15	17163409	17163410	-	+	DUP	cna120	major	sim93	Eso-AdenoCa
15	17163410	17163411	15	17930207	17930208	-	+	DUP	cna121	major	sim93	Eso-AdenoCa
15	17163410	17163411	15	17930207	17930208	+	-	DEL	cna121	minor	sim93	Eso-AdenoCa
15	17930208	17930209	15	18062281	18062282	-	+	DUP	cna122	major	sim93	Eso-AdenoCa
15	18062282	18062283	15	24471363	24471364	-	+	DUP	cna123	major	sim93	Eso-AdenoCa
15	24471364	24471365	15	101247072	101247073	-	+	DUP	cna124	major	sim93	Eso-AdenoCa
15	64578981	64578982	15	64589025	64589026	+	+	h2hINV	cna124	minor	sim93	Eso-AdenoCa
15	101247073	101247074	15	102531392	102531393	-	+	DUP	cna125	major	sim93	Eso-AdenoCa
15	101247073	101247074	15	102531392	102531393	-	+	DUP	cna125	minor	sim93	Eso-AdenoCa
16	1	2	16	11996409	11996410	-	+	DUP	cna126	major	sim93	Eso-AdenoCa
16	1	2	16	11996409	11996410	+	-	DEL	cna126	minor	sim93	Eso-AdenoCa
16	11996410	11996411	16	12244653	12244654	-	+	DUP	cna127	major	sim93	Eso-AdenoCa
16	12244654	12244655	16	22341088	22341089	-	+	DUP	cna128	major	sim93	Eso-AdenoCa
16	12244654	12244655	16	22341088	22341089	-	+	DUP	cna128	minor	sim93	Eso-AdenoCa
16	22341089	22341090	16	24136000	24136001	-	+	DUP	cna129	major	sim93	Eso-AdenoCa
16	24136001	24136002	16	25268945	25268946	-	+	DUP	cna130	major	sim93	Eso-AdenoCa
16	25268946	25268947	16	32101201	32101202	+	-	DEL	cna131	minor	sim93	Eso-AdenoCa
16	32101202	32101203	16	84378290	84378291	-	+	DUP	cna132	major	sim93	Eso-AdenoCa
16	48386389	48386390	16	48598806	48598807	+	+	h2hINV	cna132	minor	sim93	Eso-AdenoCa
16	73006989	73006990	16	74746918	74746919	+	+	h2hINV	cna132	minor	sim93	Eso-AdenoCa
16	84378291	84378292	16	84994150	84994151	+	-	DEL	cna133	minor	sim93	Eso-AdenoCa
16	84994151	84994152	16	85006191	85006192	-	+	DUP	cna134	major	sim93	Eso-AdenoCa
16	84994151	84994152	16	85006191	85006192	-	+	DUP	cna134	minor	sim93	Eso-AdenoCa
16	85006192	85006193	16	90354753	90354754	-	+	DUP	cna135	major	sim93	Eso-AdenoCa
16	85006192	85006193	16	90354753	90354754	+	-	DEL	cna135	minor	sim93	Eso-AdenoCa
17	1	2	17	66274553	66274554	-	+	DUP	cna136	major	sim93	Eso-AdenoCa
17	8432336	66274553	21	42967237	48129895	-	-	TRA	cna136,cna170	major,major	sim93	Eso-AdenoCa
17	66274554	66274555	17	81195210	81195211	-	+	DUP	cna137	major	sim93	Eso-AdenoCa
17	66274554	66274555	17	81195210	81195211	+	-	DEL	cna137	minor	sim93	Eso-AdenoCa
18	1	2	18	33859864	33859865	-	+	DUP	cna138	major	sim93	Eso-AdenoCa
18	1	2	18	33859864	33859865	-	+	DUP	cna138	minor	sim93	Eso-AdenoCa
18	33859865	33859866	18	43540306	43540307	-	+	DUP	cna139	major	sim93	Eso-AdenoCa
18	43540307	43540308	18	45959035	45959036	-	+	DUP	cna140	major	sim93	Eso-AdenoCa
18	43540307	43540308	18	45959035	45959036	-	+	DUP	cna140	minor	sim93	Eso-AdenoCa
18	45959036	45959037	18	48276805	48276806	-	+	DUP	cna141	major	sim93	Eso-AdenoCa
18	45959036	45959037	18	48276805	48276806	-	+	DUP	cna141	minor	sim93	Eso-AdenoCa
18	48276806	48276807	18	48330855	48330856	-	+	DUP	cna142	major	sim93	Eso-AdenoCa
18	48276806	48276807	18	48330855	48330856	-	+	DUP	cna142	minor	sim93	Eso-AdenoCa
18	48330856	48330857	18	48568449	48568450	-	+	DUP	cna143	major	sim93	Eso-AdenoCa
18	48330856	48330857	18	48568449	48568450	+	-	DEL	cna143	minor	sim93	Eso-AdenoCa
18	48568450	48568451	18	48752516	48752517	-	+	DUP	cna144	major	sim93	Eso-AdenoCa
18	48568450	48568451	18	48752516	48752517	-	+	DUP	cna144	minor	sim93	Eso-AdenoCa
18	48752517	48752518	18	61928382	61928383	-	+	DUP	cna145	major	sim93	Eso-AdenoCa
18	61928383	61928384	18	76504967	76504968	+	-	DEL	cna146	minor	sim93	Eso-AdenoCa
18	71074226	76504967	X	19264886	43460437	-	-	TRA	cna146,cna172	major,major	sim93	Eso-AdenoCa
18	76504968	76504969	18	76805215	76805216	-	+	DUP	cna147	major	sim93	Eso-AdenoCa
18	76504968	76504969	18	76805215	76805216	+	-	DEL	cna147	minor	sim93	Eso-AdenoCa
18	76805216	76805217	18	78077248	78077249	-	+	DUP	cna148	major	sim93	Eso-AdenoCa
18	76805216	76805217	18	78077248	78077249	-	+	DUP	cna148	minor	sim93	Eso-AdenoCa
19	1	2	19	13795540	13795541	-	+	DUP	cna149	major	sim93	Eso-AdenoCa
19	1	2	19	13795540	13795541	+	-	DEL	cna149	minor	sim93	Eso-AdenoCa
19	13795541	13795542	19	44177377	44177378	+	-	DEL	cna150	minor	sim93	Eso-AdenoCa
19	44177378	44177379	19	47439523	47439524	-	+	DUP	cna151	major	sim93	Eso-AdenoCa
19	47439524	47439525	19	47456762	47456763	-	+	DUP	cna152	major	sim93	Eso-AdenoCa
19	47456763	47456764	19	47836440	47836441	-	+	DUP	cna153	major	sim93	Eso-AdenoCa
19	47836441	47836442	19	56212558	56212559	-	+	DUP	cna154	major	sim93	Eso-AdenoCa
19	56212559	56212560	19	56461328	56461329	-	+	DUP	cna155	major	sim93	Eso-AdenoCa
19	56461329	56461330	19	59128983	59128984	+	-	DEL	cna156	minor	sim93	Eso-AdenoCa
20	1	2	20	19234396	19234397	-	+	DUP	cna157	major	sim93	Eso-AdenoCa
20	1	2	20	19234396	19234397	-	+	DUP	cna157	minor	sim93	Eso-AdenoCa
20	8801095	8801096	20	11681152	11681153	-	-	t2tINV	cna157	major	sim93	Eso-AdenoCa
20	19234397	19234398	20	19248765	19248766	+	-	DEL	cna158	minor	sim93	Eso-AdenoCa
20	19248766	19248767	20	19462490	19462491	-	+	DUP	cna159	major	sim93	Eso-AdenoCa
20	19462491	19462492	20	27978350	27978351	-	+	DUP	cna160	major	sim93	Eso-AdenoCa
20	27978351	27978352	20	34278958	34278959	+	-	DEL	cna161	minor	sim93	Eso-AdenoCa
20	34278959	34278960	20	34293336	34293337	-	+	DUP	cna162	major	sim93	Eso-AdenoCa
20	34293337	34293338	20	36247640	36247641	-	+	DUP	cna163	major	sim93	Eso-AdenoCa
20	34293337	34293338	20	36247640	36247641	+	-	DEL	cna163	minor	sim93	Eso-AdenoCa
20	36247641	36247642	20	36819480	36819481	-	+	DUP	cna164	major	sim93	Eso-AdenoCa
20	36247641	36247642	20	36819480	36819481	-	+	DUP	cna164	minor	sim93	Eso-AdenoCa
20	36819481	36819482	20	40183880	40183881	+	-	DEL	cna165	minor	sim93	Eso-AdenoCa
20	40183881	40183882	20	61394907	61394908	-	+	DUP	cna166	major	sim93	Eso-AdenoCa
20	40183881	40183882	20	61394907	61394908	-	+	DUP	cna166	minor	sim93	Eso-AdenoCa
20	61394908	61394909	20	62150457	62150458	-	+	DUP	cna167	major	sim93	Eso-AdenoCa
20	61394908	61394909	20	62150457	62150458	+	-	DEL	cna167	minor	sim93	Eso-AdenoCa
20	62150458	62150459	20	62857772	62857773	-	+	DUP	cna168	major	sim93	Eso-AdenoCa
20	62150458	62150459	20	62857772	62857773	+	-	DEL	cna168	minor	sim93	Eso-AdenoCa
20	62857773	62857774	20	63025520	63025521	+	-	DEL	cna169	minor	sim93	Eso-AdenoCa
21	1	2	21	48129895	48129896	-	+	DUP	cna170	major	sim93	Eso-AdenoCa
21	39890975	39890976	21	47738675	47738676	+	+	h2hINV	cna170	major	sim93	Eso-AdenoCa
22	1	2	22	51304566	51304567	-	+	DUP	cna171	major	sim93	Eso-AdenoCa
22	36782580	36782581	22	37340400	37340401	+	+	h2hINV	cna171	minor	sim93	Eso-AdenoCa
X	1	2	X	43460437	43460438	-	+	DUP	cna172	major	sim93	Eso-AdenoCa
X	3341714	3341715	X	3411749	3411750	+	+	h2hINV	cna172	major	sim93	Eso-AdenoCa
X	43460438	43460439	X	43527668	43527669	-	+	DUP	cna173	major	sim93	Eso-AdenoCa
X	43460438	43460439	X	43527668	43527669	-	+	DUP	cna173	minor	sim93	Eso-AdenoCa
X	43527669	43527670	X	90930876	90930877	-	+	DUP	cna174	major	sim93	Eso-AdenoCa
X	90930877	90930878	X	91153931	91153932	-	+	DUP	cna175	major	sim93	Eso-AdenoCa
X	91153932	91153933	X	116668823	116668824	-	+	DUP	cna176	major	sim93	Eso-AdenoCa
X	116668824	116668825	X	121830278	121830279	-	+	DUP	cna177	major	sim93	Eso-AdenoCa
X	121830279	121830280	X	121873191	121873192	-	+	DUP	cna178	major	sim93	Eso-AdenoCa
X	121873192	121873193	X	122077477	122077478	+	-	DEL	cna179	minor	sim93	Eso-AdenoCa
X	122077478	122077479	X	143403965	143403966	-	+	DUP	cna180	major	sim93	Eso-AdenoCa
X	122077478	122077479	X	143403965	143403966	+	-	DEL	cna180	minor	sim93	Eso-AdenoCa
X	143403966	143403967	X	144326149	144326150	-	+	DUP	cna181	major	sim93	Eso-AdenoCa
X	144326150	144326151	X	148643175	148643176	+	-	DEL	cna182	minor	sim93	Eso-AdenoCa
X	148643176	148643177	X	155242016	155242017	-	+	DUP	cna183	major	sim93	Eso-AdenoCa
X	155242017	155242018	X	155270560	155270561	-	+	DUP	cna184	major	sim93	Eso-AdenoCa
X	155242017	155242018	X	155270560	155270561	+	-	DEL	cna184	minor	sim93	Eso-AdenoCa
Y	1	2	Y	55450180	55450181	-	+	DUP	cna185	major	sim93	Eso-AdenoCa
Y	1	2	Y	55450180	55450181	-	+	DUP	cna185	minor	sim93	Eso-AdenoCa
Y	55450181	55450182	Y	59180991	59180992	-	+	DUP	cna186	major	sim93	Eso-AdenoCa
Y	55450181	55450182	Y	59180991	59180992	+	-	DEL	cna186	minor	sim93	Eso-AdenoCa
Y	59180992	59180993	Y	59373566	59373567	-	+	DUP	cna187	major	sim93	Eso-AdenoCa
