chrom	start	end	major_cn	minor_cn	donor_id	study	id
1	1	323015	1	0	sim20	Eso-AdenoCa	cna0
1	323016	10518819	3	2	sim20	Eso-AdenoCa	cna1
1	10518820	67804502	2	1	sim20	Eso-AdenoCa	cna2
1	67804503	73672655	3	2	sim20	Eso-AdenoCa	cna3
1	73672656	81373674	1	0	sim20	Eso-AdenoCa	cna4
1	81373675	81630619	2	0	sim20	Eso-AdenoCa	cna5
1	81630620	81895012	3	1	sim20	Eso-AdenoCa	cna6
1	81895013	82077718	4	0	sim20	Eso-AdenoCa	cna7
1	82077719	84349002	2	1	sim20	Eso-AdenoCa	cna8
1	84349003	85220254	3	1	sim20	Eso-AdenoCa	cna9
1	85220255	85280478	3	0	sim20	Eso-AdenoCa	cna10
1	85280479	111994681	2	0	sim20	Eso-AdenoCa	cna11
1	111994682	115861178	1	0	sim20	Eso-AdenoCa	cna12
1	115861179	121524611	2	2	sim20	Eso-AdenoCa	cna13
1	121524612	124878031	1	0	sim20	Eso-AdenoCa	cna14
1	124878032	124956342	5	1	sim20	Eso-AdenoCa	cna15
1	124956343	249250621	2	1	sim20	Eso-AdenoCa	cna16
2	1	29792540	2	1	sim20	Eso-AdenoCa	cna17
2	29792541	29856105	1	0	sim20	Eso-AdenoCa	cna18
2	29856106	65295304	3	2	sim20	Eso-AdenoCa	cna19
2	65295305	65344807	0	0	sim20	Eso-AdenoCa	cna20
2	65344808	177432433	1	1	sim20	Eso-AdenoCa	cna21
2	177432434	178257108	2	0	sim20	Eso-AdenoCa	cna22
2	178257109	178548151	1	0	sim20	Eso-AdenoCa	cna23
2	178548152	184842616	2	1	sim20	Eso-AdenoCa	cna24
2	184842617	205231596	1	0	sim20	Eso-AdenoCa	cna25
2	205231597	225170284	4	2	sim20	Eso-AdenoCa	cna26
2	225170285	239199970	2	1	sim20	Eso-AdenoCa	cna27
2	239199971	239659767	1	0	sim20	Eso-AdenoCa	cna28
2	239659768	243199373	2	0	sim20	Eso-AdenoCa	cna29
3	1	119101153	2	1	sim20	Eso-AdenoCa	cna30
3	119101154	119134109	4	1	sim20	Eso-AdenoCa	cna31
3	119134110	119259013	3	3	sim20	Eso-AdenoCa	cna32
3	119259014	166328452	2	1	sim20	Eso-AdenoCa	cna33
3	166328453	166433088	2	0	sim20	Eso-AdenoCa	cna34
3	166433089	166686197	3	1	sim20	Eso-AdenoCa	cna35
3	166686198	169759447	3	0	sim20	Eso-AdenoCa	cna36
3	169759448	196014048	2	1	sim20	Eso-AdenoCa	cna37
3	196014049	196278395	2	0	sim20	Eso-AdenoCa	cna38
3	196278396	196294491	2	1	sim20	Eso-AdenoCa	cna39
3	196294492	198022430	3	0	sim20	Eso-AdenoCa	cna40
4	1	4762067	2	0	sim20	Eso-AdenoCa	cna41
4	4762068	9184814	2	1	sim20	Eso-AdenoCa	cna42
4	9184815	9195592	1	0	sim20	Eso-AdenoCa	cna43
4	9195593	14389090	2	1	sim20	Eso-AdenoCa	cna44
4	14389091	15939231	1	0	sim20	Eso-AdenoCa	cna45
4	15939232	26513813	3	2	sim20	Eso-AdenoCa	cna46
4	26513814	170387833	2	1	sim20	Eso-AdenoCa	cna47
4	170387834	170418949	5	2	sim20	Eso-AdenoCa	cna48
4	170418950	190288090	4	2	sim20	Eso-AdenoCa	cna49
4	190288091	190985908	2	0	sim20	Eso-AdenoCa	cna50
4	190985909	191143522	2	1	sim20	Eso-AdenoCa	cna51
4	191143523	191154276	3	2	sim20	Eso-AdenoCa	cna52
5	1	63738656	3	2	sim20	Eso-AdenoCa	cna53
5	63738657	64060269	1	1	sim20	Eso-AdenoCa	cna54
5	64060270	93916218	2	2	sim20	Eso-AdenoCa	cna55
5	93916219	95460835	2	0	sim20	Eso-AdenoCa	cna56
5	95460836	95700076	1	0	sim20	Eso-AdenoCa	cna57
5	95700077	135600464	2	2	sim20	Eso-AdenoCa	cna58
5	135600465	135672224	1	0	sim20	Eso-AdenoCa	cna59
5	135672225	149228992	2	0	sim20	Eso-AdenoCa	cna60
5	149228993	153814671	4	2	sim20	Eso-AdenoCa	cna61
5	153814672	156103229	3	1	sim20	Eso-AdenoCa	cna62
5	156103230	156420959	2	1	sim20	Eso-AdenoCa	cna63
5	156420960	176931287	3	3	sim20	Eso-AdenoCa	cna64
5	176931288	180915260	2	0	sim20	Eso-AdenoCa	cna65
6	1	18796556	2	1	sim20	Eso-AdenoCa	cna66
6	18796557	166561223	1	0	sim20	Eso-AdenoCa	cna67
6	166561224	171115067	2	1	sim20	Eso-AdenoCa	cna68
7	1	99295146	2	2	sim20	Eso-AdenoCa	cna69
7	99295147	148880729	1	0	sim20	Eso-AdenoCa	cna70
7	148880730	151116524	5	1	sim20	Eso-AdenoCa	cna71
7	151116525	151158554	2	2	sim20	Eso-AdenoCa	cna72
7	151158555	151334311	1	0	sim20	Eso-AdenoCa	cna73
7	151334312	156020260	0	0	sim20	Eso-AdenoCa	cna74
7	156020261	157650741	2	1	sim20	Eso-AdenoCa	cna75
7	157650742	157822761	2	0	sim20	Eso-AdenoCa	cna76
7	157822762	157988520	3	1	sim20	Eso-AdenoCa	cna77
7	157988521	158051240	2	1	sim20	Eso-AdenoCa	cna78
7	158051241	158110683	4	3	sim20	Eso-AdenoCa	cna79
7	158110684	159138663	5	1	sim20	Eso-AdenoCa	cna80
8	1	43612903	3	2	sim20	Eso-AdenoCa	cna81
8	43612904	43680853	2	1	sim20	Eso-AdenoCa	cna82
8	43680854	45259674	3	1	sim20	Eso-AdenoCa	cna83
8	45259675	45360796	1	0	sim20	Eso-AdenoCa	cna84
8	45360797	45497164	4	2	sim20	Eso-AdenoCa	cna85
8	45497165	45806608	1	0	sim20	Eso-AdenoCa	cna86
8	45806609	49618621	2	0	sim20	Eso-AdenoCa	cna87
8	49618622	49878807	1	0	sim20	Eso-AdenoCa	cna88
8	49878808	54574552	2	1	sim20	Eso-AdenoCa	cna89
8	54574553	59210913	3	2	sim20	Eso-AdenoCa	cna90
8	59210914	60094165	2	0	sim20	Eso-AdenoCa	cna91
8	60094166	62065659	2	1	sim20	Eso-AdenoCa	cna92
8	62065660	62203050	4	0	sim20	Eso-AdenoCa	cna93
8	62203051	62341241	6	1	sim20	Eso-AdenoCa	cna94
8	62341242	62350950	7	1	sim20	Eso-AdenoCa	cna95
8	62350951	66669073	3	3	sim20	Eso-AdenoCa	cna96
8	66669074	71210193	2	1	sim20	Eso-AdenoCa	cna97
8	71210194	82659174	1	0	sim20	Eso-AdenoCa	cna98
8	82659175	82734335	3	0	sim20	Eso-AdenoCa	cna99
8	82734336	82969641	1	0	sim20	Eso-AdenoCa	cna100
8	82969642	92272302	3	2	sim20	Eso-AdenoCa	cna101
8	92272303	141074022	1	0	sim20	Eso-AdenoCa	cna102
8	141074023	141488348	3	2	sim20	Eso-AdenoCa	cna103
8	141488349	141929724	1	0	sim20	Eso-AdenoCa	cna104
8	141929725	146364022	4	1	sim20	Eso-AdenoCa	cna105
9	1	3901710	3	1	sim20	Eso-AdenoCa	cna106
9	3901711	11504500	2	1	sim20	Eso-AdenoCa	cna107
9	11504501	12213502	5	2	sim20	Eso-AdenoCa	cna108
9	12213503	12713846	3	2	sim20	Eso-AdenoCa	cna109
9	12713847	12835477	2	1	sim20	Eso-AdenoCa	cna110
9	12835478	24928666	2	0	sim20	Eso-AdenoCa	cna111
9	24928667	25587090	3	1	sim20	Eso-AdenoCa	cna112
9	25587091	140908991	2	0	sim20	Eso-AdenoCa	cna113
9	140908992	140928861	1	0	sim20	Eso-AdenoCa	cna114
9	140928862	140949012	4	1	sim20	Eso-AdenoCa	cna115
9	140949013	141213431	2	1	sim20	Eso-AdenoCa	cna116
10	1	26243796	2	0	sim20	Eso-AdenoCa	cna117
10	26243797	29232100	4	1	sim20	Eso-AdenoCa	cna118
10	29232101	51096030	2	1	sim20	Eso-AdenoCa	cna119
10	51096031	61242057	1	0	sim20	Eso-AdenoCa	cna120
10	61242058	61657357	2	1	sim20	Eso-AdenoCa	cna121
10	61657358	62998629	1	0	sim20	Eso-AdenoCa	cna122
10	62998630	92057710	3	2	sim20	Eso-AdenoCa	cna123
10	92057711	93338931	4	1	sim20	Eso-AdenoCa	cna124
10	93338932	94062931	2	0	sim20	Eso-AdenoCa	cna125
10	94062932	100234450	2	1	sim20	Eso-AdenoCa	cna126
10	100234451	126060569	1	0	sim20	Eso-AdenoCa	cna127
10	126060570	126203029	3	1	sim20	Eso-AdenoCa	cna128
10	126203030	126260191	2	1	sim20	Eso-AdenoCa	cna129
10	126260192	135534747	2	0	sim20	Eso-AdenoCa	cna130
11	1	8815741	1	0	sim20	Eso-AdenoCa	cna131
11	8815742	8924005	3	1	sim20	Eso-AdenoCa	cna132
11	8924006	17895545	2	0	sim20	Eso-AdenoCa	cna133
11	17895546	26031326	2	2	sim20	Eso-AdenoCa	cna134
11	26031327	26041938	2	1	sim20	Eso-AdenoCa	cna135
11	26041939	60910659	1	0	sim20	Eso-AdenoCa	cna136
11	60910660	61015087	5	1	sim20	Eso-AdenoCa	cna137
11	61015088	61484228	3	1	sim20	Eso-AdenoCa	cna138
11	61484229	61583834	1	0	sim20	Eso-AdenoCa	cna139
11	61583835	115440524	2	0	sim20	Eso-AdenoCa	cna140
11	115440525	117031925	2	1	sim20	Eso-AdenoCa	cna141
11	117031926	117459979	3	0	sim20	Eso-AdenoCa	cna142
11	117459980	122970168	2	0	sim20	Eso-AdenoCa	cna143
11	122970169	123132846	2	1	sim20	Eso-AdenoCa	cna144
11	123132847	130669469	3	2	sim20	Eso-AdenoCa	cna145
11	130669470	130690092	2	1	sim20	Eso-AdenoCa	cna146
11	130690093	135006516	1	0	sim20	Eso-AdenoCa	cna147
12	1	100306979	2	3	sim20	Eso-AdenoCa	cna148
12	100306980	109050746	3	1	sim20	Eso-AdenoCa	cna149
12	109050747	133851895	2	1	sim20	Eso-AdenoCa	cna150
13	1	81316383	2	1	sim20	Eso-AdenoCa	cna151
13	81316384	81820146	0	0	sim20	Eso-AdenoCa	cna152
13	81820147	82469589	2	1	sim20	Eso-AdenoCa	cna153
13	82469590	104742469	2	0	sim20	Eso-AdenoCa	cna154
13	104742470	110192758	1	0	sim20	Eso-AdenoCa	cna155
13	110192759	110357408	3	0	sim20	Eso-AdenoCa	cna156
13	110357409	110814574	4	0	sim20	Eso-AdenoCa	cna157
13	110814575	115169878	2	1	sim20	Eso-AdenoCa	cna158
14	1	37203866	1	0	sim20	Eso-AdenoCa	cna159
14	37203867	37431181	0	0	sim20	Eso-AdenoCa	cna160
14	37431182	37502774	2	1	sim20	Eso-AdenoCa	cna161
14	37502775	60073139	3	3	sim20	Eso-AdenoCa	cna162
14	60073140	61438770	2	0	sim20	Eso-AdenoCa	cna163
14	61438771	61610530	4	1	sim20	Eso-AdenoCa	cna164
14	61610531	72437990	2	1	sim20	Eso-AdenoCa	cna165
14	72437991	107204940	7	1	sim20	Eso-AdenoCa	cna166
14	107204941	107349540	2	1	sim20	Eso-AdenoCa	cna167
15	1	4185654	2	1	sim20	Eso-AdenoCa	cna168
15	4185655	4261593	3	2	sim20	Eso-AdenoCa	cna169
15	4261594	4345499	1	0	sim20	Eso-AdenoCa	cna170
15	4345500	31133505	3	0	sim20	Eso-AdenoCa	cna171
15	31133506	31431458	1	0	sim20	Eso-AdenoCa	cna172
15	31431459	31760014	2	0	sim20	Eso-AdenoCa	cna173
15	31760015	31769686	4	3	sim20	Eso-AdenoCa	cna174
15	31769687	83104999	2	1	sim20	Eso-AdenoCa	cna175
15	83105000	102531392	1	0	sim20	Eso-AdenoCa	cna176
16	1	5875399	3	1	sim20	Eso-AdenoCa	cna177
16	5875400	34111996	2	1	sim20	Eso-AdenoCa	cna178
16	34111997	37135922	4	0	sim20	Eso-AdenoCa	cna179
16	37135923	88906672	2	1	sim20	Eso-AdenoCa	cna180
16	88906673	90354753	2	2	sim20	Eso-AdenoCa	cna181
17	1	81195210	1	1	sim20	Eso-AdenoCa	cna182
18	1	78077248	1	1	sim20	Eso-AdenoCa	cna183
19	1	18953551	1	1	sim20	Eso-AdenoCa	cna184
19	18953552	46220617	4	2	sim20	Eso-AdenoCa	cna185
19	46220618	46808107	3	1	sim20	Eso-AdenoCa	cna186
19	46808108	57726141	1	0	sim20	Eso-AdenoCa	cna187
19	57726142	58685653	2	1	sim20	Eso-AdenoCa	cna188
19	58685654	59056633	4	0	sim20	Eso-AdenoCa	cna189
19	59056634	59128983	2	1	sim20	Eso-AdenoCa	cna190
20	1	6854688	2	0	sim20	Eso-AdenoCa	cna191
20	6854689	41720462	1	0	sim20	Eso-AdenoCa	cna192
20	41720463	44559278	2	1	sim20	Eso-AdenoCa	cna193
20	44559279	45517430	3	1	sim20	Eso-AdenoCa	cna194
20	45517431	63025520	2	1	sim20	Eso-AdenoCa	cna195
21	1	47253931	2	1	sim20	Eso-AdenoCa	cna196
21	47253932	47461112	2	0	sim20	Eso-AdenoCa	cna197
21	47461113	48129895	2	1	sim20	Eso-AdenoCa	cna198
22	1	51304566	1	0	sim20	Eso-AdenoCa	cna199
X	1	151637423	1	0	sim20	Eso-AdenoCa	cna200
X	151637424	155270560	2	1	sim20	Eso-AdenoCa	cna201
Y	1	9914835	1	0	sim20	Eso-AdenoCa	cna202
Y	9914836	9924502	4	1	sim20	Eso-AdenoCa	cna203
Y	9924503	10161579	2	1	sim20	Eso-AdenoCa	cna204
Y	10161580	10430485	0	0	sim20	Eso-AdenoCa	cna205
Y	10430486	11512017	4	3	sim20	Eso-AdenoCa	cna206
Y	11512018	14472198	1	0	sim20	Eso-AdenoCa	cna207
Y	14472199	55857269	1	1	sim20	Eso-AdenoCa	cna208
Y	55857270	59373566	2	2	sim20	Eso-AdenoCa	cna209
