chrom	start	end	major_cn	minor_cn	donor_id	study	id
1	1	80017649	2	1	sim89	Eso-AdenoCa	cna0
1	80017650	80110597	3	0	sim89	Eso-AdenoCa	cna1
1	80110598	80669995	2	2	sim89	Eso-AdenoCa	cna2
1	80669996	81569358	2	0	sim89	Eso-AdenoCa	cna3
1	81569359	83159965	3	1	sim89	Eso-AdenoCa	cna4
1	83159966	86521805	2	0	sim89	Eso-AdenoCa	cna5
1	86521806	87041652	2	2	sim89	Eso-AdenoCa	cna6
1	87041653	171492620	2	0	sim89	Eso-AdenoCa	cna7
1	171492621	171563991	2	1	sim89	Eso-AdenoCa	cna8
1	171563992	175129935	2	0	sim89	Eso-AdenoCa	cna9
1	175129936	176721265	2	2	sim89	Eso-AdenoCa	cna10
1	176721266	249250621	4	1	sim89	Eso-AdenoCa	cna11
2	1	35268353	1	1	sim89	Eso-AdenoCa	cna12
2	35268354	35379427	4	2	sim89	Eso-AdenoCa	cna13
2	35379428	35427615	3	1	sim89	Eso-AdenoCa	cna14
2	35427616	93383214	2	1	sim89	Eso-AdenoCa	cna15
2	93383215	94668034	2	2	sim89	Eso-AdenoCa	cna16
2	94668035	94678798	0	0	sim89	Eso-AdenoCa	cna17
2	94678799	96323230	4	3	sim89	Eso-AdenoCa	cna18
2	96323231	96802209	4	1	sim89	Eso-AdenoCa	cna19
2	96802210	97158639	1	0	sim89	Eso-AdenoCa	cna20
2	97158640	97288468	5	1	sim89	Eso-AdenoCa	cna21
2	97288469	97458390	1	0	sim89	Eso-AdenoCa	cna22
2	97458391	105583482	2	1	sim89	Eso-AdenoCa	cna23
2	105583483	110024241	2	2	sim89	Eso-AdenoCa	cna24
2	110024242	168185663	3	2	sim89	Eso-AdenoCa	cna25
2	168185664	174451528	2	2	sim89	Eso-AdenoCa	cna26
2	174451529	177964301	2	1	sim89	Eso-AdenoCa	cna27
2	177964302	183179839	1	0	sim89	Eso-AdenoCa	cna28
2	183179840	202532650	4	1	sim89	Eso-AdenoCa	cna29
2	202532651	203080759	2	1	sim89	Eso-AdenoCa	cna30
2	203080760	203146066	1	0	sim89	Eso-AdenoCa	cna31
2	203146067	208328458	2	1	sim89	Eso-AdenoCa	cna32
2	208328459	218978694	2	2	sim89	Eso-AdenoCa	cna33
2	218978695	220064461	1	1	sim89	Eso-AdenoCa	cna34
2	220064462	221723321	2	3	sim89	Eso-AdenoCa	cna35
2	221723322	221886552	2	1	sim89	Eso-AdenoCa	cna36
2	221886553	222054201	4	0	sim89	Eso-AdenoCa	cna37
2	222054202	222743203	5	0	sim89	Eso-AdenoCa	cna38
2	222743204	223072160	3	1	sim89	Eso-AdenoCa	cna39
2	223072161	223082935	4	2	sim89	Eso-AdenoCa	cna40
2	223082936	225958116	1	0	sim89	Eso-AdenoCa	cna41
2	225958117	226716811	2	1	sim89	Eso-AdenoCa	cna42
2	226716812	243199373	1	0	sim89	Eso-AdenoCa	cna43
3	1	198022430	2	2	sim89	Eso-AdenoCa	cna44
4	1	20610832	1	0	sim89	Eso-AdenoCa	cna45
4	20610833	71574374	2	0	sim89	Eso-AdenoCa	cna46
4	71574375	74931685	1	0	sim89	Eso-AdenoCa	cna47
4	74931686	74942920	3	2	sim89	Eso-AdenoCa	cna48
4	74942921	75131338	1	0	sim89	Eso-AdenoCa	cna49
4	75131339	77510894	4	1	sim89	Eso-AdenoCa	cna50
4	77510895	78001192	2	0	sim89	Eso-AdenoCa	cna51
4	78001193	78384675	2	2	sim89	Eso-AdenoCa	cna52
4	78384676	93382844	2	1	sim89	Eso-AdenoCa	cna53
4	93382845	93936126	3	2	sim89	Eso-AdenoCa	cna54
4	93936127	94160431	2	0	sim89	Eso-AdenoCa	cna55
4	94160432	101218290	4	3	sim89	Eso-AdenoCa	cna56
4	101218291	106072887	3	3	sim89	Eso-AdenoCa	cna57
4	106072888	106765722	4	1	sim89	Eso-AdenoCa	cna58
4	106765723	107013152	2	0	sim89	Eso-AdenoCa	cna59
4	107013153	107246353	2	2	sim89	Eso-AdenoCa	cna60
4	107246354	107330694	1	0	sim89	Eso-AdenoCa	cna61
4	107330695	107376741	2	1	sim89	Eso-AdenoCa	cna62
4	107376742	107485400	1	0	sim89	Eso-AdenoCa	cna63
4	107485401	108501101	2	2	sim89	Eso-AdenoCa	cna64
4	108501102	108717200	3	1	sim89	Eso-AdenoCa	cna65
4	108717201	143948892	2	0	sim89	Eso-AdenoCa	cna66
4	143948893	144121963	1	0	sim89	Eso-AdenoCa	cna67
4	144121964	151906901	2	1	sim89	Eso-AdenoCa	cna68
4	151906902	152083112	3	2	sim89	Eso-AdenoCa	cna69
4	152083113	162214777	1	0	sim89	Eso-AdenoCa	cna70
4	162214778	162252756	3	2	sim89	Eso-AdenoCa	cna71
4	162252757	162343420	2	2	sim89	Eso-AdenoCa	cna72
4	162343421	163893214	0	0	sim89	Eso-AdenoCa	cna73
4	163893215	165275326	2	1	sim89	Eso-AdenoCa	cna74
4	165275327	165328217	1	0	sim89	Eso-AdenoCa	cna75
4	165328218	165339456	3	1	sim89	Eso-AdenoCa	cna76
4	165339457	191154276	2	1	sim89	Eso-AdenoCa	cna77
5	1	36404490	2	1	sim89	Eso-AdenoCa	cna78
5	36404491	36707420	1	0	sim89	Eso-AdenoCa	cna79
5	36707421	68066069	3	3	sim89	Eso-AdenoCa	cna80
5	68066070	72528845	2	1	sim89	Eso-AdenoCa	cna81
5	72528846	72808222	1	0	sim89	Eso-AdenoCa	cna82
5	72808223	78389617	4	2	sim89	Eso-AdenoCa	cna83
5	78389618	98379468	1	0	sim89	Eso-AdenoCa	cna84
5	98379469	98565908	2	0	sim89	Eso-AdenoCa	cna85
5	98565909	115496762	2	2	sim89	Eso-AdenoCa	cna86
5	115496763	116831693	1	0	sim89	Eso-AdenoCa	cna87
5	116831694	159404201	2	2	sim89	Eso-AdenoCa	cna88
5	159404202	180915260	1	0	sim89	Eso-AdenoCa	cna89
6	1	35867047	2	0	sim89	Eso-AdenoCa	cna90
6	35867048	47790391	2	2	sim89	Eso-AdenoCa	cna91
6	47790392	47949377	3	1	sim89	Eso-AdenoCa	cna92
6	47949378	48349704	0	0	sim89	Eso-AdenoCa	cna93
6	48349705	69931544	1	0	sim89	Eso-AdenoCa	cna94
6	69931545	69942045	2	1	sim89	Eso-AdenoCa	cna95
6	69942046	114985444	4	1	sim89	Eso-AdenoCa	cna96
6	114985445	127741906	1	0	sim89	Eso-AdenoCa	cna97
6	127741907	143804689	3	1	sim89	Eso-AdenoCa	cna98
6	143804690	143853792	2	1	sim89	Eso-AdenoCa	cna99
6	143853793	144391190	3	0	sim89	Eso-AdenoCa	cna100
6	144391191	144584238	0	0	sim89	Eso-AdenoCa	cna101
6	144584239	171058818	2	1	sim89	Eso-AdenoCa	cna102
6	171058819	171104642	1	0	sim89	Eso-AdenoCa	cna103
6	171104643	171115067	2	1	sim89	Eso-AdenoCa	cna104
7	1	43243968	2	1	sim89	Eso-AdenoCa	cna105
7	43243969	43882244	1	0	sim89	Eso-AdenoCa	cna106
7	43882245	44089457	2	1	sim89	Eso-AdenoCa	cna107
7	44089458	159138663	2	0	sim89	Eso-AdenoCa	cna108
8	1	47474835	4	1	sim89	Eso-AdenoCa	cna109
8	47474836	51537256	2	2	sim89	Eso-AdenoCa	cna110
8	51537257	56685098	2	1	sim89	Eso-AdenoCa	cna111
8	56685099	111946585	4	1	sim89	Eso-AdenoCa	cna112
8	111946586	113055525	1	0	sim89	Eso-AdenoCa	cna113
8	113055526	145804927	3	1	sim89	Eso-AdenoCa	cna114
8	145804928	146054850	2	0	sim89	Eso-AdenoCa	cna115
8	146054851	146364022	2	1	sim89	Eso-AdenoCa	cna116
9	1	141213431	2	1	sim89	Eso-AdenoCa	cna117
10	1	19509222	2	0	sim89	Eso-AdenoCa	cna118
10	19509223	19519730	3	0	sim89	Eso-AdenoCa	cna119
10	19519731	21267489	1	0	sim89	Eso-AdenoCa	cna120
10	21267490	21796534	6	2	sim89	Eso-AdenoCa	cna121
10	21796535	24462437	3	1	sim89	Eso-AdenoCa	cna122
10	24462438	118903904	2	1	sim89	Eso-AdenoCa	cna123
10	118903905	134338460	1	0	sim89	Eso-AdenoCa	cna124
10	134338461	135284969	3	1	sim89	Eso-AdenoCa	cna125
10	135284970	135534747	6	1	sim89	Eso-AdenoCa	cna126
11	1	9612125	1	0	sim89	Eso-AdenoCa	cna127
11	9612126	82643937	2	1	sim89	Eso-AdenoCa	cna128
11	82643938	85973215	3	3	sim89	Eso-AdenoCa	cna129
11	85973216	120951069	4	3	sim89	Eso-AdenoCa	cna130
11	120951070	121019562	3	2	sim89	Eso-AdenoCa	cna131
11	121019563	135006516	1	0	sim89	Eso-AdenoCa	cna132
12	1	22174336	3	2	sim89	Eso-AdenoCa	cna133
12	22174337	24184025	2	0	sim89	Eso-AdenoCa	cna134
12	24184026	24744524	2	1	sim89	Eso-AdenoCa	cna135
12	24744525	24767766	4	3	sim89	Eso-AdenoCa	cna136
12	24767767	27026329	2	1	sim89	Eso-AdenoCa	cna137
12	27026330	27188155	3	1	sim89	Eso-AdenoCa	cna138
12	27188156	27321473	1	0	sim89	Eso-AdenoCa	cna139
12	27321474	32967081	2	2	sim89	Eso-AdenoCa	cna140
12	32967082	34829257	2	1	sim89	Eso-AdenoCa	cna141
12	34829258	35423565	3	1	sim89	Eso-AdenoCa	cna142
12	35423566	35810980	2	2	sim89	Eso-AdenoCa	cna143
12	35810981	51817993	2	1	sim89	Eso-AdenoCa	cna144
12	51817994	53582516	2	0	sim89	Eso-AdenoCa	cna145
12	53582517	64607735	1	0	sim89	Eso-AdenoCa	cna146
12	64607736	65180159	5	2	sim89	Eso-AdenoCa	cna147
12	65180160	65615116	2	1	sim89	Eso-AdenoCa	cna148
12	65615117	77175881	1	0	sim89	Eso-AdenoCa	cna149
12	77175882	112001876	2	1	sim89	Eso-AdenoCa	cna150
12	112001877	113125504	3	0	sim89	Eso-AdenoCa	cna151
12	113125505	133405647	2	2	sim89	Eso-AdenoCa	cna152
12	133405648	133851895	4	0	sim89	Eso-AdenoCa	cna153
13	1	9786761	2	0	sim89	Eso-AdenoCa	cna154
13	9786762	34875327	2	1	sim89	Eso-AdenoCa	cna155
13	34875328	34932026	1	0	sim89	Eso-AdenoCa	cna156
13	34932027	39009288	2	0	sim89	Eso-AdenoCa	cna157
13	39009289	39073627	3	2	sim89	Eso-AdenoCa	cna158
13	39073628	112630242	1	0	sim89	Eso-AdenoCa	cna159
13	112630243	113820112	0	1	sim89	Eso-AdenoCa	cna160
13	113820113	114649788	2	0	sim89	Eso-AdenoCa	cna161
13	114649789	115169878	3	0	sim89	Eso-AdenoCa	cna162
14	1	23591635	2	0	sim89	Eso-AdenoCa	cna163
14	23591636	24388293	2	1	sim89	Eso-AdenoCa	cna164
14	24388294	24478109	3	3	sim89	Eso-AdenoCa	cna165
14	24478110	26028252	2	0	sim89	Eso-AdenoCa	cna166
14	26028253	31044828	5	1	sim89	Eso-AdenoCa	cna167
14	31044829	53462705	2	0	sim89	Eso-AdenoCa	cna168
14	53462706	55107969	2	1	sim89	Eso-AdenoCa	cna169
14	55107970	60899813	4	2	sim89	Eso-AdenoCa	cna170
14	60899814	76093906	2	1	sim89	Eso-AdenoCa	cna171
14	76093907	107349540	4	1	sim89	Eso-AdenoCa	cna172
15	1	91585529	2	0	sim89	Eso-AdenoCa	cna173
15	91585530	91953219	3	2	sim89	Eso-AdenoCa	cna174
15	91953220	92006808	3	1	sim89	Eso-AdenoCa	cna175
15	92006809	93576406	1	0	sim89	Eso-AdenoCa	cna176
15	93576407	99235107	2	1	sim89	Eso-AdenoCa	cna177
15	99235108	102531392	1	0	sim89	Eso-AdenoCa	cna178
16	1	3059138	3	0	sim89	Eso-AdenoCa	cna179
16	3059139	3076817	2	0	sim89	Eso-AdenoCa	cna180
16	3076818	3342479	1	0	sim89	Eso-AdenoCa	cna181
16	3342480	33529379	2	1	sim89	Eso-AdenoCa	cna182
16	33529380	73714225	2	2	sim89	Eso-AdenoCa	cna183
16	73714226	73974876	1	0	sim89	Eso-AdenoCa	cna184
16	73974877	74340962	3	1	sim89	Eso-AdenoCa	cna185
16	74340963	75219412	1	0	sim89	Eso-AdenoCa	cna186
16	75219413	90238198	2	1	sim89	Eso-AdenoCa	cna187
16	90238199	90354753	3	1	sim89	Eso-AdenoCa	cna188
17	1	81195210	1	1	sim89	Eso-AdenoCa	cna189
18	1	1318767	1	0	sim89	Eso-AdenoCa	cna190
18	1318768	10809652	3	0	sim89	Eso-AdenoCa	cna191
18	10809653	11050468	2	1	sim89	Eso-AdenoCa	cna192
18	11050469	22856670	4	2	sim89	Eso-AdenoCa	cna193
18	22856671	77673105	2	1	sim89	Eso-AdenoCa	cna194
18	77673106	77778732	1	0	sim89	Eso-AdenoCa	cna195
18	77778733	78077248	2	1	sim89	Eso-AdenoCa	cna196
19	1	14978107	2	1	sim89	Eso-AdenoCa	cna197
19	14978108	15040046	3	0	sim89	Eso-AdenoCa	cna198
19	15040047	29604231	2	2	sim89	Eso-AdenoCa	cna199
19	29604232	37524621	1	0	sim89	Eso-AdenoCa	cna200
19	37524622	54589905	2	1	sim89	Eso-AdenoCa	cna201
19	54589906	59075794	3	0	sim89	Eso-AdenoCa	cna202
19	59075795	59128983	3	1	sim89	Eso-AdenoCa	cna203
20	1	30561015	1	0	sim89	Eso-AdenoCa	cna204
20	30561016	36313539	2	1	sim89	Eso-AdenoCa	cna205
20	36313540	50493340	4	0	sim89	Eso-AdenoCa	cna206
20	50493341	61296937	2	1	sim89	Eso-AdenoCa	cna207
20	61296938	63025520	2	2	sim89	Eso-AdenoCa	cna208
21	1	48129895	1	0	sim89	Eso-AdenoCa	cna209
22	1	40111634	1	0	sim89	Eso-AdenoCa	cna210
22	40111635	41089554	2	1	sim89	Eso-AdenoCa	cna211
22	41089555	42887029	2	0	sim89	Eso-AdenoCa	cna212
22	42887030	42940350	1	0	sim89	Eso-AdenoCa	cna213
22	42940351	43237476	2	1	sim89	Eso-AdenoCa	cna214
22	43237477	51304566	2	0	sim89	Eso-AdenoCa	cna215
X	1	9120598	2	0	sim89	Eso-AdenoCa	cna216
X	9120599	52195569	2	1	sim89	Eso-AdenoCa	cna217
X	52195570	63137470	2	0	sim89	Eso-AdenoCa	cna218
X	63137471	71218807	3	1	sim89	Eso-AdenoCa	cna219
X	71218808	81654820	2	0	sim89	Eso-AdenoCa	cna220
X	81654821	82446546	4	1	sim89	Eso-AdenoCa	cna221
X	82446547	82607350	2	1	sim89	Eso-AdenoCa	cna222
X	82607351	83098135	4	2	sim89	Eso-AdenoCa	cna223
X	83098136	88956967	1	0	sim89	Eso-AdenoCa	cna224
X	88956968	123979832	2	2	sim89	Eso-AdenoCa	cna225
X	123979833	124020956	3	1	sim89	Eso-AdenoCa	cna226
X	124020957	139306376	2	1	sim89	Eso-AdenoCa	cna227
X	139306377	139316719	4	3	sim89	Eso-AdenoCa	cna228
X	139316720	139416266	4	2	sim89	Eso-AdenoCa	cna229
X	139416267	147506146	2	1	sim89	Eso-AdenoCa	cna230
X	147506147	148865939	0	0	sim89	Eso-AdenoCa	cna231
X	148865940	152157821	5	1	sim89	Eso-AdenoCa	cna232
X	152157822	152206125	0	0	sim89	Eso-AdenoCa	cna233
X	152206126	155270560	2	0	sim89	Eso-AdenoCa	cna234
