chrom1	start1	end1	chrom2	start2	end2	strand1	strand2	svclass	id	allele	donor_id	tumor
1	1	2	1	69207288	69207289	-	+	DUP	cna0	major	sim76	Eso-AdenoCa
1	1	2	1	69207288	69207289	-	+	DUP	cna0	minor	sim76	Eso-AdenoCa
1	1	5704774	6	35410340	60774153	+	-	TRA	cna49,cna0	minor,minor	sim76	Eso-AdenoCa
1	20560793	69207288	6	68539813	78787641	-	+	TRA	cna57,cna0	minor,major	sim76	Eso-AdenoCa
1	69207289	69207290	1	235695299	235695300	+	-	DEL	cna1	minor	sim76	Eso-AdenoCa
1	177641200	177641201	1	178627065	178627066	+	+	h2hINV	cna1	major	sim76	Eso-AdenoCa
1	195083300	195083301	1	200548358	200548359	-	-	t2tINV	cna1	major	sim76	Eso-AdenoCa
1	235695300	235695301	1	235707115	235707116	-	+	DUP	cna2	major	sim76	Eso-AdenoCa
1	235695300	235695301	1	235707115	235707116	+	-	DEL	cna2	minor	sim76	Eso-AdenoCa
1	235707116	235707117	1	235730661	235730662	-	+	DUP	cna3	major	sim76	Eso-AdenoCa
1	235730662	235730663	1	236463864	236463865	-	+	DUP	cna4	major	sim76	Eso-AdenoCa
1	235730662	235730663	1	236463864	236463865	-	+	DUP	cna4	minor	sim76	Eso-AdenoCa
1	236463865	236463866	1	236701127	236701128	-	+	DUP	cna5	major	sim76	Eso-AdenoCa
1	236701128	236701129	1	249250621	249250622	+	-	DEL	cna6	minor	sim76	Eso-AdenoCa
2	1	2	2	43927262	43927263	+	-	DEL	cna7	minor	sim76	Eso-AdenoCa
2	38717299	43927262	6	107450440	163115976	-	-	TRA	cna57,cna7	major,major	sim76	Eso-AdenoCa
2	43927263	43927264	2	44780935	44780936	-	+	DUP	cna8	major	sim76	Eso-AdenoCa
2	44780936	44780937	2	47182118	47182119	+	-	DEL	cna9	minor	sim76	Eso-AdenoCa
2	47182119	47182120	2	67137173	67137174	-	+	DUP	cna10	major	sim76	Eso-AdenoCa
2	47182119	47182120	2	67137173	67137174	+	-	DEL	cna10	minor	sim76	Eso-AdenoCa
2	47182119	47960180	18	42725168	49518655	+	+	TRA	cna10,cna110	minor,major	sim76	Eso-AdenoCa
2	67137174	67137175	2	71961379	71961380	+	-	DEL	cna11	minor	sim76	Eso-AdenoCa
2	71961380	71961381	2	72093806	72093807	-	+	DUP	cna12	major	sim76	Eso-AdenoCa
2	72093807	72093808	2	89265686	89265687	-	+	DUP	cna13	major	sim76	Eso-AdenoCa
2	72093807	72093808	2	89265686	89265687	-	+	DUP	cna13	minor	sim76	Eso-AdenoCa
2	89265687	89265688	2	114542244	114542245	-	+	DUP	cna14	major	sim76	Eso-AdenoCa
2	89265687	108245527	20	1	50949696	+	+	TRA	cna116,cna14	major,major	sim76	Eso-AdenoCa
2	113483706	114542244	14	1	33757222	-	+	TRA	cna88,cna14	minor,minor	sim76	Eso-AdenoCa
2	114542245	114542246	2	243199373	243199374	+	-	DEL	cna15	minor	sim76	Eso-AdenoCa
2	114542245	193198614	17	1	39476137	+	+	TRA	cna100,cna15	major,minor	sim76	Eso-AdenoCa
2	153825248	243199373	19	1	57015679	-	+	TRA	cna115,cna15	minor,major	sim76	Eso-AdenoCa
3	1	2	3	62075658	62075659	-	+	DUP	cna16	major	sim76	Eso-AdenoCa
3	1	33233219	11	32658510	133707719	+	-	TRA	cna71,cna16	minor,major	sim76	Eso-AdenoCa
3	62075659	62075660	3	83387370	83387371	-	+	DUP	cna17	major	sim76	Eso-AdenoCa
3	83387371	83387372	3	95393446	95393447	-	+	DUP	cna18	major	sim76	Eso-AdenoCa
3	83387371	83387372	3	95393446	95393447	+	-	DEL	cna18	minor	sim76	Eso-AdenoCa
3	95393447	95393448	3	95730631	95730632	-	+	DUP	cna19	major	sim76	Eso-AdenoCa
3	95393447	95393448	3	95730631	95730632	-	+	DUP	cna19	minor	sim76	Eso-AdenoCa
3	95730632	95730633	3	97093199	97093200	+	-	DEL	cna20	major	sim76	Eso-AdenoCa
3	95730632	95730633	3	97093199	97093200	+	-	DEL	cna20	minor	sim76	Eso-AdenoCa
3	97093200	97093201	3	112153434	112153435	+	-	DEL	cna21	minor	sim76	Eso-AdenoCa
3	107884306	112153434	6	153427799	163115976	-	-	TRA	cna21,cna57	minor,minor	sim76	Eso-AdenoCa
3	112153435	112153436	3	115628548	115628549	-	+	DUP	cna22	major	sim76	Eso-AdenoCa
3	112153435	112153436	3	115628548	115628549	-	+	DUP	cna22	minor	sim76	Eso-AdenoCa
3	115628549	115628550	3	159328032	159328033	-	+	DUP	cna23	major	sim76	Eso-AdenoCa
3	115628549	123060194	X	105978814	134524924	+	-	TRA	cna120,cna23	major,minor	sim76	Eso-AdenoCa
3	117237206	159328032	4	48048258	85095235	-	+	TRA	cna23,cna36	major,major	sim76	Eso-AdenoCa
3	159328033	159328034	3	185779282	185779283	-	+	DUP	cna24	major	sim76	Eso-AdenoCa
3	159328033	159328034	3	185779282	185779283	-	+	DUP	cna24	minor	sim76	Eso-AdenoCa
3	159328033	168878907	8	87071813	146364022	+	-	TRA	cna24,cna67	major,major	sim76	Eso-AdenoCa
3	185779283	185779284	3	186333312	186333313	-	+	DUP	cna25	major	sim76	Eso-AdenoCa
3	185779283	185779284	3	186333312	186333313	+	-	DEL	cna25	minor	sim76	Eso-AdenoCa
3	186333313	186333314	3	187731469	187731470	-	+	DUP	cna26	major	sim76	Eso-AdenoCa
3	186333313	186333314	3	187731469	187731470	-	+	DUP	cna26	minor	sim76	Eso-AdenoCa
3	187731470	187731471	3	189978322	189978323	-	+	DUP	cna27	major	sim76	Eso-AdenoCa
3	189978323	189978324	3	190024355	190024356	-	+	DUP	cna28	major	sim76	Eso-AdenoCa
3	189978323	189978324	3	190024355	190024356	+	-	DEL	cna28	minor	sim76	Eso-AdenoCa
3	190024356	190024357	3	190247773	190247774	+	-	DEL	cna29	minor	sim76	Eso-AdenoCa
3	190247774	190247775	3	191716255	191716256	-	+	DUP	cna30	major	sim76	Eso-AdenoCa
3	191716256	191716257	3	198022430	198022431	+	-	DEL	cna31	minor	sim76	Eso-AdenoCa
3	192752906	198022430	10	114386246	135534747	-	-	TRA	cna31,cna70	major,minor	sim76	Eso-AdenoCa
4	1	2	4	46192990	46192991	-	+	DUP	cna32	major	sim76	Eso-AdenoCa
4	7707076	7707077	4	62268773	62268774	-	-	t2tINV	cna36	minor	sim76	Eso-AdenoCa
4	46192991	46192992	4	46820294	46820295	-	+	DUP	cna33	major	sim76	Eso-AdenoCa
4	46820295	46820296	4	47062432	47062433	-	+	DUP	cna34	major	sim76	Eso-AdenoCa
4	47062433	47062434	4	48048257	48048258	-	+	DUP	cna35	major	sim76	Eso-AdenoCa
4	47062433	47062434	4	48048257	48048258	+	-	DEL	cna35	minor	sim76	Eso-AdenoCa
4	48048258	48048259	4	142433218	142433219	-	+	DUP	cna36	major	sim76	Eso-AdenoCa
4	142433219	142433220	4	156591714	156591715	-	+	DUP	cna37	major	sim76	Eso-AdenoCa
4	142433219	142433220	4	156591714	156591715	-	+	DUP	cna37	minor	sim76	Eso-AdenoCa
4	156591715	156591716	4	157468691	157468692	-	+	DUP	cna38	major	sim76	Eso-AdenoCa
4	157468692	157468693	4	159873934	159873935	+	-	DEL	cna39	major	sim76	Eso-AdenoCa
4	157468692	157468693	4	159873934	159873935	+	-	DEL	cna39	minor	sim76	Eso-AdenoCa
4	159873935	159873936	4	160893330	160893331	-	+	DUP	cna40	major	sim76	Eso-AdenoCa
4	160893331	160893332	4	176715515	176715516	-	+	DUP	cna41	major	sim76	Eso-AdenoCa
4	160893331	160893332	4	176715515	176715516	+	-	DEL	cna41	minor	sim76	Eso-AdenoCa
4	176715516	176715517	4	178670505	178670506	-	+	DUP	cna42	major	sim76	Eso-AdenoCa
4	178670506	178670507	4	178753206	178753207	+	-	DEL	cna43	minor	sim76	Eso-AdenoCa
4	178753207	178753208	4	179547636	179547637	-	+	DUP	cna44	major	sim76	Eso-AdenoCa
4	179547637	179547638	4	187184578	187184579	-	+	DUP	cna45	major	sim76	Eso-AdenoCa
4	187184579	187184580	4	191154276	191154277	-	+	DUP	cna46	major	sim76	Eso-AdenoCa
4	187184579	187184580	4	191154276	191154277	+	-	DEL	cna46	minor	sim76	Eso-AdenoCa
5	1	2	5	180915260	180915261	-	+	DUP	cna47	major	sim76	Eso-AdenoCa
5	1	106707546	22	40112580	51304566	+	-	TRA	cna118,cna47	minor,major	sim76	Eso-AdenoCa
5	60097100	60097101	5	61051566	61051567	+	+	h2hINV	cna47	minor	sim76	Eso-AdenoCa
5	115277100	115277101	5	115637871	115637872	-	-	t2tINV	cna47	minor	sim76	Eso-AdenoCa
6	1	2	6	19829740	19829741	-	+	DUP	cna48	major	sim76	Eso-AdenoCa
6	1	2	6	19829740	19829741	-	+	DUP	cna48	minor	sim76	Eso-AdenoCa
6	19829741	19829742	6	60774153	60774154	-	+	DUP	cna49	major	sim76	Eso-AdenoCa
6	19829741	19829742	6	60774153	60774154	-	+	DUP	cna49	minor	sim76	Eso-AdenoCa
6	34767940	60774153	9	85967205	103681544	-	+	TRA	cna49,cna69	major,minor	sim76	Eso-AdenoCa
6	60774154	60774155	6	61504099	61504100	-	+	DUP	cna50	major	sim76	Eso-AdenoCa
6	60774154	60774155	6	61504099	61504100	+	-	DEL	cna50	minor	sim76	Eso-AdenoCa
6	61504100	61504101	6	61989310	61989311	-	+	DUP	cna51	major	sim76	Eso-AdenoCa
6	61504100	61504101	6	61989310	61989311	-	+	DUP	cna51	minor	sim76	Eso-AdenoCa
6	61989311	61989312	6	64700426	64700427	-	+	DUP	cna52	major	sim76	Eso-AdenoCa
6	64700427	64700428	6	64714207	64714208	-	+	DUP	cna53	major	sim76	Eso-AdenoCa
6	64700427	64700428	6	64714207	64714208	+	-	DEL	cna53	minor	sim76	Eso-AdenoCa
6	64714208	64714209	6	64808105	64808106	-	+	DUP	cna54	major	sim76	Eso-AdenoCa
6	64714208	64714209	6	64808105	64808106	+	-	DEL	cna54	minor	sim76	Eso-AdenoCa
6	64808106	64808107	6	65120841	65120842	-	+	DUP	cna55	major	sim76	Eso-AdenoCa
6	64808106	64808107	6	65120841	65120842	-	+	DUP	cna55	minor	sim76	Eso-AdenoCa
6	65120842	65120843	6	68539812	68539813	-	+	DUP	cna56	major	sim76	Eso-AdenoCa
6	65120842	65120843	6	68539812	68539813	+	-	DEL	cna56	minor	sim76	Eso-AdenoCa
6	68539813	68539814	6	163115976	163115977	-	+	DUP	cna57	major	sim76	Eso-AdenoCa
6	68539813	68539814	6	163115976	163115977	-	+	DUP	cna57	minor	sim76	Eso-AdenoCa
6	163115977	163115978	6	163247386	163247387	-	+	DUP	cna58	major	sim76	Eso-AdenoCa
6	163247387	163247388	6	163946801	163946802	-	+	DUP	cna59	major	sim76	Eso-AdenoCa
6	163946802	163946803	6	171115067	171115068	-	+	DUP	cna60	major	sim76	Eso-AdenoCa
6	163946802	163946803	6	171115067	171115068	-	+	DUP	cna60	minor	sim76	Eso-AdenoCa
7	1	2	7	135148800	135148801	-	+	DUP	cna61	major	sim76	Eso-AdenoCa
7	1	2	7	135148800	135148801	+	-	DEL	cna61	minor	sim76	Eso-AdenoCa
7	48264573	135148800	11	1	50857915	-	+	TRA	cna61,cna71	major,minor	sim76	Eso-AdenoCa
7	108059173	135148800	20	43993262	63025520	-	-	TRA	cna61,cna116	major,minor	sim76	Eso-AdenoCa
7	135148801	135148802	7	135457035	135457036	-	+	DUP	cna62	major	sim76	Eso-AdenoCa
7	135457036	135457037	7	138734775	138734776	-	+	DUP	cna63	major	sim76	Eso-AdenoCa
7	138734776	138734777	7	158870973	158870974	-	+	DUP	cna64	major	sim76	Eso-AdenoCa
7	158870974	158870975	7	159028994	159028995	+	-	DEL	cna65	minor	sim76	Eso-AdenoCa
7	159028995	159028996	7	159138663	159138664	-	+	DUP	cna66	major	sim76	Eso-AdenoCa
9	273488	273489	9	327458	327459	+	+	h2hINV	cna68	major	sim76	Eso-AdenoCa
9	85967205	85967206	9	141213431	141213432	-	+	DUP	cna69	major	sim76	Eso-AdenoCa
9	85967205	85967206	9	141213431	141213432	+	-	DEL	cna69	minor	sim76	Eso-AdenoCa
9	134030488	134030489	9	134040489	134040490	+	+	h2hINV	cna69	major	sim76	Eso-AdenoCa
10	1	2	10	135534747	135534748	+	-	DEL	cna70	minor	sim76	Eso-AdenoCa
10	48396057	135534747	12	66966762	114133574	-	-	TRA	cna70,cna77	minor,major	sim76	Eso-AdenoCa
11	1	2	11	133707719	133707720	-	+	DUP	cna71	major	sim76	Eso-AdenoCa
11	1	2	11	133707719	133707720	+	-	DEL	cna71	minor	sim76	Eso-AdenoCa
11	19384710	19384711	11	20087903	20087904	-	-	t2tINV	cna71	major	sim76	Eso-AdenoCa
11	115171110	115171111	11	117138253	117138254	-	-	t2tINV	cna71	major	sim76	Eso-AdenoCa
11	123479410	123479411	11	132604435	132604436	+	+	h2hINV	cna71	major	sim76	Eso-AdenoCa
11	133707720	133707721	11	135006516	135006517	-	+	DUP	cna72	major	sim76	Eso-AdenoCa
12	1	2	12	23158540	23158541	-	+	DUP	cna73	major	sim76	Eso-AdenoCa
12	23158541	23158542	12	24325753	24325754	-	+	DUP	cna74	major	sim76	Eso-AdenoCa
12	23158541	23158542	12	24325753	24325754	-	+	DUP	cna74	minor	sim76	Eso-AdenoCa
12	24325754	24325755	12	24877005	24877006	-	+	DUP	cna75	major	sim76	Eso-AdenoCa
12	24325754	24325755	12	24877005	24877006	-	+	DUP	cna75	minor	sim76	Eso-AdenoCa
12	24877006	24877007	12	47904797	47904798	-	+	DUP	cna76	major	sim76	Eso-AdenoCa
12	24877006	24877007	12	47904797	47904798	+	-	DEL	cna76	minor	sim76	Eso-AdenoCa
12	47904798	47904799	12	114133574	114133575	-	+	DUP	cna77	major	sim76	Eso-AdenoCa
12	57178294	57178295	12	60244855	60244856	+	+	h2hINV	cna77	minor	sim76	Eso-AdenoCa
12	114133575	114133576	12	114901860	114901861	-	+	DUP	cna78	major	sim76	Eso-AdenoCa
12	114133575	114133576	12	114901860	114901861	+	-	DEL	cna78	minor	sim76	Eso-AdenoCa
12	114901861	114901862	12	114947252	114947253	+	-	DEL	cna79	major	sim76	Eso-AdenoCa
12	114901861	114901862	12	114947252	114947253	+	-	DEL	cna79	minor	sim76	Eso-AdenoCa
12	114947253	114947254	12	115201472	115201473	-	+	DUP	cna80	major	sim76	Eso-AdenoCa
12	114947253	114947254	12	115201472	115201473	+	-	DEL	cna80	minor	sim76	Eso-AdenoCa
12	115201473	115201474	12	115361130	115361131	-	+	DUP	cna81	major	sim76	Eso-AdenoCa
12	115361131	115361132	12	115371540	115371541	-	+	DUP	cna82	major	sim76	Eso-AdenoCa
12	115371541	115371542	12	115692063	115692064	-	+	DUP	cna83	major	sim76	Eso-AdenoCa
12	115692064	115692065	12	128110767	128110768	+	-	DEL	cna84	minor	sim76	Eso-AdenoCa
12	128110768	128110769	12	133851895	133851896	-	+	DUP	cna85	major	sim76	Eso-AdenoCa
13	1	2	13	100346072	100346073	+	-	DEL	cna86	minor	sim76	Eso-AdenoCa
13	1	27486800	X	37839340	112482764	+	+	TRA	cna86,cna120	minor,major	sim76	Eso-AdenoCa
13	100346073	100346074	13	115169878	115169879	-	+	DUP	cna87	major	sim76	Eso-AdenoCa
13	100346073	100346074	13	115169878	115169879	+	-	DEL	cna87	minor	sim76	Eso-AdenoCa
14	1	2	14	107049189	107049190	+	-	DEL	cna88	minor	sim76	Eso-AdenoCa
14	107049190	107049191	14	107349540	107349541	-	+	DUP	cna89	major	sim76	Eso-AdenoCa
14	107049190	107049191	14	107349540	107349541	+	-	DEL	cna89	minor	sim76	Eso-AdenoCa
15	1	2	15	97432171	97432172	-	+	DUP	cna90	major	sim76	Eso-AdenoCa
15	1	2	15	97432171	97432172	-	+	DUP	cna90	minor	sim76	Eso-AdenoCa
15	75257981	75257982	15	75744930	75744931	-	-	t2tINV	cna90	minor	sim76	Eso-AdenoCa
15	97432172	97432173	15	102475262	102475263	-	+	DUP	cna91	major	sim76	Eso-AdenoCa
15	102475263	102475264	15	102531392	102531393	-	+	DUP	cna92	major	sim76	Eso-AdenoCa
15	102475263	102475264	15	102531392	102531393	-	+	DUP	cna92	minor	sim76	Eso-AdenoCa
16	1	2	16	11101709	11101710	-	+	DUP	cna93	major	sim76	Eso-AdenoCa
16	11101710	11101711	16	13882617	13882618	+	-	DEL	cna94	minor	sim76	Eso-AdenoCa
16	13882618	13882619	16	14679678	14679679	-	+	DUP	cna95	major	sim76	Eso-AdenoCa
16	14679679	14679680	16	14735926	14735927	-	+	DUP	cna96	major	sim76	Eso-AdenoCa
16	14735927	14735928	16	82638065	82638066	-	+	DUP	cna97	major	sim76	Eso-AdenoCa
16	78365189	78365190	16	83498963	83498964	+	+	h2hINV	cna97	minor	sim76	Eso-AdenoCa
16	78908289	78908290	16	78918300	78918301	-	-	t2tINV	cna97	minor	sim76	Eso-AdenoCa
16	82638066	82638067	16	90130958	90130959	-	+	DUP	cna98	major	sim76	Eso-AdenoCa
16	82638066	82638067	16	90130958	90130959	-	+	DUP	cna98	minor	sim76	Eso-AdenoCa
16	90130959	90130960	16	90354753	90354754	+	-	DEL	cna99	minor	sim76	Eso-AdenoCa
17	1	2	17	81195210	81195211	-	+	DUP	cna100	major	sim76	Eso-AdenoCa
17	1	2	17	81195210	81195211	-	+	DUP	cna100	minor	sim76	Eso-AdenoCa
17	52563636	52563637	17	57086939	57086940	+	+	h2hINV	cna100	minor	sim76	Eso-AdenoCa
18	1	2	18	6400363	6400364	-	+	DUP	cna101	major	sim76	Eso-AdenoCa
18	1	2	18	6400363	6400364	-	+	DUP	cna101	minor	sim76	Eso-AdenoCa
18	6400364	6400365	18	17729392	17729393	-	+	DUP	cna102	major	sim76	Eso-AdenoCa
18	17729393	17729394	18	18536856	18536857	-	+	DUP	cna103	major	sim76	Eso-AdenoCa
18	17729393	17729394	18	18536856	18536857	-	+	DUP	cna103	minor	sim76	Eso-AdenoCa
18	18536857	18536858	18	18612726	18612727	-	+	DUP	cna104	major	sim76	Eso-AdenoCa
18	18536857	18536858	18	18612726	18612727	+	-	DEL	cna104	minor	sim76	Eso-AdenoCa
18	18612727	18612728	18	42287669	42287670	-	+	DUP	cna105	major	sim76	Eso-AdenoCa
18	18612727	18612728	18	42287669	42287670	-	+	DUP	cna105	minor	sim76	Eso-AdenoCa
18	27991126	27991127	18	53480527	53480528	+	+	h2hINV	cna105	minor	sim76	Eso-AdenoCa
18	42287670	42287671	18	42393721	42393722	-	+	DUP	cna106	major	sim76	Eso-AdenoCa
18	42287670	42287671	18	42393721	42393722	+	-	DEL	cna106	minor	sim76	Eso-AdenoCa
18	42393722	42393723	18	42456815	42456816	-	+	DUP	cna107	major	sim76	Eso-AdenoCa
18	42393722	42393723	18	42456815	42456816	-	+	DUP	cna107	minor	sim76	Eso-AdenoCa
18	42456816	42456817	18	42631913	42631914	-	+	DUP	cna108	major	sim76	Eso-AdenoCa
18	42456816	42456817	18	42631913	42631914	+	-	DEL	cna108	minor	sim76	Eso-AdenoCa
18	42631914	42631915	18	42725167	42725168	-	+	DUP	cna109	major	sim76	Eso-AdenoCa
18	42631914	42631915	18	42725167	42725168	+	-	DEL	cna109	minor	sim76	Eso-AdenoCa
18	42725168	42725169	18	51002974	51002975	-	+	DUP	cna110	major	sim76	Eso-AdenoCa
18	51002975	51002976	18	51153289	51153290	-	+	DUP	cna111	major	sim76	Eso-AdenoCa
18	51153290	51153291	18	64792050	64792051	+	-	DEL	cna112	minor	sim76	Eso-AdenoCa
18	64792051	64792052	18	77995270	77995271	-	+	DUP	cna113	major	sim76	Eso-AdenoCa
18	77995271	77995272	18	78077248	78077249	-	+	DUP	cna114	major	sim76	Eso-AdenoCa
18	77995271	77995272	18	78077248	78077249	-	+	DUP	cna114	minor	sim76	Eso-AdenoCa
19	1	2	19	59128983	59128984	+	-	DEL	cna115	minor	sim76	Eso-AdenoCa
20	1	2	20	63025520	63025521	+	-	DEL	cna116	minor	sim76	Eso-AdenoCa
21	1	2	21	48129895	48129896	+	-	DEL	cna117	minor	sim76	Eso-AdenoCa
22	1	2	22	51304566	51304567	-	+	DUP	cna118	major	sim76	Eso-AdenoCa
22	33283080	33283081	22	47373673	47373674	-	-	t2tINV	cna118	major	sim76	Eso-AdenoCa
X	1	2	X	37839339	37839340	-	+	DUP	cna119	major	sim76	Eso-AdenoCa
X	37839340	37839341	X	134524924	134524925	-	+	DUP	cna120	major	sim76	Eso-AdenoCa
X	123036614	123036615	X	123056740	123056741	+	+	h2hINV	cna120	major	sim76	Eso-AdenoCa
X	134524925	134524926	X	134936697	134936698	-	+	DUP	cna121	major	sim76	Eso-AdenoCa
X	134524925	134524926	X	134936697	134936698	+	-	DEL	cna121	minor	sim76	Eso-AdenoCa
X	134936698	134936699	X	134946646	134946647	-	+	DUP	cna122	major	sim76	Eso-AdenoCa
X	134946647	134946648	X	135084223	135084224	-	+	DUP	cna123	major	sim76	Eso-AdenoCa
X	134946647	134946648	X	135084223	135084224	+	-	DEL	cna123	minor	sim76	Eso-AdenoCa
X	135084224	135084225	X	135128180	135128181	-	+	DUP	cna124	major	sim76	Eso-AdenoCa
X	135128181	135128182	X	135838261	135838262	-	+	DUP	cna125	major	sim76	Eso-AdenoCa
X	135128181	135128182	X	135838261	135838262	-	+	DUP	cna125	minor	sim76	Eso-AdenoCa
X	135838262	135838263	X	155270560	155270561	+	-	DEL	cna126	minor	sim76	Eso-AdenoCa
