chrom1	start1	end1	chrom2	start2	end2	strand1	strand2	svclass	id	allele	donor_id	tumor
1	1	2	1	12918690	12918691	-	+	DUP	cna0	major	sim40	Eso-AdenoCa
1	12918691	12918692	1	14257763	14257764	-	+	DUP	cna1	major	sim40	Eso-AdenoCa
1	12918691	12918692	1	14257763	14257764	+	-	DEL	cna1	minor	sim40	Eso-AdenoCa
1	14257764	14257765	1	15348377	15348378	-	+	DUP	cna2	major	sim40	Eso-AdenoCa
1	15348378	25795501	12	43375613	103548688	+	-	TRA	cna3,cna197	major,minor	sim40	Eso-AdenoCa
1	15348378	128575590	17	291836	51334868	+	-	TRA	cna257,cna3	major,minor	sim40	Eso-AdenoCa
1	22368800	22368801	1	37929755	37929756	+	+	h2hINV	cna3	minor	sim40	Eso-AdenoCa
1	71119100	71119101	1	97854791	97854792	+	+	h2hINV	cna3	minor	sim40	Eso-AdenoCa
1	95293400	95293401	1	95303402	95303403	+	+	h2hINV	cna3	minor	sim40	Eso-AdenoCa
1	147654186	147654187	1	149322728	149322729	-	+	DUP	cna4	major	sim40	Eso-AdenoCa
1	149322729	149322730	1	212981377	212981378	-	+	DUP	cna5	major	sim40	Eso-AdenoCa
1	149322729	149322730	1	212981377	212981378	+	-	DEL	cna5	minor	sim40	Eso-AdenoCa
1	149322729	175878801	3	1	15953571	+	+	TRA	cna5,cna39	major,major	sim40	Eso-AdenoCa
1	150879700	150879701	1	153696366	153696367	+	+	h2hINV	cna5	major	sim40	Eso-AdenoCa
1	154740500	154740501	1	154820936	154820937	+	+	h2hINV	cna5	major	sim40	Eso-AdenoCa
1	172087700	172087701	1	194993109	194993110	+	+	h2hINV	cna5	major	sim40	Eso-AdenoCa
1	202293400	212981377	6	78659213	95344598	-	-	TRA	cna5,cna109	major,major	sim40	Eso-AdenoCa
1	212981378	212981379	1	213063521	213063522	-	+	DUP	cna6	major	sim40	Eso-AdenoCa
1	213205842	213205843	1	213246605	213246606	-	+	DUP	cna8	major	sim40	Eso-AdenoCa
1	213205842	213205843	1	213246605	213246606	-	+	DUP	cna8	minor	sim40	Eso-AdenoCa
1	213246606	213246607	1	213380459	213380460	-	+	DUP	cna9	major	sim40	Eso-AdenoCa
1	213380460	213380461	1	213412721	213412722	+	-	DEL	cna10	major	sim40	Eso-AdenoCa
1	213380460	213380461	1	213412721	213412722	+	-	DEL	cna10	minor	sim40	Eso-AdenoCa
1	213412722	213412723	1	237341893	237341894	-	+	DUP	cna11	major	sim40	Eso-AdenoCa
1	226061300	226061301	1	233250212	233250213	+	+	h2hINV	cna11	minor	sim40	Eso-AdenoCa
1	231569400	231569401	1	240081549	240081550	-	-	t2tINV	cna13	major	sim40	Eso-AdenoCa
1	237341894	237341895	1	237538499	237538500	-	+	DUP	cna12	major	sim40	Eso-AdenoCa
1	237341894	237341895	1	237538499	237538500	-	+	DUP	cna12	minor	sim40	Eso-AdenoCa
1	237538500	237538501	1	242913772	242913773	-	+	DUP	cna13	major	sim40	Eso-AdenoCa
1	242913773	242913774	1	243060821	243060822	+	-	DEL	cna14	minor	sim40	Eso-AdenoCa
1	243060822	243060823	1	243080548	243080549	-	+	DUP	cna15	major	sim40	Eso-AdenoCa
1	243080549	243080550	1	249025140	249025141	-	+	DUP	cna16	major	sim40	Eso-AdenoCa
1	243080549	243080550	1	249025140	249025141	+	-	DEL	cna16	minor	sim40	Eso-AdenoCa
1	243080549	244980201	5	159774717	171569424	+	-	TRA	cna16,cna102	minor,minor	sim40	Eso-AdenoCa
1	249025141	249025142	1	249079622	249079623	-	+	DUP	cna17	major	sim40	Eso-AdenoCa
1	249079623	249079624	1	249086789	249086790	-	+	DUP	cna18	major	sim40	Eso-AdenoCa
1	249079623	249079624	1	249086789	249086790	+	-	DEL	cna18	minor	sim40	Eso-AdenoCa
1	249086790	249086791	1	249250621	249250622	-	+	DUP	cna19	major	sim40	Eso-AdenoCa
2	3209779	3209780	2	3367766	3367767	-	-	t2tINV	cna20	major	sim40	Eso-AdenoCa
2	11440279	39176038	3	93109659	109453371	-	+	TRA	cna20,cna54	major,minor	sim40	Eso-AdenoCa
2	13490679	13490680	2	13500682	13500683	+	+	h2hINV	cna20	major	sim40	Eso-AdenoCa
2	23206679	23206680	2	56496198	56496199	-	-	t2tINV	cna22	minor	sim40	Eso-AdenoCa
2	39176039	39176040	2	39539029	39539030	-	+	DUP	cna21	major	sim40	Eso-AdenoCa
2	71107579	71107580	2	75486422	75486423	+	+	h2hINV	cna22	minor	sim40	Eso-AdenoCa
2	74436979	145005325	7	5003333	19916927	-	-	TRA	cna22,cna134	minor,major	sim40	Eso-AdenoCa
2	84425879	145005325	7	74290591	82873594	-	+	TRA	cna22,cna143	major,minor	sim40	Eso-AdenoCa
2	138498679	138498680	2	138770680	138770681	-	-	t2tINV	cna22	major	sim40	Eso-AdenoCa
2	145005326	145005327	2	145049202	145049203	-	+	DUP	cna23	major	sim40	Eso-AdenoCa
2	145049203	145049204	2	145182751	145182752	+	-	DEL	cna24	minor	sim40	Eso-AdenoCa
2	145182752	145182753	2	183545586	183545587	-	+	DUP	cna25	major	sim40	Eso-AdenoCa
2	150601679	183545586	21	32743934	47576230	-	-	TRA	cna25,cna291	major,minor	sim40	Eso-AdenoCa
2	152458965	183545586	8	1	3320511	-	+	TRA	cna151,cna25	minor,major	sim40	Eso-AdenoCa
2	164990579	164990580	2	165010832	165010833	+	+	h2hINV	cna25	major	sim40	Eso-AdenoCa
2	166035679	166035680	2	171198894	171198895	+	+	h2hINV	cna25	major	sim40	Eso-AdenoCa
2	183545587	183545588	2	183585519	183585520	-	+	DUP	cna26	major	sim40	Eso-AdenoCa
2	183545587	183545588	2	183585519	183585520	-	+	DUP	cna26	minor	sim40	Eso-AdenoCa
2	183585520	183585521	2	191267972	191267973	-	+	DUP	cna27	major	sim40	Eso-AdenoCa
2	183585520	183585521	2	191267972	191267973	+	-	DEL	cna27	minor	sim40	Eso-AdenoCa
2	191267973	191267974	2	200315516	200315517	-	+	DUP	cna28	major	sim40	Eso-AdenoCa
2	191267973	191267974	2	200315516	200315517	-	+	DUP	cna28	minor	sim40	Eso-AdenoCa
2	200315517	200315518	2	200631514	200631515	-	+	DUP	cna29	major	sim40	Eso-AdenoCa
2	200631515	200631516	2	210090647	210090648	-	+	DUP	cna30	major	sim40	Eso-AdenoCa
2	200631515	200631516	2	210090647	210090648	-	+	DUP	cna30	minor	sim40	Eso-AdenoCa
2	210090648	210090649	2	210123428	210123429	-	+	DUP	cna31	major	sim40	Eso-AdenoCa
2	210123429	210123430	2	210245245	210245246	+	-	DEL	cna32	minor	sim40	Eso-AdenoCa
2	210245246	210245247	2	210886148	210886149	-	+	DUP	cna33	major	sim40	Eso-AdenoCa
2	210245246	210245247	2	210886148	210886149	+	-	DEL	cna33	minor	sim40	Eso-AdenoCa
2	210886149	210886150	2	211104408	211104409	+	-	DEL	cna34	minor	sim40	Eso-AdenoCa
2	211104409	211104410	2	213820234	213820235	-	+	DUP	cna35	major	sim40	Eso-AdenoCa
2	211104409	211104410	2	213820234	213820235	-	+	DUP	cna35	minor	sim40	Eso-AdenoCa
2	213820235	213820236	2	236256768	236256769	-	+	DUP	cna36	major	sim40	Eso-AdenoCa
2	236256769	236256770	2	236297286	236297287	-	+	DUP	cna37	major	sim40	Eso-AdenoCa
2	236256769	236256770	2	236297286	236297287	-	+	DUP	cna37	minor	sim40	Eso-AdenoCa
2	236297287	236297288	2	243199373	243199374	-	+	DUP	cna38	major	sim40	Eso-AdenoCa
2	236297287	236297288	2	243199373	243199374	-	+	DUP	cna38	minor	sim40	Eso-AdenoCa
2	236702679	236702680	2	241887467	241887468	+	+	h2hINV	cna38	major	sim40	Eso-AdenoCa
3	5286306	5286307	3	5296310	5296311	+	+	h2hINV	cna39	minor	sim40	Eso-AdenoCa
3	16482106	16482107	3	16625907	16625908	-	-	t2tINV	cna39	minor	sim40	Eso-AdenoCa
3	23282606	23282607	3	26552186	26552187	-	-	t2tINV	cna39	minor	sim40	Eso-AdenoCa
3	26367506	26367507	3	26463841	26463842	-	-	t2tINV	cna39	minor	sim40	Eso-AdenoCa
3	48215606	49154150	4	12628760	24978503	-	+	TRA	cna39,cna60	major,minor	sim40	Eso-AdenoCa
3	49154151	49154152	3	49262585	49262586	-	+	DUP	cna40	major	sim40	Eso-AdenoCa
3	49154151	49154152	3	49262585	49262586	-	+	DUP	cna40	minor	sim40	Eso-AdenoCa
3	49262586	49262587	3	49352059	49352060	+	-	DEL	cna41	minor	sim40	Eso-AdenoCa
3	49352060	49352061	3	50656220	50656221	-	+	DUP	cna42	major	sim40	Eso-AdenoCa
3	50656221	50656222	3	50782814	50782815	-	+	DUP	cna43	major	sim40	Eso-AdenoCa
3	50782815	50782816	3	55394039	55394040	-	+	DUP	cna44	major	sim40	Eso-AdenoCa
3	55394040	55394041	3	55560134	55560135	-	+	DUP	cna45	major	sim40	Eso-AdenoCa
3	55394040	55394041	3	55560134	55560135	+	-	DEL	cna45	minor	sim40	Eso-AdenoCa
3	55560135	55560136	3	63962094	63962095	-	+	DUP	cna46	major	sim40	Eso-AdenoCa
3	63986366	63986367	3	72812830	72812831	-	+	DUP	cna48	major	sim40	Eso-AdenoCa
3	72812831	72812832	3	73150732	73150733	+	-	DEL	cna49	minor	sim40	Eso-AdenoCa
3	73150733	73150734	3	83630851	83630852	-	+	DUP	cna50	major	sim40	Eso-AdenoCa
3	73150733	73453007	6	155698684	155829901	+	+	TRA	cna50,cna123	major,minor	sim40	Eso-AdenoCa
3	83630852	83630853	3	92835604	92835605	+	-	DEL	cna51	minor	sim40	Eso-AdenoCa
3	92835605	92835606	3	92861218	92861219	-	+	DUP	cna52	major	sim40	Eso-AdenoCa
3	92835605	92835606	3	92861218	92861219	+	-	DEL	cna52	minor	sim40	Eso-AdenoCa
3	92861219	92861220	3	93109658	93109659	-	+	DUP	cna53	major	sim40	Eso-AdenoCa
3	92861219	92861220	3	93109658	93109659	+	-	DEL	cna53	minor	sim40	Eso-AdenoCa
3	93109659	94367907	5	146312451	171569424	+	-	TRA	cna54,cna102	minor,minor	sim40	Eso-AdenoCa
3	116133206	116133207	3	116656875	116656876	-	-	t2tINV	cna54	minor	sim40	Eso-AdenoCa
3	126442406	126442407	3	152186570	152186571	-	-	t2tINV	cna54	major	sim40	Eso-AdenoCa
3	141249006	141249007	3	144005099	144005100	+	+	h2hINV	cna54	major	sim40	Eso-AdenoCa
3	162785706	162785707	3	182130777	182130778	-	-	t2tINV	cna54	minor	sim40	Eso-AdenoCa
3	169841906	169841907	3	169851908	169851909	+	+	h2hINV	cna54	major	sim40	Eso-AdenoCa
3	171865206	171865207	3	171875220	171875221	-	-	t2tINV	cna54	minor	sim40	Eso-AdenoCa
3	173882706	173882707	3	173981451	173981452	-	-	t2tINV	cna54	major	sim40	Eso-AdenoCa
3	197603607	197603608	3	197716477	197716478	-	+	DUP	cna55	major	sim40	Eso-AdenoCa
3	197603607	197603608	3	197716477	197716478	-	+	DUP	cna55	minor	sim40	Eso-AdenoCa
3	197716478	197716479	3	198022430	198022431	-	+	DUP	cna56	major	sim40	Eso-AdenoCa
3	197716478	197716479	3	198022430	198022431	-	+	DUP	cna56	minor	sim40	Eso-AdenoCa
4	11673751	11673752	4	11752245	11752246	-	+	DUP	cna58	major	sim40	Eso-AdenoCa
4	11673751	11673752	4	11752245	11752246	+	-	DEL	cna58	minor	sim40	Eso-AdenoCa
4	11752246	11752247	4	12628759	12628760	+	-	DEL	cna59	minor	sim40	Eso-AdenoCa
4	32344376	163370185	6	13202593	33066426	-	+	TRA	cna60,cna107	major,minor	sim40	Eso-AdenoCa
4	95329220	163370185	20	21127695	63025520	-	-	TRA	cna290,cna60	minor,major	sim40	Eso-AdenoCa
4	101818776	101818777	4	129738571	129738572	+	+	h2hINV	cna60	major	sim40	Eso-AdenoCa
4	162014876	162014877	4	162487345	162487346	-	-	t2tINV	cna60	major	sim40	Eso-AdenoCa
4	163370186	163370187	4	163377781	163377782	-	+	DUP	cna61	major	sim40	Eso-AdenoCa
4	168049188	168049189	4	176903446	176903447	-	+	DUP	cna63	major	sim40	Eso-AdenoCa
4	168049188	168049189	4	176903446	176903447	-	+	DUP	cna63	minor	sim40	Eso-AdenoCa
4	176903447	176903448	4	178666043	178666044	-	+	DUP	cna64	major	sim40	Eso-AdenoCa
4	178666044	178666045	4	191129412	191129413	-	+	DUP	cna65	major	sim40	Eso-AdenoCa
4	180951676	180951677	4	183885696	183885697	-	-	t2tINV	cna65	minor	sim40	Eso-AdenoCa
4	183740576	183740577	4	183750579	183750580	+	+	h2hINV	cna65	major	sim40	Eso-AdenoCa
4	191129413	191129414	4	191154276	191154277	-	+	DUP	cna66	major	sim40	Eso-AdenoCa
5	10324700	10324701	5	10406632	10406633	-	-	t2tINV	cna67	major	sim40	Eso-AdenoCa
5	18931800	18931801	5	18992135	18992136	+	+	h2hINV	cna67	major	sim40	Eso-AdenoCa
5	21887846	31483805	20	1	14604896	-	+	TRA	cna290,cna67	minor,major	sim40	Eso-AdenoCa
5	29338900	31483805	8	101197003	146364022	-	-	TRA	cna67,cna157	minor,major	sim40	Eso-AdenoCa
5	31483806	31483807	5	31729362	31729363	-	+	DUP	cna68	major	sim40	Eso-AdenoCa
5	31483806	31483807	5	31729362	31729363	-	+	DUP	cna68	minor	sim40	Eso-AdenoCa
5	31729363	31729364	5	32134312	32134313	-	+	DUP	cna69	major	sim40	Eso-AdenoCa
5	32134313	32134314	5	38310384	38310385	+	-	DEL	cna70	minor	sim40	Eso-AdenoCa
5	38310385	38310386	5	38711579	38711580	-	+	DUP	cna71	major	sim40	Eso-AdenoCa
5	38310385	38310386	5	38711579	38711580	-	+	DUP	cna71	minor	sim40	Eso-AdenoCa
5	38711580	38711581	5	52623355	52623356	-	+	DUP	cna72	major	sim40	Eso-AdenoCa
5	49996100	49996101	5	50006101	50006102	+	+	h2hINV	cna72	minor	sim40	Eso-AdenoCa
5	65530395	65530396	5	65758739	65758740	-	+	DUP	cna74	major	sim40	Eso-AdenoCa
5	65758740	65758741	5	65868008	65868009	-	+	DUP	cna75	major	sim40	Eso-AdenoCa
5	65758740	65758741	5	65868008	65868009	+	-	DEL	cna75	minor	sim40	Eso-AdenoCa
5	65868009	65868010	5	75658806	75658807	-	+	DUP	cna76	major	sim40	Eso-AdenoCa
5	75371500	75658806	17	1	925976	-	+	TRA	cna76,cna257	major,major	sim40	Eso-AdenoCa
5	75658807	75658808	5	77806771	77806772	-	+	DUP	cna77	major	sim40	Eso-AdenoCa
5	76313800	76313801	5	76333834	76333835	+	+	h2hINV	cna77	major	sim40	Eso-AdenoCa
5	77806772	77806773	5	77875647	77875648	-	+	DUP	cna78	major	sim40	Eso-AdenoCa
5	77875648	77875649	5	83923909	83923910	-	+	DUP	cna79	major	sim40	Eso-AdenoCa
5	77875648	77875649	5	83923909	83923910	-	+	DUP	cna79	minor	sim40	Eso-AdenoCa
5	83923910	83923911	5	84224535	84224536	-	+	DUP	cna80	major	sim40	Eso-AdenoCa
5	83923910	83923911	5	84224535	84224536	+	-	DEL	cna80	minor	sim40	Eso-AdenoCa
5	84224536	84224537	5	85084549	85084550	-	+	DUP	cna81	major	sim40	Eso-AdenoCa
5	84642500	84642501	5	88720717	88720718	+	+	h2hINV	cna81	minor	sim40	Eso-AdenoCa
5	85084550	85084551	5	85553001	85553002	-	+	DUP	cna82	major	sim40	Eso-AdenoCa
5	85084550	85084551	5	85553001	85553002	-	+	DUP	cna82	minor	sim40	Eso-AdenoCa
5	85553002	85553003	5	92147733	92147734	-	+	DUP	cna83	major	sim40	Eso-AdenoCa
5	92147734	92147735	5	94655435	94655436	-	+	DUP	cna84	major	sim40	Eso-AdenoCa
5	94655436	94655437	5	94797399	94797400	-	+	DUP	cna85	major	sim40	Eso-AdenoCa
5	94797400	94797401	5	95128663	95128664	-	+	DUP	cna86	major	sim40	Eso-AdenoCa
5	94797400	94797401	5	95128663	95128664	-	+	DUP	cna86	minor	sim40	Eso-AdenoCa
5	95128664	95128665	5	95134815	95134816	-	+	DUP	cna87	major	sim40	Eso-AdenoCa
5	95128664	95128665	5	95134815	95134816	-	+	DUP	cna87	minor	sim40	Eso-AdenoCa
5	95134816	95134817	5	95245071	95245072	+	-	DEL	cna88	minor	sim40	Eso-AdenoCa
5	95245072	95245073	5	95318656	95318657	-	+	DUP	cna89	major	sim40	Eso-AdenoCa
5	95245072	95245073	5	95318656	95318657	+	-	DEL	cna89	minor	sim40	Eso-AdenoCa
5	95318657	95318658	5	95366968	95366969	-	+	DUP	cna90	major	sim40	Eso-AdenoCa
5	96376630	96376631	5	96535113	96535114	-	+	DUP	cna92	major	sim40	Eso-AdenoCa
5	96376630	96376631	5	96535113	96535114	-	+	DUP	cna92	minor	sim40	Eso-AdenoCa
5	96535114	96535115	5	96752422	96752423	-	+	DUP	cna93	major	sim40	Eso-AdenoCa
5	96535114	96535115	5	96752422	96752423	-	+	DUP	cna93	minor	sim40	Eso-AdenoCa
5	96752423	96752424	5	96858380	96858381	-	+	DUP	cna94	major	sim40	Eso-AdenoCa
5	96858381	96858382	5	98062837	98062838	+	-	DEL	cna95	minor	sim40	Eso-AdenoCa
5	98062838	98062839	5	98613938	98613939	-	+	DUP	cna96	major	sim40	Eso-AdenoCa
5	98613939	98613940	5	98645069	98645070	-	+	DUP	cna97	major	sim40	Eso-AdenoCa
5	98613939	98613940	5	98645069	98645070	-	+	DUP	cna97	minor	sim40	Eso-AdenoCa
5	98645070	98645071	5	104622735	104622736	-	+	DUP	cna98	major	sim40	Eso-AdenoCa
5	98645070	98645071	5	104622735	104622736	-	+	DUP	cna98	minor	sim40	Eso-AdenoCa
5	100892700	100892701	5	123283905	123283906	-	-	t2tINV	cna102	major	sim40	Eso-AdenoCa
5	103103900	104622735	7	25387507	35967885	-	+	TRA	cna98,cna138	major,minor	sim40	Eso-AdenoCa
5	104622736	104622737	5	104763028	104763029	+	-	DEL	cna99	minor	sim40	Eso-AdenoCa
5	104763029	104763030	5	109211693	109211694	-	+	DUP	cna100	major	sim40	Eso-AdenoCa
5	104763029	104763030	5	109211693	109211694	-	+	DUP	cna100	minor	sim40	Eso-AdenoCa
5	109211694	109211695	5	109250677	109250678	+	-	DEL	cna101	major	sim40	Eso-AdenoCa
5	109211694	109211695	5	109250677	109250678	+	-	DEL	cna101	minor	sim40	Eso-AdenoCa
5	133806000	133806001	5	167545371	167545372	-	-	t2tINV	cna102	major	sim40	Eso-AdenoCa
5	134715100	134715101	5	138111023	138111024	-	-	t2tINV	cna102	major	sim40	Eso-AdenoCa
5	171569425	171569426	5	173969006	173969007	-	+	DUP	cna103	major	sim40	Eso-AdenoCa
5	171569425	171569426	5	173969006	173969007	-	+	DUP	cna103	minor	sim40	Eso-AdenoCa
5	173969007	173969008	5	174097370	174097371	+	-	DEL	cna104	minor	sim40	Eso-AdenoCa
5	180780800	180780801	5	180790808	180790809	-	-	t2tINV	cna105	minor	sim40	Eso-AdenoCa
6	1	2	6	13202592	13202593	-	+	DUP	cna106	major	sim40	Eso-AdenoCa
6	1	2	6	13202592	13202593	+	-	DEL	cna106	minor	sim40	Eso-AdenoCa
6	2438840	2438841	6	10895118	10895119	-	-	t2tINV	cna106	major	sim40	Eso-AdenoCa
6	13202593	13202594	6	41477411	41477412	+	-	DEL	cna107	minor	sim40	Eso-AdenoCa
6	13202593	37798641	11	22702957	54756943	+	+	TRA	cna107,cna191	minor,major	sim40	Eso-AdenoCa
6	35946040	35946041	6	72087234	72087235	+	+	h2hINV	cna107	major	sim40	Eso-AdenoCa
6	41477412	41477413	6	41632240	41632241	-	+	DUP	cna108	major	sim40	Eso-AdenoCa
6	41632241	41632242	6	95344598	95344599	-	+	DUP	cna109	major	sim40	Eso-AdenoCa
6	41632241	41632242	6	95344598	95344599	+	-	DEL	cna109	minor	sim40	Eso-AdenoCa
6	46825440	46825441	6	48467417	48467418	-	-	t2tINV	cna109	major	sim40	Eso-AdenoCa
6	67702740	67702741	6	67712752	67712753	-	-	t2tINV	cna109	major	sim40	Eso-AdenoCa
6	77397940	77397941	6	95906192	95906193	-	-	t2tINV	cna111	minor	sim40	Eso-AdenoCa
6	85515040	85515041	6	85545443	85545444	-	-	t2tINV	cna109	major	sim40	Eso-AdenoCa
6	89026140	89026141	6	91152538	91152539	+	+	h2hINV	cna109	major	sim40	Eso-AdenoCa
6	95344599	95344600	6	95415435	95415436	-	+	DUP	cna110	major	sim40	Eso-AdenoCa
6	95415436	95415437	6	95941249	95941250	-	+	DUP	cna111	major	sim40	Eso-AdenoCa
6	95941250	95941251	6	95968992	95968993	+	-	DEL	cna112	major	sim40	Eso-AdenoCa
6	95941250	95941251	6	95968992	95968993	+	-	DEL	cna112	minor	sim40	Eso-AdenoCa
6	95968993	95968994	6	96069890	96069891	+	-	DEL	cna113	minor	sim40	Eso-AdenoCa
6	96069891	96069892	6	96852451	96852452	-	+	DUP	cna114	major	sim40	Eso-AdenoCa
6	96852452	96852453	6	98291605	98291606	-	+	DUP	cna115	major	sim40	Eso-AdenoCa
6	98291606	98291607	6	108153948	108153949	-	+	DUP	cna116	major	sim40	Eso-AdenoCa
6	112475640	112475641	6	117399012	117399013	+	+	h2hINV	cna117	minor	sim40	Eso-AdenoCa
6	141439840	141439841	6	144723357	144723358	+	+	h2hINV	cna117	major	sim40	Eso-AdenoCa
6	143877095	143877096	6	143927120	143927121	-	+	DUP	cna118	major	sim40	Eso-AdenoCa
6	143927121	143927122	6	144991558	144991559	-	+	DUP	cna119	major	sim40	Eso-AdenoCa
6	143927121	143927122	6	144991558	144991559	+	-	DEL	cna119	minor	sim40	Eso-AdenoCa
6	144991559	144991560	6	155268724	155268725	-	+	DUP	cna120	major	sim40	Eso-AdenoCa
6	144991559	144991560	6	155268724	155268725	-	+	DUP	cna120	minor	sim40	Eso-AdenoCa
6	147869240	147869241	6	147879252	147879253	-	-	t2tINV	cna120	minor	sim40	Eso-AdenoCa
6	149713240	155268724	15	5155737	102531392	-	-	TRA	cna120,cna240	major,major	sim40	Eso-AdenoCa
6	155268725	155268726	6	155370585	155370586	-	+	DUP	cna121	major	sim40	Eso-AdenoCa
6	155370586	155370587	6	155698683	155698684	-	+	DUP	cna122	major	sim40	Eso-AdenoCa
6	155698684	155698685	6	155901450	155901451	+	-	DEL	cna123	minor	sim40	Eso-AdenoCa
6	161947622	161947623	6	162410410	162410411	-	+	DUP	cna125	major	sim40	Eso-AdenoCa
6	162383940	162383941	6	170854749	170854750	-	-	t2tINV	cna132	major	sim40	Eso-AdenoCa
6	162410411	162410412	6	162498086	162498087	+	-	DEL	cna126	minor	sim40	Eso-AdenoCa
6	162498087	162498088	6	162529384	162529385	-	+	DUP	cna127	major	sim40	Eso-AdenoCa
6	162498087	162498088	6	162529384	162529385	-	+	DUP	cna127	minor	sim40	Eso-AdenoCa
6	162529385	162529386	6	162692223	162692224	-	+	DUP	cna128	major	sim40	Eso-AdenoCa
6	162529385	162529386	6	162692223	162692224	+	-	DEL	cna128	minor	sim40	Eso-AdenoCa
6	162692224	165226341	16	35087343	49700017	+	-	TRA	cna129,cna241	major,minor	sim40	Eso-AdenoCa
6	164840340	164840341	6	168402524	168402525	+	+	h2hINV	cna129	minor	sim40	Eso-AdenoCa
6	165380877	165380878	6	165441274	165441275	-	+	DUP	cna130	major	sim40	Eso-AdenoCa
6	165380877	165380878	6	165441274	165441275	-	+	DUP	cna130	minor	sim40	Eso-AdenoCa
6	165441275	165441276	6	165447847	165447848	+	-	DEL	cna131	minor	sim40	Eso-AdenoCa
6	171054144	171054145	6	171115067	171115068	+	-	DEL	cna133	major	sim40	Eso-AdenoCa
6	171054144	171054145	6	171115067	171115068	+	-	DEL	cna133	minor	sim40	Eso-AdenoCa
7	17439973	17439974	7	19148699	19148700	+	+	h2hINV	cna134	minor	sim40	Eso-AdenoCa
7	19916928	19916929	7	19989343	19989344	-	+	DUP	cna135	major	sim40	Eso-AdenoCa
7	19989344	19989345	7	25044548	25044549	+	-	DEL	cna136	minor	sim40	Eso-AdenoCa
7	25044549	25044550	7	25387506	25387507	-	+	DUP	cna137	major	sim40	Eso-AdenoCa
7	25044549	25044550	7	25387506	25387507	+	-	DEL	cna137	minor	sim40	Eso-AdenoCa
7	71190321	71190322	7	71994085	71994086	-	+	DUP	cna139	major	sim40	Eso-AdenoCa
7	71190321	71190322	7	71994085	71994086	-	+	DUP	cna139	minor	sim40	Eso-AdenoCa
7	71979373	71979374	7	73834429	73834430	-	-	t2tINV	cna140	minor	sim40	Eso-AdenoCa
7	73965891	73965892	7	73994320	73994321	-	+	DUP	cna141	major	sim40	Eso-AdenoCa
7	73994321	73994322	7	74290590	74290591	-	+	DUP	cna142	major	sim40	Eso-AdenoCa
7	74290591	74290592	7	87176040	87176041	-	+	DUP	cna143	major	sim40	Eso-AdenoCa
7	75174873	75174874	7	88896641	88896642	-	-	t2tINV	cna145	minor	sim40	Eso-AdenoCa
7	85015773	85015774	7	96743845	96743846	+	+	h2hINV	cna143	major	sim40	Eso-AdenoCa
7	87176041	87176042	7	87259200	87259201	-	+	DUP	cna144	major	sim40	Eso-AdenoCa
7	87176041	87176042	7	87259200	87259201	+	-	DEL	cna144	minor	sim40	Eso-AdenoCa
7	87259201	87259202	7	95925897	95925898	-	+	DUP	cna145	major	sim40	Eso-AdenoCa
7	95925898	95925899	7	96045588	96045589	-	+	DUP	cna146	major	sim40	Eso-AdenoCa
7	95925898	95925899	7	96045588	96045589	-	+	DUP	cna146	minor	sim40	Eso-AdenoCa
7	96045589	96045590	7	111579403	111579404	-	+	DUP	cna147	major	sim40	Eso-AdenoCa
7	96045589	96045590	7	111579403	111579404	-	+	DUP	cna147	minor	sim40	Eso-AdenoCa
7	111579404	111579405	7	111591581	111591582	+	-	DEL	cna148	minor	sim40	Eso-AdenoCa
7	111591582	111591583	7	116734790	116734791	-	+	DUP	cna149	major	sim40	Eso-AdenoCa
7	116734791	116734792	7	159138663	159138664	-	+	DUP	cna150	major	sim40	Eso-AdenoCa
7	116734791	116734792	7	159138663	159138664	-	+	DUP	cna150	minor	sim40	Eso-AdenoCa
7	120745573	159138663	9	49587305	64957403	-	+	TRA	cna150,cna165	minor,major	sim40	Eso-AdenoCa
7	134801814	159138663	21	1	46095176	-	+	TRA	cna291,cna150	major,major	sim40	Eso-AdenoCa
8	2504910	2504911	8	2514920	2514921	+	+	h2hINV	cna151	major	sim40	Eso-AdenoCa
8	3565998	3565999	8	3764822	3764823	+	-	DEL	cna152	major	sim40	Eso-AdenoCa
8	3565998	3565999	8	3764822	3764823	+	-	DEL	cna152	minor	sim40	Eso-AdenoCa
8	3764823	3764824	8	26757993	26757994	-	+	DUP	cna153	major	sim40	Eso-AdenoCa
8	3764823	5579911	9	115286192	120090457	+	+	TRA	cna153,cna172	major,major	sim40	Eso-AdenoCa
8	26757994	26757995	8	30962506	30962507	-	+	DUP	cna154	major	sim40	Eso-AdenoCa
8	26757994	26757995	8	30962506	30962507	-	+	DUP	cna154	minor	sim40	Eso-AdenoCa
8	30962507	30962508	8	41545946	41545947	+	-	DEL	cna155	minor	sim40	Eso-AdenoCa
8	38119510	38119511	8	43450926	43450927	+	+	h2hINV	cna155	major	sim40	Eso-AdenoCa
8	41545947	41545948	8	54721088	54721089	-	+	DUP	cna156	major	sim40	Eso-AdenoCa
8	56490110	56490111	8	56964566	56964567	-	-	t2tINV	cna157	minor	sim40	Eso-AdenoCa
8	58192310	58192311	8	60531566	60531567	-	-	t2tINV	cna157	minor	sim40	Eso-AdenoCa
8	66216810	66216811	8	66226812	66226813	+	+	h2hINV	cna157	minor	sim40	Eso-AdenoCa
8	74501410	74501411	8	74591007	74591008	+	+	h2hINV	cna157	major	sim40	Eso-AdenoCa
8	92855910	92855911	8	94527944	94527945	+	+	h2hINV	cna157	minor	sim40	Eso-AdenoCa
8	123705510	123705511	8	125165987	125165988	+	+	h2hINV	cna157	major	sim40	Eso-AdenoCa
8	132949710	132949711	8	132959713	132959714	+	+	h2hINV	cna157	major	sim40	Eso-AdenoCa
8	140475210	140475211	8	140485223	140485224	-	-	t2tINV	cna157	major	sim40	Eso-AdenoCa
9	4676988	4676989	9	4686992	4686993	-	-	t2tINV	cna158	major	sim40	Eso-AdenoCa
9	17338688	17338689	9	17348693	17348694	-	-	t2tINV	cna158	major	sim40	Eso-AdenoCa
9	18230988	18230989	9	23595689	23595690	+	+	h2hINV	cna158	minor	sim40	Eso-AdenoCa
9	24380872	24380873	9	24386824	24386825	+	-	DEL	cna159	minor	sim40	Eso-AdenoCa
9	24386825	24386826	9	24459334	24459335	-	+	DUP	cna160	major	sim40	Eso-AdenoCa
9	24459335	24459336	9	29881858	29881859	-	+	DUP	cna161	major	sim40	Eso-AdenoCa
9	29881859	29881860	9	49474736	49474737	-	+	DUP	cna162	major	sim40	Eso-AdenoCa
9	29881859	29881860	9	49474736	49474737	+	-	DEL	cna162	minor	sim40	Eso-AdenoCa
9	32352988	32352989	9	32362992	32362993	+	+	h2hINV	cna162	major	sim40	Eso-AdenoCa
9	49474737	49474738	9	49567857	49567858	+	-	DEL	cna163	minor	sim40	Eso-AdenoCa
9	49567858	49567859	9	49587304	49587305	-	+	DUP	cna164	major	sim40	Eso-AdenoCa
9	49567858	49567859	9	49587304	49587305	+	-	DEL	cna164	minor	sim40	Eso-AdenoCa
9	49587305	49587306	9	77037276	77037277	-	+	DUP	cna165	major	sim40	Eso-AdenoCa
9	49587305	49587306	9	77037276	77037277	-	+	DUP	cna165	minor	sim40	Eso-AdenoCa
9	77037277	77037278	9	77105400	77105401	+	-	DEL	cna166	minor	sim40	Eso-AdenoCa
9	77105401	77105402	9	79056974	79056975	-	+	DUP	cna167	major	sim40	Eso-AdenoCa
9	77105401	77105402	9	79056974	79056975	+	-	DEL	cna167	minor	sim40	Eso-AdenoCa
9	79056975	79056976	9	79086829	79086830	-	+	DUP	cna168	major	sim40	Eso-AdenoCa
9	79086830	79086831	9	111526242	111526243	-	+	DUP	cna169	major	sim40	Eso-AdenoCa
9	108299888	108299889	9	108309889	108309890	+	+	h2hINV	cna169	major	sim40	Eso-AdenoCa
9	111526243	111526244	9	111644457	111644458	-	+	DUP	cna170	major	sim40	Eso-AdenoCa
9	111526243	111526244	9	111644457	111644458	+	-	DEL	cna170	minor	sim40	Eso-AdenoCa
9	111644458	111644459	9	115286191	115286192	+	-	DEL	cna171	minor	sim40	Eso-AdenoCa
9	115286192	115286193	9	131381973	131381974	-	+	DUP	cna172	major	sim40	Eso-AdenoCa
9	115286192	115286193	9	131381973	131381974	-	+	DUP	cna172	minor	sim40	Eso-AdenoCa
9	131381974	131381975	9	133255450	133255451	+	-	DEL	cna173	minor	sim40	Eso-AdenoCa
9	133255451	133255452	9	133346792	133346793	+	-	DEL	cna174	major	sim40	Eso-AdenoCa
9	133346793	133346794	9	138994663	138994664	+	-	DEL	cna175	minor	sim40	Eso-AdenoCa
9	138994664	138994665	9	139549728	139549729	-	+	DUP	cna176	major	sim40	Eso-AdenoCa
9	138994664	138994665	9	139549728	139549729	+	-	DEL	cna176	minor	sim40	Eso-AdenoCa
9	139549729	139549730	9	140735007	140735008	-	+	DUP	cna177	major	sim40	Eso-AdenoCa
9	140735008	140735009	9	141035511	141035512	-	+	DUP	cna178	major	sim40	Eso-AdenoCa
9	140735008	140735009	9	141035511	141035512	+	-	DEL	cna178	minor	sim40	Eso-AdenoCa
9	141035512	141035513	9	141180182	141180183	-	+	DUP	cna179	major	sim40	Eso-AdenoCa
9	141180183	141180184	9	141192173	141192174	-	+	DUP	cna180	major	sim40	Eso-AdenoCa
10	1	2	10	510593	510594	+	-	DEL	cna182	minor	sim40	Eso-AdenoCa
10	510594	510595	10	9979814	9979815	-	+	DUP	cna183	major	sim40	Eso-AdenoCa
10	510594	510595	10	9979814	9979815	-	+	DUP	cna183	minor	sim40	Eso-AdenoCa
10	9979815	9979816	10	12375454	12375455	-	+	DUP	cna184	major	sim40	Eso-AdenoCa
10	9979815	9979816	10	12375454	12375455	-	+	DUP	cna184	minor	sim40	Eso-AdenoCa
10	11309257	12375454	15	49389373	102531392	-	-	TRA	cna184,cna240	major,major	sim40	Eso-AdenoCa
10	12375455	97800758	13	1	25001259	+	+	TRA	cna185,cna206	major,minor	sim40	Eso-AdenoCa
10	26684657	26684658	10	28202862	28202863	+	+	h2hINV	cna185	major	sim40	Eso-AdenoCa
10	55996157	55996158	10	101550554	101550555	+	+	h2hINV	cna185	major	sim40	Eso-AdenoCa
10	58543857	58543858	10	58553865	58553866	-	-	t2tINV	cna185	major	sim40	Eso-AdenoCa
10	71655157	71655158	10	71665161	71665162	+	+	h2hINV	cna185	minor	sim40	Eso-AdenoCa
10	83399457	83399458	10	116303692	116303693	-	-	t2tINV	cna185	minor	sim40	Eso-AdenoCa
11	1	2	11	645126	645127	-	+	DUP	cna186	major	sim40	Eso-AdenoCa
11	1	2	11	645126	645127	-	+	DUP	cna186	minor	sim40	Eso-AdenoCa
11	645127	645128	11	7787715	7787716	+	-	DEL	cna187	minor	sim40	Eso-AdenoCa
11	7787716	7787717	11	7833859	7833860	-	+	DUP	cna188	major	sim40	Eso-AdenoCa
11	7787716	7787717	11	7833859	7833860	-	+	DUP	cna188	minor	sim40	Eso-AdenoCa
11	9076410	9076411	11	21789997	21789998	+	+	h2hINV	cna189	major	sim40	Eso-AdenoCa
11	21601412	21601413	11	22702956	22702957	-	+	DUP	cna190	major	sim40	Eso-AdenoCa
11	22547410	22547411	11	22798118	22798119	+	+	h2hINV	cna190	minor	sim40	Eso-AdenoCa
11	22702957	71451511	22	24351876	28343496	+	-	TRA	cna191,cna294	major,major	sim40	Eso-AdenoCa
11	33438610	33438611	11	33448612	33448613	+	+	h2hINV	cna191	major	sim40	Eso-AdenoCa
11	48970810	48970811	11	83319779	83319780	-	-	t2tINV	cna191	major	sim40	Eso-AdenoCa
11	49228910	49228911	11	53091613	53091614	+	+	h2hINV	cna191	major	sim40	Eso-AdenoCa
11	75126810	75126811	11	75136815	75136816	+	+	h2hINV	cna191	minor	sim40	Eso-AdenoCa
11	76040510	76040511	11	76050511	76050512	+	+	h2hINV	cna191	minor	sim40	Eso-AdenoCa
11	80553110	80553111	11	80563114	80563115	+	+	h2hINV	cna191	minor	sim40	Eso-AdenoCa
11	81709610	81709611	11	82798255	82798256	+	+	h2hINV	cna191	major	sim40	Eso-AdenoCa
11	98170510	98170511	11	98180515	98180516	+	+	h2hINV	cna191	major	sim40	Eso-AdenoCa
11	101452910	101452911	11	101462918	101462919	+	+	h2hINV	cna191	minor	sim40	Eso-AdenoCa
11	108532653	108532654	11	108689142	108689143	-	+	DUP	cna192	major	sim40	Eso-AdenoCa
11	108689143	108689144	11	121644651	121644652	-	+	DUP	cna193	major	sim40	Eso-AdenoCa
11	108689143	108689144	11	121644651	121644652	+	-	DEL	cna193	minor	sim40	Eso-AdenoCa
11	120265410	120265411	11	133449650	133449651	-	-	t2tINV	cna194	minor	sim40	Eso-AdenoCa
11	121644652	121644653	11	134295449	134295450	-	+	DUP	cna194	major	sim40	Eso-AdenoCa
11	134295450	134295451	11	134995467	134995468	-	+	DUP	cna195	major	sim40	Eso-AdenoCa
11	134995468	134995469	11	135006516	135006517	-	+	DUP	cna196	major	sim40	Eso-AdenoCa
12	23274694	23274695	12	23284697	23284698	+	+	h2hINV	cna197	minor	sim40	Eso-AdenoCa
12	23280894	23280895	12	24323722	24323723	-	-	t2tINV	cna197	minor	sim40	Eso-AdenoCa
12	59960594	103548688	20	1	4853918	-	+	TRA	cna197,cna290	major,major	sim40	Eso-AdenoCa
12	61264294	61264295	12	61274302	61274303	-	-	t2tINV	cna197	minor	sim40	Eso-AdenoCa
12	67514394	67514395	12	68179797	68179798	-	-	t2tINV	cna197	minor	sim40	Eso-AdenoCa
12	103548689	103548690	12	103822655	103822656	-	+	DUP	cna198	major	sim40	Eso-AdenoCa
12	103548689	103548690	12	103822655	103822656	+	-	DEL	cna198	minor	sim40	Eso-AdenoCa
12	103822656	103822657	12	103916325	103916326	-	+	DUP	cna199	major	sim40	Eso-AdenoCa
12	104333487	104333488	12	113423391	113423392	+	-	DEL	cna201	minor	sim40	Eso-AdenoCa
12	113423392	113423393	12	113678739	113678740	+	-	DEL	cna202	major	sim40	Eso-AdenoCa
12	113423392	113423393	12	113678739	113678740	+	-	DEL	cna202	minor	sim40	Eso-AdenoCa
12	113678740	113678741	12	114404397	114404398	-	+	DUP	cna203	major	sim40	Eso-AdenoCa
12	115232758	115232759	12	133851895	133851896	-	+	DUP	cna205	major	sim40	Eso-AdenoCa
13	39854112	39854113	13	40622044	40622045	-	+	DUP	cna207	major	sim40	Eso-AdenoCa
13	40622045	40622046	13	40882219	40882220	-	+	DUP	cna208	major	sim40	Eso-AdenoCa
13	40882220	40882221	13	40976591	40976592	-	+	DUP	cna209	major	sim40	Eso-AdenoCa
13	40882220	40882221	13	40976591	40976592	+	-	DEL	cna209	minor	sim40	Eso-AdenoCa
13	40976592	40976593	13	44375896	44375897	-	+	DUP	cna210	major	sim40	Eso-AdenoCa
13	44375897	44375898	13	44537435	44537436	-	+	DUP	cna211	major	sim40	Eso-AdenoCa
13	44375897	44375898	13	44537435	44537436	-	+	DUP	cna211	minor	sim40	Eso-AdenoCa
13	53352993	53352994	13	53359362	53359363	-	+	DUP	cna213	major	sim40	Eso-AdenoCa
13	53359363	53359364	13	53372288	53372289	-	+	DUP	cna214	major	sim40	Eso-AdenoCa
13	53372289	53372290	13	53559597	53559598	-	+	DUP	cna215	major	sim40	Eso-AdenoCa
13	53559598	53559599	13	53881804	53881805	-	+	DUP	cna216	major	sim40	Eso-AdenoCa
13	53559598	53559599	13	53881804	53881805	+	-	DEL	cna216	minor	sim40	Eso-AdenoCa
13	53881805	53881806	13	53977033	53977034	-	+	DUP	cna217	major	sim40	Eso-AdenoCa
13	53977034	53977035	13	61223316	61223317	+	-	DEL	cna218	minor	sim40	Eso-AdenoCa
13	61223317	61223318	13	76962664	76962665	-	+	DUP	cna219	major	sim40	Eso-AdenoCa
13	61223317	61223318	13	76962664	76962665	-	+	DUP	cna219	minor	sim40	Eso-AdenoCa
13	70511299	70511300	13	75629203	75629204	+	+	h2hINV	cna219	minor	sim40	Eso-AdenoCa
13	76962665	76962666	13	79104600	79104601	-	+	DUP	cna220	major	sim40	Eso-AdenoCa
13	79104601	79104602	13	79920657	79920658	-	+	DUP	cna221	major	sim40	Eso-AdenoCa
13	79104601	79104602	13	79920657	79920658	+	-	DEL	cna221	minor	sim40	Eso-AdenoCa
13	79920658	79920659	13	82798590	82798591	-	+	DUP	cna222	major	sim40	Eso-AdenoCa
13	82798591	82798592	13	86225100	86225101	-	+	DUP	cna223	major	sim40	Eso-AdenoCa
13	82798591	82798592	13	86225100	86225101	+	-	DEL	cna223	minor	sim40	Eso-AdenoCa
13	88387806	88387807	13	94280421	94280422	+	-	DEL	cna225	minor	sim40	Eso-AdenoCa
13	94280422	94280423	13	99870257	99870258	-	+	DUP	cna226	major	sim40	Eso-AdenoCa
13	94280422	94280423	13	99870257	99870258	-	+	DUP	cna226	minor	sim40	Eso-AdenoCa
13	99870258	99870259	13	108177944	108177945	-	+	DUP	cna227	major	sim40	Eso-AdenoCa
13	99870258	99870259	13	108177944	108177945	-	+	DUP	cna227	minor	sim40	Eso-AdenoCa
13	108177945	108177946	13	108774186	108774187	-	+	DUP	cna228	major	sim40	Eso-AdenoCa
13	108177945	108177946	13	108774186	108774187	+	-	DEL	cna228	minor	sim40	Eso-AdenoCa
13	108774187	108774188	13	109257809	109257810	-	+	DUP	cna229	major	sim40	Eso-AdenoCa
13	108774187	108774188	13	109257809	109257810	-	+	DUP	cna229	minor	sim40	Eso-AdenoCa
13	109257810	109257811	13	109264177	109264178	-	+	DUP	cna230	major	sim40	Eso-AdenoCa
13	109264178	109264179	13	112909320	112909321	-	+	DUP	cna231	major	sim40	Eso-AdenoCa
13	112381099	112381100	13	112843269	112843270	-	-	t2tINV	cna231	minor	sim40	Eso-AdenoCa
13	112909321	112909322	13	114880296	114880297	-	+	DUP	cna232	major	sim40	Eso-AdenoCa
14	1	2	14	2213547	2213548	-	+	DUP	cna234	major	sim40	Eso-AdenoCa
14	33890321	33890322	14	36264630	36264631	+	+	h2hINV	cna235	minor	sim40	Eso-AdenoCa
14	42090221	42090222	14	51840483	51840484	-	-	t2tINV	cna235	minor	sim40	Eso-AdenoCa
14	55048021	55048022	14	57013678	57013679	-	-	t2tINV	cna235	major	sim40	Eso-AdenoCa
14	102472796	102472797	14	102911440	102911441	-	+	DUP	cna236	major	sim40	Eso-AdenoCa
14	102911441	102911442	14	104940025	104940026	-	+	DUP	cna237	major	sim40	Eso-AdenoCa
14	102911441	102911442	14	104940025	104940026	+	-	DEL	cna237	minor	sim40	Eso-AdenoCa
14	104940026	104940027	14	105302355	105302356	+	-	DEL	cna238	minor	sim40	Eso-AdenoCa
14	105302356	105302357	14	107349540	107349541	-	+	DUP	cna239	major	sim40	Eso-AdenoCa
14	105302356	105302357	14	107349540	107349541	+	-	DEL	cna239	minor	sim40	Eso-AdenoCa
15	22795181	22795182	15	25567932	25567933	+	+	h2hINV	cna240	minor	sim40	Eso-AdenoCa
15	47910881	47910882	15	47920886	47920887	+	+	h2hINV	cna240	major	sim40	Eso-AdenoCa
15	70775681	70775682	15	70785691	70785692	+	+	h2hINV	cna240	minor	sim40	Eso-AdenoCa
15	76223381	76223382	15	76233424	76233425	+	+	h2hINV	cna240	major	sim40	Eso-AdenoCa
16	26369389	49700017	X	48394494	56589380	-	+	TRA	cna241,cna307	major,major	sim40	Eso-AdenoCa
16	33780489	33780490	16	69501008	69501009	-	-	t2tINV	cna243	minor	sim40	Eso-AdenoCa
16	46984589	46984590	16	47004888	47004889	+	+	h2hINV	cna241	major	sim40	Eso-AdenoCa
16	49700018	49700019	16	52146789	52146790	-	+	DUP	cna242	major	sim40	Eso-AdenoCa
16	49700018	49700019	16	52146789	52146790	-	+	DUP	cna242	minor	sim40	Eso-AdenoCa
16	52146790	54105371	19	12468778	53911678	+	-	TRA	cna284,cna243	minor,major	sim40	Eso-AdenoCa
16	57984489	57984490	16	58257164	58257165	+	+	h2hINV	cna243	minor	sim40	Eso-AdenoCa
16	73343014	73343015	16	73661494	73661495	-	+	DUP	cna244	major	sim40	Eso-AdenoCa
16	73343014	73343015	16	73661494	73661495	+	-	DEL	cna244	minor	sim40	Eso-AdenoCa
16	73661495	73661496	16	73670054	73670055	-	+	DUP	cna245	major	sim40	Eso-AdenoCa
16	73661495	73661496	16	73670054	73670055	+	-	DEL	cna245	minor	sim40	Eso-AdenoCa
16	73670055	73670056	16	76582843	76582844	-	+	DUP	cna246	major	sim40	Eso-AdenoCa
16	73670055	73670056	16	76582843	76582844	-	+	DUP	cna246	minor	sim40	Eso-AdenoCa
16	76582844	76582845	16	76743871	76743872	+	-	DEL	cna247	minor	sim40	Eso-AdenoCa
16	76743872	76743873	16	76760917	76760918	-	+	DUP	cna248	major	sim40	Eso-AdenoCa
16	78435389	78435390	16	78535662	78535663	+	+	h2hINV	cna249	minor	sim40	Eso-AdenoCa
16	82980189	82980190	16	82990193	82990194	+	+	h2hINV	cna249	minor	sim40	Eso-AdenoCa
16	83761089	83761090	16	83771096	83771097	+	+	h2hINV	cna249	minor	sim40	Eso-AdenoCa
16	89833029	89833030	16	89889791	89889792	-	+	DUP	cna250	major	sim40	Eso-AdenoCa
16	89833029	89833030	16	89889791	89889792	+	-	DEL	cna250	minor	sim40	Eso-AdenoCa
16	89889792	89889793	16	90170299	90170300	-	+	DUP	cna251	major	sim40	Eso-AdenoCa
16	90170300	90170301	16	90215264	90215265	+	-	DEL	cna252	major	sim40	Eso-AdenoCa
16	90170300	90170301	16	90215264	90215265	+	-	DEL	cna252	minor	sim40	Eso-AdenoCa
16	90277628	90277629	16	90294771	90294772	-	+	DUP	cna254	major	sim40	Eso-AdenoCa
16	90294772	90294773	16	90314458	90314459	-	+	DUP	cna255	major	sim40	Eso-AdenoCa
16	90314459	90314460	16	90354753	90354754	-	+	DUP	cna256	major	sim40	Eso-AdenoCa
17	9367636	9367637	17	9388218	9388219	-	-	t2tINV	cna257	major	sim40	Eso-AdenoCa
17	13183036	13183037	17	15196000	15196001	+	+	h2hINV	cna257	major	sim40	Eso-AdenoCa
17	13194536	13194537	17	14400311	14400312	-	-	t2tINV	cna257	minor	sim40	Eso-AdenoCa
17	15104936	15104937	17	15114946	15114947	-	-	t2tINV	cna257	minor	sim40	Eso-AdenoCa
17	24220736	24220737	17	24230740	24230741	+	+	h2hINV	cna257	minor	sim40	Eso-AdenoCa
17	30695836	30695837	17	30952653	30952654	-	-	t2tINV	cna257	major	sim40	Eso-AdenoCa
17	34034936	34034937	17	34044941	34044942	-	-	t2tINV	cna257	minor	sim40	Eso-AdenoCa
17	38062236	38062237	17	38072241	38072242	+	+	h2hINV	cna257	major	sim40	Eso-AdenoCa
17	51334869	51334870	17	52068131	52068132	-	+	DUP	cna258	major	sim40	Eso-AdenoCa
17	52068132	52068133	17	52263211	52263212	-	+	DUP	cna259	major	sim40	Eso-AdenoCa
17	52068132	52068133	17	52263211	52263212	-	+	DUP	cna259	minor	sim40	Eso-AdenoCa
17	52263212	52263213	17	55027284	55027285	-	+	DUP	cna260	major	sim40	Eso-AdenoCa
17	52263212	52263213	17	55027284	55027285	-	+	DUP	cna260	minor	sim40	Eso-AdenoCa
17	55027285	55027286	17	57563894	57563895	-	+	DUP	cna261	major	sim40	Eso-AdenoCa
17	57563895	57563896	17	66584663	66584664	+	-	DEL	cna262	minor	sim40	Eso-AdenoCa
17	58435936	58435937	17	74320399	74320400	-	-	t2tINV	cna265	major	sim40	Eso-AdenoCa
17	59973936	59973937	17	63189066	63189067	-	-	t2tINV	cna262	major	sim40	Eso-AdenoCa
17	66584664	66584665	17	66873999	66874000	-	+	DUP	cna263	major	sim40	Eso-AdenoCa
17	66584664	66584665	17	66873999	66874000	-	+	DUP	cna263	minor	sim40	Eso-AdenoCa
17	66874000	66874001	17	73676651	73676652	-	+	DUP	cna264	major	sim40	Eso-AdenoCa
17	66874000	66874001	17	73676651	73676652	+	-	DEL	cna264	minor	sim40	Eso-AdenoCa
17	76148975	76148976	17	76180483	76180484	-	+	DUP	cna266	major	sim40	Eso-AdenoCa
17	76180484	76180485	17	76323077	76323078	+	-	DEL	cna267	major	sim40	Eso-AdenoCa
17	76180484	76180485	17	76323077	76323078	+	-	DEL	cna267	minor	sim40	Eso-AdenoCa
17	76323078	76323079	17	80089685	80089686	-	+	DUP	cna268	major	sim40	Eso-AdenoCa
17	76323078	76323079	17	80089685	80089686	-	+	DUP	cna268	minor	sim40	Eso-AdenoCa
17	79176583	80089685	19	1	48020779	-	+	TRA	cna284,cna268	minor,major	sim40	Eso-AdenoCa
17	80089686	80089687	17	81188189	81188190	-	+	DUP	cna269	major	sim40	Eso-AdenoCa
17	80089686	80089687	17	81188189	81188190	+	-	DEL	cna269	minor	sim40	Eso-AdenoCa
17	81188190	81188191	17	81195210	81195211	-	+	DUP	cna270	major	sim40	Eso-AdenoCa
18	1	2	18	6205701	6205702	-	+	DUP	cna271	major	sim40	Eso-AdenoCa
18	13681026	13681027	18	13701028	13701029	+	+	h2hINV	cna272	minor	sim40	Eso-AdenoCa
18	21762926	21762927	18	46517781	46517782	+	+	h2hINV	cna272	major	sim40	Eso-AdenoCa
18	48672626	48672627	18	49436996	49436997	-	-	t2tINV	cna272	major	sim40	Eso-AdenoCa
18	54939526	54939527	18	60600221	60600222	+	+	h2hINV	cna272	minor	sim40	Eso-AdenoCa
18	63597033	63597034	18	69697657	69697658	-	+	DUP	cna273	major	sim40	Eso-AdenoCa
18	69723537	69723538	18	69998276	69998277	-	+	DUP	cna275	major	sim40	Eso-AdenoCa
18	69998277	69998278	18	70035663	70035664	+	-	DEL	cna276	minor	sim40	Eso-AdenoCa
18	70035664	70035665	18	70166545	70166546	-	+	DUP	cna277	major	sim40	Eso-AdenoCa
18	70856026	70856027	18	70866038	70866039	-	-	t2tINV	cna278	major	sim40	Eso-AdenoCa
18	71122361	71122362	18	76074504	76074505	-	+	DUP	cna279	major	sim40	Eso-AdenoCa
18	76766446	76766447	18	76816305	76816306	-	+	DUP	cna281	major	sim40	Eso-AdenoCa
18	76766446	76766447	18	76816305	76816306	-	+	DUP	cna281	minor	sim40	Eso-AdenoCa
18	76816306	76816307	18	77959689	77959690	-	+	DUP	cna282	major	sim40	Eso-AdenoCa
18	76816306	76816307	18	77959689	77959690	+	-	DEL	cna282	minor	sim40	Eso-AdenoCa
18	77959690	77959691	18	78077248	78077249	-	+	DUP	cna283	major	sim40	Eso-AdenoCa
19	11298278	11298279	19	47506611	47506612	+	+	h2hINV	cna284	major	sim40	Eso-AdenoCa
19	11421578	11421579	19	11441517	11441518	+	+	h2hINV	cna284	major	sim40	Eso-AdenoCa
19	19489678	19489679	19	20873893	20873894	-	-	t2tINV	cna284	minor	sim40	Eso-AdenoCa
19	40499678	40499679	19	40509680	40509681	+	+	h2hINV	cna284	major	sim40	Eso-AdenoCa
19	40517378	40517379	19	43669389	43669390	+	+	h2hINV	cna284	minor	sim40	Eso-AdenoCa
19	53911679	53911680	19	55269223	55269224	-	+	DUP	cna285	major	sim40	Eso-AdenoCa
19	53911679	53911680	19	55269223	55269224	+	-	DEL	cna285	minor	sim40	Eso-AdenoCa
19	55269224	55269225	19	55347208	55347209	+	-	DEL	cna286	minor	sim40	Eso-AdenoCa
19	55347209	55347210	19	58076999	58077000	-	+	DUP	cna287	major	sim40	Eso-AdenoCa
19	55347209	55347210	19	58076999	58077000	+	-	DEL	cna287	minor	sim40	Eso-AdenoCa
19	58936262	58936263	19	59128983	59128984	+	-	DEL	cna289	minor	sim40	Eso-AdenoCa
20	3368695	3368696	20	3685645	3685646	-	-	t2tINV	cna290	major	sim40	Eso-AdenoCa
20	34515895	34515896	20	34525905	34525906	+	+	h2hINV	cna290	minor	sim40	Eso-AdenoCa
20	43603295	43603296	20	45353119	45353120	-	-	t2tINV	cna290	major	sim40	Eso-AdenoCa
21	19902575	19902576	21	20468744	20468745	+	+	h2hINV	cna291	minor	sim40	Eso-AdenoCa
21	24801075	24801076	21	32438341	32438342	+	+	h2hINV	cna291	minor	sim40	Eso-AdenoCa
21	47576231	47576232	21	48085060	48085061	-	+	DUP	cna292	major	sim40	Eso-AdenoCa
21	47576231	47576232	21	48085060	48085061	-	+	DUP	cna292	minor	sim40	Eso-AdenoCa
22	26261680	26261681	22	26271683	26271684	+	+	h2hINV	cna294	minor	sim40	Eso-AdenoCa
22	28343497	28343498	22	28504253	28504254	-	+	DUP	cna295	major	sim40	Eso-AdenoCa
22	28504254	28504255	22	28807556	28807557	-	+	DUP	cna296	major	sim40	Eso-AdenoCa
22	28504254	28504255	22	28807556	28807557	+	-	DEL	cna296	minor	sim40	Eso-AdenoCa
22	28807557	28807558	22	28859593	28859594	-	+	DUP	cna297	major	sim40	Eso-AdenoCa
22	28807557	28807558	22	28859593	28859594	-	+	DUP	cna297	minor	sim40	Eso-AdenoCa
22	28859594	28859595	22	44426666	44426667	+	-	DEL	cna298	minor	sim40	Eso-AdenoCa
22	31588780	31588781	22	37284975	37284976	+	+	h2hINV	cna298	major	sim40	Eso-AdenoCa
22	31826280	31826281	22	39700721	39700722	-	-	t2tINV	cna298	major	sim40	Eso-AdenoCa
22	44426667	44426668	22	51304566	51304567	-	+	DUP	cna299	major	sim40	Eso-AdenoCa
22	44426667	44426668	22	51304566	51304567	+	-	DEL	cna299	minor	sim40	Eso-AdenoCa
X	1	2	X	21490118	21490119	-	+	DUP	cna300	major	sim40	Eso-AdenoCa
X	1	2	X	21490118	21490119	+	-	DEL	cna300	minor	sim40	Eso-AdenoCa
X	21490119	21490120	X	30343947	30343948	+	-	DEL	cna301	minor	sim40	Eso-AdenoCa
X	30343948	30343949	X	30381316	30381317	-	+	DUP	cna302	major	sim40	Eso-AdenoCa
X	30381317	30381318	X	31180977	31180978	-	+	DUP	cna303	major	sim40	Eso-AdenoCa
X	30381317	30381318	X	31180977	31180978	+	-	DEL	cna303	minor	sim40	Eso-AdenoCa
X	31180978	31180979	X	43934604	43934605	+	-	DEL	cna304	minor	sim40	Eso-AdenoCa
X	43934605	43934606	X	44259529	44259530	-	+	DUP	cna305	major	sim40	Eso-AdenoCa
X	43934605	43934606	X	44259529	44259530	+	-	DEL	cna305	minor	sim40	Eso-AdenoCa
X	44259530	44259531	X	48394493	48394494	-	+	DUP	cna306	major	sim40	Eso-AdenoCa
X	44259530	44259531	X	48394493	48394494	-	+	DUP	cna306	minor	sim40	Eso-AdenoCa
X	48394494	48394495	X	61035481	61035482	-	+	DUP	cna307	major	sim40	Eso-AdenoCa
X	61035482	61035483	X	61069771	61069772	-	+	DUP	cna308	major	sim40	Eso-AdenoCa
X	61035482	61035483	X	61069771	61069772	+	-	DEL	cna308	minor	sim40	Eso-AdenoCa
X	84286514	84286515	X	84296519	84296520	-	-	t2tINV	cna309	major	sim40	Eso-AdenoCa
X	96858614	96858615	X	96868616	96868617	+	+	h2hINV	cna309	major	sim40	Eso-AdenoCa
X	120836845	120836846	X	130098887	130098888	+	-	DEL	cna310	minor	sim40	Eso-AdenoCa
X	130098888	130098889	X	130110691	130110692	-	+	DUP	cna311	major	sim40	Eso-AdenoCa
X	130098888	130098889	X	130110691	130110692	-	+	DUP	cna311	minor	sim40	Eso-AdenoCa
X	130110692	130110693	X	130154951	130154952	+	-	DEL	cna312	minor	sim40	Eso-AdenoCa
X	130154952	130154953	X	130192774	130192775	-	+	DUP	cna313	major	sim40	Eso-AdenoCa
X	130192775	130192776	X	155149042	155149043	+	-	DEL	cna314	major	sim40	Eso-AdenoCa
X	130192775	130192776	X	155149042	155149043	+	-	DEL	cna314	minor	sim40	Eso-AdenoCa
X	155149043	155149044	X	155270560	155270561	+	-	DEL	cna315	minor	sim40	Eso-AdenoCa
