chrom	start	end	major_cn	minor_cn	donor_id	study	id
1	1	16794	2	0	sim29	Eso-AdenoCa	cna0
1	16795	2095272	2	1	sim29	Eso-AdenoCa	cna1
1	2095273	2743524	4	0	sim29	Eso-AdenoCa	cna2
1	2743525	22885918	3	2	sim29	Eso-AdenoCa	cna3
1	22885919	23182823	1	1	sim29	Eso-AdenoCa	cna4
1	23182824	29277748	2	1	sim29	Eso-AdenoCa	cna5
1	29277749	40271257	1	0	sim29	Eso-AdenoCa	cna6
1	40271258	75116502	2	1	sim29	Eso-AdenoCa	cna7
1	75116503	145218382	1	1	sim29	Eso-AdenoCa	cna8
1	145218383	145262074	2	1	sim29	Eso-AdenoCa	cna9
1	145262075	145449458	0	0	sim29	Eso-AdenoCa	cna10
1	145449459	148088727	1	0	sim29	Eso-AdenoCa	cna11
1	148088728	155769500	1	1	sim29	Eso-AdenoCa	cna12
1	155769501	155810727	1	0	sim29	Eso-AdenoCa	cna13
1	155810728	156524582	1	1	sim29	Eso-AdenoCa	cna14
1	156524583	156558381	3	0	sim29	Eso-AdenoCa	cna15
1	156558382	158222645	2	1	sim29	Eso-AdenoCa	cna16
1	158222646	164433149	1	0	sim29	Eso-AdenoCa	cna17
1	164433150	168095603	1	1	sim29	Eso-AdenoCa	cna18
1	168095604	168566713	2	0	sim29	Eso-AdenoCa	cna19
1	168566714	176709543	2	1	sim29	Eso-AdenoCa	cna20
1	176709544	178197136	1	1	sim29	Eso-AdenoCa	cna21
1	178197137	178446093	2	1	sim29	Eso-AdenoCa	cna22
1	178446094	179372345	1	0	sim29	Eso-AdenoCa	cna23
1	179372346	180191037	2	0	sim29	Eso-AdenoCa	cna24
1	180191038	182239303	3	2	sim29	Eso-AdenoCa	cna25
1	182239304	182528846	1	1	sim29	Eso-AdenoCa	cna26
1	182528847	183539661	4	0	sim29	Eso-AdenoCa	cna27
1	183539662	184864322	3	2	sim29	Eso-AdenoCa	cna28
1	184864323	227123668	1	1	sim29	Eso-AdenoCa	cna29
1	227123669	227446095	5	1	sim29	Eso-AdenoCa	cna30
1	227446096	248543087	1	0	sim29	Eso-AdenoCa	cna31
1	248543088	248712825	0	0	sim29	Eso-AdenoCa	cna32
1	248712826	248881648	2	1	sim29	Eso-AdenoCa	cna33
1	248881649	249242207	2	0	sim29	Eso-AdenoCa	cna34
1	249242208	249250621	1	0	sim29	Eso-AdenoCa	cna35
2	1	23310428	2	1	sim29	Eso-AdenoCa	cna36
2	23310429	23341497	1	1	sim29	Eso-AdenoCa	cna37
2	23341498	26736894	2	0	sim29	Eso-AdenoCa	cna38
2	26736895	26761310	2	1	sim29	Eso-AdenoCa	cna39
2	26761311	33256349	4	1	sim29	Eso-AdenoCa	cna40
2	33256350	33413962	2	1	sim29	Eso-AdenoCa	cna41
2	33413963	37789247	3	1	sim29	Eso-AdenoCa	cna42
2	37789248	38065996	6	1	sim29	Eso-AdenoCa	cna43
2	38065997	43884614	4	0	sim29	Eso-AdenoCa	cna44
2	43884615	43893771	2	0	sim29	Eso-AdenoCa	cna45
2	43893772	44240774	2	1	sim29	Eso-AdenoCa	cna46
2	44240775	187209993	1	1	sim29	Eso-AdenoCa	cna47
2	187209994	187219156	1	0	sim29	Eso-AdenoCa	cna48
2	187219157	242808689	1	1	sim29	Eso-AdenoCa	cna49
2	242808690	243199373	2	1	sim29	Eso-AdenoCa	cna50
3	1	21911824	1	1	sim29	Eso-AdenoCa	cna51
3	21911825	29665515	1	0	sim29	Eso-AdenoCa	cna52
3	29665516	38720039	3	2	sim29	Eso-AdenoCa	cna53
3	38720040	40516497	4	2	sim29	Eso-AdenoCa	cna54
3	40516498	43888150	2	1	sim29	Eso-AdenoCa	cna55
3	43888151	47222970	1	0	sim29	Eso-AdenoCa	cna56
3	47222971	48659328	7	1	sim29	Eso-AdenoCa	cna57
3	48659329	185290251	2	2	sim29	Eso-AdenoCa	cna58
3	185290252	193267667	1	0	sim29	Eso-AdenoCa	cna59
3	193267668	198022430	4	1	sim29	Eso-AdenoCa	cna60
4	1	151795195	1	1	sim29	Eso-AdenoCa	cna61
4	151795196	152118218	3	1	sim29	Eso-AdenoCa	cna62
4	152118219	159715557	1	1	sim29	Eso-AdenoCa	cna63
4	159715558	186052155	3	2	sim29	Eso-AdenoCa	cna64
4	186052156	191154276	2	1	sim29	Eso-AdenoCa	cna65
5	1	33515768	2	1	sim29	Eso-AdenoCa	cna66
5	33515769	36898043	1	0	sim29	Eso-AdenoCa	cna67
5	36898044	77446799	1	1	sim29	Eso-AdenoCa	cna68
5	77446800	96260330	3	0	sim29	Eso-AdenoCa	cna69
5	96260331	103842951	3	1	sim29	Eso-AdenoCa	cna70
5	103842952	107320682	2	2	sim29	Eso-AdenoCa	cna71
5	107320683	135989706	1	1	sim29	Eso-AdenoCa	cna72
5	135989707	136066618	1	0	sim29	Eso-AdenoCa	cna73
5	136066619	146406759	2	0	sim29	Eso-AdenoCa	cna74
5	146406760	175484149	3	0	sim29	Eso-AdenoCa	cna75
5	175484150	175613697	3	1	sim29	Eso-AdenoCa	cna76
5	175613698	175834404	4	1	sim29	Eso-AdenoCa	cna77
5	175834405	175861085	1	0	sim29	Eso-AdenoCa	cna78
5	175861086	176338803	1	1	sim29	Eso-AdenoCa	cna79
5	176338804	176347682	1	0	sim29	Eso-AdenoCa	cna80
5	176347683	177191557	2	0	sim29	Eso-AdenoCa	cna81
5	177191558	180129849	2	2	sim29	Eso-AdenoCa	cna82
5	180129850	180904192	4	1	sim29	Eso-AdenoCa	cna83
5	180904193	180915260	1	1	sim29	Eso-AdenoCa	cna84
6	1	171032283	1	1	sim29	Eso-AdenoCa	cna85
6	171032284	171115067	2	0	sim29	Eso-AdenoCa	cna86
7	1	38988002	1	1	sim29	Eso-AdenoCa	cna87
7	38988003	45915696	4	3	sim29	Eso-AdenoCa	cna88
7	45915697	52041295	2	1	sim29	Eso-AdenoCa	cna89
7	52041296	70548007	1	1	sim29	Eso-AdenoCa	cna90
7	70548008	90446546	2	1	sim29	Eso-AdenoCa	cna91
7	90446547	90623928	1	0	sim29	Eso-AdenoCa	cna92
7	90623929	92324696	4	1	sim29	Eso-AdenoCa	cna93
7	92324697	92855137	2	2	sim29	Eso-AdenoCa	cna94
7	92855138	92971758	4	1	sim29	Eso-AdenoCa	cna95
7	92971759	101994990	2	0	sim29	Eso-AdenoCa	cna96
7	101994991	103956195	2	1	sim29	Eso-AdenoCa	cna97
7	103956196	104690902	1	0	sim29	Eso-AdenoCa	cna98
7	104690903	159138663	1	1	sim29	Eso-AdenoCa	cna99
8	1	19003990	1	1	sim29	Eso-AdenoCa	cna100
8	19003991	23589043	2	2	sim29	Eso-AdenoCa	cna101
8	23589044	23599115	2	1	sim29	Eso-AdenoCa	cna102
8	23599116	139208965	1	1	sim29	Eso-AdenoCa	cna103
8	139208966	139279280	2	1	sim29	Eso-AdenoCa	cna104
8	139279281	139372365	2	0	sim29	Eso-AdenoCa	cna105
8	139372366	139526810	3	1	sim29	Eso-AdenoCa	cna106
8	139526811	139717109	2	1	sim29	Eso-AdenoCa	cna107
8	139717110	143150186	2	0	sim29	Eso-AdenoCa	cna108
8	143150187	143633272	3	0	sim29	Eso-AdenoCa	cna109
8	143633273	143792484	2	0	sim29	Eso-AdenoCa	cna110
8	143792485	144016596	4	1	sim29	Eso-AdenoCa	cna111
8	144016597	145153712	1	1	sim29	Eso-AdenoCa	cna112
8	145153713	145928984	3	1	sim29	Eso-AdenoCa	cna113
8	145928985	146364022	1	1	sim29	Eso-AdenoCa	cna114
9	1	8802383	2	1	sim29	Eso-AdenoCa	cna115
9	8802384	8812872	4	2	sim29	Eso-AdenoCa	cna116
9	8812873	23948252	1	1	sim29	Eso-AdenoCa	cna117
9	23948253	23996565	4	1	sim29	Eso-AdenoCa	cna118
9	23996566	24054102	1	0	sim29	Eso-AdenoCa	cna119
9	24054103	33916496	6	1	sim29	Eso-AdenoCa	cna120
9	33916497	41350549	2	2	sim29	Eso-AdenoCa	cna121
9	41350550	43320314	1	1	sim29	Eso-AdenoCa	cna122
9	43320315	44607955	2	1	sim29	Eso-AdenoCa	cna123
9	44607956	120019443	1	1	sim29	Eso-AdenoCa	cna124
9	120019444	137195661	2	2	sim29	Eso-AdenoCa	cna125
9	137195662	139318375	1	1	sim29	Eso-AdenoCa	cna126
9	139318376	141018787	3	1	sim29	Eso-AdenoCa	cna127
9	141018788	141213431	2	0	sim29	Eso-AdenoCa	cna128
10	1	54911732	1	1	sim29	Eso-AdenoCa	cna129
10	54911733	57101064	3	3	sim29	Eso-AdenoCa	cna130
10	57101065	57109967	6	1	sim29	Eso-AdenoCa	cna131
10	57109968	73167298	2	1	sim29	Eso-AdenoCa	cna132
10	73167299	89033018	1	1	sim29	Eso-AdenoCa	cna133
10	89033019	89340617	2	1	sim29	Eso-AdenoCa	cna134
10	89340618	100639408	1	1	sim29	Eso-AdenoCa	cna135
10	100639409	100836958	0	0	sim29	Eso-AdenoCa	cna136
10	100836959	101052703	2	1	sim29	Eso-AdenoCa	cna137
10	101052704	132071877	1	0	sim29	Eso-AdenoCa	cna138
10	132071878	135534747	1	1	sim29	Eso-AdenoCa	cna139
11	1	2115714	1	1	sim29	Eso-AdenoCa	cna140
11	2115715	18817446	4	1	sim29	Eso-AdenoCa	cna141
11	18817447	19463882	3	1	sim29	Eso-AdenoCa	cna142
11	19463883	19473654	2	1	sim29	Eso-AdenoCa	cna143
11	19473655	20433760	1	1	sim29	Eso-AdenoCa	cna144
11	20433761	21364508	4	2	sim29	Eso-AdenoCa	cna145
11	21364509	24213895	2	2	sim29	Eso-AdenoCa	cna146
11	24213896	118079806	1	1	sim29	Eso-AdenoCa	cna147
11	118079807	132096452	3	0	sim29	Eso-AdenoCa	cna148
11	132096453	134996744	3	2	sim29	Eso-AdenoCa	cna149
11	134996745	135006516	1	0	sim29	Eso-AdenoCa	cna150
12	1	8669389	1	1	sim29	Eso-AdenoCa	cna151
12	8669390	9160856	1	0	sim29	Eso-AdenoCa	cna152
12	9160857	20177060	1	1	sim29	Eso-AdenoCa	cna153
12	20177061	20492673	3	2	sim29	Eso-AdenoCa	cna154
12	20492674	20533064	0	0	sim29	Eso-AdenoCa	cna155
12	20533065	37511832	1	1	sim29	Eso-AdenoCa	cna156
12	37511833	82305413	2	0	sim29	Eso-AdenoCa	cna157
12	82305414	95362552	1	1	sim29	Eso-AdenoCa	cna158
12	95362553	95458986	3	2	sim29	Eso-AdenoCa	cna159
12	95458987	96270560	1	1	sim29	Eso-AdenoCa	cna160
12	96270561	97898386	2	1	sim29	Eso-AdenoCa	cna161
12	97898387	100093201	3	2	sim29	Eso-AdenoCa	cna162
12	100093202	111187370	2	0	sim29	Eso-AdenoCa	cna163
12	111187371	111391808	2	1	sim29	Eso-AdenoCa	cna164
12	111391809	111546324	4	1	sim29	Eso-AdenoCa	cna165
12	111546325	119987677	2	1	sim29	Eso-AdenoCa	cna166
12	119987678	120231246	3	2	sim29	Eso-AdenoCa	cna167
12	120231247	125496598	1	0	sim29	Eso-AdenoCa	cna168
12	125496599	133851895	1	1	sim29	Eso-AdenoCa	cna169
13	1	50720474	1	0	sim29	Eso-AdenoCa	cna170
13	50720475	115169878	2	0	sim29	Eso-AdenoCa	cna171
14	1	14175285	1	1	sim29	Eso-AdenoCa	cna172
14	14175286	32164835	4	0	sim29	Eso-AdenoCa	cna173
14	32164836	34222468	2	0	sim29	Eso-AdenoCa	cna174
14	34222469	35368822	3	3	sim29	Eso-AdenoCa	cna175
14	35368823	36074727	3	1	sim29	Eso-AdenoCa	cna176
14	36074728	38057397	0	0	sim29	Eso-AdenoCa	cna177
14	38057398	38385851	1	0	sim29	Eso-AdenoCa	cna178
14	38385852	41750829	1	1	sim29	Eso-AdenoCa	cna179
14	41750830	42170416	1	0	sim29	Eso-AdenoCa	cna180
14	42170417	44166338	4	2	sim29	Eso-AdenoCa	cna181
14	44166339	55873821	2	3	sim29	Eso-AdenoCa	cna182
14	55873822	55916554	1	0	sim29	Eso-AdenoCa	cna183
14	55916555	59233681	2	0	sim29	Eso-AdenoCa	cna184
14	59233682	103749999	2	2	sim29	Eso-AdenoCa	cna185
14	103750000	103954837	2	1	sim29	Eso-AdenoCa	cna186
14	103954838	106977449	1	1	sim29	Eso-AdenoCa	cna187
14	106977450	107243439	2	1	sim29	Eso-AdenoCa	cna188
14	107243440	107349540	4	2	sim29	Eso-AdenoCa	cna189
15	1	95237022	1	1	sim29	Eso-AdenoCa	cna190
15	95237023	98594217	1	0	sim29	Eso-AdenoCa	cna191
15	98594218	99336606	1	1	sim29	Eso-AdenoCa	cna192
15	99336607	102531392	2	1	sim29	Eso-AdenoCa	cna193
16	1	90354753	1	1	sim29	Eso-AdenoCa	cna194
17	1	9287919	1	0	sim29	Eso-AdenoCa	cna195
17	9287920	10148252	2	1	sim29	Eso-AdenoCa	cna196
17	10148253	13275565	1	1	sim29	Eso-AdenoCa	cna197
17	13275566	44579839	2	2	sim29	Eso-AdenoCa	cna198
17	44579840	46485870	1	1	sim29	Eso-AdenoCa	cna199
17	46485871	47272348	1	0	sim29	Eso-AdenoCa	cna200
17	47272349	47417522	2	1	sim29	Eso-AdenoCa	cna201
17	47417523	47598777	4	1	sim29	Eso-AdenoCa	cna202
17	47598778	71906971	2	1	sim29	Eso-AdenoCa	cna203
17	71906972	71916111	2	3	sim29	Eso-AdenoCa	cna204
17	71916112	73405445	2	1	sim29	Eso-AdenoCa	cna205
17	73405446	73645411	1	0	sim29	Eso-AdenoCa	cna206
17	73645412	73824553	2	1	sim29	Eso-AdenoCa	cna207
17	73824554	75752021	1	1	sim29	Eso-AdenoCa	cna208
17	75752022	78926196	2	1	sim29	Eso-AdenoCa	cna209
17	78926197	81195210	2	3	sim29	Eso-AdenoCa	cna210
18	1	3950183	1	1	sim29	Eso-AdenoCa	cna211
18	3950184	3988378	2	1	sim29	Eso-AdenoCa	cna212
18	3988379	3998710	1	1	sim29	Eso-AdenoCa	cna213
18	3998711	4325342	6	2	sim29	Eso-AdenoCa	cna214
18	4325343	4380367	1	1	sim29	Eso-AdenoCa	cna215
18	4380368	6306856	2	1	sim29	Eso-AdenoCa	cna216
18	6306857	57579411	1	1	sim29	Eso-AdenoCa	cna217
18	57579412	57588045	4	1	sim29	Eso-AdenoCa	cna218
18	57588046	60279940	2	0	sim29	Eso-AdenoCa	cna219
18	60279941	77888095	1	1	sim29	Eso-AdenoCa	cna220
18	77888096	78077248	4	1	sim29	Eso-AdenoCa	cna221
19	1	59128983	1	1	sim29	Eso-AdenoCa	cna222
20	1	24948194	1	1	sim29	Eso-AdenoCa	cna223
20	24948195	25010001	0	0	sim29	Eso-AdenoCa	cna224
20	25010002	25599087	3	1	sim29	Eso-AdenoCa	cna225
20	25599088	25608945	2	1	sim29	Eso-AdenoCa	cna226
20	25608946	25988661	2	2	sim29	Eso-AdenoCa	cna227
20	25988662	26044191	1	0	sim29	Eso-AdenoCa	cna228
20	26044192	27582251	2	1	sim29	Eso-AdenoCa	cna229
20	27582252	27726078	0	0	sim29	Eso-AdenoCa	cna230
20	27726079	28881686	3	0	sim29	Eso-AdenoCa	cna231
20	28881687	29341421	1	1	sim29	Eso-AdenoCa	cna232
20	29341422	60793129	2	2	sim29	Eso-AdenoCa	cna233
20	60793130	60983682	3	2	sim29	Eso-AdenoCa	cna234
20	60983683	61211450	1	0	sim29	Eso-AdenoCa	cna235
20	61211451	63025520	1	1	sim29	Eso-AdenoCa	cna236
21	1	28941267	1	0	sim29	Eso-AdenoCa	cna237
21	28941268	32331412	1	1	sim29	Eso-AdenoCa	cna238
21	32331413	32342182	1	0	sim29	Eso-AdenoCa	cna239
21	32342183	47963756	2	0	sim29	Eso-AdenoCa	cna240
21	47963757	48129895	2	1	sim29	Eso-AdenoCa	cna241
22	1	51304566	1	0	sim29	Eso-AdenoCa	cna242
X	1	54009549	1	1	sim29	Eso-AdenoCa	cna243
X	54009550	76793924	2	0	sim29	Eso-AdenoCa	cna244
X	76793925	155040477	1	1	sim29	Eso-AdenoCa	cna245
X	155040478	155270560	1	0	sim29	Eso-AdenoCa	cna246
