chrom1	start1	end1	chrom2	start2	end2	strand1	strand2	svclass	id	allele	donor_id	tumor
1	1	2	1	5632981	5632982	-	+	DUP	cna0	major	sim43	Eso-AdenoCa
1	1	2	1	5632981	5632982	+	-	DEL	cna0	minor	sim43	Eso-AdenoCa
1	5632982	5632983	1	6901680	6901681	-	+	DUP	cna1	major	sim43	Eso-AdenoCa
1	6901681	6901682	1	7139591	7139592	-	+	DUP	cna2	major	sim43	Eso-AdenoCa
1	7139592	7139593	1	7158273	7158274	+	-	DEL	cna3	minor	sim43	Eso-AdenoCa
1	7158274	7158275	1	7451643	7451644	-	+	DUP	cna4	major	sim43	Eso-AdenoCa
1	7451644	7451645	1	13984475	13984476	-	+	DUP	cna5	major	sim43	Eso-AdenoCa
1	13984476	13984477	1	34617486	34617487	-	+	DUP	cna6	major	sim43	Eso-AdenoCa
1	13984476	13984477	1	34617486	34617487	-	+	DUP	cna6	minor	sim43	Eso-AdenoCa
1	16459820	34617486	15	69787039	82797882	-	+	TRA	cna144,cna6	minor,minor	sim43	Eso-AdenoCa
1	34617487	34617488	1	43422314	43422315	-	+	DUP	cna7	major	sim43	Eso-AdenoCa
1	43422315	43422316	1	64993795	64993796	-	+	DUP	cna8	major	sim43	Eso-AdenoCa
1	43422315	43422316	1	64993795	64993796	-	+	DUP	cna8	minor	sim43	Eso-AdenoCa
1	55881900	64993795	8	54886079	73364633	-	+	TRA	cna8,cna95	minor,minor	sim43	Eso-AdenoCa
1	76729776	76729777	1	76869730	76869731	-	+	DUP	cna10	major	sim43	Eso-AdenoCa
1	76729776	76729777	1	76869730	76869731	-	+	DUP	cna10	minor	sim43	Eso-AdenoCa
1	76869731	76869732	1	77348298	77348299	-	+	DUP	cna11	major	sim43	Eso-AdenoCa
1	76869731	76869732	1	77348298	77348299	-	+	DUP	cna11	minor	sim43	Eso-AdenoCa
1	77348299	77348300	1	157964772	157964773	+	-	DEL	cna12	major	sim43	Eso-AdenoCa
1	77348299	77348300	1	157964772	157964773	+	-	DEL	cna12	minor	sim43	Eso-AdenoCa
1	157964773	157964774	1	211991295	211991296	-	+	DUP	cna13	major	sim43	Eso-AdenoCa
1	157964773	157964774	1	211991295	211991296	-	+	DUP	cna13	minor	sim43	Eso-AdenoCa
1	204225700	204225701	1	204665638	204665639	+	+	h2hINV	cna13	minor	sim43	Eso-AdenoCa
1	205310000	205310001	1	205320004	205320005	+	+	h2hINV	cna13	minor	sim43	Eso-AdenoCa
1	211991296	211991297	1	212089339	212089340	-	+	DUP	cna14	major	sim43	Eso-AdenoCa
1	212089340	212089341	1	212108092	212108093	-	+	DUP	cna15	major	sim43	Eso-AdenoCa
1	212089340	212089341	1	212108092	212108093	+	-	DEL	cna15	minor	sim43	Eso-AdenoCa
1	212108093	212108094	1	213279459	213279460	-	+	DUP	cna16	major	sim43	Eso-AdenoCa
1	213279460	213279461	1	214525095	214525096	-	+	DUP	cna17	major	sim43	Eso-AdenoCa
1	213279460	213279461	1	214525095	214525096	+	-	DEL	cna17	minor	sim43	Eso-AdenoCa
1	214525096	214525097	1	215748109	215748110	-	+	DUP	cna18	major	sim43	Eso-AdenoCa
1	214525096	214525097	1	215748109	215748110	-	+	DUP	cna18	minor	sim43	Eso-AdenoCa
1	215748110	215748111	1	235158904	235158905	-	+	DUP	cna19	major	sim43	Eso-AdenoCa
1	235158905	235158906	1	237113330	237113331	+	-	DEL	cna20	minor	sim43	Eso-AdenoCa
1	237113331	237113332	1	238322294	238322295	-	+	DUP	cna21	major	sim43	Eso-AdenoCa
1	237113331	237113332	1	238322294	238322295	+	-	DEL	cna21	minor	sim43	Eso-AdenoCa
1	238322295	238322296	1	249250621	249250622	-	+	DUP	cna22	major	sim43	Eso-AdenoCa
2	1	123897880	7	54234624	63107580	+	-	TRA	cna23,cna79	minor,minor	sim43	Eso-AdenoCa
2	1	11284480	14	1	35203240	+	+	TRA	cna23,cna136	major,major	sim43	Eso-AdenoCa
2	20744779	20744780	2	27044769	27044770	+	+	h2hINV	cna23	minor	sim43	Eso-AdenoCa
2	78849679	78849680	2	120880230	120880231	-	-	t2tINV	cna23	major	sim43	Eso-AdenoCa
2	137117879	137117880	2	137127884	137127885	+	+	h2hINV	cna23	major	sim43	Eso-AdenoCa
2	181522779	181522780	2	188878011	188878012	+	+	h2hINV	cna23	major	sim43	Eso-AdenoCa
2	191866579	191866580	2	216275882	216275883	+	+	h2hINV	cna23	major	sim43	Eso-AdenoCa
3	1	69155707	6	70403135	84976917	+	-	TRA	cna24,cna62	major,minor	sim43	Eso-AdenoCa
3	59749806	59749807	3	113970409	113970410	+	+	h2hINV	cna24	major	sim43	Eso-AdenoCa
3	60187906	60187907	3	62596841	62596842	-	-	t2tINV	cna24	minor	sim43	Eso-AdenoCa
3	71510409	71510410	3	77412876	77412877	+	-	DEL	cna25	minor	sim43	Eso-AdenoCa
3	77412877	77412878	3	94117760	94117761	-	+	DUP	cna26	major	sim43	Eso-AdenoCa
3	77412877	77412878	3	94117760	94117761	+	-	DEL	cna26	minor	sim43	Eso-AdenoCa
3	77412877	81808807	4	154308151	191074476	+	-	TRA	cna26,cna47	major,minor	sim43	Eso-AdenoCa
3	94117761	94117762	3	104879376	104879377	-	+	DUP	cna27	major	sim43	Eso-AdenoCa
3	104879377	104879378	3	133485808	133485809	-	+	DUP	cna28	major	sim43	Eso-AdenoCa
3	104879377	104879378	3	133485808	133485809	+	-	DEL	cna28	minor	sim43	Eso-AdenoCa
3	105110906	133485808	4	5814101	73564111	-	-	TRA	cna28,cna43	minor,major	sim43	Eso-AdenoCa
3	133485809	133485810	3	136546160	136546161	+	-	DEL	cna29	minor	sim43	Eso-AdenoCa
3	133485809	133692443	20	20721595	59397127	+	-	TRA	cna181,cna29	major,major	sim43	Eso-AdenoCa
3	136546161	136546162	3	137634639	137634640	-	+	DUP	cna30	major	sim43	Eso-AdenoCa
3	137634640	137634641	3	137956038	137956039	-	+	DUP	cna31	major	sim43	Eso-AdenoCa
3	137956039	137956040	3	141902433	141902434	-	+	DUP	cna32	major	sim43	Eso-AdenoCa
3	137956039	137956040	3	141902433	141902434	-	+	DUP	cna32	minor	sim43	Eso-AdenoCa
3	141902434	141902435	3	155333928	155333929	+	-	DEL	cna33	minor	sim43	Eso-AdenoCa
3	152271806	155333928	4	188399473	191074476	-	-	TRA	cna33,cna47	minor,major	sim43	Eso-AdenoCa
3	155333929	155333930	3	155612710	155612711	+	-	DEL	cna34	major	sim43	Eso-AdenoCa
3	155333929	155333930	3	155612710	155612711	+	-	DEL	cna34	minor	sim43	Eso-AdenoCa
3	155612711	155612712	3	178285700	178285701	-	+	DUP	cna35	major	sim43	Eso-AdenoCa
3	178285701	178285702	3	190185215	190185216	-	+	DUP	cna36	major	sim43	Eso-AdenoCa
3	178285701	178285702	3	190185215	190185216	+	-	DEL	cna36	minor	sim43	Eso-AdenoCa
3	185449806	185449807	3	187303945	187303946	+	+	h2hINV	cna36	major	sim43	Eso-AdenoCa
3	190185216	190185217	3	190270915	190270916	+	-	DEL	cna37	minor	sim43	Eso-AdenoCa
3	190270916	190270917	3	190331367	190331368	-	+	DUP	cna38	major	sim43	Eso-AdenoCa
3	190270916	190270917	3	190331367	190331368	-	+	DUP	cna38	minor	sim43	Eso-AdenoCa
3	190331368	190331369	3	190374516	190374517	-	+	DUP	cna39	major	sim43	Eso-AdenoCa
3	190331368	190331369	3	190374516	190374517	+	-	DEL	cna39	minor	sim43	Eso-AdenoCa
3	190374517	190374518	3	190695165	190695166	+	-	DEL	cna40	minor	sim43	Eso-AdenoCa
3	190695166	190695167	3	197965387	197965388	-	+	DUP	cna41	major	sim43	Eso-AdenoCa
3	197965388	197965389	3	198022430	198022431	-	+	DUP	cna42	major	sim43	Eso-AdenoCa
4	1	2	4	73564111	73564112	-	+	DUP	cna43	major	sim43	Eso-AdenoCa
4	1	2	4	73564111	73564112	+	-	DEL	cna43	minor	sim43	Eso-AdenoCa
4	29512476	29512477	4	65033611	65033612	-	-	t2tINV	cna43	major	sim43	Eso-AdenoCa
4	73564112	73564113	4	75726281	75726282	-	+	DUP	cna44	major	sim43	Eso-AdenoCa
4	73564112	73564113	4	75726281	75726282	-	+	DUP	cna44	minor	sim43	Eso-AdenoCa
4	75726282	75726283	4	147612178	147612179	+	-	DEL	cna45	minor	sim43	Eso-AdenoCa
4	147612179	147612180	4	149314928	149314929	-	+	DUP	cna46	major	sim43	Eso-AdenoCa
4	147612179	147612180	4	149314928	149314929	-	+	DUP	cna46	minor	sim43	Eso-AdenoCa
4	149314929	149314930	4	191074476	191074477	-	+	DUP	cna47	major	sim43	Eso-AdenoCa
4	191074477	191074478	4	191154276	191154277	-	+	DUP	cna48	major	sim43	Eso-AdenoCa
4	191074477	191074478	4	191154276	191154277	+	-	DEL	cna48	minor	sim43	Eso-AdenoCa
5	1	2	5	81467254	81467255	+	-	DEL	cna49	minor	sim43	Eso-AdenoCa
5	14174600	14174601	5	24045775	24045776	+	+	h2hINV	cna49	major	sim43	Eso-AdenoCa
5	19143600	19143601	5	24857514	24857515	+	+	h2hINV	cna49	major	sim43	Eso-AdenoCa
5	30722500	30722501	5	48227456	48227457	+	+	h2hINV	cna49	major	sim43	Eso-AdenoCa
5	55325500	55325501	5	56229302	56229303	-	-	t2tINV	cna49	major	sim43	Eso-AdenoCa
5	81467255	81467256	5	82978848	82978849	-	+	DUP	cna50	major	sim43	Eso-AdenoCa
5	82978849	82978850	5	135670455	135670456	-	+	DUP	cna51	major	sim43	Eso-AdenoCa
5	82978849	82978850	5	135670455	135670456	+	-	DEL	cna51	minor	sim43	Eso-AdenoCa
5	112223000	135670455	9	1	117784579	-	+	TRA	cna51,cna98	minor,major	sim43	Eso-AdenoCa
5	125041200	135670455	11	81002276	110521834	-	-	TRA	cna51,cna115	minor,major	sim43	Eso-AdenoCa
5	135670456	135670457	5	135839563	135839564	+	-	DEL	cna52	major	sim43	Eso-AdenoCa
5	135670456	135670457	5	135839563	135839564	+	-	DEL	cna52	minor	sim43	Eso-AdenoCa
5	135839564	135839565	5	157310781	157310782	-	+	DUP	cna53	major	sim43	Eso-AdenoCa
5	135839564	135839565	5	157310781	157310782	+	-	DEL	cna53	minor	sim43	Eso-AdenoCa
5	155559400	155559401	5	155569408	155569409	-	-	t2tINV	cna53	major	sim43	Eso-AdenoCa
5	157310782	157310783	5	157935717	157935718	-	+	DUP	cna54	major	sim43	Eso-AdenoCa
5	157310782	157310783	5	157935717	157935718	-	+	DUP	cna54	minor	sim43	Eso-AdenoCa
5	157935718	157935719	5	158459393	158459394	-	+	DUP	cna55	major	sim43	Eso-AdenoCa
5	157935718	157935719	5	158459393	158459394	+	-	DEL	cna55	minor	sim43	Eso-AdenoCa
5	158459394	158459395	5	180915260	180915261	-	+	DUP	cna56	major	sim43	Eso-AdenoCa
5	158459394	158459395	5	180915260	180915261	-	+	DUP	cna56	minor	sim43	Eso-AdenoCa
6	1	2	6	68726327	68726328	-	+	DUP	cna57	major	sim43	Eso-AdenoCa
6	68726328	68726329	6	68827653	68827654	-	+	DUP	cna58	major	sim43	Eso-AdenoCa
6	68726328	68726329	6	68827653	68827654	+	-	DEL	cna58	minor	sim43	Eso-AdenoCa
6	68827654	68827655	6	68861839	68861840	-	+	DUP	cna59	major	sim43	Eso-AdenoCa
6	68861840	68861841	6	69038955	69038956	+	-	DEL	cna60	minor	sim43	Eso-AdenoCa
6	69038956	69038957	6	69332998	69332999	-	+	DUP	cna61	major	sim43	Eso-AdenoCa
6	69038956	69038957	6	69332998	69332999	-	+	DUP	cna61	minor	sim43	Eso-AdenoCa
6	69332999	69333000	6	84976917	84976918	-	+	DUP	cna62	major	sim43	Eso-AdenoCa
6	84976918	84976919	6	93861660	93861661	-	+	DUP	cna63	major	sim43	Eso-AdenoCa
6	84976918	84976919	6	93861660	93861661	+	-	DEL	cna63	minor	sim43	Eso-AdenoCa
6	93861661	93861662	6	94270385	94270386	-	+	DUP	cna64	major	sim43	Eso-AdenoCa
6	94270386	94270387	6	101808474	101808475	-	+	DUP	cna65	major	sim43	Eso-AdenoCa
6	94270386	94270387	6	101808474	101808475	-	+	DUP	cna65	minor	sim43	Eso-AdenoCa
6	101808475	101808476	6	103088416	103088417	+	-	DEL	cna66	minor	sim43	Eso-AdenoCa
6	103088417	103088418	6	103207120	103207121	-	+	DUP	cna67	major	sim43	Eso-AdenoCa
6	103207121	103207122	6	120204483	120204484	-	+	DUP	cna68	major	sim43	Eso-AdenoCa
6	103207121	103207122	6	120204483	120204484	+	-	DEL	cna68	minor	sim43	Eso-AdenoCa
6	120204484	120204485	6	120439171	120439172	+	-	DEL	cna69	minor	sim43	Eso-AdenoCa
6	120439172	120439173	6	129719286	129719287	-	+	DUP	cna70	major	sim43	Eso-AdenoCa
6	129719287	129719288	6	129978301	129978302	+	-	DEL	cna71	minor	sim43	Eso-AdenoCa
6	129978302	129978303	6	130841849	130841850	-	+	DUP	cna72	major	sim43	Eso-AdenoCa
6	130841850	130841851	6	132843996	132843997	-	+	DUP	cna73	major	sim43	Eso-AdenoCa
6	130841850	130841851	6	132843996	132843997	-	+	DUP	cna73	minor	sim43	Eso-AdenoCa
6	132843997	132843998	6	139355072	139355073	-	+	DUP	cna74	major	sim43	Eso-AdenoCa
6	132843997	132843998	6	139355072	139355073	-	+	DUP	cna74	minor	sim43	Eso-AdenoCa
6	139355073	139355074	6	157244985	157244986	-	+	DUP	cna75	major	sim43	Eso-AdenoCa
6	157244986	157244987	6	157384197	157384198	-	+	DUP	cna76	major	sim43	Eso-AdenoCa
6	157244986	157244987	6	157384197	157384198	+	-	DEL	cna76	minor	sim43	Eso-AdenoCa
6	157384198	157384199	6	164928764	164928765	+	-	DEL	cna77	minor	sim43	Eso-AdenoCa
6	164928765	164928766	6	171115067	171115068	-	+	DUP	cna78	major	sim43	Eso-AdenoCa
6	164928765	164928766	6	171115067	171115068	+	-	DEL	cna78	minor	sim43	Eso-AdenoCa
7	1	2	7	63107580	63107581	-	+	DUP	cna79	major	sim43	Eso-AdenoCa
7	1	23507874	12	50173886	54380250	+	-	TRA	cna79,cna124	major,minor	sim43	Eso-AdenoCa
7	11876473	11876474	7	11886482	11886483	+	+	h2hINV	cna79	major	sim43	Eso-AdenoCa
7	63107581	63107582	7	107028751	107028752	+	-	DEL	cna80	minor	sim43	Eso-AdenoCa
7	107028752	107028753	7	107057550	107057551	-	+	DUP	cna81	major	sim43	Eso-AdenoCa
7	107028752	107028753	7	107057550	107057551	+	-	DEL	cna81	minor	sim43	Eso-AdenoCa
7	107057551	107057552	7	107116179	107116180	-	+	DUP	cna82	major	sim43	Eso-AdenoCa
7	107057551	107057552	7	107116179	107116180	-	+	DUP	cna82	minor	sim43	Eso-AdenoCa
7	107116180	107116181	7	107479924	107479925	-	+	DUP	cna83	major	sim43	Eso-AdenoCa
7	107479925	107479926	7	107523854	107523855	-	+	DUP	cna84	major	sim43	Eso-AdenoCa
7	107479925	107479926	7	107523854	107523855	-	+	DUP	cna84	minor	sim43	Eso-AdenoCa
7	107523855	107523856	7	108436571	108436572	+	-	DEL	cna85	minor	sim43	Eso-AdenoCa
7	108436572	108436573	7	122513273	122513274	-	+	DUP	cna86	major	sim43	Eso-AdenoCa
7	122513274	122513275	7	122599787	122599788	-	+	DUP	cna87	major	sim43	Eso-AdenoCa
7	122599788	122599789	7	129593527	129593528	+	-	DEL	cna88	minor	sim43	Eso-AdenoCa
7	129593528	129593529	7	133136426	133136427	-	+	DUP	cna89	major	sim43	Eso-AdenoCa
7	129593528	129593529	7	133136426	133136427	-	+	DUP	cna89	minor	sim43	Eso-AdenoCa
7	133136427	133136428	7	133164888	133164889	-	+	DUP	cna90	major	sim43	Eso-AdenoCa
7	133136427	133136428	7	133164888	133164889	+	-	DEL	cna90	minor	sim43	Eso-AdenoCa
7	133164889	133164890	7	155095339	155095340	-	+	DUP	cna91	major	sim43	Eso-AdenoCa
7	133164889	133164890	7	155095339	155095340	+	-	DEL	cna91	minor	sim43	Eso-AdenoCa
7	149670373	149670374	7	153147711	153147712	+	+	h2hINV	cna91	major	sim43	Eso-AdenoCa
7	155095340	155095341	7	155138089	155138090	+	-	DEL	cna92	minor	sim43	Eso-AdenoCa
7	155138090	155138091	7	159138663	159138664	-	+	DUP	cna93	major	sim43	Eso-AdenoCa
7	155138090	155138091	7	159138663	159138664	+	-	DEL	cna93	minor	sim43	Eso-AdenoCa
8	1	2	8	54886078	54886079	-	+	DUP	cna94	major	sim43	Eso-AdenoCa
8	1	2	8	54886078	54886079	+	-	DEL	cna94	minor	sim43	Eso-AdenoCa
8	20504410	20504411	8	70129405	70129406	-	-	t2tINV	cna95	major	sim43	Eso-AdenoCa
8	54886079	54886080	8	125231578	125231579	+	-	DEL	cna95	minor	sim43	Eso-AdenoCa
8	125231579	125231580	8	128852180	128852181	-	+	DUP	cna96	major	sim43	Eso-AdenoCa
8	125231579	125231580	8	128852180	128852181	+	-	DEL	cna96	minor	sim43	Eso-AdenoCa
8	128852181	128852182	8	146364022	146364023	+	-	DEL	cna97	minor	sim43	Eso-AdenoCa
9	1	2	9	141194058	141194059	-	+	DUP	cna98	major	sim43	Eso-AdenoCa
9	37177888	37177889	9	40405636	40405637	-	-	t2tINV	cna98	minor	sim43	Eso-AdenoCa
9	141194059	141194060	9	141213431	141213432	+	-	DEL	cna99	minor	sim43	Eso-AdenoCa
10	1	2	10	6549282	6549283	-	+	DUP	cna100	major	sim43	Eso-AdenoCa
10	1	2	10	6549282	6549283	+	-	DEL	cna100	minor	sim43	Eso-AdenoCa
10	6549283	6549284	10	6560880	6560881	+	-	DEL	cna101	minor	sim43	Eso-AdenoCa
10	6560881	6560882	10	10111280	10111281	-	+	DUP	cna102	major	sim43	Eso-AdenoCa
10	6560881	6560882	10	10111280	10111281	+	-	DEL	cna102	minor	sim43	Eso-AdenoCa
10	10111281	10111282	10	10178217	10178218	+	-	DEL	cna103	major	sim43	Eso-AdenoCa
10	10111281	10111282	10	10178217	10178218	+	-	DEL	cna103	minor	sim43	Eso-AdenoCa
10	10178218	10178219	10	21561049	21561050	-	+	DUP	cna104	major	sim43	Eso-AdenoCa
10	10178218	10178219	10	21561049	21561050	+	-	DEL	cna104	minor	sim43	Eso-AdenoCa
10	21561050	21561051	10	35602102	35602103	-	+	DUP	cna105	major	sim43	Eso-AdenoCa
10	35602103	35602104	10	50703052	50703053	+	-	DEL	cna106	minor	sim43	Eso-AdenoCa
10	50703053	50703054	10	86822178	86822179	-	+	DUP	cna107	major	sim43	Eso-AdenoCa
10	86822179	86822180	10	95633586	95633587	-	+	DUP	cna108	major	sim43	Eso-AdenoCa
10	86822179	86822180	10	95633586	95633587	+	-	DEL	cna108	minor	sim43	Eso-AdenoCa
10	95633587	95633588	10	113307693	113307694	+	-	DEL	cna109	minor	sim43	Eso-AdenoCa
10	113307694	113307695	10	113510169	113510170	-	+	DUP	cna110	major	sim43	Eso-AdenoCa
10	113307694	113307695	10	113510169	113510170	+	-	DEL	cna110	minor	sim43	Eso-AdenoCa
10	113510170	113510171	10	120428856	120428857	-	+	DUP	cna111	major	sim43	Eso-AdenoCa
10	120428857	120428858	10	135060344	135060345	+	-	DEL	cna112	minor	sim43	Eso-AdenoCa
10	135060345	135060346	10	135534747	135534748	-	+	DUP	cna113	major	sim43	Eso-AdenoCa
11	1	2	11	14780125	14780126	-	+	DUP	cna114	major	sim43	Eso-AdenoCa
11	1	2	11	14780125	14780126	+	-	DEL	cna114	minor	sim43	Eso-AdenoCa
11	2089810	2089811	11	2150296	2150297	-	-	t2tINV	cna114	major	sim43	Eso-AdenoCa
11	14780126	14780127	11	110521834	110521835	+	-	DEL	cna115	minor	sim43	Eso-AdenoCa
11	14780126	63013111	19	22590982	23843589	+	+	TRA	cna115,cna178	major,minor	sim43	Eso-AdenoCa
11	76614310	76614311	11	76624310	76624311	+	+	h2hINV	cna115	major	sim43	Eso-AdenoCa
11	110521835	110521836	11	110846666	110846667	-	+	DUP	cna116	major	sim43	Eso-AdenoCa
11	110846667	110846668	11	133099291	133099292	-	+	DUP	cna117	major	sim43	Eso-AdenoCa
11	110846667	110846668	11	133099291	133099292	-	+	DUP	cna117	minor	sim43	Eso-AdenoCa
11	133099292	133099293	11	135006516	135006517	-	+	DUP	cna118	major	sim43	Eso-AdenoCa
11	133099292	133099293	11	135006516	135006517	-	+	DUP	cna118	minor	sim43	Eso-AdenoCa
12	1	2	12	11544359	11544360	+	-	DEL	cna119	minor	sim43	Eso-AdenoCa
12	11544360	11544361	12	22815791	22815792	-	+	DUP	cna120	major	sim43	Eso-AdenoCa
12	22815792	22815793	12	23309899	23309900	-	+	DUP	cna121	major	sim43	Eso-AdenoCa
12	23309900	23309901	12	34945820	34945821	-	+	DUP	cna122	major	sim43	Eso-AdenoCa
12	34945821	34945822	12	35136333	35136334	+	-	DEL	cna123	minor	sim43	Eso-AdenoCa
12	35136334	35136335	12	54380250	54380251	-	+	DUP	cna124	major	sim43	Eso-AdenoCa
12	54380251	54380252	12	54563531	54563532	+	-	DEL	cna125	minor	sim43	Eso-AdenoCa
12	54563532	54563533	12	73318971	73318972	-	+	DUP	cna126	major	sim43	Eso-AdenoCa
12	54563532	54563533	12	73318971	73318972	-	+	DUP	cna126	minor	sim43	Eso-AdenoCa
12	54563532	70182895	X	1	5481093	+	+	TRA	cna126,cna188	major,major	sim43	Eso-AdenoCa
12	66835994	66835995	12	110947352	110947353	+	+	h2hINV	cna126	minor	sim43	Eso-AdenoCa
12	73318972	73318973	12	81903239	81903240	-	+	DUP	cna127	major	sim43	Eso-AdenoCa
12	81903240	81903241	12	82498436	82498437	+	-	DEL	cna128	minor	sim43	Eso-AdenoCa
12	82498437	82498438	12	82523346	82523347	-	+	DUP	cna129	major	sim43	Eso-AdenoCa
12	82523347	82523348	12	124821876	124821877	-	+	DUP	cna130	major	sim43	Eso-AdenoCa
12	82523347	82523348	12	124821876	124821877	+	-	DEL	cna130	minor	sim43	Eso-AdenoCa
12	82523347	107624395	18	56068371	78077248	+	-	TRA	cna130,cna176	major,major	sim43	Eso-AdenoCa
12	90847494	90847495	12	90857500	90857501	-	-	t2tINV	cna130	major	sim43	Eso-AdenoCa
12	124821877	124821878	12	130730279	130730280	-	+	DUP	cna131	major	sim43	Eso-AdenoCa
12	124821877	124821878	12	130730279	130730280	-	+	DUP	cna131	minor	sim43	Eso-AdenoCa
12	130730280	130730281	12	133851895	133851896	-	+	DUP	cna132	major	sim43	Eso-AdenoCa
12	130730280	130730281	12	133851895	133851896	+	-	DEL	cna132	minor	sim43	Eso-AdenoCa
13	1	2	13	49688199	49688200	+	-	DEL	cna133	minor	sim43	Eso-AdenoCa
13	1	33615968	X	30426214	33243797	+	-	TRA	cna188,cna133	major,major	sim43	Eso-AdenoCa
13	49688200	49688201	13	49736504	49736505	-	+	DUP	cna134	major	sim43	Eso-AdenoCa
13	49736505	49736506	13	115169878	115169879	-	+	DUP	cna135	major	sim43	Eso-AdenoCa
13	88920399	88920400	13	93985880	93985881	+	+	h2hINV	cna135	major	sim43	Eso-AdenoCa
14	1	2	14	86296118	86296119	-	+	DUP	cna136	major	sim43	Eso-AdenoCa
14	1	2	14	86296118	86296119	+	-	DEL	cna136	minor	sim43	Eso-AdenoCa
14	86296119	86296120	14	93047180	93047181	-	+	DUP	cna137	major	sim43	Eso-AdenoCa
14	93047181	93047182	14	106692772	106692773	-	+	DUP	cna138	major	sim43	Eso-AdenoCa
14	93047181	93047182	14	106692772	106692773	+	-	DEL	cna138	minor	sim43	Eso-AdenoCa
14	93047181	106142422	X	77352128	91547286	+	+	TRA	cna138,cna192	major,minor	sim43	Eso-AdenoCa
14	106692773	106692774	14	106719603	106719604	-	+	DUP	cna139	major	sim43	Eso-AdenoCa
14	106719604	106719605	14	107349540	107349541	-	+	DUP	cna140	major	sim43	Eso-AdenoCa
14	106719604	106719605	14	107349540	107349541	+	-	DEL	cna140	minor	sim43	Eso-AdenoCa
15	1	2	15	46100891	46100892	-	+	DUP	cna141	major	sim43	Eso-AdenoCa
15	45961681	46100891	X	149799846	154609645	-	-	TRA	cna141,cna200	major,major	sim43	Eso-AdenoCa
15	46100892	46100893	15	49934852	49934853	-	+	DUP	cna142	major	sim43	Eso-AdenoCa
15	46100892	46100893	15	49934852	49934853	-	+	DUP	cna142	minor	sim43	Eso-AdenoCa
15	49934853	49934854	15	69787038	69787039	+	-	DEL	cna143	minor	sim43	Eso-AdenoCa
15	69787039	69787040	15	82890937	82890938	-	+	DUP	cna144	major	sim43	Eso-AdenoCa
15	82890938	82890939	15	82969963	82969964	+	-	DEL	cna145	minor	sim43	Eso-AdenoCa
15	82969964	82969965	15	96850206	96850207	-	+	DUP	cna146	major	sim43	Eso-AdenoCa
15	96850207	96850208	15	102337991	102337992	-	+	DUP	cna147	major	sim43	Eso-AdenoCa
15	102337992	102337993	15	102531392	102531393	+	-	DEL	cna148	minor	sim43	Eso-AdenoCa
16	1	2	16	45976357	45976358	-	+	DUP	cna149	major	sim43	Eso-AdenoCa
16	1	2	16	45976357	45976358	-	+	DUP	cna149	minor	sim43	Eso-AdenoCa
16	45976358	45976359	16	49412287	49412288	-	+	DUP	cna150	major	sim43	Eso-AdenoCa
16	49412288	49412289	16	85828235	85828236	+	-	DEL	cna151	minor	sim43	Eso-AdenoCa
16	85828236	85828237	16	88125502	88125503	-	+	DUP	cna152	major	sim43	Eso-AdenoCa
16	88125503	88125504	16	90354753	90354754	-	+	DUP	cna153	major	sim43	Eso-AdenoCa
17	1	2	17	2260852	2260853	-	+	DUP	cna154	major	sim43	Eso-AdenoCa
17	1	2	17	2260852	2260853	-	+	DUP	cna154	minor	sim43	Eso-AdenoCa
17	2260853	2260854	17	12876542	12876543	-	+	DUP	cna155	major	sim43	Eso-AdenoCa
17	2260853	2260854	17	12876542	12876543	+	-	DEL	cna155	minor	sim43	Eso-AdenoCa
17	12876543	12876544	17	14596461	14596462	-	+	DUP	cna156	major	sim43	Eso-AdenoCa
17	14596462	14596463	17	14644819	14644820	-	+	DUP	cna157	major	sim43	Eso-AdenoCa
17	14596462	14596463	17	14644819	14644820	+	-	DEL	cna157	minor	sim43	Eso-AdenoCa
17	14644820	14644821	17	14759413	14759414	-	+	DUP	cna158	major	sim43	Eso-AdenoCa
17	14759414	14759415	17	23733731	23733732	-	+	DUP	cna159	major	sim43	Eso-AdenoCa
17	14759414	14759415	17	23733731	23733732	+	-	DEL	cna159	minor	sim43	Eso-AdenoCa
17	23733732	23733733	17	30625303	30625304	-	+	DUP	cna160	major	sim43	Eso-AdenoCa
17	23733732	23733733	17	30625303	30625304	-	+	DUP	cna160	minor	sim43	Eso-AdenoCa
17	30625304	30625305	17	49936530	49936531	-	+	DUP	cna161	major	sim43	Eso-AdenoCa
17	30625304	30625305	17	49936530	49936531	-	+	DUP	cna161	minor	sim43	Eso-AdenoCa
17	49936531	49936532	17	52349292	52349293	+	-	DEL	cna162	minor	sim43	Eso-AdenoCa
17	52349293	52349294	17	58462100	58462101	-	+	DUP	cna163	major	sim43	Eso-AdenoCa
17	58462101	58462102	17	59147769	59147770	-	+	DUP	cna164	major	sim43	Eso-AdenoCa
17	58462101	58462102	17	59147769	59147770	-	+	DUP	cna164	minor	sim43	Eso-AdenoCa
17	59147770	59147771	17	59402408	59402409	-	+	DUP	cna165	major	sim43	Eso-AdenoCa
17	59402409	59402410	17	61129192	61129193	-	+	DUP	cna166	major	sim43	Eso-AdenoCa
17	59402409	59402410	17	61129192	61129193	-	+	DUP	cna166	minor	sim43	Eso-AdenoCa
17	61129193	61129194	17	61242035	61242036	-	+	DUP	cna167	major	sim43	Eso-AdenoCa
17	61129193	61129194	17	61242035	61242036	+	-	DEL	cna167	minor	sim43	Eso-AdenoCa
17	61242036	61242037	17	61327153	61327154	-	+	DUP	cna168	major	sim43	Eso-AdenoCa
17	61242036	61242037	17	61327153	61327154	-	+	DUP	cna168	minor	sim43	Eso-AdenoCa
17	61327154	61327155	17	61482131	61482132	-	+	DUP	cna169	major	sim43	Eso-AdenoCa
17	61482132	61482133	17	62078072	62078073	+	-	DEL	cna170	minor	sim43	Eso-AdenoCa
17	62078073	62078074	17	80466756	80466757	-	+	DUP	cna171	major	sim43	Eso-AdenoCa
17	62078073	62078074	17	80466756	80466757	+	-	DEL	cna171	minor	sim43	Eso-AdenoCa
17	79164236	80466756	21	29124694	48129895	-	-	TRA	cna171,cna186	major,major	sim43	Eso-AdenoCa
17	80466757	80466758	17	80590128	80590129	-	+	DUP	cna172	major	sim43	Eso-AdenoCa
17	80466757	80466758	17	80590128	80590129	-	+	DUP	cna172	minor	sim43	Eso-AdenoCa
17	80590129	80590130	17	81195210	81195211	-	+	DUP	cna173	major	sim43	Eso-AdenoCa
18	1	2	18	17631160	17631161	-	+	DUP	cna174	major	sim43	Eso-AdenoCa
18	1	2	18	17631160	17631161	+	-	DEL	cna174	minor	sim43	Eso-AdenoCa
18	17631161	17631162	18	17880569	17880570	-	+	DUP	cna175	major	sim43	Eso-AdenoCa
18	17631161	17631162	18	17880569	17880570	-	+	DUP	cna175	minor	sim43	Eso-AdenoCa
18	17880570	17880571	18	78077248	78077249	-	+	DUP	cna176	major	sim43	Eso-AdenoCa
19	1	2	19	22590981	22590982	+	-	DEL	cna177	minor	sim43	Eso-AdenoCa
19	22590982	22590983	19	57010698	57010699	-	+	DUP	cna178	major	sim43	Eso-AdenoCa
19	57010699	57010700	19	59128983	59128984	-	+	DUP	cna179	major	sim43	Eso-AdenoCa
20	1	2	20	6466694	6466695	-	+	DUP	cna180	major	sim43	Eso-AdenoCa
20	6466695	6466696	20	59397127	59397128	-	+	DUP	cna181	major	sim43	Eso-AdenoCa
20	6466695	6466696	20	59397127	59397128	-	+	DUP	cna181	minor	sim43	Eso-AdenoCa
20	59397128	59397129	20	59472658	59472659	+	-	DEL	cna182	minor	sim43	Eso-AdenoCa
20	59472659	59472660	20	59486107	59486108	-	+	DUP	cna183	major	sim43	Eso-AdenoCa
20	59486108	59486109	20	59742922	59742923	+	-	DEL	cna184	minor	sim43	Eso-AdenoCa
20	59742923	59742924	20	63025520	63025521	-	+	DUP	cna185	major	sim43	Eso-AdenoCa
20	59742923	59742924	20	63025520	63025521	+	-	DEL	cna185	minor	sim43	Eso-AdenoCa
21	1	2	21	48129895	48129896	-	+	DUP	cna186	major	sim43	Eso-AdenoCa
22	1	2	22	51304566	51304567	-	+	DUP	cna187	major	sim43	Eso-AdenoCa
22	1	2	22	51304566	51304567	+	-	DEL	cna187	minor	sim43	Eso-AdenoCa
X	1	2	X	33243797	33243798	-	+	DUP	cna188	major	sim43	Eso-AdenoCa
X	1	2	X	33243797	33243798	-	+	DUP	cna188	minor	sim43	Eso-AdenoCa
X	33243798	33243799	X	49777592	49777593	+	-	DEL	cna189	minor	sim43	Eso-AdenoCa
X	49777593	49777594	X	76069900	76069901	-	+	DUP	cna190	major	sim43	Eso-AdenoCa
X	76069901	76069902	X	77352127	77352128	-	+	DUP	cna191	major	sim43	Eso-AdenoCa
X	76069901	76069902	X	77352127	77352128	+	-	DEL	cna191	minor	sim43	Eso-AdenoCa
X	77352128	77352129	X	112333637	112333638	+	-	DEL	cna192	minor	sim43	Eso-AdenoCa
X	112333638	112333639	X	133020869	133020870	-	+	DUP	cna193	major	sim43	Eso-AdenoCa
X	133020870	133020871	X	133397184	133397185	-	+	DUP	cna194	major	sim43	Eso-AdenoCa
X	133397185	133397186	X	135740473	135740474	-	+	DUP	cna195	major	sim43	Eso-AdenoCa
X	135740474	135740475	X	139449320	139449321	-	+	DUP	cna196	major	sim43	Eso-AdenoCa
X	135740474	135740475	X	139449320	139449321	+	-	DEL	cna196	minor	sim43	Eso-AdenoCa
X	139449321	139449322	X	144522933	144522934	-	+	DUP	cna197	major	sim43	Eso-AdenoCa
X	139449321	139449322	X	144522933	144522934	-	+	DUP	cna197	minor	sim43	Eso-AdenoCa
X	144522934	144522935	X	148214112	148214113	-	+	DUP	cna198	major	sim43	Eso-AdenoCa
X	144522934	144522935	X	148214112	148214113	+	-	DEL	cna198	minor	sim43	Eso-AdenoCa
X	148214113	148214114	X	148258720	148258721	+	-	DEL	cna199	major	sim43	Eso-AdenoCa
X	148214113	148214114	X	148258720	148258721	+	-	DEL	cna199	minor	sim43	Eso-AdenoCa
X	148258721	148258722	X	154609645	154609646	-	+	DUP	cna200	major	sim43	Eso-AdenoCa
X	155201255	155201256	X	155270560	155270561	-	+	DUP	cna202	major	sim43	Eso-AdenoCa
X	155201255	155201256	X	155270560	155270561	-	+	DUP	cna202	minor	sim43	Eso-AdenoCa
