chrom1	start1	end1	chrom2	start2	end2	strand1	strand2	svclass	id	allele	donor_id	tumor
1	1	2	1	658076	658077	-	+	DUP	cna0	major	sim91	Eso-AdenoCa
1	658077	658078	1	1941636	1941637	-	+	DUP	cna1	major	sim91	Eso-AdenoCa
1	1941637	1941638	1	2021750	2021751	-	+	DUP	cna2	major	sim91	Eso-AdenoCa
1	1941637	1941638	1	2021750	2021751	-	+	DUP	cna2	minor	sim91	Eso-AdenoCa
1	2021751	2021752	1	2133393	2133394	-	+	DUP	cna3	major	sim91	Eso-AdenoCa
1	2106900	2106901	1	52179195	52179196	+	+	h2hINV	cna3	minor	sim91	Eso-AdenoCa
1	2133394	2133395	1	2393162	2393163	+	-	DEL	cna4	minor	sim91	Eso-AdenoCa
1	2393163	2393164	1	64006136	64006137	-	+	DUP	cna5	major	sim91	Eso-AdenoCa
1	17802454	64006136	14	29403092	48981322	-	+	TRA	cna96,cna5	minor,minor	sim91	Eso-AdenoCa
1	49650400	49650401	1	49762025	49762026	+	+	h2hINV	cna5	minor	sim91	Eso-AdenoCa
1	64006137	64006138	1	144139644	144139645	-	+	DUP	cna6	major	sim91	Eso-AdenoCa
1	64006137	64006138	1	144139644	144139645	+	-	DEL	cna6	minor	sim91	Eso-AdenoCa
1	109826900	109826901	1	115097041	115097042	-	-	t2tINV	cna6	major	sim91	Eso-AdenoCa
1	144139645	144139646	1	241365886	241365887	-	+	DUP	cna7	major	sim91	Eso-AdenoCa
1	144139645	144139646	1	241365886	241365887	-	+	DUP	cna7	minor	sim91	Eso-AdenoCa
1	144139645	160632501	2	218936412	227224307	+	+	TRA	cna7,cna27	minor,minor	sim91	Eso-AdenoCa
1	144139645	202112917	18	62584626	78077248	+	-	TRA	cna104,cna7	major,major	sim91	Eso-AdenoCa
1	153354900	153354901	1	176977364	176977365	-	-	t2tINV	cna7	minor	sim91	Eso-AdenoCa
1	207027800	207027801	1	242281292	242281293	+	+	h2hINV	cna7	major	sim91	Eso-AdenoCa
1	210781000	210781001	1	210801099	210801100	+	+	h2hINV	cna7	minor	sim91	Eso-AdenoCa
1	241365887	241365888	1	248001170	248001171	-	+	DUP	cna8	major	sim91	Eso-AdenoCa
1	241365887	241365888	1	248001170	248001171	+	-	DEL	cna8	minor	sim91	Eso-AdenoCa
1	243825200	243825201	1	243835209	243835210	-	-	t2tINV	cna8	major	sim91	Eso-AdenoCa
1	248001171	248001172	1	248161977	248161978	+	-	DEL	cna9	major	sim91	Eso-AdenoCa
1	248001171	248001172	1	248161977	248161978	+	-	DEL	cna9	minor	sim91	Eso-AdenoCa
1	248161978	248161979	1	248412208	248412209	+	-	DEL	cna10	minor	sim91	Eso-AdenoCa
1	248412209	248412210	1	249250621	249250622	-	+	DUP	cna11	major	sim91	Eso-AdenoCa
1	248412209	248412210	1	249250621	249250622	-	+	DUP	cna11	minor	sim91	Eso-AdenoCa
2	19889079	19889080	2	20577999	20578000	+	+	h2hINV	cna12	major	sim91	Eso-AdenoCa
2	24243379	24243380	2	73456430	73456431	-	-	t2tINV	cna15	minor	sim91	Eso-AdenoCa
2	61404860	61404861	2	61600091	61600092	+	-	DEL	cna13	major	sim91	Eso-AdenoCa
2	61404860	61404861	2	61600091	61600092	+	-	DEL	cna13	minor	sim91	Eso-AdenoCa
2	61600092	61600093	2	66593009	66593010	+	-	DEL	cna14	minor	sim91	Eso-AdenoCa
2	62656079	62656080	2	105474070	105474071	+	+	h2hINV	cna14	major	sim91	Eso-AdenoCa
2	66593010	66593011	2	110382582	110382583	-	+	DUP	cna15	major	sim91	Eso-AdenoCa
2	66593010	66593011	2	110382582	110382583	-	+	DUP	cna15	minor	sim91	Eso-AdenoCa
2	109292379	109292380	2	109302387	109302388	-	-	t2tINV	cna15	major	sim91	Eso-AdenoCa
2	110382583	110382584	2	141580393	141580394	-	+	DUP	cna16	major	sim91	Eso-AdenoCa
2	110382583	110382584	2	141580393	141580394	+	-	DEL	cna16	minor	sim91	Eso-AdenoCa
2	141580394	141580395	2	141960181	141960182	-	+	DUP	cna17	major	sim91	Eso-AdenoCa
2	141960182	141960183	2	142034845	142034846	-	+	DUP	cna18	major	sim91	Eso-AdenoCa
2	142034846	142034847	2	165707509	165707510	+	-	DEL	cna19	minor	sim91	Eso-AdenoCa
2	155579179	165707509	6	4219369	95000797	-	+	TRA	cna19,cna61	major,minor	sim91	Eso-AdenoCa
2	158864779	158864780	2	158915350	158915351	-	-	t2tINV	cna19	major	sim91	Eso-AdenoCa
2	165707510	165707511	2	207615243	207615244	-	+	DUP	cna20	major	sim91	Eso-AdenoCa
2	165707510	165707511	2	207615243	207615244	+	-	DEL	cna20	minor	sim91	Eso-AdenoCa
2	189039179	189039180	2	195088123	195088124	+	+	h2hINV	cna20	major	sim91	Eso-AdenoCa
2	207615244	207615245	2	208188824	208188825	-	+	DUP	cna21	major	sim91	Eso-AdenoCa
2	207615244	207615245	2	208188824	208188825	-	+	DUP	cna21	minor	sim91	Eso-AdenoCa
2	208188825	208188826	2	208271623	208271624	-	+	DUP	cna22	major	sim91	Eso-AdenoCa
2	212290297	212290298	2	212452506	212452507	-	+	DUP	cna24	major	sim91	Eso-AdenoCa
2	212290297	212290298	2	212452506	212452507	+	-	DEL	cna24	minor	sim91	Eso-AdenoCa
2	212452507	212452508	2	215387894	215387895	+	-	DEL	cna25	major	sim91	Eso-AdenoCa
2	212452507	212452508	2	215387894	215387895	+	-	DEL	cna25	minor	sim91	Eso-AdenoCa
2	215387895	215387896	2	218936411	218936412	-	+	DUP	cna26	major	sim91	Eso-AdenoCa
2	215387895	215387896	2	218936411	218936412	+	-	DEL	cna26	minor	sim91	Eso-AdenoCa
2	218936412	218936413	2	243199373	243199374	-	+	DUP	cna27	major	sim91	Eso-AdenoCa
2	232787163	243199373	22	4894735	26511281	-	+	TRA	cna113,cna27	minor,minor	sim91	Eso-AdenoCa
3	1	2	3	47675880	47675881	+	-	DEL	cna28	minor	sim91	Eso-AdenoCa
3	47675881	47675882	3	51670142	51670143	-	+	DUP	cna29	major	sim91	Eso-AdenoCa
3	50049406	50049407	3	50412024	50412025	-	-	t2tINV	cna29	major	sim91	Eso-AdenoCa
3	51670143	71084181	21	304915	17357676	+	+	TRA	cna108,cna30	minor,major	sim91	Eso-AdenoCa
3	79012533	106365005	18	20078326	78077248	-	-	TRA	cna104,cna30	major,major	sim91	Eso-AdenoCa
3	96533488	106365005	13	34632799	115169878	-	-	TRA	cna93,cna30	minor,minor	sim91	Eso-AdenoCa
3	106365006	106365007	3	119482117	119482118	-	+	DUP	cna31	major	sim91	Eso-AdenoCa
3	106365006	106365007	3	119482117	119482118	-	+	DUP	cna31	minor	sim91	Eso-AdenoCa
3	119808077	119808078	3	119886386	119886387	-	+	DUP	cna33	major	sim91	Eso-AdenoCa
3	119886387	119886388	3	120015292	120015293	+	-	DEL	cna34	minor	sim91	Eso-AdenoCa
3	120015293	120015294	3	171210219	171210220	-	+	DUP	cna35	major	sim91	Eso-AdenoCa
3	120015293	120015294	3	171210219	171210220	-	+	DUP	cna35	minor	sim91	Eso-AdenoCa
3	171210220	171210221	3	198022430	198022431	-	+	DUP	cna36	major	sim91	Eso-AdenoCa
3	171210220	171210221	3	198022430	198022431	+	-	DEL	cna36	minor	sim91	Eso-AdenoCa
3	179152706	179152707	3	179162707	179162708	-	-	t2tINV	cna36	major	sim91	Eso-AdenoCa
4	1	2	4	27898247	27898248	+	-	DEL	cna37	minor	sim91	Eso-AdenoCa
4	27898248	27898249	4	28099905	28099906	+	-	DEL	cna38	major	sim91	Eso-AdenoCa
4	27898248	27898249	4	28099905	28099906	+	-	DEL	cna38	minor	sim91	Eso-AdenoCa
4	28099906	28099907	4	34518427	34518428	-	+	DUP	cna39	major	sim91	Eso-AdenoCa
4	28099906	28099907	4	34518427	34518428	+	-	DEL	cna39	minor	sim91	Eso-AdenoCa
4	34518428	34518429	4	167480077	167480078	-	+	DUP	cna40	major	sim91	Eso-AdenoCa
4	35571176	35571177	4	36616139	36616140	-	-	t2tINV	cna40	major	sim91	Eso-AdenoCa
4	72836376	72836377	4	72866693	72866694	-	-	t2tINV	cna40	major	sim91	Eso-AdenoCa
4	92096876	92096877	4	151401639	151401640	+	+	h2hINV	cna40	major	sim91	Eso-AdenoCa
4	137827276	167480077	8	61807938	86501908	-	-	TRA	cna40,cna72	major,minor	sim91	Eso-AdenoCa
4	167480078	167480079	4	167742412	167742413	-	+	DUP	cna41	major	sim91	Eso-AdenoCa
4	167480078	167480079	4	167742412	167742413	+	-	DEL	cna41	minor	sim91	Eso-AdenoCa
4	167742413	167742414	4	185719533	185719534	+	-	DEL	cna42	minor	sim91	Eso-AdenoCa
4	185719534	185719535	4	187025451	187025452	-	+	DUP	cna43	major	sim91	Eso-AdenoCa
4	187025452	187025453	4	189467759	189467760	-	+	DUP	cna44	major	sim91	Eso-AdenoCa
4	187025452	187025453	4	189467759	189467760	-	+	DUP	cna44	minor	sim91	Eso-AdenoCa
4	189467760	189467761	4	189780920	189780921	-	+	DUP	cna45	major	sim91	Eso-AdenoCa
4	189780921	189780922	4	190740871	190740872	-	+	DUP	cna46	major	sim91	Eso-AdenoCa
4	189780921	189780922	4	190740871	190740872	+	-	DEL	cna46	minor	sim91	Eso-AdenoCa
4	190740872	190740873	4	191143743	191143744	-	+	DUP	cna47	major	sim91	Eso-AdenoCa
4	191143744	191143745	4	191154276	191154277	+	-	DEL	cna48	minor	sim91	Eso-AdenoCa
5	1	2	5	71251594	71251595	-	+	DUP	cna49	major	sim91	Eso-AdenoCa
5	6563900	6563901	5	6999389	6999390	-	-	t2tINV	cna49	minor	sim91	Eso-AdenoCa
5	32656800	32656801	5	32910702	32910703	-	-	t2tINV	cna49	major	sim91	Eso-AdenoCa
5	34220700	34220701	5	34250862	34250863	-	-	t2tINV	cna49	major	sim91	Eso-AdenoCa
5	71251595	71251596	5	72376093	72376094	+	-	DEL	cna50	minor	sim91	Eso-AdenoCa
5	72376094	72376095	5	72528922	72528923	-	+	DUP	cna51	major	sim91	Eso-AdenoCa
5	72528923	72528924	5	143203285	143203286	-	+	DUP	cna52	major	sim91	Eso-AdenoCa
5	72528923	72528924	5	143203285	143203286	-	+	DUP	cna52	minor	sim91	Eso-AdenoCa
5	124348489	143203285	X	104030114	145251128	-	-	TRA	cna126,cna52	major,major	sim91	Eso-AdenoCa
5	128201100	128201101	5	128211109	128211110	+	+	h2hINV	cna52	minor	sim91	Eso-AdenoCa
5	143203286	143203287	5	143288024	143288025	-	+	DUP	cna53	major	sim91	Eso-AdenoCa
5	143203286	143203287	5	143288024	143288025	+	-	DEL	cna53	minor	sim91	Eso-AdenoCa
5	143288025	143288026	5	151722637	151722638	-	+	DUP	cna54	major	sim91	Eso-AdenoCa
5	143288025	143288026	5	151722637	151722638	+	-	DEL	cna54	minor	sim91	Eso-AdenoCa
5	150511700	151722637	12	22339710	133851895	-	-	TRA	cna54,cna92	major,major	sim91	Eso-AdenoCa
5	151722638	151722639	5	161765349	161765350	-	+	DUP	cna55	major	sim91	Eso-AdenoCa
5	151722638	151722639	5	161765349	161765350	+	-	DEL	cna55	minor	sim91	Eso-AdenoCa
5	161765350	161765351	5	180569406	180569407	+	-	DEL	cna56	minor	sim91	Eso-AdenoCa
5	169388900	180569406	9	89107178	116689449	-	+	TRA	cna56,cna82	minor,minor	sim91	Eso-AdenoCa
5	180569407	180569408	5	180791340	180791341	-	+	DUP	cna57	major	sim91	Eso-AdenoCa
5	180569407	180569408	5	180791340	180791341	+	-	DEL	cna57	minor	sim91	Eso-AdenoCa
6	1	2	6	3214421	3214422	-	+	DUP	cna59	major	sim91	Eso-AdenoCa
6	1	2	6	3214421	3214422	+	-	DEL	cna59	minor	sim91	Eso-AdenoCa
6	3214422	3214423	6	4219368	4219369	-	+	DUP	cna60	major	sim91	Eso-AdenoCa
6	3214422	3214423	6	4219368	4219369	-	+	DUP	cna60	minor	sim91	Eso-AdenoCa
6	4219369	4219370	6	107681821	107681822	-	+	DUP	cna61	major	sim91	Eso-AdenoCa
6	44952440	44952441	6	47709543	47709544	+	+	h2hINV	cna61	major	sim91	Eso-AdenoCa
6	50839940	50839941	6	51707643	51707644	-	-	t2tINV	cna61	minor	sim91	Eso-AdenoCa
6	62765240	62765241	6	62775245	62775246	+	+	h2hINV	cna61	major	sim91	Eso-AdenoCa
6	63201440	63201441	6	63211442	63211443	+	+	h2hINV	cna61	major	sim91	Eso-AdenoCa
6	80068540	80068541	6	124684805	124684806	+	+	h2hINV	cna61	major	sim91	Eso-AdenoCa
6	107681822	107681823	6	108060197	108060198	+	-	DEL	cna62	major	sim91	Eso-AdenoCa
6	107681822	107681823	6	108060197	108060198	+	-	DEL	cna62	minor	sim91	Eso-AdenoCa
6	108060198	108060199	6	138862468	138862469	+	-	DEL	cna63	minor	sim91	Eso-AdenoCa
6	138862469	138862470	6	139113707	139113708	-	+	DUP	cna64	major	sim91	Eso-AdenoCa
6	138862469	138862470	6	139113707	139113708	+	-	DEL	cna64	minor	sim91	Eso-AdenoCa
6	139113708	139113709	6	151788537	151788538	-	+	DUP	cna65	major	sim91	Eso-AdenoCa
6	151788538	151788539	6	160123196	160123197	+	-	DEL	cna66	minor	sim91	Eso-AdenoCa
7	1	2	7	50755941	50755942	-	+	DUP	cna68	major	sim91	Eso-AdenoCa
7	1	2	7	50755941	50755942	+	-	DEL	cna68	minor	sim91	Eso-AdenoCa
7	1	26777274	10	62089727	111205216	+	+	TRA	cna68,cna87	major,major	sim91	Eso-AdenoCa
7	50755942	50755943	7	107541141	107541142	-	+	DUP	cna69	major	sim91	Eso-AdenoCa
7	50755942	50755943	7	107541141	107541142	-	+	DUP	cna69	minor	sim91	Eso-AdenoCa
7	54412473	54412474	7	70661069	70661070	+	+	h2hINV	cna69	major	sim91	Eso-AdenoCa
7	88517373	88517374	7	88774040	88774041	+	+	h2hINV	cna69	minor	sim91	Eso-AdenoCa
7	97810873	97810874	7	138706248	138706249	-	-	t2tINV	cna71	major	sim91	Eso-AdenoCa
7	99793673	99793674	7	114297792	114297793	-	-	t2tINV	cna70	major	sim91	Eso-AdenoCa
7	107541142	107541143	7	130325589	130325590	-	+	DUP	cna70	major	sim91	Eso-AdenoCa
7	130325590	130325591	7	159138663	159138664	-	+	DUP	cna71	major	sim91	Eso-AdenoCa
7	130325590	130325591	7	159138663	159138664	+	-	DEL	cna71	minor	sim91	Eso-AdenoCa
7	130805873	159138663	15	15608724	102397449	-	-	TRA	cna71,cna99	major,minor	sim91	Eso-AdenoCa
8	57560910	57560911	8	88427241	88427242	-	-	t2tINV	cna74	major	sim91	Eso-AdenoCa
8	71984010	86501908	12	1	22312469	-	+	TRA	cna72,cna92	minor,major	sim91	Eso-AdenoCa
8	86501909	86501910	8	86677234	86677235	-	+	DUP	cna73	major	sim91	Eso-AdenoCa
8	86677235	86677236	8	115274559	115274560	-	+	DUP	cna74	major	sim91	Eso-AdenoCa
8	86677235	86677236	8	115274559	115274560	-	+	DUP	cna74	minor	sim91	Eso-AdenoCa
8	115274560	115274561	8	146364022	146364023	-	+	DUP	cna75	major	sim91	Eso-AdenoCa
8	118054910	146364022	13	58999282	115169878	-	-	TRA	cna75,cna93	minor,minor	sim91	Eso-AdenoCa
8	119776010	119776011	8	119786021	119786022	-	-	t2tINV	cna75	minor	sim91	Eso-AdenoCa
8	131768710	131768711	8	133515395	133515396	+	+	h2hINV	cna75	major	sim91	Eso-AdenoCa
8	139264310	139264311	8	144399671	144399672	+	+	h2hINV	cna75	major	sim91	Eso-AdenoCa
9	12423631	12423632	9	13670586	13670587	-	+	DUP	cna77	major	sim91	Eso-AdenoCa
9	12423631	12423632	9	13670586	13670587	+	-	DEL	cna77	minor	sim91	Eso-AdenoCa
9	13670587	13670588	9	14109792	14109793	-	+	DUP	cna78	major	sim91	Eso-AdenoCa
9	14109793	14109794	9	86805006	86805007	-	+	DUP	cna79	major	sim91	Eso-AdenoCa
9	14109793	14109794	9	86805006	86805007	+	-	DEL	cna79	minor	sim91	Eso-AdenoCa
9	86805007	86805008	9	87668187	87668188	+	-	DEL	cna80	minor	sim91	Eso-AdenoCa
9	87668188	87668189	9	89107177	89107178	-	+	DUP	cna81	major	sim91	Eso-AdenoCa
9	89107178	89107179	9	135396955	135396956	-	+	DUP	cna82	major	sim91	Eso-AdenoCa
9	89107178	89107179	9	135396955	135396956	-	+	DUP	cna82	minor	sim91	Eso-AdenoCa
9	135396956	135396957	9	140901850	140901851	+	-	DEL	cna83	minor	sim91	Eso-AdenoCa
9	140901851	140901852	9	141213431	141213432	-	+	DUP	cna84	major	sim91	Eso-AdenoCa
10	1	2	10	62053566	62053567	-	+	DUP	cna85	major	sim91	Eso-AdenoCa
10	62053567	62053568	10	62089726	62089727	+	-	DEL	cna86	major	sim91	Eso-AdenoCa
10	62053567	62053568	10	62089726	62089727	+	-	DEL	cna86	minor	sim91	Eso-AdenoCa
10	62089727	62089728	10	135534747	135534748	-	+	DUP	cna87	major	sim91	Eso-AdenoCa
10	62089727	62089728	10	135534747	135534748	-	+	DUP	cna87	minor	sim91	Eso-AdenoCa
10	113791857	135534747	16	21259129	90354753	-	-	TRA	cna87,cna101	major,major	sim91	Eso-AdenoCa
11	24743910	24743911	11	111488866	111488867	-	-	t2tINV	cna91	minor	sim91	Eso-AdenoCa
11	32114410	32114411	11	32587525	32587526	-	-	t2tINV	cna88	major	sim91	Eso-AdenoCa
11	40511010	40511011	11	45706100	45706101	+	+	h2hINV	cna88	minor	sim91	Eso-AdenoCa
11	85663027	85663028	11	86308262	86308263	-	+	DUP	cna89	major	sim91	Eso-AdenoCa
11	85663027	85663028	11	86308262	86308263	-	+	DUP	cna89	minor	sim91	Eso-AdenoCa
11	86308263	86308264	11	86506655	86506656	-	+	DUP	cna90	major	sim91	Eso-AdenoCa
11	86506656	86506657	11	135006516	135006517	-	+	DUP	cna91	major	sim91	Eso-AdenoCa
11	126953710	126953711	11	128101443	128101444	+	+	h2hINV	cna91	major	sim91	Eso-AdenoCa
12	1	2	12	133851895	133851896	-	+	DUP	cna92	major	sim91	Eso-AdenoCa
12	1	2	12	133851895	133851896	-	+	DUP	cna92	minor	sim91	Eso-AdenoCa
12	13723294	13723295	12	13733303	13733304	-	-	t2tINV	cna92	minor	sim91	Eso-AdenoCa
12	81123094	81123095	12	81153349	81153350	-	-	t2tINV	cna92	minor	sim91	Eso-AdenoCa
13	1	2	13	115169878	115169879	-	+	DUP	cna93	major	sim91	Eso-AdenoCa
14	19859722	19859723	14	29403091	29403092	+	-	DEL	cna95	minor	sim91	Eso-AdenoCa
14	78431521	78431522	14	78441531	78441532	+	+	h2hINV	cna96	minor	sim91	Eso-AdenoCa
14	107282061	107282062	14	107304598	107304599	-	+	DUP	cna97	major	sim91	Eso-AdenoCa
14	107282061	107282062	14	107304598	107304599	+	-	DEL	cna97	minor	sim91	Eso-AdenoCa
14	107304599	107304600	14	107349540	107349541	-	+	DUP	cna98	major	sim91	Eso-AdenoCa
15	1	2	15	102397449	102397450	-	+	DUP	cna99	major	sim91	Eso-AdenoCa
15	95293381	95293382	15	95754813	95754814	+	+	h2hINV	cna99	major	sim91	Eso-AdenoCa
15	102397450	102397451	15	102531392	102531393	-	+	DUP	cna100	major	sim91	Eso-AdenoCa
16	1	2	16	90354753	90354754	-	+	DUP	cna101	major	sim91	Eso-AdenoCa
16	2695489	2695490	16	57767795	57767796	+	+	h2hINV	cna101	minor	sim91	Eso-AdenoCa
16	7229889	7229890	16	7380086	7380087	+	+	h2hINV	cna101	major	sim91	Eso-AdenoCa
16	64332589	64332590	16	64342590	64342591	+	+	h2hINV	cna101	minor	sim91	Eso-AdenoCa
17	1	2	17	64863991	64863992	-	+	DUP	cna102	major	sim91	Eso-AdenoCa
17	13102036	13102037	17	13480793	13480794	+	+	h2hINV	cna102	major	sim91	Eso-AdenoCa
17	61622836	61622837	17	78247730	78247731	-	-	t2tINV	cna103	major	sim91	Eso-AdenoCa
17	64863992	64863993	17	81195210	81195211	-	+	DUP	cna103	major	sim91	Eso-AdenoCa
17	64863992	64863993	17	81195210	81195211	+	-	DEL	cna103	minor	sim91	Eso-AdenoCa
18	1	2	18	78077248	78077249	-	+	DUP	cna104	major	sim91	Eso-AdenoCa
18	1	2	18	78077248	78077249	+	-	DEL	cna104	minor	sim91	Eso-AdenoCa
18	5501326	5501327	18	5511331	5511332	+	+	h2hINV	cna104	major	sim91	Eso-AdenoCa
18	37798026	37798027	18	49773975	49773976	-	-	t2tINV	cna104	major	sim91	Eso-AdenoCa
19	1	2	19	59128983	59128984	-	+	DUP	cna105	major	sim91	Eso-AdenoCa
19	1	2	19	59128983	59128984	+	-	DEL	cna105	minor	sim91	Eso-AdenoCa
20	1	2	20	63025520	63025521	-	+	DUP	cna106	major	sim91	Eso-AdenoCa
21	1	2	21	304914	304915	-	+	DUP	cna107	major	sim91	Eso-AdenoCa
21	1	2	21	304914	304915	-	+	DUP	cna107	minor	sim91	Eso-AdenoCa
21	304915	304916	21	17782242	17782243	+	-	DEL	cna108	minor	sim91	Eso-AdenoCa
21	17782243	17782244	21	40483622	40483623	-	+	DUP	cna109	major	sim91	Eso-AdenoCa
21	17782243	17782244	21	40483622	40483623	-	+	DUP	cna109	minor	sim91	Eso-AdenoCa
21	39567975	39567976	21	44257939	44257940	-	-	t2tINV	cna111	major	sim91	Eso-AdenoCa
21	40499610	40499611	21	48129895	48129896	-	+	DUP	cna111	major	sim91	Eso-AdenoCa
21	40499610	40499611	21	48129895	48129896	+	-	DEL	cna111	minor	sim91	Eso-AdenoCa
22	1	2	22	4894734	4894735	+	-	DEL	cna112	minor	sim91	Eso-AdenoCa
22	4894735	4894736	22	51304566	51304567	-	+	DUP	cna113	major	sim91	Eso-AdenoCa
X	1	2	X	38074574	38074575	-	+	DUP	cna114	major	sim91	Eso-AdenoCa
X	17018414	17018415	X	17347815	17347816	-	-	t2tINV	cna114	minor	sim91	Eso-AdenoCa
X	24506114	24506115	X	27071015	27071016	+	+	h2hINV	cna114	major	sim91	Eso-AdenoCa
X	38074575	38074576	X	38120902	38120903	-	+	DUP	cna115	major	sim91	Eso-AdenoCa
X	38074575	38074576	X	38120902	38120903	-	+	DUP	cna115	minor	sim91	Eso-AdenoCa
X	38120903	38120904	X	38200158	38200159	+	-	DEL	cna116	minor	sim91	Eso-AdenoCa
X	38200159	38200160	X	38248767	38248768	-	+	DUP	cna117	major	sim91	Eso-AdenoCa
X	41741677	41741678	X	41773951	41773952	+	-	DEL	cna119	minor	sim91	Eso-AdenoCa
X	41773952	41773953	X	41794059	41794060	-	+	DUP	cna120	major	sim91	Eso-AdenoCa
X	41794060	41794061	X	66207748	66207749	+	-	DEL	cna121	minor	sim91	Eso-AdenoCa
X	66207749	66207750	X	75669868	75669869	-	+	DUP	cna122	major	sim91	Eso-AdenoCa
X	66207749	66207750	X	75669868	75669869	+	-	DEL	cna122	minor	sim91	Eso-AdenoCa
X	75669869	75669870	X	75853570	75853571	+	-	DEL	cna123	major	sim91	Eso-AdenoCa
X	75669869	75669870	X	75853570	75853571	+	-	DEL	cna123	minor	sim91	Eso-AdenoCa
X	75853571	75853572	X	75889405	75889406	+	-	DEL	cna124	minor	sim91	Eso-AdenoCa
X	78319504	78319505	X	145251128	145251129	-	+	DUP	cna126	major	sim91	Eso-AdenoCa
X	78319504	78319505	X	145251128	145251129	+	-	DEL	cna126	minor	sim91	Eso-AdenoCa
X	128058114	128058115	X	128088246	128088247	-	-	t2tINV	cna126	major	sim91	Eso-AdenoCa
X	146875645	146875646	X	155270560	155270561	-	+	DUP	cna128	major	sim91	Eso-AdenoCa
