chrom1	start1	end1	chrom2	start2	end2	strand1	strand2	svclass	id	allele	donor_id	tumor
1	1	2	1	311256	311257	+	-	DEL	cna0	major	sim9	Eso-AdenoCa
1	1	2	1	311256	311257	+	-	DEL	cna0	minor	sim9	Eso-AdenoCa
1	311257	311258	1	6566348	6566349	-	+	DUP	cna1	major	sim9	Eso-AdenoCa
1	6566349	6566350	1	151233347	151233348	+	-	DEL	cna2	minor	sim9	Eso-AdenoCa
1	11918700	11918701	1	12499053	12499054	-	-	t2tINV	cna2	major	sim9	Eso-AdenoCa
1	151233348	151233349	1	244253969	244253970	-	+	DUP	cna3	major	sim9	Eso-AdenoCa
1	205069100	205069101	1	205079110	205079111	-	-	t2tINV	cna3	major	sim9	Eso-AdenoCa
1	244253970	244253971	1	244310057	244310058	-	+	DUP	cna4	major	sim9	Eso-AdenoCa
1	244253970	244253971	1	244310057	244310058	-	+	DUP	cna4	minor	sim9	Eso-AdenoCa
1	244310058	244310059	1	246061301	246061302	-	+	DUP	cna5	major	sim9	Eso-AdenoCa
1	246061302	246061303	1	246552180	246552181	-	+	DUP	cna6	major	sim9	Eso-AdenoCa
1	246061302	246061303	1	246552180	246552181	+	-	DEL	cna6	minor	sim9	Eso-AdenoCa
1	246552181	246552182	1	246642944	246642945	-	+	DUP	cna7	major	sim9	Eso-AdenoCa
1	246642945	246642946	1	247581283	247581284	-	+	DUP	cna8	major	sim9	Eso-AdenoCa
1	247581284	247581285	1	249250621	249250622	-	+	DUP	cna9	major	sim9	Eso-AdenoCa
1	247581284	247581285	1	249250621	249250622	-	+	DUP	cna9	minor	sim9	Eso-AdenoCa
2	1	2	2	46758058	46758059	-	+	DUP	cna10	major	sim9	Eso-AdenoCa
2	1086679	1086680	2	79907094	79907095	-	-	t2tINV	cna11	major	sim9	Eso-AdenoCa
2	46758059	46758060	2	127343102	127343103	-	+	DUP	cna11	major	sim9	Eso-AdenoCa
2	46758059	46758060	2	127343102	127343103	+	-	DEL	cna11	minor	sim9	Eso-AdenoCa
2	46758059	120688019	14	1	83641622	+	+	TRA	cna83,cna11	major,minor	sim9	Eso-AdenoCa
2	46758059	67027645	18	61395726	62100420	+	-	TRA	cna103,cna11	major,major	sim9	Eso-AdenoCa
2	127343103	127343104	2	128797326	128797327	-	+	DUP	cna12	major	sim9	Eso-AdenoCa
2	128797327	128797328	2	131220612	131220613	-	+	DUP	cna13	major	sim9	Eso-AdenoCa
2	131220613	131220614	2	138783425	138783426	+	-	DEL	cna14	minor	sim9	Eso-AdenoCa
2	138783426	138783427	2	170522105	170522106	-	+	DUP	cna15	major	sim9	Eso-AdenoCa
2	138783426	138783427	2	170522105	170522106	+	-	DEL	cna15	minor	sim9	Eso-AdenoCa
2	170522106	170522107	2	176364603	176364604	-	+	DUP	cna16	major	sim9	Eso-AdenoCa
2	170522106	170522107	2	176364603	176364604	-	+	DUP	cna16	minor	sim9	Eso-AdenoCa
2	176364604	176364605	2	176387502	176387503	-	+	DUP	cna17	major	sim9	Eso-AdenoCa
2	176387503	176387504	2	176599624	176599625	+	-	DEL	cna18	minor	sim9	Eso-AdenoCa
2	176599625	176599626	2	243115247	243115248	-	+	DUP	cna19	major	sim9	Eso-AdenoCa
2	243115248	243115249	2	243199373	243199374	+	-	DEL	cna20	major	sim9	Eso-AdenoCa
2	243115248	243115249	2	243199373	243199374	+	-	DEL	cna20	minor	sim9	Eso-AdenoCa
3	1	2	3	8302097	8302098	-	+	DUP	cna21	major	sim9	Eso-AdenoCa
3	1	2	3	8302097	8302098	+	-	DEL	cna21	minor	sim9	Eso-AdenoCa
3	8302098	8302099	3	8315506	8315507	-	+	DUP	cna22	major	sim9	Eso-AdenoCa
3	8302098	8302099	3	8315506	8315507	-	+	DUP	cna22	minor	sim9	Eso-AdenoCa
3	8315507	8315508	3	8660201	8660202	-	+	DUP	cna23	major	sim9	Eso-AdenoCa
3	8315507	8315508	3	8660201	8660202	+	-	DEL	cna23	minor	sim9	Eso-AdenoCa
3	8454606	8454607	3	36160895	36160896	+	+	h2hINV	cna23	major	sim9	Eso-AdenoCa
3	24973406	24973407	3	28293650	28293651	-	-	t2tINV	cna24	major	sim9	Eso-AdenoCa
3	32069595	32069596	3	35784669	35784670	-	+	DUP	cna25	major	sim9	Eso-AdenoCa
3	35784670	35784671	3	198022430	198022431	+	-	DEL	cna26	minor	sim9	Eso-AdenoCa
3	35784670	135034565	11	128115210	135006516	+	-	TRA	cna76,cna26	major,minor	sim9	Eso-AdenoCa
4	1	2	4	35579994	35579995	-	+	DUP	cna27	major	sim9	Eso-AdenoCa
4	1	2	4	35579994	35579995	+	-	DEL	cna27	minor	sim9	Eso-AdenoCa
4	35579995	35579996	4	59278002	59278003	-	+	DUP	cna28	major	sim9	Eso-AdenoCa
4	59278003	59278004	4	59886252	59886253	+	-	DEL	cna29	major	sim9	Eso-AdenoCa
4	59278003	59278004	4	59886252	59886253	+	-	DEL	cna29	minor	sim9	Eso-AdenoCa
4	59886253	59886254	4	60204760	60204761	+	-	DEL	cna30	minor	sim9	Eso-AdenoCa
4	60204761	60204762	4	188452437	188452438	-	+	DUP	cna31	major	sim9	Eso-AdenoCa
4	60204761	183895218	22	1	29262081	+	+	TRA	cna120,cna31	minor,major	sim9	Eso-AdenoCa
4	68708476	68708477	4	75618860	75618861	+	+	h2hINV	cna31	major	sim9	Eso-AdenoCa
4	131419776	131419777	4	131429777	131429778	+	+	h2hINV	cna31	minor	sim9	Eso-AdenoCa
4	139976276	139976277	4	141068819	141068820	+	+	h2hINV	cna31	minor	sim9	Eso-AdenoCa
4	188452438	188452439	4	188904398	188904399	+	-	DEL	cna32	minor	sim9	Eso-AdenoCa
4	188904399	188904400	4	191140008	191140009	-	+	DUP	cna33	major	sim9	Eso-AdenoCa
4	191140009	191140010	4	191154276	191154277	-	+	DUP	cna34	major	sim9	Eso-AdenoCa
5	7605070	7605071	5	16205269	16205270	-	+	DUP	cna36	major	sim9	Eso-AdenoCa
5	7605070	7605071	5	16205269	16205270	-	+	DUP	cna36	minor	sim9	Eso-AdenoCa
5	16205270	16205271	5	16366011	16366012	-	+	DUP	cna37	major	sim9	Eso-AdenoCa
5	16366012	16366013	5	16763323	16763324	-	+	DUP	cna38	major	sim9	Eso-AdenoCa
5	16366012	16366013	5	16763323	16763324	+	-	DEL	cna38	minor	sim9	Eso-AdenoCa
5	16763324	16763325	5	18231826	18231827	-	+	DUP	cna39	major	sim9	Eso-AdenoCa
5	16763324	16763325	5	18231826	18231827	+	-	DEL	cna39	minor	sim9	Eso-AdenoCa
5	18231827	18231828	5	175433015	175433016	-	+	DUP	cna40	major	sim9	Eso-AdenoCa
5	18231827	18231828	5	175433015	175433016	+	-	DEL	cna40	minor	sim9	Eso-AdenoCa
5	175433016	175433017	5	180896287	180896288	-	+	DUP	cna41	major	sim9	Eso-AdenoCa
5	175433016	175433017	5	180896287	180896288	-	+	DUP	cna41	minor	sim9	Eso-AdenoCa
5	180896288	180896289	5	180915260	180915261	+	-	DEL	cna42	minor	sim9	Eso-AdenoCa
6	1	2	6	168393649	168393650	-	+	DUP	cna43	major	sim9	Eso-AdenoCa
6	1	48971241	11	87840651	135006516	+	-	TRA	cna43,cna76	major,major	sim9	Eso-AdenoCa
6	168393650	168393651	6	168668208	168668209	-	+	DUP	cna44	major	sim9	Eso-AdenoCa
6	168668209	168668210	6	169315552	169315553	-	+	DUP	cna45	major	sim9	Eso-AdenoCa
6	168668209	168668210	6	169315552	169315553	-	+	DUP	cna45	minor	sim9	Eso-AdenoCa
6	169315553	169315554	6	169735595	169735596	-	+	DUP	cna46	major	sim9	Eso-AdenoCa
6	169735596	169735597	6	170631802	170631803	-	+	DUP	cna47	major	sim9	Eso-AdenoCa
6	169735596	169735597	6	170631802	170631803	+	-	DEL	cna47	minor	sim9	Eso-AdenoCa
6	170631803	170631804	6	171115067	171115068	-	+	DUP	cna48	major	sim9	Eso-AdenoCa
7	1	2	7	49998649	49998650	-	+	DUP	cna49	major	sim9	Eso-AdenoCa
7	49998650	49998651	7	50338279	50338280	-	+	DUP	cna50	major	sim9	Eso-AdenoCa
7	50338280	50338281	7	50349965	50349966	+	-	DEL	cna51	minor	sim9	Eso-AdenoCa
7	50349966	50349967	7	52303946	52303947	-	+	DUP	cna52	major	sim9	Eso-AdenoCa
7	50349966	50349967	7	52303946	52303947	+	-	DEL	cna52	minor	sim9	Eso-AdenoCa
7	52303947	52303948	7	153959738	153959739	-	+	DUP	cna53	major	sim9	Eso-AdenoCa
7	52303947	52303948	7	153959738	153959739	-	+	DUP	cna53	minor	sim9	Eso-AdenoCa
7	52303947	100898074	16	1	27663475	+	+	TRA	cna53,cna91	minor,minor	sim9	Eso-AdenoCa
7	153959739	153959740	7	154308723	154308724	-	+	DUP	cna54	major	sim9	Eso-AdenoCa
7	153959739	153959740	7	154308723	154308724	+	-	DEL	cna54	minor	sim9	Eso-AdenoCa
7	154308724	154308725	7	154856782	154856783	-	+	DUP	cna55	major	sim9	Eso-AdenoCa
7	154856783	154856784	7	155185646	155185647	+	-	DEL	cna56	minor	sim9	Eso-AdenoCa
7	155185647	155185648	7	158748847	158748848	-	+	DUP	cna57	major	sim9	Eso-AdenoCa
7	155185647	155185648	7	158748847	158748848	+	-	DEL	cna57	minor	sim9	Eso-AdenoCa
7	158748848	158748849	7	158913209	158913210	-	+	DUP	cna58	major	sim9	Eso-AdenoCa
7	158748848	158748849	7	158913209	158913210	-	+	DUP	cna58	minor	sim9	Eso-AdenoCa
7	158913210	158913211	7	159138663	159138664	-	+	DUP	cna59	major	sim9	Eso-AdenoCa
7	158913210	158913211	7	159138663	159138664	+	-	DEL	cna59	minor	sim9	Eso-AdenoCa
8	33414697	33414698	8	33796430	33796431	-	+	DUP	cna61	major	sim9	Eso-AdenoCa
8	33414697	33414698	8	33796430	33796431	+	-	DEL	cna61	minor	sim9	Eso-AdenoCa
8	33796431	33796432	8	43802786	43802787	-	+	DUP	cna62	major	sim9	Eso-AdenoCa
8	33796431	33796432	8	43802786	43802787	-	+	DUP	cna62	minor	sim9	Eso-AdenoCa
8	43802787	43802788	8	89060859	89060860	+	-	DEL	cna63	minor	sim9	Eso-AdenoCa
8	89060860	89060861	8	102737414	102737415	-	+	DUP	cna64	major	sim9	Eso-AdenoCa
8	89060860	89060861	8	102737414	102737415	+	-	DEL	cna64	minor	sim9	Eso-AdenoCa
8	94159210	94159211	8	94518116	94518117	+	+	h2hINV	cna64	major	sim9	Eso-AdenoCa
8	102737415	102737416	8	143875666	143875667	-	+	DUP	cna65	major	sim9	Eso-AdenoCa
8	143875667	143875668	8	146364022	146364023	+	-	DEL	cna66	minor	sim9	Eso-AdenoCa
9	1	2	9	64526269	64526270	-	+	DUP	cna67	major	sim9	Eso-AdenoCa
9	64526270	64526271	9	65296749	65296750	-	+	DUP	cna68	major	sim9	Eso-AdenoCa
9	65296750	65296751	9	87292774	87292775	-	+	DUP	cna69	major	sim9	Eso-AdenoCa
9	87292775	87292776	9	87304094	87304095	-	+	DUP	cna70	major	sim9	Eso-AdenoCa
9	87292775	87292776	9	87304094	87304095	+	-	DEL	cna70	minor	sim9	Eso-AdenoCa
9	87304095	87304096	9	123580632	123580633	+	-	DEL	cna71	minor	sim9	Eso-AdenoCa
9	123580633	123580634	9	126267090	126267091	-	+	DUP	cna72	major	sim9	Eso-AdenoCa
9	123580633	123580634	9	126267090	126267091	-	+	DUP	cna72	minor	sim9	Eso-AdenoCa
9	126267091	126267092	9	127278282	127278283	+	-	DEL	cna73	minor	sim9	Eso-AdenoCa
9	127278283	127278284	9	141213431	141213432	-	+	DUP	cna74	major	sim9	Eso-AdenoCa
10	1	2	10	135534747	135534748	-	+	DUP	cna75	major	sim9	Eso-AdenoCa
11	1	2	11	135006516	135006517	-	+	DUP	cna76	major	sim9	Eso-AdenoCa
11	1	2	11	135006516	135006517	+	-	DEL	cna76	minor	sim9	Eso-AdenoCa
11	2159710	2159711	11	6166420	6166421	+	+	h2hINV	cna76	major	sim9	Eso-AdenoCa
11	76240210	76240211	11	80136696	80136697	-	-	t2tINV	cna76	major	sim9	Eso-AdenoCa
12	1	2	12	51080179	51080180	-	+	DUP	cna77	major	sim9	Eso-AdenoCa
12	1	2	12	51080179	51080180	+	-	DEL	cna77	minor	sim9	Eso-AdenoCa
12	51080180	51080181	12	71604214	71604215	-	+	DUP	cna78	major	sim9	Eso-AdenoCa
12	51080180	51080181	12	71604214	71604215	-	+	DUP	cna78	minor	sim9	Eso-AdenoCa
12	71604215	71604216	12	72667543	72667544	-	+	DUP	cna79	major	sim9	Eso-AdenoCa
12	72667544	72667545	12	127568159	127568160	-	+	DUP	cna80	major	sim9	Eso-AdenoCa
12	72667544	72667545	12	127568159	127568160	+	-	DEL	cna80	minor	sim9	Eso-AdenoCa
12	127568160	127568161	12	133851895	133851896	-	+	DUP	cna81	major	sim9	Eso-AdenoCa
13	1	2	13	115169878	115169879	-	+	DUP	cna82	major	sim9	Eso-AdenoCa
14	85025320	85025321	14	107349540	107349541	-	+	DUP	cna84	major	sim9	Eso-AdenoCa
14	85025320	85025321	14	107349540	107349541	-	+	DUP	cna84	minor	sim9	Eso-AdenoCa
15	61138881	61138882	15	61148884	61148885	+	+	h2hINV	cna85	minor	sim9	Eso-AdenoCa
15	68386415	68386416	15	73538822	73538823	+	-	DEL	cna86	major	sim9	Eso-AdenoCa
15	68386415	68386416	15	73538822	73538823	+	-	DEL	cna86	minor	sim9	Eso-AdenoCa
15	73538823	73538824	15	100876611	100876612	-	+	DUP	cna87	major	sim9	Eso-AdenoCa
15	73538823	73538824	15	100876611	100876612	-	+	DUP	cna87	minor	sim9	Eso-AdenoCa
15	100876612	100876613	15	101161939	101161940	-	+	DUP	cna88	major	sim9	Eso-AdenoCa
15	101161940	101161941	15	102513152	102513153	-	+	DUP	cna89	major	sim9	Eso-AdenoCa
15	101161940	101161941	15	102513152	102513153	-	+	DUP	cna89	minor	sim9	Eso-AdenoCa
15	102513153	102513154	15	102531392	102531393	-	+	DUP	cna90	major	sim9	Eso-AdenoCa
16	1	2	16	90354753	90354754	-	+	DUP	cna91	major	sim9	Eso-AdenoCa
16	75362289	75362290	16	78743506	78743507	+	+	h2hINV	cna91	minor	sim9	Eso-AdenoCa
17	1	2	17	66404172	66404173	-	+	DUP	cna92	major	sim9	Eso-AdenoCa
17	66404173	66404174	17	67552686	67552687	-	+	DUP	cna93	major	sim9	Eso-AdenoCa
17	66404173	66404174	17	67552686	67552687	-	+	DUP	cna93	minor	sim9	Eso-AdenoCa
17	67552687	67552688	17	67651456	67651457	-	+	DUP	cna94	major	sim9	Eso-AdenoCa
17	67552687	67552688	17	67651456	67651457	+	-	DEL	cna94	minor	sim9	Eso-AdenoCa
17	67651457	67651458	17	80530865	80530866	-	+	DUP	cna95	major	sim9	Eso-AdenoCa
17	80530866	80530867	17	80563853	80563854	+	-	DEL	cna96	minor	sim9	Eso-AdenoCa
17	80563854	80563855	17	81183732	81183733	-	+	DUP	cna97	major	sim9	Eso-AdenoCa
17	80563854	80563855	17	81183732	81183733	-	+	DUP	cna97	minor	sim9	Eso-AdenoCa
17	81183733	81183734	17	81195210	81195211	-	+	DUP	cna98	major	sim9	Eso-AdenoCa
18	1	2	18	30640576	30640577	-	+	DUP	cna99	major	sim9	Eso-AdenoCa
18	1	2	18	30640576	30640577	-	+	DUP	cna99	minor	sim9	Eso-AdenoCa
18	30640577	30640578	18	36876006	36876007	-	+	DUP	cna100	major	sim9	Eso-AdenoCa
18	36876007	36876008	18	58995147	58995148	-	+	DUP	cna101	major	sim9	Eso-AdenoCa
18	58995148	58995149	18	60110229	60110230	-	+	DUP	cna102	major	sim9	Eso-AdenoCa
18	58995148	58995149	18	60110229	60110230	+	-	DEL	cna102	minor	sim9	Eso-AdenoCa
18	60110230	60110231	18	62100420	62100421	-	+	DUP	cna103	major	sim9	Eso-AdenoCa
18	62100421	62100422	18	63187742	63187743	+	-	DEL	cna104	minor	sim9	Eso-AdenoCa
18	63187743	63187744	18	73436183	73436184	-	+	DUP	cna105	major	sim9	Eso-AdenoCa
18	63187743	63187744	18	73436183	73436184	+	-	DEL	cna105	minor	sim9	Eso-AdenoCa
18	73436184	73436185	18	75775529	75775530	+	-	DEL	cna106	minor	sim9	Eso-AdenoCa
18	75775530	75775531	18	76041662	76041663	-	+	DUP	cna107	major	sim9	Eso-AdenoCa
18	76041663	76041664	18	78077248	78077249	+	-	DEL	cna108	minor	sim9	Eso-AdenoCa
19	1	2	19	13874533	13874534	+	-	DEL	cna109	minor	sim9	Eso-AdenoCa
19	1847278	1847279	19	2012408	2012409	-	-	t2tINV	cna109	major	sim9	Eso-AdenoCa
19	13874534	13874535	19	13905342	13905343	-	+	DUP	cna110	major	sim9	Eso-AdenoCa
19	13905343	13905344	19	14148627	14148628	-	+	DUP	cna111	major	sim9	Eso-AdenoCa
19	14148628	14148629	19	24335549	24335550	-	+	DUP	cna112	major	sim9	Eso-AdenoCa
19	14148628	14148629	19	24335549	24335550	+	-	DEL	cna112	minor	sim9	Eso-AdenoCa
19	24335550	24335551	19	45167467	45167468	-	+	DUP	cna113	major	sim9	Eso-AdenoCa
19	24335550	24335551	19	45167467	45167468	+	-	DEL	cna113	minor	sim9	Eso-AdenoCa
19	33099778	33099779	19	34158603	34158604	-	-	t2tINV	cna113	major	sim9	Eso-AdenoCa
19	45167468	45167469	19	59128983	59128984	-	+	DUP	cna114	major	sim9	Eso-AdenoCa
19	45167468	45167469	19	59128983	59128984	+	-	DEL	cna114	minor	sim9	Eso-AdenoCa
20	1	2	20	2928611	2928612	-	+	DUP	cna115	major	sim9	Eso-AdenoCa
20	2928612	2928613	20	21003743	21003744	-	+	DUP	cna116	major	sim9	Eso-AdenoCa
20	21003744	21003745	20	62681190	62681191	-	+	DUP	cna117	major	sim9	Eso-AdenoCa
20	21003744	21003745	20	62681190	62681191	+	-	DEL	cna117	minor	sim9	Eso-AdenoCa
20	62681191	62681192	20	63025520	63025521	-	+	DUP	cna118	major	sim9	Eso-AdenoCa
21	1	2	21	48129895	48129896	-	+	DUP	cna119	major	sim9	Eso-AdenoCa
22	1	2	22	51304566	51304567	-	+	DUP	cna120	major	sim9	Eso-AdenoCa
22	1	2	22	51304566	51304567	-	+	DUP	cna120	minor	sim9	Eso-AdenoCa
X	1	2	X	86183220	86183221	-	+	DUP	cna121	major	sim9	Eso-AdenoCa
X	1	2	X	86183220	86183221	-	+	DUP	cna121	minor	sim9	Eso-AdenoCa
X	86264552	86264553	X	98325698	98325699	-	+	DUP	cna123	major	sim9	Eso-AdenoCa
X	86264552	86264553	X	98325698	98325699	-	+	DUP	cna123	minor	sim9	Eso-AdenoCa
X	98325699	98325700	X	155270560	155270561	-	+	DUP	cna124	major	sim9	Eso-AdenoCa
X	114393514	114393515	X	114413567	114413568	+	+	h2hINV	cna124	minor	sim9	Eso-AdenoCa
