chrom1	start1	end1	chrom2	start2	end2	strand1	strand2	svclass	id	allele	donor_id	tumor
1	1	2	1	475566	475567	-	+	DUP	cna0	major	sim54	Eso-AdenoCa
1	475567	475568	1	9542501	9542502	-	+	DUP	cna1	major	sim54	Eso-AdenoCa
1	9542502	9542503	1	9971250	9971251	-	+	DUP	cna2	major	sim54	Eso-AdenoCa
1	9542502	9542503	1	9971250	9971251	-	+	DUP	cna2	minor	sim54	Eso-AdenoCa
1	9971251	9971252	1	10066258	10066259	-	+	DUP	cna3	major	sim54	Eso-AdenoCa
1	10066259	10066260	1	10147986	10147987	-	+	DUP	cna4	minor	sim54	Eso-AdenoCa
1	10066259	10066260	1	10147986	10147987	+	-	DEL	cna4	major	sim54	Eso-AdenoCa
1	10147987	10147988	1	37358639	37358640	-	+	DUP	cna5	major	sim54	Eso-AdenoCa
1	10147987	10147988	1	37358639	37358640	+	-	DEL	cna5	minor	sim54	Eso-AdenoCa
1	37358640	37358641	1	37445494	37445495	-	+	DUP	cna6	major	sim54	Eso-AdenoCa
1	37358640	37358641	1	37445494	37445495	-	+	DUP	cna6	minor	sim54	Eso-AdenoCa
1	37445495	37445496	1	37547193	37547194	+	-	DEL	cna7	minor	sim54	Eso-AdenoCa
1	37547194	37547195	1	45390603	45390604	-	+	DUP	cna8	major	sim54	Eso-AdenoCa
1	37547194	37547195	1	45390603	45390604	-	+	DUP	cna8	minor	sim54	Eso-AdenoCa
1	37547194	40771901	5	150601711	172761842	+	-	TRA	cna8,cna81	minor,minor	sim54	Eso-AdenoCa
1	45390604	45528003	10	107748657	126362394	+	-	TRA	cna157,cna9	major,major	sim54	Eso-AdenoCa
1	45390604	59380442	21	39170175	45446984	+	-	TRA	cna324,cna9	minor,major	sim54	Eso-AdenoCa
1	72106600	132324919	3	76034644	95848085	-	-	TRA	cna9,cna50	major,minor	sim54	Eso-AdenoCa
1	84382500	84382501	1	84714731	84714732	+	+	h2hINV	cna9	minor	sim54	Eso-AdenoCa
1	132324920	132324921	1	134549175	134549176	-	+	DUP	cna10	major	sim54	Eso-AdenoCa
1	135335981	135335982	1	135348113	135348114	-	+	DUP	cna12	major	sim54	Eso-AdenoCa
1	135335981	135335982	1	135348113	135348114	-	+	DUP	cna12	minor	sim54	Eso-AdenoCa
1	135348114	135348115	1	141203211	141203212	-	+	DUP	cna13	major	sim54	Eso-AdenoCa
1	141203212	141203213	1	153237454	153237455	-	+	DUP	cna14	major	sim54	Eso-AdenoCa
1	141203212	141203213	1	153237454	153237455	-	+	DUP	cna14	minor	sim54	Eso-AdenoCa
1	153237455	153237456	1	153444664	153444665	-	+	DUP	cna15	major	sim54	Eso-AdenoCa
1	153237455	153237456	1	153444664	153444665	-	+	DUP	cna15	minor	sim54	Eso-AdenoCa
1	153444665	153444666	1	156531595	156531596	-	+	DUP	cna16	major	sim54	Eso-AdenoCa
1	153444665	153444666	1	156531595	156531596	-	+	DUP	cna16	minor	sim54	Eso-AdenoCa
1	156531596	156531597	1	157964489	157964490	-	+	DUP	cna17	major	sim54	Eso-AdenoCa
1	158267400	175575119	4	122722049	130541492	-	-	TRA	cna18,cna68	minor,minor	sim54	Eso-AdenoCa
1	175575120	175575121	1	175749307	175749308	+	-	DEL	cna19	minor	sim54	Eso-AdenoCa
1	175749308	175749309	1	175828131	175828132	-	+	DUP	cna20	major	sim54	Eso-AdenoCa
1	175749308	175749309	1	175828131	175828132	+	-	DEL	cna20	minor	sim54	Eso-AdenoCa
1	175828132	175828133	1	186032997	186032998	-	+	DUP	cna21	major	sim54	Eso-AdenoCa
1	186032998	186032999	1	186238267	186238268	-	+	DUP	cna22	major	sim54	Eso-AdenoCa
1	186238268	186238269	1	186413772	186413773	-	+	DUP	cna23	major	sim54	Eso-AdenoCa
1	186413773	186413774	1	193878351	193878352	+	-	DEL	cna24	minor	sim54	Eso-AdenoCa
1	193878352	193878353	1	194921503	194921504	-	+	DUP	cna25	major	sim54	Eso-AdenoCa
1	194921504	194921505	1	196963696	196963697	-	+	DUP	cna26	major	sim54	Eso-AdenoCa
1	194921504	194921505	1	196963696	196963697	-	+	DUP	cna26	minor	sim54	Eso-AdenoCa
1	196963697	196963698	1	197045883	197045884	-	+	DUP	cna27	major	sim54	Eso-AdenoCa
1	197045884	197045885	1	201440395	201440396	-	+	DUP	cna28	major	sim54	Eso-AdenoCa
1	197045884	197045885	1	201440395	201440396	-	+	DUP	cna28	minor	sim54	Eso-AdenoCa
1	201440396	201440397	1	201552317	201552318	-	+	DUP	cna29	major	sim54	Eso-AdenoCa
1	201440396	201440397	1	201552317	201552318	+	-	DEL	cna29	minor	sim54	Eso-AdenoCa
1	201552318	201552319	1	201581287	201581288	-	+	DUP	cna30	major	sim54	Eso-AdenoCa
1	236948157	236948158	1	239958864	239958865	-	+	DUP	cna32	major	sim54	Eso-AdenoCa
1	239958865	239958866	1	249250621	249250622	-	+	DUP	cna33	major	sim54	Eso-AdenoCa
1	239958865	239958866	1	249250621	249250622	+	-	DEL	cna33	minor	sim54	Eso-AdenoCa
2	5326311	5326312	2	10436105	10436106	-	+	DUP	cna35	major	sim54	Eso-AdenoCa
2	5326311	5326312	2	10436105	10436106	+	-	DEL	cna35	minor	sim54	Eso-AdenoCa
2	10436106	10436107	2	10457783	10457784	+	-	DEL	cna36	major	sim54	Eso-AdenoCa
2	10457784	10457785	2	21775288	21775289	-	+	DUP	cna37	major	sim54	Eso-AdenoCa
2	10457784	10457785	2	21775288	21775289	-	+	DUP	cna37	minor	sim54	Eso-AdenoCa
2	22074313	22074314	2	22923650	22923651	+	-	DEL	cna39	minor	sim54	Eso-AdenoCa
2	22923651	22923652	2	22944063	22944064	-	+	DUP	cna40	major	sim54	Eso-AdenoCa
2	22923651	22923652	2	22944063	22944064	-	+	DUP	cna40	minor	sim54	Eso-AdenoCa
2	22944064	22944065	2	23119753	23119754	-	+	DUP	cna41	major	sim54	Eso-AdenoCa
2	23119754	23119755	2	23133095	23133096	+	-	DEL	cna42	major	sim54	Eso-AdenoCa
2	23119754	23119755	2	23133095	23133096	+	-	DEL	cna42	minor	sim54	Eso-AdenoCa
2	23133096	107448357	X	1	34698915	+	+	TRA	cna336,cna43	major,minor	sim54	Eso-AdenoCa
2	27449579	114406998	8	32186711	32677425	-	-	TRA	cna43,cna109	minor,minor	sim54	Eso-AdenoCa
2	85927579	85927580	2	85937584	85937585	-	-	t2tINV	cna43	minor	sim54	Eso-AdenoCa
2	101251879	101251880	2	135288438	135288439	+	+	h2hINV	cna43	major	sim54	Eso-AdenoCa
2	114406999	114407000	2	139378179	139378180	-	+	DUP	cna44	major	sim54	Eso-AdenoCa
2	132772179	132772180	2	132782190	132782191	-	-	t2tINV	cna44	major	sim54	Eso-AdenoCa
2	139378180	139378181	2	152650366	152650367	+	-	DEL	cna45	minor	sim54	Eso-AdenoCa
2	152650367	152650368	2	153779509	153779510	-	+	DUP	cna46	major	sim54	Eso-AdenoCa
2	153779510	153779511	2	153861209	153861210	-	+	DUP	cna47	major	sim54	Eso-AdenoCa
2	153779510	153779511	2	153861209	153861210	-	+	DUP	cna47	minor	sim54	Eso-AdenoCa
2	153861210	153861211	2	153878147	153878148	-	+	DUP	cna48	major	sim54	Eso-AdenoCa
2	153878148	153878149	2	243199373	243199374	-	+	DUP	cna49	major	sim54	Eso-AdenoCa
2	153878148	153878149	2	243199373	243199374	+	-	DEL	cna49	minor	sim54	Eso-AdenoCa
3	55456306	95848085	15	76311436	79657335	-	+	TRA	cna50,cna249	major,major	sim54	Eso-AdenoCa
3	95848086	95848087	3	95916376	95916377	-	+	DUP	cna51	major	sim54	Eso-AdenoCa
3	95848086	95848087	3	95916376	95916377	-	+	DUP	cna51	minor	sim54	Eso-AdenoCa
3	95916377	95916378	3	96048288	96048289	+	-	DEL	cna52	minor	sim54	Eso-AdenoCa
3	96048289	96048290	3	195889742	195889743	-	+	DUP	cna53	major	sim54	Eso-AdenoCa
3	102190206	102190207	3	177807781	177807782	+	+	h2hINV	cna53	major	sim54	Eso-AdenoCa
3	102282038	195889742	14	1	41758722	-	+	TRA	cna226,cna53	minor,minor	sim54	Eso-AdenoCa
3	195889743	195889744	3	196705858	196705859	-	+	DUP	cna54	major	sim54	Eso-AdenoCa
3	195889743	195889744	3	196705858	196705859	+	-	DEL	cna54	minor	sim54	Eso-AdenoCa
3	196912883	196912884	3	198022430	198022431	+	-	DEL	cna56	minor	sim54	Eso-AdenoCa
4	14973922	14973923	4	15632308	15632309	-	+	DUP	cna58	major	sim54	Eso-AdenoCa
4	14973922	14973923	4	15632308	15632309	+	-	DEL	cna58	minor	sim54	Eso-AdenoCa
4	15632309	15632310	4	19151596	19151597	-	+	DUP	cna59	major	sim54	Eso-AdenoCa
4	15632309	15632310	4	19151596	19151597	-	+	DUP	cna59	minor	sim54	Eso-AdenoCa
4	19151597	19151598	4	28526646	28526647	-	+	DUP	cna60	major	sim54	Eso-AdenoCa
4	19151597	19151598	4	28526646	28526647	-	+	DUP	cna60	minor	sim54	Eso-AdenoCa
4	28526647	28526648	4	31817045	31817046	-	+	DUP	cna61	major	sim54	Eso-AdenoCa
4	28526647	28526648	4	31817045	31817046	+	-	DEL	cna61	minor	sim54	Eso-AdenoCa
4	31817046	31817047	4	32454243	32454244	-	+	DUP	cna62	major	sim54	Eso-AdenoCa
4	40904676	79459281	12	1	10790985	-	+	TRA	cna63,cna190	minor,major	sim54	Eso-AdenoCa
4	47205376	79459281	8	120915244	124329870	-	+	TRA	cna63,cna142	minor,minor	sim54	Eso-AdenoCa
4	79459282	79459283	4	84972749	84972750	-	+	DUP	cna64	major	sim54	Eso-AdenoCa
4	79459282	79459283	4	84972749	84972750	-	+	DUP	cna64	minor	sim54	Eso-AdenoCa
4	84972750	84972751	4	88118308	88118309	-	+	DUP	cna65	major	sim54	Eso-AdenoCa
4	88550659	88550660	4	90845073	90845074	-	+	DUP	cna67	major	sim54	Eso-AdenoCa
4	90845074	90845075	4	130541492	130541493	-	+	DUP	cna68	major	sim54	Eso-AdenoCa
4	90845074	90845075	4	130541492	130541493	+	-	DEL	cna68	minor	sim54	Eso-AdenoCa
4	122413476	130541492	14	42069519	51411870	-	-	TRA	cna68,cna226	major,minor	sim54	Eso-AdenoCa
4	130554468	130554469	4	133962394	133962395	-	+	DUP	cna70	major	sim54	Eso-AdenoCa
4	130554468	130554469	4	133962394	133962395	+	-	DEL	cna70	minor	sim54	Eso-AdenoCa
4	133962395	133962396	4	134281566	134281567	-	+	DUP	cna71	major	sim54	Eso-AdenoCa
4	134281567	134281568	4	134322208	134322209	-	+	DUP	cna72	major	sim54	Eso-AdenoCa
4	134281567	134281568	4	134322208	134322209	-	+	DUP	cna72	minor	sim54	Eso-AdenoCa
4	134322209	134322210	4	134473168	134473169	-	+	DUP	cna73	major	sim54	Eso-AdenoCa
4	134322209	134322210	4	134473168	134473169	+	-	DEL	cna73	minor	sim54	Eso-AdenoCa
4	134473169	134473170	4	149173094	149173095	-	+	DUP	cna74	major	sim54	Eso-AdenoCa
4	134473169	138473377	12	1	3376595	+	+	TRA	cna74,cna190	minor,minor	sim54	Eso-AdenoCa
4	149173095	149173096	4	149180426	149180427	-	+	DUP	cna75	major	sim54	Eso-AdenoCa
4	149180427	149180428	4	175225420	175225421	-	+	DUP	cna76	major	sim54	Eso-AdenoCa
4	175225421	175225422	4	179563483	179563484	-	+	DUP	cna77	major	sim54	Eso-AdenoCa
4	179563484	179563485	4	179687988	179687989	+	-	DEL	cna78	minor	sim54	Eso-AdenoCa
4	191146941	191146942	4	191154276	191154277	-	+	DUP	cna80	major	sim54	Eso-AdenoCa
4	191146941	191146942	4	191154276	191154277	-	+	DUP	cna80	minor	sim54	Eso-AdenoCa
5	1	101700532	17	79093836	81195210	+	-	TRA	cna285,cna81	minor,major	sim54	Eso-AdenoCa
5	172761843	172761844	5	172801089	172801090	-	+	DUP	cna82	major	sim54	Eso-AdenoCa
5	172801090	172801091	5	172808169	172808170	-	+	DUP	cna83	major	sim54	Eso-AdenoCa
5	172808170	172808171	5	172863208	172863209	-	+	DUP	cna84	major	sim54	Eso-AdenoCa
5	172808170	172808171	5	172863208	172863209	+	-	DEL	cna84	minor	sim54	Eso-AdenoCa
5	172863209	172863210	5	172922454	172922455	-	+	DUP	cna85	major	sim54	Eso-AdenoCa
5	172922455	172922456	5	174661970	174661971	-	+	DUP	cna86	major	sim54	Eso-AdenoCa
5	172922455	172922456	5	174661970	174661971	+	-	DEL	cna86	minor	sim54	Eso-AdenoCa
5	174661971	174661972	5	178574915	178574916	-	+	DUP	cna87	major	sim54	Eso-AdenoCa
5	178674847	178674848	5	180915260	180915261	-	+	DUP	cna89	major	sim54	Eso-AdenoCa
5	178674847	178674848	5	180915260	180915261	-	+	DUP	cna89	minor	sim54	Eso-AdenoCa
6	1	2	6	668953	668954	-	+	DUP	cna90	major	sim54	Eso-AdenoCa
6	668954	668955	6	730164	730165	-	+	DUP	cna91	major	sim54	Eso-AdenoCa
6	668954	668955	6	730164	730165	-	+	DUP	cna91	minor	sim54	Eso-AdenoCa
6	730165	730166	6	748426	748427	-	+	DUP	cna92	major	sim54	Eso-AdenoCa
6	748427	748428	6	997117	997118	-	+	DUP	cna93	major	sim54	Eso-AdenoCa
6	997118	997119	6	7284371	7284372	+	-	DEL	cna94	minor	sim54	Eso-AdenoCa
6	7284372	7284373	6	40318463	40318464	-	+	DUP	cna95	major	sim54	Eso-AdenoCa
6	79767240	132453712	9	1	19683681	-	+	TRA	cna96,cna146	minor,minor	sim54	Eso-AdenoCa
6	87434940	132453712	7	1	126828394	-	+	TRA	cna96,cna100	major,minor	sim54	Eso-AdenoCa
6	132453713	132453714	6	133146470	133146471	+	-	DEL	cna97	minor	sim54	Eso-AdenoCa
6	133146471	133146472	6	170859222	170859223	-	+	DUP	cna98	major	sim54	Eso-AdenoCa
6	133146471	133146472	6	170859222	170859223	+	-	DEL	cna98	minor	sim54	Eso-AdenoCa
6	133146471	148412541	11	31689430	43234647	+	+	TRA	cna98,cna171	major,major	sim54	Eso-AdenoCa
6	170859223	170859224	6	171115067	171115068	+	-	DEL	cna99	major	sim54	Eso-AdenoCa
6	170859223	170859224	6	171115067	171115068	+	-	DEL	cna99	minor	sim54	Eso-AdenoCa
7	26291073	26291074	7	26539023	26539024	-	-	t2tINV	cna100	major	sim54	Eso-AdenoCa
7	132653565	132653566	7	136207231	136207232	-	+	DUP	cna101	major	sim54	Eso-AdenoCa
7	132653565	132653566	7	136207231	136207232	-	+	DUP	cna101	minor	sim54	Eso-AdenoCa
7	148867539	148867540	7	149075840	149075841	-	+	DUP	cna103	major	sim54	Eso-AdenoCa
7	149075841	149075842	7	159138663	159138664	+	-	DEL	cna104	minor	sim54	Eso-AdenoCa
8	10057110	10057111	8	12595133	12595134	+	+	h2hINV	cna105	major	sim54	Eso-AdenoCa
8	13461810	13461811	8	13837636	13837637	-	-	t2tINV	cna105	minor	sim54	Eso-AdenoCa
8	25037610	28812683	11	116950401	125385185	-	-	TRA	cna105,cna183	major,major	sim54	Eso-AdenoCa
8	28812684	28812685	8	28841920	28841921	-	+	DUP	cna106	major	sim54	Eso-AdenoCa
8	28841921	28841922	8	28893934	28893935	-	+	DUP	cna107	major	sim54	Eso-AdenoCa
8	28841921	28841922	8	28893934	28893935	+	-	DEL	cna107	minor	sim54	Eso-AdenoCa
8	28893935	28893936	8	32116463	32116464	-	+	DUP	cna108	major	sim54	Eso-AdenoCa
8	32116464	32116465	8	32677425	32677426	-	+	DUP	cna109	major	sim54	Eso-AdenoCa
8	32116464	32116465	8	32677425	32677426	-	+	DUP	cna109	minor	sim54	Eso-AdenoCa
8	32677426	32677427	8	35575301	35575302	+	-	DEL	cna110	major	sim54	Eso-AdenoCa
8	35575302	35575303	8	35807110	35807111	+	-	DEL	cna111	minor	sim54	Eso-AdenoCa
8	35807111	39695011	17	5139760	55523365	+	-	TRA	cna112,cna277	minor,minor	sim54	Eso-AdenoCa
8	51388990	51388991	8	51395546	51395547	-	+	DUP	cna113	major	sim54	Eso-AdenoCa
8	51395547	51395548	8	51592113	51592114	-	+	DUP	cna114	major	sim54	Eso-AdenoCa
8	51395547	51395548	8	51592113	51592114	+	-	DEL	cna114	minor	sim54	Eso-AdenoCa
8	51592114	51592115	8	57241493	57241494	-	+	DUP	cna115	major	sim54	Eso-AdenoCa
8	51592114	51592115	8	57241493	57241494	+	-	DEL	cna115	minor	sim54	Eso-AdenoCa
8	57420621	57420622	8	57427168	57427169	-	+	DUP	cna117	major	sim54	Eso-AdenoCa
8	57420621	57420622	8	57427168	57427169	+	-	DEL	cna117	minor	sim54	Eso-AdenoCa
8	57427169	57427170	8	58001468	58001469	-	+	DUP	cna118	major	sim54	Eso-AdenoCa
8	57427169	57427170	8	58001468	58001469	-	+	DUP	cna118	minor	sim54	Eso-AdenoCa
8	58001469	58001470	8	58749089	58749090	-	+	DUP	cna119	major	sim54	Eso-AdenoCa
8	58749090	58749091	8	58852232	58852233	-	+	DUP	cna120	major	sim54	Eso-AdenoCa
8	58749090	58749091	8	58852232	58852233	+	-	DEL	cna120	minor	sim54	Eso-AdenoCa
8	58852233	58852234	8	59310362	59310363	-	+	DUP	cna121	major	sim54	Eso-AdenoCa
8	58852233	58852234	8	59310362	59310363	-	+	DUP	cna121	minor	sim54	Eso-AdenoCa
8	59310363	59310364	8	59563921	59563922	-	+	DUP	cna122	major	sim54	Eso-AdenoCa
8	59310363	59310364	8	59563921	59563922	+	-	DEL	cna122	minor	sim54	Eso-AdenoCa
8	59563922	59563923	8	60873800	60873801	-	+	DUP	cna123	major	sim54	Eso-AdenoCa
8	59563922	59563923	8	60873800	60873801	+	-	DEL	cna123	minor	sim54	Eso-AdenoCa
8	60873801	60873802	8	63203213	63203214	-	+	DUP	cna124	major	sim54	Eso-AdenoCa
8	60873801	60873802	8	63203213	63203214	-	+	DUP	cna124	minor	sim54	Eso-AdenoCa
8	63203214	63203215	8	79617907	79617908	-	+	DUP	cna125	major	sim54	Eso-AdenoCa
8	65228710	79617907	13	35070982	60550186	-	-	TRA	cna125,cna213	minor,major	sim54	Eso-AdenoCa
8	79617908	79617909	8	80938079	80938080	-	+	DUP	cna126	major	sim54	Eso-AdenoCa
8	79617908	79617909	8	80938079	80938080	+	-	DEL	cna126	minor	sim54	Eso-AdenoCa
8	80938080	80938081	8	81985665	81985666	-	+	DUP	cna127	major	sim54	Eso-AdenoCa
8	81985666	81985667	8	92615132	92615133	+	-	DEL	cna128	minor	sim54	Eso-AdenoCa
8	92615133	92615134	8	93896121	93896122	-	+	DUP	cna129	major	sim54	Eso-AdenoCa
8	92615133	92615134	8	93896121	93896122	-	+	DUP	cna129	minor	sim54	Eso-AdenoCa
8	93896122	93896123	8	94998537	94998538	-	+	DUP	cna130	major	sim54	Eso-AdenoCa
8	94998538	94998539	8	95154895	95154896	-	+	DUP	cna131	major	sim54	Eso-AdenoCa
8	94998538	94998539	8	95154895	95154896	-	+	DUP	cna131	minor	sim54	Eso-AdenoCa
8	95154896	98510611	16	30133055	38200734	+	-	TRA	cna132,cna264	minor,major	sim54	Eso-AdenoCa
8	103830866	103830867	8	104012976	104012977	-	+	DUP	cna133	major	sim54	Eso-AdenoCa
8	103830866	103830867	8	104012976	104012977	+	-	DEL	cna133	minor	sim54	Eso-AdenoCa
8	104012977	104012978	8	104114675	104114676	-	+	DUP	cna134	major	sim54	Eso-AdenoCa
8	109049554	109049555	8	111180500	111180501	-	+	DUP	cna136	major	sim54	Eso-AdenoCa
8	111180501	111180502	8	111325279	111325280	+	-	DEL	cna137	minor	sim54	Eso-AdenoCa
8	111325280	111325281	8	111768677	111768678	-	+	DUP	cna138	major	sim54	Eso-AdenoCa
8	112913510	118179026	19	35296	23793394	-	-	TRA	cna139,cna295	minor,minor	sim54	Eso-AdenoCa
8	118179027	118179028	8	118233685	118233686	-	+	DUP	cna140	major	sim54	Eso-AdenoCa
8	118233686	118233687	8	120915243	120915244	-	+	DUP	cna141	major	sim54	Eso-AdenoCa
8	120915244	120915245	8	132775347	132775348	-	+	DUP	cna142	major	sim54	Eso-AdenoCa
8	120915244	120915245	8	132775347	132775348	+	-	DEL	cna142	minor	sim54	Eso-AdenoCa
8	132775348	132775349	8	135632919	135632920	-	+	DUP	cna143	major	sim54	Eso-AdenoCa
8	132775348	132775349	8	135632919	135632920	-	+	DUP	cna143	minor	sim54	Eso-AdenoCa
8	132775348	135515333	X	136296214	145914623	+	-	TRA	cna372,cna143	minor,major	sim54	Eso-AdenoCa
8	135632920	135632921	8	135932408	135932409	-	+	DUP	cna144	major	sim54	Eso-AdenoCa
8	135932409	135932410	8	146364022	146364023	-	+	DUP	cna145	major	sim54	Eso-AdenoCa
8	135932409	135932410	8	146364022	146364023	-	+	DUP	cna145	minor	sim54	Eso-AdenoCa
9	1	2	9	52857027	52857028	+	-	DEL	cna146	minor	sim54	Eso-AdenoCa
9	52857028	52857029	9	63727319	63727320	-	+	DUP	cna147	major	sim54	Eso-AdenoCa
9	63727320	63727321	9	77104229	77104230	-	+	DUP	cna148	major	sim54	Eso-AdenoCa
9	63727320	63727321	9	77104229	77104230	-	+	DUP	cna148	minor	sim54	Eso-AdenoCa
9	74201588	77104229	20	31512028	46381021	-	+	TRA	cna148,cna321	major,minor	sim54	Eso-AdenoCa
9	77104230	77104231	9	77141982	77141983	-	+	DUP	cna149	major	sim54	Eso-AdenoCa
9	77141983	77141984	9	77275323	77275324	-	+	DUP	cna150	major	sim54	Eso-AdenoCa
9	77141983	77141984	9	77275323	77275324	+	-	DEL	cna150	minor	sim54	Eso-AdenoCa
9	77275324	77275325	9	127076567	127076568	-	+	DUP	cna151	major	sim54	Eso-AdenoCa
9	77275324	77275325	9	127076567	127076568	+	-	DEL	cna151	minor	sim54	Eso-AdenoCa
9	111843288	127076567	20	55664584	59480072	-	+	TRA	cna151,cna322	major,minor	sim54	Eso-AdenoCa
9	114867988	114867989	9	128726415	128726416	+	+	h2hINV	cna151	major	sim54	Eso-AdenoCa
9	127076568	127076569	9	127528778	127528779	-	+	DUP	cna152	major	sim54	Eso-AdenoCa
9	127076568	127076569	9	127528778	127528779	-	+	DUP	cna152	minor	sim54	Eso-AdenoCa
9	127528779	127528780	9	127537650	127537651	-	+	DUP	cna153	major	sim54	Eso-AdenoCa
9	127537651	127537652	9	138273332	138273333	+	-	DEL	cna154	minor	sim54	Eso-AdenoCa
9	138273333	138273334	9	140563748	140563749	-	+	DUP	cna155	major	sim54	Eso-AdenoCa
9	138273333	138273334	9	140563748	140563749	+	-	DEL	cna155	minor	sim54	Eso-AdenoCa
10	939657	939658	10	1003270	1003271	+	+	h2hINV	cna157	minor	sim54	Eso-AdenoCa
10	94822657	94822658	10	96288254	96288255	-	-	t2tINV	cna157	major	sim54	Eso-AdenoCa
10	112489557	126362394	18	4962444	18216055	-	-	TRA	cna157,cna289	major,minor	sim54	Eso-AdenoCa
10	126362395	126362396	10	129697739	129697740	+	-	DEL	cna158	minor	sim54	Eso-AdenoCa
10	129697740	129697741	10	129730612	129730613	-	+	DUP	cna159	major	sim54	Eso-AdenoCa
10	129697740	129697741	10	129730612	129730613	+	-	DEL	cna159	minor	sim54	Eso-AdenoCa
10	129730613	129730614	10	135534747	135534748	-	+	DUP	cna160	major	sim54	Eso-AdenoCa
11	1	2	11	4146638	4146639	-	+	DUP	cna161	major	sim54	Eso-AdenoCa
11	1	2	11	4146638	4146639	+	-	DEL	cna161	minor	sim54	Eso-AdenoCa
11	4146639	4146640	11	14157953	14157954	+	-	DEL	cna162	minor	sim54	Eso-AdenoCa
11	14265575	14265576	11	14555742	14555743	-	+	DUP	cna164	major	sim54	Eso-AdenoCa
11	14555743	14555744	11	14562645	14562646	-	+	DUP	cna165	major	sim54	Eso-AdenoCa
11	14658978	14658979	11	17853282	17853283	-	+	DUP	cna167	major	sim54	Eso-AdenoCa
11	17853283	17853284	11	21285171	21285172	-	+	DUP	cna168	major	sim54	Eso-AdenoCa
11	17853283	17853284	11	21285171	21285172	-	+	DUP	cna168	minor	sim54	Eso-AdenoCa
11	21285172	21285173	11	31640617	31640618	-	+	DUP	cna169	major	sim54	Eso-AdenoCa
11	31640618	31640619	11	31689429	31689430	-	+	DUP	cna170	major	sim54	Eso-AdenoCa
11	31640618	31640619	11	31689429	31689430	-	+	DUP	cna170	minor	sim54	Eso-AdenoCa
11	31689430	31689431	11	53602643	53602644	-	+	DUP	cna171	major	sim54	Eso-AdenoCa
11	31689430	31689431	11	53602643	53602644	+	-	DEL	cna171	minor	sim54	Eso-AdenoCa
11	53602644	53602645	11	73939369	73939370	-	+	DUP	cna172	major	sim54	Eso-AdenoCa
11	53602644	53602645	11	73939369	73939370	-	+	DUP	cna172	minor	sim54	Eso-AdenoCa
11	79939710	90310274	18	12512040	18216055	-	-	TRA	cna173,cna289	minor,major	sim54	Eso-AdenoCa
11	85920110	90310274	15	24982154	47250501	-	+	TRA	cna173,cna239	major,minor	sim54	Eso-AdenoCa
11	90310275	90310276	11	96872666	96872667	-	+	DUP	cna174	major	sim54	Eso-AdenoCa
11	90310275	90310276	11	96872666	96872667	+	-	DEL	cna174	minor	sim54	Eso-AdenoCa
11	97048423	97048424	11	101297513	101297514	-	+	DUP	cna176	major	sim54	Eso-AdenoCa
11	97048423	97048424	11	101297513	101297514	+	-	DEL	cna176	minor	sim54	Eso-AdenoCa
11	101297514	101297515	11	102801909	102801910	-	+	DUP	cna177	major	sim54	Eso-AdenoCa
11	101297514	101297515	11	102801909	102801910	-	+	DUP	cna177	minor	sim54	Eso-AdenoCa
11	102801910	102801911	11	102908982	102908983	-	+	DUP	cna178	major	sim54	Eso-AdenoCa
11	102801910	102801911	11	102908982	102908983	+	-	DEL	cna178	minor	sim54	Eso-AdenoCa
11	102908983	102908984	11	107976293	107976294	-	+	DUP	cna179	major	sim54	Eso-AdenoCa
11	102908983	102908984	11	107976293	107976294	-	+	DUP	cna179	minor	sim54	Eso-AdenoCa
11	107976294	107976295	11	112244032	112244033	-	+	DUP	cna180	major	sim54	Eso-AdenoCa
11	112244033	112244034	11	113042865	113042866	+	-	DEL	cna181	minor	sim54	Eso-AdenoCa
11	113042866	113042867	11	113079782	113079783	-	+	DUP	cna182	major	sim54	Eso-AdenoCa
11	113079783	113079784	11	125385185	125385186	-	+	DUP	cna183	major	sim54	Eso-AdenoCa
11	113079783	113079784	11	125385185	125385186	+	-	DEL	cna183	minor	sim54	Eso-AdenoCa
11	125385186	125385187	11	126335729	126335730	-	+	DUP	cna184	major	sim54	Eso-AdenoCa
11	125385186	125385187	11	126335729	126335730	+	-	DEL	cna184	minor	sim54	Eso-AdenoCa
11	126335730	126335731	11	126694777	126694778	-	+	DUP	cna185	major	sim54	Eso-AdenoCa
11	129451387	129451388	11	129570767	129570768	-	+	DUP	cna187	major	sim54	Eso-AdenoCa
11	129570768	129570769	11	134906229	134906230	-	+	DUP	cna188	major	sim54	Eso-AdenoCa
11	129570768	129570769	11	134906229	134906230	+	-	DEL	cna188	minor	sim54	Eso-AdenoCa
11	134906230	134906231	11	135006516	135006517	+	-	DEL	cna189	minor	sim54	Eso-AdenoCa
12	16711887	16711888	12	19607705	19607706	-	+	DUP	cna191	major	sim54	Eso-AdenoCa
12	16711887	16711888	12	19607705	19607706	+	-	DEL	cna191	minor	sim54	Eso-AdenoCa
12	19607706	19607707	12	19663698	19663699	-	+	DUP	cna192	major	sim54	Eso-AdenoCa
12	19663699	19663700	12	19782713	19782714	-	+	DUP	cna193	major	sim54	Eso-AdenoCa
12	19663699	19663700	12	19782713	19782714	+	-	DEL	cna193	minor	sim54	Eso-AdenoCa
12	19782714	19782715	12	19833064	19833065	-	+	DUP	cna194	major	sim54	Eso-AdenoCa
12	19833065	19833066	12	20196988	20196989	-	+	DUP	cna195	major	sim54	Eso-AdenoCa
12	20196989	20196990	12	20263458	20263459	-	+	DUP	cna196	major	sim54	Eso-AdenoCa
12	20263459	20263460	12	55972335	55972336	-	+	DUP	cna197	major	sim54	Eso-AdenoCa
12	20263459	20263460	12	55972335	55972336	+	-	DEL	cna197	minor	sim54	Eso-AdenoCa
12	55972336	55972337	12	56002325	56002326	+	-	DEL	cna198	minor	sim54	Eso-AdenoCa
12	67527763	67527764	12	67612591	67612592	-	+	DUP	cna200	major	sim54	Eso-AdenoCa
12	67612592	67612593	12	67620092	67620093	-	+	DUP	cna201	major	sim54	Eso-AdenoCa
12	68010233	68010234	12	78760016	78760017	+	-	DEL	cna203	minor	sim54	Eso-AdenoCa
12	68010233	70346895	21	1	34823127	+	+	TRA	cna203,cna324	major,major	sim54	Eso-AdenoCa
12	72909294	78760016	X	128520052	133890572	-	-	TRA	cna203,cna368	major,major	sim54	Eso-AdenoCa
12	78760017	78760018	12	78767523	78767524	-	+	DUP	cna204	major	sim54	Eso-AdenoCa
12	78760017	78760018	12	78767523	78767524	-	+	DUP	cna204	minor	sim54	Eso-AdenoCa
12	78767524	78767525	12	78814507	78814508	+	-	DEL	cna205	minor	sim54	Eso-AdenoCa
12	78814508	78814509	12	78916969	78916970	-	+	DUP	cna206	major	sim54	Eso-AdenoCa
12	83304651	83304652	12	130757734	130757735	+	-	DEL	cna208	minor	sim54	Eso-AdenoCa
12	86125294	130757734	18	26165389	58620280	-	+	TRA	cna208,cna293	major,minor	sim54	Eso-AdenoCa
12	115770694	130757734	X	145914624	148578121	-	+	TRA	cna208,cna373	minor,major	sim54	Eso-AdenoCa
12	130757735	130757736	12	132586686	132586687	+	-	DEL	cna209	major	sim54	Eso-AdenoCa
12	130757735	130757736	12	132586686	132586687	+	-	DEL	cna209	minor	sim54	Eso-AdenoCa
12	132586687	132586688	12	132796814	132796815	-	+	DUP	cna210	major	sim54	Eso-AdenoCa
12	132796815	132796816	12	133851895	133851896	-	+	DUP	cna211	major	sim54	Eso-AdenoCa
13	1	2	13	22101642	22101643	-	+	DUP	cna212	major	sim54	Eso-AdenoCa
13	1	2	13	22101642	22101643	-	+	DUP	cna212	minor	sim54	Eso-AdenoCa
13	22101643	22101644	13	60550186	60550187	+	-	DEL	cna213	minor	sim54	Eso-AdenoCa
13	60550187	60550188	13	70261029	70261030	-	+	DUP	cna214	major	sim54	Eso-AdenoCa
13	60550187	60550188	13	70261029	70261030	+	-	DEL	cna214	minor	sim54	Eso-AdenoCa
13	63659399	63659400	13	69677470	69677471	-	-	t2tINV	cna214	major	sim54	Eso-AdenoCa
13	70445063	70445064	13	72250414	72250415	-	+	DUP	cna216	major	sim54	Eso-AdenoCa
13	70445063	70445064	13	72250414	72250415	+	-	DEL	cna216	minor	sim54	Eso-AdenoCa
13	72250415	72250416	13	72384072	72384073	-	+	DUP	cna217	major	sim54	Eso-AdenoCa
13	72384073	72384074	13	78093401	78093402	-	+	DUP	cna218	major	sim54	Eso-AdenoCa
13	72384073	72384074	13	78093401	78093402	-	+	DUP	cna218	minor	sim54	Eso-AdenoCa
13	78093402	78093403	13	84339261	84339262	-	+	DUP	cna219	major	sim54	Eso-AdenoCa
13	84339262	84339263	13	88655673	88655674	+	-	DEL	cna220	minor	sim54	Eso-AdenoCa
13	109483961	109483962	13	112384830	112384831	-	+	DUP	cna222	major	sim54	Eso-AdenoCa
13	109483961	109483962	13	112384830	112384831	-	+	DUP	cna222	minor	sim54	Eso-AdenoCa
13	112384831	112384832	13	112735647	112735648	-	+	DUP	cna223	major	sim54	Eso-AdenoCa
13	112735648	112735649	13	115161240	115161241	-	+	DUP	cna224	major	sim54	Eso-AdenoCa
13	112735648	112735649	13	115161240	115161241	+	-	DEL	cna224	minor	sim54	Eso-AdenoCa
13	114298299	115161240	16	72432263	86446067	-	-	TRA	cna224,cna267	minor,major	sim54	Eso-AdenoCa
13	115161241	115161242	13	115169878	115169879	-	+	DUP	cna225	major	sim54	Eso-AdenoCa
14	51411871	51411872	14	51767068	51767069	-	+	DUP	cna227	major	sim54	Eso-AdenoCa
14	51767069	51767070	14	52526906	52526907	-	+	DUP	cna228	major	sim54	Eso-AdenoCa
14	51767069	51767070	14	52526906	52526907	+	-	DEL	cna228	minor	sim54	Eso-AdenoCa
14	52526907	52526908	14	56734150	56734151	-	+	DUP	cna229	major	sim54	Eso-AdenoCa
14	56734151	56734152	14	107213623	107213624	+	-	DEL	cna230	minor	sim54	Eso-AdenoCa
14	106286521	106286522	14	106296528	106296529	-	-	t2tINV	cna230	major	sim54	Eso-AdenoCa
14	107213624	107213625	14	107226070	107226071	-	+	DUP	cna231	major	sim54	Eso-AdenoCa
14	107226071	107226072	14	107349540	107349541	-	+	DUP	cna232	major	sim54	Eso-AdenoCa
14	107226071	107226072	14	107349540	107349541	-	+	DUP	cna232	minor	sim54	Eso-AdenoCa
15	1	2	15	14199	14200	-	+	DUP	cna233	major	sim54	Eso-AdenoCa
15	14200	14201	15	69108	69109	+	-	DEL	cna234	minor	sim54	Eso-AdenoCa
15	69109	69110	15	471677	471678	-	+	DUP	cna235	major	sim54	Eso-AdenoCa
15	471678	471679	15	23225627	23225628	+	-	DEL	cna236	minor	sim54	Eso-AdenoCa
15	23225628	23225629	15	24881033	24881034	-	+	DUP	cna237	major	sim54	Eso-AdenoCa
15	24881034	24881035	15	24982153	24982154	-	+	DUP	cna238	major	sim54	Eso-AdenoCa
15	24982154	24982155	15	47417581	47417582	-	+	DUP	cna239	major	sim54	Eso-AdenoCa
15	24982154	24982155	15	47417581	47417582	-	+	DUP	cna239	minor	sim54	Eso-AdenoCa
15	47673636	47673637	15	48662080	48662081	-	+	DUP	cna241	major	sim54	Eso-AdenoCa
15	47673636	47673637	15	48662080	48662081	-	+	DUP	cna241	minor	sim54	Eso-AdenoCa
15	48662081	48662082	15	62661769	62661770	-	+	DUP	cna242	major	sim54	Eso-AdenoCa
15	48662081	48662082	15	62661769	62661770	+	-	DEL	cna242	minor	sim54	Eso-AdenoCa
15	62661770	62661771	15	74562136	74562137	-	+	DUP	cna243	major	sim54	Eso-AdenoCa
15	62661770	62661771	15	74562136	74562137	-	+	DUP	cna243	minor	sim54	Eso-AdenoCa
15	74562137	74562138	15	74621112	74621113	-	+	DUP	cna244	major	sim54	Eso-AdenoCa
15	74562137	74562138	15	74621112	74621113	+	-	DEL	cna244	minor	sim54	Eso-AdenoCa
15	74621113	74621114	15	74807563	74807564	-	+	DUP	cna245	major	sim54	Eso-AdenoCa
15	74807564	74807565	15	75223538	75223539	-	+	DUP	cna246	major	sim54	Eso-AdenoCa
15	75223539	75223540	15	75503408	75503409	-	+	DUP	cna247	major	sim54	Eso-AdenoCa
15	75223539	75223540	15	75503408	75503409	+	-	DEL	cna247	minor	sim54	Eso-AdenoCa
15	75503409	75503410	15	76311435	76311436	-	+	DUP	cna248	major	sim54	Eso-AdenoCa
15	75503409	75503410	15	76311435	76311436	-	+	DUP	cna248	minor	sim54	Eso-AdenoCa
15	76311436	76311437	15	82832326	82832327	+	-	DEL	cna249	minor	sim54	Eso-AdenoCa
15	82832327	82832328	15	91297224	91297225	-	+	DUP	cna250	major	sim54	Eso-AdenoCa
15	94453960	94453961	15	95939386	95939387	+	-	DEL	cna252	minor	sim54	Eso-AdenoCa
15	101101334	101101335	15	101274936	101274937	-	+	DUP	cna254	major	sim54	Eso-AdenoCa
15	101274937	101274938	15	101356518	101356519	-	+	DUP	cna255	major	sim54	Eso-AdenoCa
15	101356519	101356520	15	102531392	102531393	-	+	DUP	cna256	major	sim54	Eso-AdenoCa
15	101356519	101356520	15	102531392	102531393	+	-	DEL	cna256	minor	sim54	Eso-AdenoCa
16	1	2	16	14656355	14656356	-	+	DUP	cna257	major	sim54	Eso-AdenoCa
16	6549289	14656355	17	1	28641583	-	+	TRA	cna257,cna277	major,major	sim54	Eso-AdenoCa
16	14656356	14656357	16	23594356	23594357	+	-	DEL	cna258	major	sim54	Eso-AdenoCa
16	14656356	14656357	16	23594356	23594357	+	-	DEL	cna258	minor	sim54	Eso-AdenoCa
16	23594357	23594358	16	27207915	27207916	-	+	DUP	cna259	major	sim54	Eso-AdenoCa
16	27207916	27207917	16	27661819	27661820	-	+	DUP	cna260	major	sim54	Eso-AdenoCa
16	27661820	27661821	16	27692120	27692121	-	+	DUP	cna261	major	sim54	Eso-AdenoCa
16	27661820	27661821	16	27692120	27692121	+	-	DEL	cna261	minor	sim54	Eso-AdenoCa
16	27692121	27692122	16	28465962	28465963	-	+	DUP	cna262	major	sim54	Eso-AdenoCa
16	27692121	27692122	16	28465962	28465963	-	+	DUP	cna262	minor	sim54	Eso-AdenoCa
16	28465963	28465964	16	28587781	28587782	-	+	DUP	cna263	major	sim54	Eso-AdenoCa
16	28465963	28465964	16	28587781	28587782	+	-	DEL	cna263	minor	sim54	Eso-AdenoCa
16	28587782	28587783	16	38200734	38200735	+	-	DEL	cna264	minor	sim54	Eso-AdenoCa
16	38200735	38200736	16	39321743	39321744	-	+	DUP	cna265	major	sim54	Eso-AdenoCa
16	38200735	38200736	16	39321743	39321744	-	+	DUP	cna265	minor	sim54	Eso-AdenoCa
16	39321744	39321745	16	39379501	39379502	+	-	DEL	cna266	minor	sim54	Eso-AdenoCa
16	39379502	39379503	16	86446067	86446068	-	+	DUP	cna267	major	sim54	Eso-AdenoCa
16	39379502	39379503	16	86446067	86446068	-	+	DUP	cna267	minor	sim54	Eso-AdenoCa
16	39379502	57924490	X	74029962	81805265	+	-	TRA	cna267,cna347	major,major	sim54	Eso-AdenoCa
16	86446068	86446069	16	86559772	86559773	-	+	DUP	cna268	major	sim54	Eso-AdenoCa
16	86559773	86559774	16	86567096	86567097	-	+	DUP	cna269	major	sim54	Eso-AdenoCa
16	86559773	86559774	16	86567096	86567097	-	+	DUP	cna269	minor	sim54	Eso-AdenoCa
16	86567097	86567098	16	87387044	87387045	-	+	DUP	cna270	major	sim54	Eso-AdenoCa
16	87387045	87387046	16	88015572	88015573	+	-	DEL	cna271	minor	sim54	Eso-AdenoCa
16	88015573	88015574	16	88179804	88179805	-	+	DUP	cna272	major	sim54	Eso-AdenoCa
16	88179805	88179806	16	88610296	88610297	-	+	DUP	cna273	major	sim54	Eso-AdenoCa
16	88610297	88610298	16	90164030	90164031	-	+	DUP	cna274	major	sim54	Eso-AdenoCa
16	88610297	88610298	16	90164030	90164031	-	+	DUP	cna274	minor	sim54	Eso-AdenoCa
16	90164031	90164032	16	90321782	90321783	-	+	DUP	cna275	major	sim54	Eso-AdenoCa
16	90164031	90164032	16	90321782	90321783	+	-	DEL	cna275	minor	sim54	Eso-AdenoCa
16	90321783	90321784	16	90354753	90354754	-	+	DUP	cna276	major	sim54	Eso-AdenoCa
17	55523366	55523367	17	55616193	55616194	+	-	DEL	cna278	minor	sim54	Eso-AdenoCa
17	55662802	55662803	17	56144737	56144738	+	-	DEL	cna280	minor	sim54	Eso-AdenoCa
17	56144738	56144739	17	56244944	56244945	-	+	DUP	cna281	major	sim54	Eso-AdenoCa
17	56144738	56144739	17	56244944	56244945	+	-	DEL	cna281	minor	sim54	Eso-AdenoCa
17	78810557	78810558	17	78872866	78872867	-	+	DUP	cna283	major	sim54	Eso-AdenoCa
17	78810557	78810558	17	78872866	78872867	-	+	DUP	cna283	minor	sim54	Eso-AdenoCa
17	79028626	79028627	17	81195210	81195211	-	+	DUP	cna285	major	sim54	Eso-AdenoCa
18	1	2	18	232408	232409	-	+	DUP	cna286	major	sim54	Eso-AdenoCa
18	1	2	18	232408	232409	-	+	DUP	cna286	minor	sim54	Eso-AdenoCa
18	232409	232410	18	1479234	1479235	-	+	DUP	cna287	major	sim54	Eso-AdenoCa
18	1479235	1479236	18	1498873	1498874	-	+	DUP	cna288	major	sim54	Eso-AdenoCa
18	1479235	1479236	18	1498873	1498874	-	+	DUP	cna288	minor	sim54	Eso-AdenoCa
18	1498874	1498875	18	18216055	18216056	-	+	DUP	cna289	major	sim54	Eso-AdenoCa
18	1498874	1498875	18	18216055	18216056	+	-	DEL	cna289	minor	sim54	Eso-AdenoCa
18	18216056	18216057	18	19889676	19889677	-	+	DUP	cna290	major	sim54	Eso-AdenoCa
18	19889677	19889678	18	26073759	26073760	-	+	DUP	cna291	major	sim54	Eso-AdenoCa
18	19889677	19889678	18	26073759	26073760	-	+	DUP	cna291	minor	sim54	Eso-AdenoCa
18	26073760	26073761	18	26165388	26165389	+	-	DEL	cna292	minor	sim54	Eso-AdenoCa
18	33999226	78056702	22	15038669	47213773	-	+	TRA	cna293,cna334	major,major	sim54	Eso-AdenoCa
18	78056703	78056704	18	78077248	78077249	-	+	DUP	cna294	major	sim54	Eso-AdenoCa
19	1	2	19	23793394	23793395	-	+	DUP	cna295	major	sim54	Eso-AdenoCa
19	23793395	23793396	19	23801291	23801292	-	+	DUP	cna296	major	sim54	Eso-AdenoCa
19	23793395	23793396	19	23801291	23801292	-	+	DUP	cna296	minor	sim54	Eso-AdenoCa
19	23801292	23801293	19	24027609	24027610	+	-	DEL	cna297	minor	sim54	Eso-AdenoCa
19	24248873	24248874	19	24331976	24331977	-	+	DUP	cna299	major	sim54	Eso-AdenoCa
19	24248873	24248874	19	24331976	24331977	-	+	DUP	cna299	minor	sim54	Eso-AdenoCa
19	24331977	24331978	19	27788315	27788316	+	-	DEL	cna300	minor	sim54	Eso-AdenoCa
19	27788316	27788317	19	27867916	27867917	-	+	DUP	cna301	major	sim54	Eso-AdenoCa
19	27788316	27788317	19	27867916	27867917	-	+	DUP	cna301	minor	sim54	Eso-AdenoCa
19	27867917	27867918	19	28300463	28300464	-	+	DUP	cna302	major	sim54	Eso-AdenoCa
19	27867917	27867918	19	28300463	28300464	-	+	DUP	cna302	minor	sim54	Eso-AdenoCa
19	28300464	28300465	19	53655639	53655640	-	+	DUP	cna303	major	sim54	Eso-AdenoCa
19	28300464	28300465	19	53655639	53655640	-	+	DUP	cna303	minor	sim54	Eso-AdenoCa
19	53655640	53655641	19	53843187	53843188	-	+	DUP	cna304	major	sim54	Eso-AdenoCa
19	53655640	53655641	19	53843187	53843188	+	-	DEL	cna304	minor	sim54	Eso-AdenoCa
19	53843188	53843189	19	59128983	59128984	-	+	DUP	cna305	major	sim54	Eso-AdenoCa
20	1	2	20	899382	899383	-	+	DUP	cna306	major	sim54	Eso-AdenoCa
20	1	2	20	899382	899383	-	+	DUP	cna306	minor	sim54	Eso-AdenoCa
20	911433	911434	20	918224	918225	+	-	DEL	cna308	minor	sim54	Eso-AdenoCa
20	918225	918226	20	10982067	10982068	-	+	DUP	cna309	major	sim54	Eso-AdenoCa
20	10982068	10982069	20	11037184	11037185	-	+	DUP	cna310	major	sim54	Eso-AdenoCa
20	11037185	11037186	20	23933686	23933687	-	+	DUP	cna311	major	sim54	Eso-AdenoCa
20	11037185	11037186	20	23933686	23933687	-	+	DUP	cna311	minor	sim54	Eso-AdenoCa
20	15416095	15416096	20	53265753	53265754	-	-	t2tINV	cna321	minor	sim54	Eso-AdenoCa
20	24608327	24608328	20	27316247	27316248	-	+	DUP	cna313	major	sim54	Eso-AdenoCa
20	27316248	27316249	20	27323033	27323034	-	+	DUP	cna314	major	sim54	Eso-AdenoCa
20	27316248	27316249	20	27323033	27323034	+	-	DEL	cna314	minor	sim54	Eso-AdenoCa
20	27323034	27323035	20	27367530	27367531	-	+	DUP	cna315	major	sim54	Eso-AdenoCa
20	27367531	27367532	20	27781888	27781889	+	-	DEL	cna316	minor	sim54	Eso-AdenoCa
20	27781889	27781890	20	27908070	27908071	-	+	DUP	cna317	major	sim54	Eso-AdenoCa
20	27908071	27908072	20	28634855	28634856	-	+	DUP	cna318	major	sim54	Eso-AdenoCa
20	28634856	28634857	20	29043699	29043700	-	+	DUP	cna319	major	sim54	Eso-AdenoCa
20	28634856	28634857	20	29043699	29043700	+	-	DEL	cna319	minor	sim54	Eso-AdenoCa
20	29043700	29043701	20	31512027	31512028	-	+	DUP	cna320	major	sim54	Eso-AdenoCa
20	31512028	31512029	20	55664583	55664584	-	+	DUP	cna321	major	sim54	Eso-AdenoCa
20	49047895	49047896	20	53724257	53724258	-	-	t2tINV	cna321	minor	sim54	Eso-AdenoCa
20	55664584	55664585	20	62799745	62799746	-	+	DUP	cna322	major	sim54	Eso-AdenoCa
20	55664584	55664585	20	62799745	62799746	-	+	DUP	cna322	minor	sim54	Eso-AdenoCa
20	62799746	62799747	20	63025520	63025521	-	+	DUP	cna323	major	sim54	Eso-AdenoCa
21	1	2	21	45446984	45446985	-	+	DUP	cna324	major	sim54	Eso-AdenoCa
21	1	2	21	45446984	45446985	+	-	DEL	cna324	minor	sim54	Eso-AdenoCa
21	45446985	45446986	21	47288399	47288400	-	+	DUP	cna325	major	sim54	Eso-AdenoCa
21	45446985	45446986	21	47288399	47288400	-	+	DUP	cna325	minor	sim54	Eso-AdenoCa
21	47288400	47288401	21	47345680	47345681	-	+	DUP	cna326	major	sim54	Eso-AdenoCa
21	47345681	47345682	21	47559756	47559757	-	+	DUP	cna327	major	sim54	Eso-AdenoCa
21	47345681	47345682	21	47559756	47559757	+	-	DEL	cna327	minor	sim54	Eso-AdenoCa
21	47559757	47559758	21	47573433	47573434	+	-	DEL	cna328	minor	sim54	Eso-AdenoCa
21	47573434	47573435	21	48129895	48129896	-	+	DUP	cna329	major	sim54	Eso-AdenoCa
21	47573434	47573435	21	48129895	48129896	-	+	DUP	cna329	minor	sim54	Eso-AdenoCa
22	6394929	6394930	22	11182470	11182471	-	+	DUP	cna331	major	sim54	Eso-AdenoCa
22	6394929	6394930	22	11182470	11182471	+	-	DEL	cna331	minor	sim54	Eso-AdenoCa
22	14451321	14451322	22	15038668	15038669	+	-	DEL	cna333	major	sim54	Eso-AdenoCa
22	14451321	14451322	22	15038668	15038669	+	-	DEL	cna333	minor	sim54	Eso-AdenoCa
22	15038669	15038670	22	48433773	48433774	-	+	DUP	cna334	major	sim54	Eso-AdenoCa
22	15038669	15038670	22	48433773	48433774	-	+	DUP	cna334	minor	sim54	Eso-AdenoCa
22	48433774	48433775	22	51304566	51304567	-	+	DUP	cna335	major	sim54	Eso-AdenoCa
22	48433774	48433775	22	51304566	51304567	+	-	DEL	cna335	minor	sim54	Eso-AdenoCa
X	6913714	6913715	X	6923716	6923717	+	+	h2hINV	cna336	minor	sim54	Eso-AdenoCa
X	41699814	41699815	X	47731428	47731429	-	-	t2tINV	cna338	major	sim54	Eso-AdenoCa
X	47222760	47222761	X	47387300	47387301	-	+	DUP	cna337	major	sim54	Eso-AdenoCa
X	47222760	47222761	X	47387300	47387301	-	+	DUP	cna337	minor	sim54	Eso-AdenoCa
X	47387301	47387302	X	53359092	53359093	-	+	DUP	cna338	major	sim54	Eso-AdenoCa
X	53359093	53359094	X	58816781	58816782	-	+	DUP	cna339	major	sim54	Eso-AdenoCa
X	53359093	53359094	X	58816781	58816782	-	+	DUP	cna339	minor	sim54	Eso-AdenoCa
X	58840273	58840274	X	61818720	61818721	-	+	DUP	cna341	major	sim54	Eso-AdenoCa
X	58840273	58840274	X	61818720	61818721	-	+	DUP	cna341	minor	sim54	Eso-AdenoCa
X	61818721	61818722	X	61880046	61880047	-	+	DUP	cna342	major	sim54	Eso-AdenoCa
X	61818721	61818722	X	61880046	61880047	-	+	DUP	cna342	minor	sim54	Eso-AdenoCa
X	61880047	61880048	X	61929333	61929334	-	+	DUP	cna343	major	sim54	Eso-AdenoCa
X	61880047	61880048	X	61929333	61929334	-	+	DUP	cna343	minor	sim54	Eso-AdenoCa
X	61929334	61929335	X	61986226	61986227	+	-	DEL	cna344	minor	sim54	Eso-AdenoCa
X	61986227	61986228	X	62016885	62016886	+	-	DEL	cna345	major	sim54	Eso-AdenoCa
X	61986227	61986228	X	62016885	62016886	+	-	DEL	cna345	minor	sim54	Eso-AdenoCa
X	62016886	62016887	X	73671067	73671068	-	+	DUP	cna346	major	sim54	Eso-AdenoCa
X	63744814	63744815	X	92365131	92365132	+	+	h2hINV	cna346	major	sim54	Eso-AdenoCa
X	81805266	81805267	X	86982892	86982893	-	+	DUP	cna348	major	sim54	Eso-AdenoCa
X	86982893	86982894	X	87212330	87212331	+	-	DEL	cna349	minor	sim54	Eso-AdenoCa
X	87212331	87212332	X	88698071	88698072	-	+	DUP	cna350	major	sim54	Eso-AdenoCa
X	87212331	87212332	X	88698071	88698072	-	+	DUP	cna350	minor	sim54	Eso-AdenoCa
X	88698072	88698073	X	88781180	88781181	+	-	DEL	cna351	major	sim54	Eso-AdenoCa
X	88698072	88698073	X	88781180	88781181	+	-	DEL	cna351	minor	sim54	Eso-AdenoCa
X	88781181	88781182	X	97616514	97616515	+	-	DEL	cna352	minor	sim54	Eso-AdenoCa
X	97616515	97616516	X	97623187	97623188	-	+	DUP	cna353	major	sim54	Eso-AdenoCa
X	97623188	97623189	X	97666414	97666415	+	-	DEL	cna354	minor	sim54	Eso-AdenoCa
X	97942076	97942077	X	101271563	101271564	-	+	DUP	cna356	major	sim54	Eso-AdenoCa
X	101271564	101271565	X	101431392	101431393	-	+	DUP	cna357	major	sim54	Eso-AdenoCa
X	106002299	106002300	X	106634029	106634030	+	-	DEL	cna359	minor	sim54	Eso-AdenoCa
X	106634030	106634031	X	106915450	106915451	-	+	DUP	cna360	major	sim54	Eso-AdenoCa
X	106915451	106915452	X	109040011	109040012	+	-	DEL	cna361	minor	sim54	Eso-AdenoCa
X	109040012	109040013	X	109298288	109298289	-	+	DUP	cna362	major	sim54	Eso-AdenoCa
X	109040012	109040013	X	109298288	109298289	+	-	DEL	cna362	minor	sim54	Eso-AdenoCa
X	109298289	109298290	X	110460623	110460624	-	+	DUP	cna363	major	sim54	Eso-AdenoCa
X	109298289	109298290	X	110460623	110460624	-	+	DUP	cna363	minor	sim54	Eso-AdenoCa
X	110567101	110567102	X	111587694	111587695	-	+	DUP	cna365	major	sim54	Eso-AdenoCa
X	110567101	110567102	X	111587694	111587695	-	+	DUP	cna365	minor	sim54	Eso-AdenoCa
X	111587695	111587696	X	113512778	113512779	-	+	DUP	cna366	major	sim54	Eso-AdenoCa
X	111587695	111587696	X	113512778	113512779	-	+	DUP	cna366	minor	sim54	Eso-AdenoCa
X	113512779	113512780	X	114855550	114855551	-	+	DUP	cna367	major	sim54	Eso-AdenoCa
X	114855551	114855552	X	133890572	133890573	-	+	DUP	cna368	major	sim54	Eso-AdenoCa
X	133890573	133890574	X	134151212	134151213	-	+	DUP	cna369	major	sim54	Eso-AdenoCa
X	134151213	134151214	X	134180931	134180932	-	+	DUP	cna370	major	sim54	Eso-AdenoCa
X	134151213	134151214	X	134180931	134180932	-	+	DUP	cna370	minor	sim54	Eso-AdenoCa
X	134219968	134219969	X	145914623	145914624	-	+	DUP	cna372	major	sim54	Eso-AdenoCa
X	134219968	134219969	X	145914623	145914624	+	-	DEL	cna372	minor	sim54	Eso-AdenoCa
X	145914624	145914625	X	155270560	155270561	+	-	DEL	cna373	minor	sim54	Eso-AdenoCa
Y	42815864	42815865	Y	59165150	59165151	-	+	DUP	cna375	major	sim54	Eso-AdenoCa
Y	42815864	42815865	Y	59165150	59165151	-	+	DUP	cna375	minor	sim54	Eso-AdenoCa
Y	59165151	59165152	Y	59373566	59373567	-	+	DUP	cna376	major	sim54	Eso-AdenoCa
Y	59165151	59165152	Y	59373566	59373567	-	+	DUP	cna376	minor	sim54	Eso-AdenoCa
