chrom1	start1	end1	chrom2	start2	end2	strand1	strand2	svclass	id	allele	donor_id	tumor
1	1	2	1	11441024	11441025	-	+	DUP	cna0	major	sim58	Eso-AdenoCa
1	1287800	1287801	1	20718073	20718074	+	+	h2hINV	cna0	minor	sim58	Eso-AdenoCa
1	11441025	11441026	1	45183875	45183876	-	+	DUP	cna1	major	sim58	Eso-AdenoCa
1	11441025	11441026	1	45183875	45183876	-	+	DUP	cna1	minor	sim58	Eso-AdenoCa
1	20386300	20386301	1	20942047	20942048	-	-	t2tINV	cna1	minor	sim58	Eso-AdenoCa
1	33164800	33164801	1	40879172	40879173	+	+	h2hINV	cna1	minor	sim58	Eso-AdenoCa
1	44397800	44397801	1	82059593	82059594	+	+	h2hINV	cna1	major	sim58	Eso-AdenoCa
1	45183876	45183877	1	45193538	45193539	+	-	DEL	cna2	minor	sim58	Eso-AdenoCa
1	45193539	45193540	1	97625466	97625467	-	+	DUP	cna3	major	sim58	Eso-AdenoCa
1	45193539	45193540	1	97625466	97625467	-	+	DUP	cna3	minor	sim58	Eso-AdenoCa
1	52483900	52483901	1	52493906	52493907	+	+	h2hINV	cna3	minor	sim58	Eso-AdenoCa
1	68894200	68894201	1	68904205	68904206	-	-	t2tINV	cna3	major	sim58	Eso-AdenoCa
1	75131100	75131101	1	75141105	75141106	-	-	t2tINV	cna3	major	sim58	Eso-AdenoCa
1	97625467	97625468	1	100196752	100196753	+	-	DEL	cna4	minor	sim58	Eso-AdenoCa
1	100196753	100196754	1	100242813	100242814	-	+	DUP	cna5	major	sim58	Eso-AdenoCa
1	100242814	100242815	1	100480287	100480288	+	-	DEL	cna6	minor	sim58	Eso-AdenoCa
1	100480288	100480289	1	162251016	162251017	-	+	DUP	cna7	major	sim58	Eso-AdenoCa
1	100480288	100480289	1	162251016	162251017	+	-	DEL	cna7	minor	sim58	Eso-AdenoCa
1	100480288	108069801	11	37227379	43662636	+	-	TRA	cna7,cna129	minor,minor	sim58	Eso-AdenoCa
1	157243000	157243001	1	157253005	157253006	+	+	h2hINV	cna7	major	sim58	Eso-AdenoCa
1	162251017	162251018	1	177222168	177222169	-	+	DUP	cna8	major	sim58	Eso-AdenoCa
1	162251017	162251018	1	177222168	177222169	+	-	DEL	cna8	minor	sim58	Eso-AdenoCa
1	162251017	165674401	7	12227031	28916430	+	-	TRA	cna8,cna72	minor,major	sim58	Eso-AdenoCa
1	163296400	163296401	1	163306409	163306410	-	-	t2tINV	cna8	major	sim58	Eso-AdenoCa
1	177222169	177222170	1	177424928	177424929	+	-	DEL	cna9	minor	sim58	Eso-AdenoCa
1	177424929	177424930	1	197709843	197709844	-	+	DUP	cna10	major	sim58	Eso-AdenoCa
1	189737791	197709843	14	104780192	106274822	-	+	TRA	cna159,cna10	major,minor	sim58	Eso-AdenoCa
1	197709844	197709845	1	198681734	198681735	-	+	DUP	cna11	major	sim58	Eso-AdenoCa
1	197709844	197709845	1	198681734	198681735	+	-	DEL	cna11	minor	sim58	Eso-AdenoCa
1	198681735	198681736	1	201221257	201221258	-	+	DUP	cna12	major	sim58	Eso-AdenoCa
1	198681735	198681736	1	201221257	201221258	+	-	DEL	cna12	minor	sim58	Eso-AdenoCa
1	201221258	201221259	1	204464478	204464479	+	-	DEL	cna13	minor	sim58	Eso-AdenoCa
1	204464479	204464480	1	208834095	208834096	-	+	DUP	cna14	major	sim58	Eso-AdenoCa
1	204464479	204464480	1	208834095	208834096	+	-	DEL	cna14	minor	sim58	Eso-AdenoCa
1	208834096	215141901	10	120230801	134413033	+	-	TRA	cna15,cna124	minor,major	sim58	Eso-AdenoCa
1	247188312	247188313	1	248083629	248083630	-	+	DUP	cna16	major	sim58	Eso-AdenoCa
1	248083630	248083631	1	248093291	248093292	+	-	DEL	cna17	minor	sim58	Eso-AdenoCa
1	248093292	248093293	1	249250621	249250622	-	+	DUP	cna18	major	sim58	Eso-AdenoCa
1	248093292	248093293	1	249250621	249250622	-	+	DUP	cna18	minor	sim58	Eso-AdenoCa
2	1	2	2	15844497	15844498	-	+	DUP	cna19	major	sim58	Eso-AdenoCa
2	1	2	2	15844497	15844498	-	+	DUP	cna19	minor	sim58	Eso-AdenoCa
2	15844498	15844499	2	15925472	15925473	-	+	DUP	cna20	major	sim58	Eso-AdenoCa
2	15844498	15844499	2	15925472	15925473	-	+	DUP	cna20	minor	sim58	Eso-AdenoCa
2	15925473	15925474	2	16020979	16020980	+	-	DEL	cna21	minor	sim58	Eso-AdenoCa
2	17785079	17785080	2	17795088	17795089	-	-	t2tINV	cna22	major	sim58	Eso-AdenoCa
2	25591179	25591180	2	25601182	25601183	-	-	t2tINV	cna22	major	sim58	Eso-AdenoCa
2	44116379	44116380	2	45101787	45101788	+	+	h2hINV	cna22	major	sim58	Eso-AdenoCa
2	74449084	74449085	2	75009743	75009744	-	+	DUP	cna23	major	sim58	Eso-AdenoCa
2	75009744	75009745	2	89110468	89110469	-	+	DUP	cna24	major	sim58	Eso-AdenoCa
2	76395779	76395780	2	93160218	93160219	+	+	h2hINV	cna24	major	sim58	Eso-AdenoCa
2	89110469	89110470	2	89461804	89461805	-	+	DUP	cna25	major	sim58	Eso-AdenoCa
2	89110469	89110470	2	89461804	89461805	-	+	DUP	cna25	minor	sim58	Eso-AdenoCa
2	94085760	139009846	13	41281699	73969024	-	-	TRA	cna144,cna26	major,minor	sim58	Eso-AdenoCa
2	139009847	139009848	2	139381891	139381892	-	+	DUP	cna27	major	sim58	Eso-AdenoCa
2	139009847	139009848	2	139381891	139381892	-	+	DUP	cna27	minor	sim58	Eso-AdenoCa
2	139381892	139381893	2	169133815	169133816	-	+	DUP	cna28	major	sim58	Eso-AdenoCa
2	139381892	139381893	2	169133815	169133816	+	-	DEL	cna28	minor	sim58	Eso-AdenoCa
2	153151379	169133815	9	87833565	109099446	-	+	TRA	cna28,cna114	major,minor	sim58	Eso-AdenoCa
2	164271879	169133815	9	68310080	70833511	-	-	TRA	cna28,cna112	major,major	sim58	Eso-AdenoCa
2	169133816	169133817	2	180020831	180020832	-	+	DUP	cna29	major	sim58	Eso-AdenoCa
2	177327672	180020831	11	43662637	47721211	-	+	TRA	cna130,cna29	major,major	sim58	Eso-AdenoCa
2	180020832	180020833	2	181871208	181871209	-	+	DUP	cna30	major	sim58	Eso-AdenoCa
2	180020832	180020833	2	181871208	181871209	+	-	DEL	cna30	minor	sim58	Eso-AdenoCa
2	181871209	181871210	2	194582405	194582406	-	+	DUP	cna31	major	sim58	Eso-AdenoCa
2	194582406	194582407	2	206510553	206510554	-	+	DUP	cna32	major	sim58	Eso-AdenoCa
2	199173979	206510553	5	156328342	180915260	-	-	TRA	cna32,cna59	minor,minor	sim58	Eso-AdenoCa
2	206510554	206510555	2	212438210	212438211	+	-	DEL	cna33	minor	sim58	Eso-AdenoCa
2	208820079	208820080	2	209095616	209095617	-	-	t2tINV	cna33	major	sim58	Eso-AdenoCa
2	210158879	212438210	9	11222079	30500335	-	-	TRA	cna33,cna104	major,minor	sim58	Eso-AdenoCa
2	212438211	212438212	2	218651980	218651981	-	+	DUP	cna34	major	sim58	Eso-AdenoCa
2	218651981	218651982	2	236426698	236426699	-	+	DUP	cna35	major	sim58	Eso-AdenoCa
2	218651981	218651982	2	236426698	236426699	+	-	DEL	cna35	minor	sim58	Eso-AdenoCa
2	236426699	236426700	2	243199373	243199374	-	+	DUP	cna36	major	sim58	Eso-AdenoCa
2	237165779	243199373	5	34258173	122810587	-	-	TRA	cna36,cna56	major,minor	sim58	Eso-AdenoCa
2	237678079	243199373	9	78837023	87833564	-	-	TRA	cna36,cna113	minor,minor	sim58	Eso-AdenoCa
3	1	2	3	77911763	77911764	-	+	DUP	cna37	major	sim58	Eso-AdenoCa
3	1	2	3	77911763	77911764	-	+	DUP	cna37	minor	sim58	Eso-AdenoCa
3	93206	93207	3	103212	103213	-	-	t2tINV	cna37	minor	sim58	Eso-AdenoCa
3	8693706	8693707	3	25454066	25454067	-	-	t2tINV	cna37	major	sim58	Eso-AdenoCa
3	21230006	21230007	3	21240011	21240012	-	-	t2tINV	cna37	major	sim58	Eso-AdenoCa
3	70953206	77911763	9	30500336	57755454	-	+	TRA	cna37,cna105	minor,minor	sim58	Eso-AdenoCa
3	71138306	77911763	7	1	2464578	-	+	TRA	cna37,cna72	minor,major	sim58	Eso-AdenoCa
3	78093106	78093107	3	78250139	78250140	-	-	t2tINV	cna38	minor	sim58	Eso-AdenoCa
3	129080486	129080487	3	198022430	198022431	-	+	DUP	cna39	major	sim58	Eso-AdenoCa
3	129080486	129080487	3	198022430	198022431	+	-	DEL	cna39	minor	sim58	Eso-AdenoCa
3	148644706	198022430	7	141561185	159138663	-	-	TRA	cna39,cna75	minor,minor	sim58	Eso-AdenoCa
4	1	2	4	50436369	50436370	-	+	DUP	cna40	major	sim58	Eso-AdenoCa
4	1	4419077	11	1	17160279	+	+	TRA	cna40,cna126	minor,minor	sim58	Eso-AdenoCa
4	34503076	50436369	14	1	25965030	-	+	TRA	cna40,cna157	major,major	sim58	Eso-AdenoCa
4	50436370	50436371	4	55288517	55288518	-	+	DUP	cna41	major	sim58	Eso-AdenoCa
4	50436370	50436371	4	55288517	55288518	-	+	DUP	cna41	minor	sim58	Eso-AdenoCa
4	55288518	55288519	4	55351787	55351788	+	-	DEL	cna42	minor	sim58	Eso-AdenoCa
4	55351788	55351789	4	71111404	71111405	-	+	DUP	cna43	major	sim58	Eso-AdenoCa
4	55351788	55351789	4	71111404	71111405	+	-	DEL	cna43	minor	sim58	Eso-AdenoCa
4	71111405	71111406	4	71376202	71376203	-	+	DUP	cna44	major	sim58	Eso-AdenoCa
4	71376203	71376204	4	121606211	121606212	-	+	DUP	cna45	major	sim58	Eso-AdenoCa
4	82012976	82012977	4	82022977	82022978	+	+	h2hINV	cna45	major	sim58	Eso-AdenoCa
4	90230276	121606211	19	39828694	59128983	-	-	TRA	cna45,cna178	minor,minor	sim58	Eso-AdenoCa
4	105603476	105603477	4	107787650	107787651	+	+	h2hINV	cna45	minor	sim58	Eso-AdenoCa
4	121606212	121606213	4	175807517	175807518	+	-	DEL	cna46	minor	sim58	Eso-AdenoCa
4	143633776	143633777	4	143711746	143711747	+	+	h2hINV	cna46	major	sim58	Eso-AdenoCa
4	152117776	152117777	4	168227638	168227639	+	+	h2hINV	cna46	major	sim58	Eso-AdenoCa
4	168099176	175807517	9	209652	4190606	-	+	TRA	cna46,cna103	major,major	sim58	Eso-AdenoCa
4	171740376	175807517	12	36312962	45335091	-	-	TRA	cna46,cna133	major,major	sim58	Eso-AdenoCa
4	175807518	175807519	4	175955791	175955792	-	+	DUP	cna47	major	sim58	Eso-AdenoCa
4	175955792	175955793	4	175965630	175965631	-	+	DUP	cna48	major	sim58	Eso-AdenoCa
4	175965631	175965632	4	189188264	189188265	+	-	DEL	cna49	minor	sim58	Eso-AdenoCa
4	180178076	180178077	4	180188079	180188080	-	-	t2tINV	cna49	major	sim58	Eso-AdenoCa
4	189188265	189188266	4	189287787	189287788	-	+	DUP	cna50	major	sim58	Eso-AdenoCa
4	189188265	189188266	4	189287787	189287788	+	-	DEL	cna50	minor	sim58	Eso-AdenoCa
4	189287788	189287789	4	190778486	190778487	-	+	DUP	cna51	major	sim58	Eso-AdenoCa
4	189287788	189287789	4	190778486	190778487	-	+	DUP	cna51	minor	sim58	Eso-AdenoCa
4	189565354	190778486	19	1	33708679	-	+	TRA	cna178,cna51	major,minor	sim58	Eso-AdenoCa
4	191077748	191077749	4	191154276	191154277	+	-	DEL	cna53	minor	sim58	Eso-AdenoCa
5	3431737	3431738	5	33190583	33190584	-	+	DUP	cna55	major	sim58	Eso-AdenoCa
5	37487700	37487701	5	37497707	37497708	-	-	t2tINV	cna56	major	sim58	Eso-AdenoCa
5	49456300	49456301	5	57989257	57989258	-	-	t2tINV	cna56	major	sim58	Eso-AdenoCa
5	104470300	122810587	13	83221211	99055412	-	-	TRA	cna56,cna145	major,major	sim58	Eso-AdenoCa
5	121831200	121831201	5	175156643	175156644	+	+	h2hINV	cna56	minor	sim58	Eso-AdenoCa
5	122810588	122810589	5	123184331	123184332	-	+	DUP	cna57	major	sim58	Eso-AdenoCa
5	122810588	122810589	5	123184331	123184332	+	-	DEL	cna57	minor	sim58	Eso-AdenoCa
5	123184332	123184333	5	134644868	134644869	-	+	DUP	cna58	major	sim58	Eso-AdenoCa
5	123184332	123184333	5	134644868	134644869	+	-	DEL	cna58	minor	sim58	Eso-AdenoCa
5	134644869	134644870	5	180915260	180915261	-	+	DUP	cna59	major	sim58	Eso-AdenoCa
5	156181100	156181101	5	159626197	159626198	+	+	h2hINV	cna59	minor	sim58	Eso-AdenoCa
6	1	2	6	155073	155074	-	+	DUP	cna60	major	sim58	Eso-AdenoCa
6	1	2	6	155073	155074	+	-	DEL	cna60	minor	sim58	Eso-AdenoCa
6	155074	155075	6	558708	558709	-	+	DUP	cna61	major	sim58	Eso-AdenoCa
6	155074	155075	6	558708	558709	+	-	DEL	cna61	minor	sim58	Eso-AdenoCa
6	763826	763827	6	1240020	1240021	-	+	DUP	cna63	major	sim58	Eso-AdenoCa
6	763826	763827	6	1240020	1240021	+	-	DEL	cna63	minor	sim58	Eso-AdenoCa
6	1240021	1240022	6	19038895	19038896	+	-	DEL	cna64	major	sim58	Eso-AdenoCa
6	1240021	1240022	6	19038895	19038896	+	-	DEL	cna64	minor	sim58	Eso-AdenoCa
6	19038896	19038897	6	19056224	19056225	-	+	DUP	cna65	major	sim58	Eso-AdenoCa
6	19038896	19038897	6	19056224	19056225	+	-	DEL	cna65	minor	sim58	Eso-AdenoCa
6	19056225	19056226	6	20280303	20280304	-	+	DUP	cna66	major	sim58	Eso-AdenoCa
6	20280304	20280305	6	124881500	124881501	-	+	DUP	cna67	major	sim58	Eso-AdenoCa
6	34454240	34454241	6	35103427	35103428	+	+	h2hINV	cna67	minor	sim58	Eso-AdenoCa
6	68239240	124881500	15	87227097	101814666	-	-	TRA	cna67,cna162	minor,major	sim58	Eso-AdenoCa
6	89318740	89318741	6	117881264	117881265	+	+	h2hINV	cna67	minor	sim58	Eso-AdenoCa
6	112735440	112735441	6	112745444	112745445	+	+	h2hINV	cna67	major	sim58	Eso-AdenoCa
6	114969240	124881500	21	48074177	48129895	-	-	TRA	cna67,cna180	major,minor	sim58	Eso-AdenoCa
6	124881501	124881502	6	125837762	125837763	-	+	DUP	cna68	major	sim58	Eso-AdenoCa
6	124881501	124881502	6	125837762	125837763	-	+	DUP	cna68	minor	sim58	Eso-AdenoCa
6	125837763	125837764	6	155336720	155336721	-	+	DUP	cna69	major	sim58	Eso-AdenoCa
6	155336721	155336722	6	170759349	170759350	-	+	DUP	cna70	major	sim58	Eso-AdenoCa
6	155336721	155336722	6	170759349	170759350	+	-	DEL	cna70	minor	sim58	Eso-AdenoCa
6	170759350	170759351	6	171115067	171115068	+	-	DEL	cna71	minor	sim58	Eso-AdenoCa
7	1	2	7	28916430	28916431	-	+	DUP	cna72	major	sim58	Eso-AdenoCa
7	28916431	28916432	7	29858758	29858759	-	+	DUP	cna73	major	sim58	Eso-AdenoCa
7	28916431	28916432	7	29858758	29858759	-	+	DUP	cna73	minor	sim58	Eso-AdenoCa
7	29648173	29648174	7	30364263	30364264	-	-	t2tINV	cna75	major	sim58	Eso-AdenoCa
7	29858759	29858760	7	30111680	30111681	+	-	DEL	cna74	major	sim58	Eso-AdenoCa
7	29858759	29858760	7	30111680	30111681	+	-	DEL	cna74	minor	sim58	Eso-AdenoCa
7	30111681	30111682	7	159138663	159138664	-	+	DUP	cna75	major	sim58	Eso-AdenoCa
7	45436473	45436474	7	84882347	84882348	+	+	h2hINV	cna75	major	sim58	Eso-AdenoCa
7	50067073	50067074	7	51750768	51750769	+	+	h2hINV	cna75	major	sim58	Eso-AdenoCa
7	52334773	52334774	7	54295650	54295651	+	+	h2hINV	cna75	minor	sim58	Eso-AdenoCa
7	79373373	79373374	7	81984053	81984054	+	+	h2hINV	cna75	major	sim58	Eso-AdenoCa
7	84627573	84627574	7	84637582	84637583	+	+	h2hINV	cna75	major	sim58	Eso-AdenoCa
7	87813873	87813874	7	99258182	99258183	+	+	h2hINV	cna75	major	sim58	Eso-AdenoCa
7	94374273	94374274	7	94384283	94384284	-	-	t2tINV	cna75	minor	sim58	Eso-AdenoCa
7	99634073	99634074	7	99654104	99654105	+	+	h2hINV	cna75	major	sim58	Eso-AdenoCa
7	134158573	134158574	7	134668936	134668937	+	+	h2hINV	cna75	major	sim58	Eso-AdenoCa
8	1	2	8	85217595	85217596	-	+	DUP	cna76	major	sim58	Eso-AdenoCa
8	13811410	13811411	8	24976535	24976536	+	+	h2hINV	cna76	major	sim58	Eso-AdenoCa
8	26934710	26934711	8	28581730	28581731	+	+	h2hINV	cna76	minor	sim58	Eso-AdenoCa
8	35242210	35242211	8	35252214	35252215	-	-	t2tINV	cna76	minor	sim58	Eso-AdenoCa
8	44068210	85217595	9	133995441	141193757	-	-	TRA	cna76,cna115	minor,minor	sim58	Eso-AdenoCa
8	80025810	80025811	8	81931326	81931327	-	-	t2tINV	cna76	minor	sim58	Eso-AdenoCa
8	85217596	85217597	8	85280667	85280668	-	+	DUP	cna77	major	sim58	Eso-AdenoCa
8	85217596	85217597	8	85280667	85280668	-	+	DUP	cna77	minor	sim58	Eso-AdenoCa
8	85280668	85280669	8	88110654	88110655	-	+	DUP	cna78	major	sim58	Eso-AdenoCa
8	85984510	85984511	8	127901714	127901715	+	+	h2hINV	cna78	major	sim58	Eso-AdenoCa
8	88110655	88110656	8	88538638	88538639	-	+	DUP	cna79	major	sim58	Eso-AdenoCa
8	88538639	88538640	8	95373753	95373754	-	+	DUP	cna80	major	sim58	Eso-AdenoCa
8	88538639	88538640	8	95373753	95373754	-	+	DUP	cna80	minor	sim58	Eso-AdenoCa
8	90351810	90351811	8	91843053	91843054	+	+	h2hINV	cna80	major	sim58	Eso-AdenoCa
8	95055810	95373753	11	89670610	135006516	-	-	TRA	cna80,cna132	major,major	sim58	Eso-AdenoCa
8	95610596	95610597	8	95620640	95620641	-	+	DUP	cna82	major	sim58	Eso-AdenoCa
8	95620641	95620642	8	95705008	95705009	-	+	DUP	cna83	major	sim58	Eso-AdenoCa
8	95620641	95620642	8	95705008	95705009	-	+	DUP	cna83	minor	sim58	Eso-AdenoCa
8	95705009	95705010	8	99021891	99021892	+	-	DEL	cna84	minor	sim58	Eso-AdenoCa
8	99021892	99021893	8	99245294	99245295	-	+	DUP	cna85	major	sim58	Eso-AdenoCa
8	99245295	99245296	8	99255347	99255348	+	-	DEL	cna86	minor	sim58	Eso-AdenoCa
8	99255348	99255349	8	99862072	99862073	-	+	DUP	cna87	major	sim58	Eso-AdenoCa
8	99255348	99255349	8	99862072	99862073	-	+	DUP	cna87	minor	sim58	Eso-AdenoCa
8	99862073	99862074	8	99981062	99981063	-	+	DUP	cna88	major	sim58	Eso-AdenoCa
8	99981063	99981064	8	100062756	100062757	+	-	DEL	cna89	major	sim58	Eso-AdenoCa
8	99981063	99981064	8	100062756	100062757	+	-	DEL	cna89	minor	sim58	Eso-AdenoCa
8	100062757	100062758	8	115781681	115781682	-	+	DUP	cna90	major	sim58	Eso-AdenoCa
8	115781682	115781683	8	116014626	116014627	-	+	DUP	cna91	major	sim58	Eso-AdenoCa
8	116014627	116014628	8	124878033	124878034	-	+	DUP	cna92	major	sim58	Eso-AdenoCa
8	124878034	124878035	8	136636999	136637000	-	+	DUP	cna93	major	sim58	Eso-AdenoCa
8	124878034	124878035	8	136636999	136637000	+	-	DEL	cna93	minor	sim58	Eso-AdenoCa
8	136177979	136636999	17	48466536	71352653	-	-	TRA	cna167,cna93	major,major	sim58	Eso-AdenoCa
8	136743608	136743609	8	137276969	137276970	-	+	DUP	cna95	major	sim58	Eso-AdenoCa
8	137276970	137276971	8	137349881	137349882	-	+	DUP	cna96	major	sim58	Eso-AdenoCa
8	137276970	137276971	8	137349881	137349882	+	-	DEL	cna96	minor	sim58	Eso-AdenoCa
8	137349882	137349883	8	139124010	139124011	-	+	DUP	cna97	major	sim58	Eso-AdenoCa
8	139124011	139124012	8	139134062	139134063	-	+	DUP	cna98	major	sim58	Eso-AdenoCa
8	139124011	139124012	8	139134062	139134063	-	+	DUP	cna98	minor	sim58	Eso-AdenoCa
8	146353670	146353671	8	146364022	146364023	-	+	DUP	cna100	major	sim58	Eso-AdenoCa
8	146353670	146353671	8	146364022	146364023	+	-	DEL	cna100	minor	sim58	Eso-AdenoCa
9	1	2	9	41930	41931	-	+	DUP	cna101	major	sim58	Eso-AdenoCa
9	1	2	9	41930	41931	-	+	DUP	cna101	minor	sim58	Eso-AdenoCa
9	41931	41932	9	209651	209652	-	+	DUP	cna102	major	sim58	Eso-AdenoCa
9	209652	209653	9	6767942	6767943	-	+	DUP	cna103	major	sim58	Eso-AdenoCa
9	3148488	6767942	15	14088092	39843294	-	-	TRA	cna103,cna160	minor,minor	sim58	Eso-AdenoCa
9	6767943	6767944	9	30500335	30500336	+	-	DEL	cna104	minor	sim58	Eso-AdenoCa
9	14364788	30500335	15	47013736	51423070	-	-	TRA	cna104,cna161	major,minor	sim58	Eso-AdenoCa
9	21185588	21185589	9	21205617	21205618	+	+	h2hINV	cna104	major	sim58	Eso-AdenoCa
9	61750560	61750561	9	61979046	61979047	+	-	DEL	cna106	minor	sim58	Eso-AdenoCa
9	61979047	61979048	9	66629998	66629999	-	+	DUP	cna107	major	sim58	Eso-AdenoCa
9	61979047	61979048	9	66629998	66629999	+	-	DEL	cna107	minor	sim58	Eso-AdenoCa
9	66629999	66630000	9	66675128	66675129	-	+	DUP	cna108	major	sim58	Eso-AdenoCa
9	66629999	66630000	9	66675128	66675129	-	+	DUP	cna108	minor	sim58	Eso-AdenoCa
9	66675129	66675130	9	66684958	66684959	-	+	DUP	cna109	major	sim58	Eso-AdenoCa
9	66684959	66684960	9	66798905	66798906	-	+	DUP	cna110	major	sim58	Eso-AdenoCa
9	66798906	66798907	9	66808737	66808738	+	-	DEL	cna111	minor	sim58	Eso-AdenoCa
9	66808738	66808739	9	70833511	70833512	-	+	DUP	cna112	major	sim58	Eso-AdenoCa
9	70833512	70833513	9	87833564	87833565	+	-	DEL	cna113	minor	sim58	Eso-AdenoCa
9	71109388	71109389	9	71119390	71119391	+	+	h2hINV	cna113	major	sim58	Eso-AdenoCa
9	121353393	121353394	9	141193757	141193758	-	+	DUP	cna115	major	sim58	Eso-AdenoCa
9	130136388	130136389	9	130146399	130146400	-	-	t2tINV	cna115	minor	sim58	Eso-AdenoCa
9	130183688	130183689	9	130193692	130193693	-	-	t2tINV	cna115	minor	sim58	Eso-AdenoCa
9	136111829	141193757	18	1142326	40848540	-	-	TRA	cna170,cna115	minor,minor	sim58	Eso-AdenoCa
9	141193758	141193759	9	141203597	141203598	-	+	DUP	cna116	major	sim58	Eso-AdenoCa
9	141203598	141203599	9	141213431	141213432	-	+	DUP	cna117	major	sim58	Eso-AdenoCa
10	1	2	10	48554284	48554285	-	+	DUP	cna118	major	sim58	Eso-AdenoCa
10	48554285	48554286	10	48934508	48934509	-	+	DUP	cna119	major	sim58	Eso-AdenoCa
10	48934509	65269858	12	110086104	113118200	+	-	TRA	cna120,cna139	major,major	sim58	Eso-AdenoCa
10	48934509	67414558	17	5738551	6863437	+	-	TRA	cna120,cna166	major,major	sim58	Eso-AdenoCa
10	53318857	53318858	10	53338869	53338870	+	+	h2hINV	cna120	major	sim58	Eso-AdenoCa
10	68276957	79027559	X	1	5619928	-	+	TRA	cna120,cna186	major,minor	sim58	Eso-AdenoCa
10	72313657	72313658	10	125407670	125407671	+	+	h2hINV	cna120	minor	sim58	Eso-AdenoCa
10	79027560	79027561	10	89689897	89689898	-	+	DUP	cna121	major	sim58	Eso-AdenoCa
10	79027560	79027561	10	89689897	89689898	+	-	DEL	cna121	minor	sim58	Eso-AdenoCa
10	89689898	89689899	10	89766658	89766659	-	+	DUP	cna122	major	sim58	Eso-AdenoCa
10	89766659	89766660	10	104041916	104041917	-	+	DUP	cna123	major	sim58	Eso-AdenoCa
10	104041917	104041918	10	134413033	134413034	-	+	DUP	cna124	major	sim58	Eso-AdenoCa
10	104041917	104041918	10	134413033	134413034	-	+	DUP	cna124	minor	sim58	Eso-AdenoCa
10	134413034	134413035	10	135534747	135534748	-	+	DUP	cna125	major	sim58	Eso-AdenoCa
11	1	2	11	29745910	29745911	-	+	DUP	cna126	major	sim58	Eso-AdenoCa
11	1	2	11	29745910	29745911	+	-	DEL	cna126	minor	sim58	Eso-AdenoCa
11	29745911	29745912	11	29917938	29917939	-	+	DUP	cna127	major	sim58	Eso-AdenoCa
11	29745911	29745912	11	29917938	29917939	-	+	DUP	cna127	minor	sim58	Eso-AdenoCa
11	29917939	29917940	11	33262594	33262595	+	-	DEL	cna128	minor	sim58	Eso-AdenoCa
11	33262595	33262596	11	43662636	43662637	-	+	DUP	cna129	major	sim58	Eso-AdenoCa
11	43662637	43662638	11	61140933	61140934	-	+	DUP	cna130	major	sim58	Eso-AdenoCa
11	43662637	43662638	11	61140933	61140934	+	-	DEL	cna130	minor	sim58	Eso-AdenoCa
11	61140934	61140935	11	61459557	61459558	-	+	DUP	cna131	major	sim58	Eso-AdenoCa
11	61140934	61140935	11	61459557	61459558	+	-	DEL	cna131	minor	sim58	Eso-AdenoCa
11	61166310	61166311	11	61176377	61176378	-	-	t2tINV	cna131	major	sim58	Eso-AdenoCa
11	61459558	61459559	11	135006516	135006517	-	+	DUP	cna132	major	sim58	Eso-AdenoCa
11	61459558	61459559	11	135006516	135006517	+	-	DEL	cna132	minor	sim58	Eso-AdenoCa
11	71625010	71625011	11	71635019	71635020	+	+	h2hINV	cna132	major	sim58	Eso-AdenoCa
11	77423610	77423611	11	109152869	109152870	-	-	t2tINV	cna132	major	sim58	Eso-AdenoCa
11	109753810	109753811	11	127695121	127695122	+	+	h2hINV	cna132	major	sim58	Eso-AdenoCa
11	114936910	114936911	11	126543863	126543864	-	-	t2tINV	cna132	major	sim58	Eso-AdenoCa
12	1	2	12	45335091	45335092	-	+	DUP	cna133	major	sim58	Eso-AdenoCa
12	14679994	45335091	15	1	498654	-	+	TRA	cna133,cna160	major,minor	sim58	Eso-AdenoCa
12	45335092	45335093	12	66984365	66984366	-	+	DUP	cna134	major	sim58	Eso-AdenoCa
12	45335092	45335093	12	66984365	66984366	-	+	DUP	cna134	minor	sim58	Eso-AdenoCa
12	60533294	60533295	12	60543302	60543303	+	+	h2hINV	cna134	minor	sim58	Eso-AdenoCa
12	66984366	66984367	12	76336768	76336769	-	+	DUP	cna135	major	sim58	Eso-AdenoCa
12	67386294	67386295	12	70235174	70235175	-	-	t2tINV	cna135	minor	sim58	Eso-AdenoCa
12	74331294	74331295	12	83178336	83178337	+	+	h2hINV	cna135	minor	sim58	Eso-AdenoCa
12	76336769	76336770	12	76366044	76366045	-	+	DUP	cna136	major	sim58	Eso-AdenoCa
12	76336769	76336770	12	76366044	76366045	+	-	DEL	cna136	minor	sim58	Eso-AdenoCa
12	76366045	76366046	12	107899435	107899436	-	+	DUP	cna137	major	sim58	Eso-AdenoCa
12	76366045	86924495	18	42356408	48037340	+	+	TRA	cna137,cna173	minor,minor	sim58	Eso-AdenoCa
12	107899436	107899437	12	108211637	108211638	+	-	DEL	cna138	minor	sim58	Eso-AdenoCa
12	108211638	108211639	12	113118200	113118201	-	+	DUP	cna139	major	sim58	Eso-AdenoCa
12	108211638	108211639	12	113118200	113118201	+	-	DEL	cna139	minor	sim58	Eso-AdenoCa
12	113118201	113118202	12	113330922	113330923	-	+	DUP	cna140	major	sim58	Eso-AdenoCa
12	113330923	113330924	12	130248124	130248125	+	-	DEL	cna141	major	sim58	Eso-AdenoCa
12	113330923	113330924	12	130248124	130248125	+	-	DEL	cna141	minor	sim58	Eso-AdenoCa
12	130248125	130248126	12	133396857	133396858	-	+	DUP	cna142	major	sim58	Eso-AdenoCa
12	133396858	133396859	12	133851895	133851896	+	-	DEL	cna143	minor	sim58	Eso-AdenoCa
13	1	2	13	73969024	73969025	-	+	DUP	cna144	major	sim58	Eso-AdenoCa
13	38836499	73969024	15	51423071	61812243	-	+	TRA	cna144,cna162	major,minor	sim58	Eso-AdenoCa
13	39511899	39511900	13	42931253	42931254	+	+	h2hINV	cna144	minor	sim58	Eso-AdenoCa
13	73969025	73969026	13	99055412	99055413	+	-	DEL	cna145	minor	sim58	Eso-AdenoCa
13	99055413	99055414	13	99168695	99168696	-	+	DUP	cna146	major	sim58	Eso-AdenoCa
13	100201618	100201619	13	100263146	100263147	+	-	DEL	cna148	minor	sim58	Eso-AdenoCa
13	100263147	100263148	13	100324131	100324132	-	+	DUP	cna149	major	sim58	Eso-AdenoCa
13	100324132	100324133	13	101277931	101277932	-	+	DUP	cna150	major	sim58	Eso-AdenoCa
13	100324132	100324133	13	101277931	101277932	-	+	DUP	cna150	minor	sim58	Eso-AdenoCa
13	101277932	101277933	13	104851803	104851804	+	-	DEL	cna151	minor	sim58	Eso-AdenoCa
13	104851804	104851805	13	105887693	105887694	-	+	DUP	cna152	major	sim58	Eso-AdenoCa
13	105887694	105887695	13	105931630	105931631	-	+	DUP	cna153	major	sim58	Eso-AdenoCa
13	105887694	105887695	13	105931630	105931631	+	-	DEL	cna153	minor	sim58	Eso-AdenoCa
13	105931631	105931632	13	114433498	114433499	-	+	DUP	cna154	major	sim58	Eso-AdenoCa
13	114433499	114433500	13	114485876	114485877	-	+	DUP	cna155	major	sim58	Eso-AdenoCa
13	114433499	114433500	13	114485876	114485877	-	+	DUP	cna155	minor	sim58	Eso-AdenoCa
13	114485877	114485878	13	115169878	115169879	+	-	DEL	cna156	minor	sim58	Eso-AdenoCa
14	1	2	14	103688558	103688559	-	+	DUP	cna157	major	sim58	Eso-AdenoCa
14	1	2	14	103688558	103688559	-	+	DUP	cna157	minor	sim58	Eso-AdenoCa
14	42736521	42736522	14	42910393	42910394	+	+	h2hINV	cna157	minor	sim58	Eso-AdenoCa
14	48122821	48122822	14	48132827	48132828	+	+	h2hINV	cna157	major	sim58	Eso-AdenoCa
14	57452021	57452022	14	58286601	58286602	-	-	t2tINV	cna157	major	sim58	Eso-AdenoCa
14	103688559	103688560	14	104780191	104780192	-	+	DUP	cna158	major	sim58	Eso-AdenoCa
14	104780192	104780193	14	107349540	107349541	-	+	DUP	cna159	major	sim58	Eso-AdenoCa
15	1	2	15	39843294	39843295	-	+	DUP	cna160	major	sim58	Eso-AdenoCa
15	39843295	39843296	15	51423070	51423071	+	-	DEL	cna161	minor	sim58	Eso-AdenoCa
15	43514081	43514082	15	66828756	66828757	+	+	h2hINV	cna161	major	sim58	Eso-AdenoCa
15	51423071	51423072	15	101814666	101814667	-	+	DUP	cna162	major	sim58	Eso-AdenoCa
15	51423071	51423072	15	101814666	101814667	+	-	DEL	cna162	minor	sim58	Eso-AdenoCa
15	71963081	71963082	15	79809002	79809003	+	+	h2hINV	cna162	major	sim58	Eso-AdenoCa
15	78079581	101814666	20	1	36914381	-	+	TRA	cna162,cna179	major,major	sim58	Eso-AdenoCa
15	101814667	101814668	15	102531392	102531393	+	-	DEL	cna163	minor	sim58	Eso-AdenoCa
16	46752489	46752490	16	46762493	46762494	+	+	h2hINV	cna164	major	sim58	Eso-AdenoCa
16	78304689	78304690	16	89121917	89121918	-	-	t2tINV	cna164	major	sim58	Eso-AdenoCa
17	1993815	1993816	17	6863437	6863438	-	+	DUP	cna166	major	sim58	Eso-AdenoCa
17	1993815	1993816	17	6863437	6863438	+	-	DEL	cna166	minor	sim58	Eso-AdenoCa
17	6863438	6863439	17	71352653	71352654	+	-	DEL	cna167	minor	sim58	Eso-AdenoCa
17	40677436	40677437	17	40687445	40687446	+	+	h2hINV	cna167	major	sim58	Eso-AdenoCa
17	48477636	48477637	17	63496760	63496761	+	+	h2hINV	cna167	major	sim58	Eso-AdenoCa
17	71352654	71352655	17	81079119	81079120	-	+	DUP	cna168	major	sim58	Eso-AdenoCa
17	81079120	81079121	17	81195210	81195211	-	+	DUP	cna169	major	sim58	Eso-AdenoCa
17	81079120	81079121	17	81195210	81195211	+	-	DEL	cna169	minor	sim58	Eso-AdenoCa
18	1	2	18	40848540	40848541	-	+	DUP	cna170	major	sim58	Eso-AdenoCa
18	24287826	24287827	18	75067514	75067515	-	-	t2tINV	cna177	minor	sim58	Eso-AdenoCa
18	40848541	40848542	18	42253373	42253374	+	-	DEL	cna171	major	sim58	Eso-AdenoCa
18	40848541	40848542	18	42253373	42253374	+	-	DEL	cna171	minor	sim58	Eso-AdenoCa
18	42253374	42253375	18	42356407	42356408	-	+	DUP	cna172	major	sim58	Eso-AdenoCa
18	42356408	42356409	18	56383754	56383755	-	+	DUP	cna173	major	sim58	Eso-AdenoCa
18	42356408	42356409	18	56383754	56383755	-	+	DUP	cna173	minor	sim58	Eso-AdenoCa
18	56383755	56383756	18	56698590	56698591	-	+	DUP	cna174	major	sim58	Eso-AdenoCa
18	56383755	56383756	18	56698590	56698591	-	+	DUP	cna174	minor	sim58	Eso-AdenoCa
18	56698591	56698592	18	58929569	58929570	-	+	DUP	cna175	major	sim58	Eso-AdenoCa
18	56698591	56698592	18	58929569	58929570	-	+	DUP	cna175	minor	sim58	Eso-AdenoCa
18	58929570	58929571	18	58983235	58983236	-	+	DUP	cna176	major	sim58	Eso-AdenoCa
18	58929570	58929571	18	58983235	58983236	+	-	DEL	cna176	minor	sim58	Eso-AdenoCa
18	58983236	58983237	18	78077248	78077249	-	+	DUP	cna177	major	sim58	Eso-AdenoCa
18	58983236	58983237	18	78077248	78077249	-	+	DUP	cna177	minor	sim58	Eso-AdenoCa
19	1355178	1355179	19	7574370	7574371	-	-	t2tINV	cna178	minor	sim58	Eso-AdenoCa
19	7827078	7827079	19	16604500	16604501	-	-	t2tINV	cna178	major	sim58	Eso-AdenoCa
19	45526878	45526879	19	45536883	45536884	+	+	h2hINV	cna178	major	sim58	Eso-AdenoCa
19	54195778	59128983	X	130262887	155270560	-	-	TRA	cna178,cna206	minor,major	sim58	Eso-AdenoCa
20	1	2	20	63025520	63025521	-	+	DUP	cna179	major	sim58	Eso-AdenoCa
20	1	45088696	X	35558328	49559575	+	+	TRA	cna179,cna190	major,minor	sim58	Eso-AdenoCa
20	17363195	17363196	20	17373203	17373204	-	-	t2tINV	cna179	minor	sim58	Eso-AdenoCa
20	31762395	31762396	20	37921825	37921826	+	+	h2hINV	cna179	minor	sim58	Eso-AdenoCa
20	32173395	32173396	20	32183399	32183400	+	+	h2hINV	cna179	minor	sim58	Eso-AdenoCa
20	49172895	49172896	20	54679193	54679194	+	+	h2hINV	cna179	major	sim58	Eso-AdenoCa
20	55510295	55510296	20	58281089	58281090	+	+	h2hINV	cna179	major	sim58	Eso-AdenoCa
21	1	2	21	48129895	48129896	-	+	DUP	cna180	major	sim58	Eso-AdenoCa
21	27244075	27244076	21	38765216	38765217	+	+	h2hINV	cna180	minor	sim58	Eso-AdenoCa
22	1	2	22	13347712	13347713	-	+	DUP	cna181	major	sim58	Eso-AdenoCa
22	13347713	13347714	22	13359911	13359912	-	+	DUP	cna182	major	sim58	Eso-AdenoCa
22	13347713	13347714	22	13359911	13359912	-	+	DUP	cna182	minor	sim58	Eso-AdenoCa
22	13359912	13359913	22	51173720	51173721	+	-	DEL	cna183	major	sim58	Eso-AdenoCa
22	13359912	13359913	22	51173720	51173721	+	-	DEL	cna183	minor	sim58	Eso-AdenoCa
22	51173721	51173722	22	51255815	51255816	-	+	DUP	cna184	major	sim58	Eso-AdenoCa
22	51173721	51173722	22	51255815	51255816	-	+	DUP	cna184	minor	sim58	Eso-AdenoCa
22	51255816	51255817	22	51304566	51304567	-	+	DUP	cna185	major	sim58	Eso-AdenoCa
22	51255816	51255817	22	51304566	51304567	-	+	DUP	cna185	minor	sim58	Eso-AdenoCa
X	1	2	X	20392987	20392988	-	+	DUP	cna186	major	sim58	Eso-AdenoCa
X	1	2	X	20392987	20392988	+	-	DEL	cna186	minor	sim58	Eso-AdenoCa
X	20392988	20392989	X	23334710	23334711	+	-	DEL	cna187	major	sim58	Eso-AdenoCa
X	20392988	20392989	X	23334710	23334711	+	-	DEL	cna187	minor	sim58	Eso-AdenoCa
X	23334711	23334712	X	34408659	34408660	-	+	DUP	cna188	major	sim58	Eso-AdenoCa
X	23334711	23334712	X	34408659	34408660	-	+	DUP	cna188	minor	sim58	Eso-AdenoCa
X	34408660	34408661	X	35558327	35558328	-	+	DUP	cna189	major	sim58	Eso-AdenoCa
X	35558328	35558329	X	97633775	97633776	+	-	DEL	cna190	minor	sim58	Eso-AdenoCa
X	97633776	97633777	X	97875274	97875275	-	+	DUP	cna191	major	sim58	Eso-AdenoCa
X	97875275	97875276	X	101051598	101051599	+	-	DEL	cna192	minor	sim58	Eso-AdenoCa
X	101051599	101051600	X	101131550	101131551	-	+	DUP	cna193	major	sim58	Eso-AdenoCa
X	101051599	101051600	X	101131550	101131551	-	+	DUP	cna193	minor	sim58	Eso-AdenoCa
X	101131551	101131552	X	101141107	101141108	-	+	DUP	cna194	major	sim58	Eso-AdenoCa
X	101131551	101131552	X	101141107	101141108	-	+	DUP	cna194	minor	sim58	Eso-AdenoCa
X	101141108	101141109	X	102851503	102851504	-	+	DUP	cna195	major	sim58	Eso-AdenoCa
X	102851504	102851505	X	103013690	103013691	+	-	DEL	cna196	minor	sim58	Eso-AdenoCa
X	103013691	103013692	X	103429216	103429217	-	+	DUP	cna197	major	sim58	Eso-AdenoCa
X	103013691	103013692	X	103429216	103429217	-	+	DUP	cna197	minor	sim58	Eso-AdenoCa
X	103429217	103429218	X	103472178	103472179	+	-	DEL	cna198	minor	sim58	Eso-AdenoCa
X	103472179	103472180	X	103618763	103618764	-	+	DUP	cna199	major	sim58	Eso-AdenoCa
X	103618764	103618765	X	121168537	121168538	+	-	DEL	cna200	minor	sim58	Eso-AdenoCa
X	108503814	108503815	X	114897389	114897390	+	+	h2hINV	cna200	major	sim58	Eso-AdenoCa
X	121168538	121168539	X	123000432	123000433	-	+	DUP	cna201	major	sim58	Eso-AdenoCa
X	123000433	123000434	X	123009996	123009997	-	+	DUP	cna202	major	sim58	Eso-AdenoCa
X	123009997	123009998	X	125493846	125493847	-	+	DUP	cna203	major	sim58	Eso-AdenoCa
X	125493847	125493848	X	125639843	125639844	-	+	DUP	cna204	major	sim58	Eso-AdenoCa
X	125639844	125639845	X	128839039	128839040	-	+	DUP	cna205	major	sim58	Eso-AdenoCa
X	128839040	128839041	X	155270560	155270561	-	+	DUP	cna206	major	sim58	Eso-AdenoCa
X	128839040	128839041	X	155270560	155270561	+	-	DEL	cna206	minor	sim58	Eso-AdenoCa
X	147044014	147044015	X	148187104	148187105	+	+	h2hINV	cna206	major	sim58	Eso-AdenoCa
