chrom	start	end	major_cn	minor_cn	donor_id	study	id
1	1	5851744	3	2	sim16	Liver-HCC	cna0
1	5851745	21799725	1	0	sim16	Liver-HCC	cna1
1	21799726	22389253	2	1	sim16	Liver-HCC	cna2
1	22389254	209840691	1	0	sim16	Liver-HCC	cna3
1	209840692	224012647	2	2	sim16	Liver-HCC	cna4
1	224012648	226376887	2	1	sim16	Liver-HCC	cna5
1	226376888	226904760	2	2	sim16	Liver-HCC	cna6
1	226904761	227021259	2	1	sim16	Liver-HCC	cna7
1	227021260	249250621	1	0	sim16	Liver-HCC	cna8
2	1	235016037	2	1	sim16	Liver-HCC	cna9
2	235016038	243099222	1	0	sim16	Liver-HCC	cna10
2	243099223	243199373	2	1	sim16	Liver-HCC	cna11
3	1	182742436	2	1	sim16	Liver-HCC	cna12
3	182742437	196391263	1	0	sim16	Liver-HCC	cna13
3	196391264	198022430	2	1	sim16	Liver-HCC	cna14
4	1	142314027	2	1	sim16	Liver-HCC	cna15
4	142314028	145758418	3	1	sim16	Liver-HCC	cna16
4	145758419	146442211	1	0	sim16	Liver-HCC	cna17
4	146442212	191154276	2	2	sim16	Liver-HCC	cna18
5	1	180915260	3	2	sim16	Liver-HCC	cna19
6	1	118936099	2	1	sim16	Liver-HCC	cna20
6	118936100	120390187	2	2	sim16	Liver-HCC	cna21
6	120390188	120590656	1	0	sim16	Liver-HCC	cna22
6	120590657	171091077	2	2	sim16	Liver-HCC	cna23
6	171091078	171115067	2	0	sim16	Liver-HCC	cna24
7	1	149053378	2	1	sim16	Liver-HCC	cna25
7	149053379	158723853	2	2	sim16	Liver-HCC	cna26
7	158723854	159138663	1	0	sim16	Liver-HCC	cna27
8	1	137201031	1	0	sim16	Liver-HCC	cna28
8	137201032	146364022	4	1	sim16	Liver-HCC	cna29
9	1	1695368	2	0	sim16	Liver-HCC	cna30
9	1695369	5415592	1	1	sim16	Liver-HCC	cna31
9	5415593	47743972	4	1	sim16	Liver-HCC	cna32
9	47743973	69409349	1	0	sim16	Liver-HCC	cna33
9	69409350	141213431	2	2	sim16	Liver-HCC	cna34
10	1	135534747	1	0	sim16	Liver-HCC	cna35
11	1	37315167	2	1	sim16	Liver-HCC	cna36
11	37315168	37507548	3	0	sim16	Liver-HCC	cna37
11	37507549	134888401	1	0	sim16	Liver-HCC	cna38
11	134888402	134913331	7	1	sim16	Liver-HCC	cna39
11	134913332	135006516	3	2	sim16	Liver-HCC	cna40
12	1	78193570	2	1	sim16	Liver-HCC	cna41
12	78193571	133851895	1	0	sim16	Liver-HCC	cna42
13	1	115169878	2	0	sim16	Liver-HCC	cna43
14	1	28695776	2	0	sim16	Liver-HCC	cna44
14	28695777	107349540	2	1	sim16	Liver-HCC	cna45
15	1	102531392	1	1	sim16	Liver-HCC	cna46
16	1	90354753	2	2	sim16	Liver-HCC	cna47
17	1	70693237	2	2	sim16	Liver-HCC	cna48
17	70693238	81195210	2	1	sim16	Liver-HCC	cna49
18	1	37958161	2	1	sim16	Liver-HCC	cna50
18	37958162	78077248	3	2	sim16	Liver-HCC	cna51
19	1	44879157	1	0	sim16	Liver-HCC	cna52
19	44879158	58852399	4	2	sim16	Liver-HCC	cna53
19	58852400	59128983	1	1	sim16	Liver-HCC	cna54
20	1	213509	2	1	sim16	Liver-HCC	cna55
20	213510	63025520	3	2	sim16	Liver-HCC	cna56
21	1	48129895	2	0	sim16	Liver-HCC	cna57
22	1	47934820	2	1	sim16	Liver-HCC	cna58
22	47934821	51304566	6	1	sim16	Liver-HCC	cna59
X	1	44574463	2	2	sim16	Liver-HCC	cna60
X	44574464	155270560	2	1	sim16	Liver-HCC	cna61
