chrom1	start1	end1	chrom2	start2	end2	strand1	strand2	svclass	id	allele	donor_id	tumor
1	216824216	249250621	10	1	86678458	-	+	TRA	cna24,cna0	major,major	sim66	Liver-HCC
1	243716769	249250621	X	1	12877415	-	+	TRA	cna52,cna0	major,minor	sim66	Liver-HCC
2	1347381	119903907	17	56585236	81195210	-	-	TRA	cna38,cna1	major,minor	sim66	Liver-HCC
2	119903908	119903909	2	135208948	135208949	-	+	DUP	cna2	major	sim66	Liver-HCC
2	119903908	119903909	2	135208948	135208949	+	-	DEL	cna2	minor	sim66	Liver-HCC
3	71893786	71893787	3	91190654	91190655	+	-	DEL	cna5	minor	sim66	Liver-HCC
3	91190655	91190656	3	91202464	91202465	-	+	DUP	cna6	major	sim66	Liver-HCC
3	106177106	106177107	3	143382116	143382117	-	-	t2tINV	cna7	minor	sim66	Liver-HCC
5	13250500	180915260	X	155240114	155252030	-	+	TRA	cna9,cna56	major,minor	sim66	Liver-HCC
7	48679200	48679201	7	48724786	48724787	+	-	DEL	cna12	major	sim66	Liver-HCC
7	48679200	48679201	7	48724786	48724787	+	-	DEL	cna12	minor	sim66	Liver-HCC
8	121019399	121019400	8	121032893	121032894	-	+	DUP	cna15	major	sim66	Liver-HCC
8	123138083	123138084	8	125033563	125033564	-	+	DUP	cna17	major	sim66	Liver-HCC
8	123138083	123138084	8	125033563	125033564	-	+	DUP	cna17	minor	sim66	Liver-HCC
8	125033564	125033565	8	146364022	146364023	-	+	DUP	cna18	major	sim66	Liver-HCC
8	125033564	125033565	8	146364022	146364023	+	-	DEL	cna18	minor	sim66	Liver-HCC
9	69989036	69989037	9	70092692	70092693	-	+	DUP	cna20	major	sim66	Liver-HCC
9	69989036	69989037	9	70092692	70092693	+	-	DEL	cna20	minor	sim66	Liver-HCC
9	139604752	139604753	9	141140377	141140378	-	+	DUP	cna22	major	sim66	Liver-HCC
11	35058087	35058088	11	35100134	35100135	+	-	DEL	cna26	minor	sim66	Liver-HCC
11	35100135	35100136	11	46367952	46367953	-	+	DUP	cna27	major	sim66	Liver-HCC
12	1	48817895	Y	3085273	59373566	+	-	TRA	cna29,cna57	minor,major	sim66	Liver-HCC
14	65109658	65109659	14	76036730	76036731	-	+	DUP	cna32	major	sim66	Liver-HCC
14	76036731	76036732	14	96574326	96574327	-	+	DUP	cna33	major	sim66	Liver-HCC
14	76036731	76036732	14	96574326	96574327	-	+	DUP	cna33	minor	sim66	Liver-HCC
14	96574327	96574328	14	97129366	97129367	-	+	DUP	cna34	major	sim66	Liver-HCC
14	96574327	96574328	14	97129366	97129367	+	-	DEL	cna34	minor	sim66	Liver-HCC
18	77871295	77871296	18	78077248	78077249	-	+	DUP	cna40	major	sim66	Liver-HCC
19	36176980	36176981	19	47995242	47995243	-	+	DUP	cna42	major	sim66	Liver-HCC
19	47995243	47995244	19	51059641	51059642	+	-	DEL	cna43	minor	sim66	Liver-HCC
19	57203592	57203593	19	59128983	59128984	-	+	DUP	cna45	major	sim66	Liver-HCC
19	57203592	57203593	19	59128983	59128984	-	+	DUP	cna45	minor	sim66	Liver-HCC
21	36087822	36087823	21	38198980	38198981	-	+	DUP	cna48	major	sim66	Liver-HCC
21	38198981	38198982	21	48129895	48129896	-	+	DUP	cna49	major	sim66	Liver-HCC
22	1	2	22	50881240	50881241	-	+	DUP	cna50	major	sim66	Liver-HCC
22	50881241	50881242	22	51304566	51304567	-	+	DUP	cna51	major	sim66	Liver-HCC
X	1	2	X	105405670	105405671	-	+	DUP	cna52	major	sim66	Liver-HCC
X	1	2	X	105405670	105405671	-	+	DUP	cna52	minor	sim66	Liver-HCC
X	105405671	105405672	X	135876390	135876391	+	-	DEL	cna53	minor	sim66	Liver-HCC
X	135876391	135876392	X	153292740	153292741	-	+	DUP	cna54	major	sim66	Liver-HCC
X	153292741	153292742	X	155240113	155240114	+	-	DEL	cna55	minor	sim66	Liver-HCC
