chrom1	start1	end1	chrom2	start2	end2	strand1	strand2	svclass	id	allele	donor_id	tumor
1	1	2	1	14786396	14786397	-	+	DUP	cna0	major	sim27	Liver-HCC
1	1	2	1	14786396	14786397	+	-	DEL	cna0	minor	sim27	Liver-HCC
1	193113925	193113926	1	207429047	207429048	-	+	DUP	cna2	major	sim27	Liver-HCC
2	1	2	2	98999854	98999855	-	+	DUP	cna4	major	sim27	Liver-HCC
2	1	2	2	98999854	98999855	+	-	DEL	cna4	minor	sim27	Liver-HCC
2	98999855	98999856	2	243199373	243199374	-	+	DUP	cna5	major	sim27	Liver-HCC
3	1	80828807	4	1	170125894	+	+	TRA	cna6,cna7	minor,major	sim27	Liver-HCC
3	1	84342124	13	55367699	85551460	+	-	TRA	cna25,cna6	major,major	sim27	Liver-HCC
3	83770406	83770407	3	92234819	92234820	-	-	t2tINV	cna6	minor	sim27	Liver-HCC
4	26924158	191154276	7	1	69234574	-	+	TRA	cna14,cna7	minor,major	sim27	Liver-HCC
4	91431876	91431877	4	91618652	91618653	-	-	t2tINV	cna7	major	sim27	Liver-HCC
5	175761990	175761991	5	180915260	180915261	-	+	DUP	cna9	major	sim27	Liver-HCC
6	76342787	76342788	6	87514427	87514428	-	+	DUP	cna11	major	sim27	Liver-HCC
6	76342787	76342788	6	87514427	87514428	+	-	DEL	cna11	minor	sim27	Liver-HCC
6	170660286	170660287	6	171115067	171115068	-	+	DUP	cna13	major	sim27	Liver-HCC
6	170660286	170660287	6	171115067	171115068	-	+	DUP	cna13	minor	sim27	Liver-HCC
7	78664449	78664450	7	86534680	86534681	+	-	DEL	cna15	minor	sim27	Liver-HCC
7	155107970	155107971	7	159138663	159138664	-	+	DUP	cna17	major	sim27	Liver-HCC
7	155107970	155107971	7	159138663	159138664	-	+	DUP	cna17	minor	sim27	Liver-HCC
8	64172513	146364022	20	5707665	8749296	-	+	TRA	cna40,cna18	minor,major	sim27	Liver-HCC
9	1	129675489	17	51686289	52615266	+	+	TRA	cna19,cna32	major,minor	sim27	Liver-HCC
9	16339188	16339189	9	16349192	16349193	-	-	t2tINV	cna19	minor	sim27	Liver-HCC
10	121040553	121040554	10	135511646	135511647	+	-	DEL	cna21	minor	sim27	Liver-HCC
10	135511647	135511648	10	135534747	135534748	-	+	DUP	cna22	major	sim27	Liver-HCC
10	135511647	135511648	10	135534747	135534748	+	-	DEL	cna22	minor	sim27	Liver-HCC
13	1	2	13	85551460	85551461	-	+	DUP	cna25	major	sim27	Liver-HCC
13	1	2	13	85551460	85551461	-	+	DUP	cna25	minor	sim27	Liver-HCC
13	85551461	85551462	13	115169878	115169879	+	-	DEL	cna26	minor	sim27	Liver-HCC
14	1	2	14	107349540	107349541	+	-	DEL	cna27	minor	sim27	Liver-HCC
15	1	2	15	102531392	102531393	+	-	DEL	cna28	minor	sim27	Liver-HCC
17	18266203	18266204	17	51686288	51686289	-	+	DUP	cna31	major	sim27	Liver-HCC
17	61455380	61455381	17	65180043	65180044	-	+	DUP	cna33	major	sim27	Liver-HCC
17	65180044	65180045	17	65793292	65793293	+	-	DEL	cna34	minor	sim27	Liver-HCC
17	65793293	65793294	17	65841555	65841556	-	+	DUP	cna35	major	sim27	Liver-HCC
17	65793293	65793294	17	65841555	65841556	-	+	DUP	cna35	minor	sim27	Liver-HCC
18	1	2	18	78077248	78077249	-	+	DUP	cna37	major	sim27	Liver-HCC
20	1	2	20	5707664	5707665	-	+	DUP	cna39	major	sim27	Liver-HCC
20	5707665	5707666	20	11460254	11460255	-	+	DUP	cna40	major	sim27	Liver-HCC
20	5707665	5707666	20	11460254	11460255	-	+	DUP	cna40	minor	sim27	Liver-HCC
20	11460255	11460256	20	12119352	12119353	-	+	DUP	cna41	major	sim27	Liver-HCC
20	12119353	12119354	20	58361862	58361863	-	+	DUP	cna42	major	sim27	Liver-HCC
20	12119353	12119354	20	58361862	58361863	-	+	DUP	cna42	minor	sim27	Liver-HCC
20	58361863	58361864	20	58432761	58432762	-	+	DUP	cna43	major	sim27	Liver-HCC
20	58432762	58432763	20	61209998	61209999	+	-	DEL	cna44	minor	sim27	Liver-HCC
20	61209999	61210000	20	63025520	63025521	-	+	DUP	cna45	major	sim27	Liver-HCC
21	1	2	21	48129895	48129896	-	+	DUP	cna46	major	sim27	Liver-HCC
22	1	2	22	51304566	51304567	-	+	DUP	cna47	major	sim27	Liver-HCC
22	22547580	22547581	22	22557590	22557591	-	-	t2tINV	cna47	major	sim27	Liver-HCC
