chrom	start	end	major_cn	minor_cn	donor_id	study	id
1	1	16106283	2	2	sim81	Liver-HCC	cna0
1	16106284	131017695	1	1	sim81	Liver-HCC	cna1
1	131017696	141216113	1	0	sim81	Liver-HCC	cna2
1	141216114	144638195	2	2	sim81	Liver-HCC	cna3
1	144638196	249250621	1	1	sim81	Liver-HCC	cna4
2	1	243199373	1	1	sim81	Liver-HCC	cna5
3	1	198022430	1	1	sim81	Liver-HCC	cna6
4	1	36821491	1	1	sim81	Liver-HCC	cna7
4	36821492	37350730	2	2	sim81	Liver-HCC	cna8
4	37350731	183983334	1	1	sim81	Liver-HCC	cna9
4	183983335	189859451	2	2	sim81	Liver-HCC	cna10
4	189859452	189888077	1	1	sim81	Liver-HCC	cna11
4	189888078	191154276	2	2	sim81	Liver-HCC	cna12
5	1	180915260	1	1	sim81	Liver-HCC	cna13
6	1	13668162	4	1	sim81	Liver-HCC	cna14
6	13668163	171115067	1	1	sim81	Liver-HCC	cna15
7	1	158730471	1	1	sim81	Liver-HCC	cna16
7	158730472	159091618	2	1	sim81	Liver-HCC	cna17
7	159091619	159138663	2	0	sim81	Liver-HCC	cna18
8	1	146364022	1	1	sim81	Liver-HCC	cna19
9	1	141213431	1	1	sim81	Liver-HCC	cna20
10	1	135174253	2	2	sim81	Liver-HCC	cna21
10	135174254	135534747	1	0	sim81	Liver-HCC	cna22
11	1	53918145	2	2	sim81	Liver-HCC	cna23
11	53918146	135006516	1	1	sim81	Liver-HCC	cna24
12	1	133851895	1	1	sim81	Liver-HCC	cna25
13	1	16174720	2	1	sim81	Liver-HCC	cna26
13	16174721	115159975	1	1	sim81	Liver-HCC	cna27
13	115159976	115169878	2	1	sim81	Liver-HCC	cna28
14	1	107349540	1	1	sim81	Liver-HCC	cna29
15	1	97005258	1	1	sim81	Liver-HCC	cna30
15	97005259	102531392	3	1	sim81	Liver-HCC	cna31
16	1	90354753	1	1	sim81	Liver-HCC	cna32
17	1	45017047	1	1	sim81	Liver-HCC	cna33
17	45017048	81195210	2	2	sim81	Liver-HCC	cna34
18	1	78077248	1	1	sim81	Liver-HCC	cna35
19	1	59128983	2	0	sim81	Liver-HCC	cna36
20	1	62474839	2	0	sim81	Liver-HCC	cna37
20	62474840	63025520	1	0	sim81	Liver-HCC	cna38
21	1	46597342	3	0	sim81	Liver-HCC	cna39
21	46597343	47571648	2	1	sim81	Liver-HCC	cna40
21	47571649	48129895	2	2	sim81	Liver-HCC	cna41
22	1	51304566	2	1	sim81	Liver-HCC	cna42
X	1	151717026	2	1	sim81	Liver-HCC	cna43
X	151717027	155065193	2	2	sim81	Liver-HCC	cna44
X	155065194	155148997	3	2	sim81	Liver-HCC	cna45
X	155148998	155270560	1	1	sim81	Liver-HCC	cna46
Y	1	59373566	1	1	sim81	Liver-HCC	cna47
