chrom1	start1	end1	chrom2	start2	end2	strand1	strand2	svclass	id	allele	donor_id	tumor
1	1	2	1	1655916	1655917	+	-	DEL	cna0	minor	sim85	Liver-HCC
1	1655917	1655918	1	1796857	1796858	-	+	DUP	cna1	major	sim85	Liver-HCC
1	212499900	249250621	6	37846316	171115067	-	-	TRA	cna2,cna7	major,minor	sim85	Liver-HCC
2	1	158712521	X	7478514	38533741	+	-	TRA	cna29,cna3	major,major	sim85	Liver-HCC
2	47894079	47894080	2	70888647	70888648	+	+	h2hINV	cna3	minor	sim85	Liver-HCC
2	122036079	243199373	8	54704184	146364022	-	-	TRA	cna3,cna9	minor,major	sim85	Liver-HCC
9	1	2	9	69055912	69055913	-	+	DUP	cna10	major	sim85	Liver-HCC
11	1	2	11	132548044	132548045	+	-	DEL	cna13	minor	sim85	Liver-HCC
15	30751853	30751854	15	102531392	102531393	+	-	DEL	cna19	minor	sim85	Liver-HCC
17	79435502	79435503	17	81195210	81195211	-	+	DUP	cna22	major	sim85	Liver-HCC
17	79435502	79435503	17	81195210	81195211	-	+	DUP	cna22	minor	sim85	Liver-HCC
19	56086290	56086291	19	59128983	59128984	-	+	DUP	cna25	major	sim85	Liver-HCC
22	1	2	22	51304566	51304567	+	-	DEL	cna28	minor	sim85	Liver-HCC
X	1	2	X	38533741	38533742	+	-	DEL	cna29	minor	sim85	Liver-HCC
X	44377665	44377666	X	45753825	45753826	-	+	DUP	cna31	major	sim85	Liver-HCC
X	45753826	45753827	X	155092551	155092552	-	+	DUP	cna32	major	sim85	Liver-HCC
X	45753826	45753827	X	155092551	155092552	-	+	DUP	cna32	minor	sim85	Liver-HCC
X	155092552	155092553	X	155166908	155166909	-	+	DUP	cna33	major	sim85	Liver-HCC
X	155092552	155092553	X	155166908	155166909	-	+	DUP	cna33	minor	sim85	Liver-HCC
X	155166909	155166910	X	155270560	155270561	-	+	DUP	cna34	major	sim85	Liver-HCC
