chrom1	start1	end1	chrom2	start2	end2	strand1	strand2	svclass	id	allele	donor_id	tumor
1	1	2	1	13820168	13820169	-	+	DUP	cna0	major	sim70	Liver-HCC
1	1	2	1	13820168	13820169	+	-	DEL	cna0	minor	sim70	Liver-HCC
1	13995914	13995915	1	55037004	55037005	+	-	DEL	cna2	minor	sim70	Liver-HCC
1	53045300	53045301	1	53055310	53055311	-	-	t2tINV	cna2	major	sim70	Liver-HCC
1	55037005	55037006	1	59040549	59040550	-	+	DUP	cna3	major	sim70	Liver-HCC
1	58170200	58170201	1	62430385	62430386	+	+	h2hINV	cna3	major	sim70	Liver-HCC
1	59040550	59040551	1	59062900	59062901	-	+	DUP	cna4	major	sim70	Liver-HCC
1	59062901	71513859	15	76576681	102531392	+	-	TRA	cna40,cna5	major,major	sim70	Liver-HCC
2	130454084	130454085	2	192457193	192457194	-	+	DUP	cna7	major	sim70	Liver-HCC
2	130454084	130454085	2	192457193	192457194	+	-	DEL	cna7	minor	sim70	Liver-HCC
2	192457194	192457195	2	214742152	214742153	-	+	DUP	cna8	major	sim70	Liver-HCC
2	192457194	192457195	2	214742152	214742153	-	+	DUP	cna8	minor	sim70	Liver-HCC
2	210152679	214742152	9	34932043	132302857	-	-	TRA	cna8,cna29	minor,minor	sim70	Liver-HCC
2	214742153	214742154	2	238937423	238937424	-	+	DUP	cna9	major	sim70	Liver-HCC
3	1	2	3	62157942	62157943	+	-	DEL	cna11	minor	sim70	Liver-HCC
3	1	61724169	6	1	57215941	+	+	TRA	cna21,cna11	major,minor	sim70	Liver-HCC
3	82384706	82384707	3	114605741	114605742	+	+	h2hINV	cna12	major	sim70	Liver-HCC
3	114155106	169209848	13	1	98654613	-	+	TRA	cna12,cna38	major,minor	sim70	Liver-HCC
3	169209849	169209850	3	169426145	169426146	-	+	DUP	cna13	major	sim70	Liver-HCC
3	169426146	169426147	3	169539424	169539425	-	+	DUP	cna14	major	sim70	Liver-HCC
3	169426146	169426147	3	169539424	169539425	+	-	DEL	cna14	minor	sim70	Liver-HCC
3	169539425	169539426	3	188943454	188943455	+	-	DEL	cna15	minor	sim70	Liver-HCC
3	172904206	172904207	3	173583437	173583438	+	+	h2hINV	cna15	major	sim70	Liver-HCC
3	174068706	174068707	3	175811549	175811550	+	+	h2hINV	cna15	major	sim70	Liver-HCC
5	1	2	5	24027293	24027294	-	+	DUP	cna18	major	sim70	Liver-HCC
5	1243400	1243401	5	1253408	1253409	-	-	t2tINV	cna18	major	sim70	Liver-HCC
5	3786985	24027293	21	1	23392776	-	+	TRA	cna49,cna18	major,major	sim70	Liver-HCC
5	21064200	24027293	7	155324567	159138663	-	-	TRA	cna18,cna25	major,major	sim70	Liver-HCC
5	24027294	24027295	5	24925964	24925965	+	-	DEL	cna19	minor	sim70	Liver-HCC
5	133608305	180915260	12	87104194	133851895	-	-	TRA	cna37,cna20	major,major	sim70	Liver-HCC
6	1	2	6	146765251	146765252	-	+	DUP	cna21	major	sim70	Liver-HCC
6	1	137458841	11	70891788	135006516	+	-	TRA	cna21,cna36	major,minor	sim70	Liver-HCC
6	2808840	2808841	6	8408747	8408748	+	+	h2hINV	cna21	major	sim70	Liver-HCC
6	82180940	82180941	6	82190945	82190946	+	+	h2hINV	cna21	minor	sim70	Liver-HCC
6	91183840	91183841	6	91214072	91214073	+	+	h2hINV	cna21	minor	sim70	Liver-HCC
6	144126940	144126941	6	144171408	144171409	+	+	h2hINV	cna21	major	sim70	Liver-HCC
7	1	103292574	21	35439828	40515542	+	+	TRA	cna23,cna50	minor,minor	sim70	Liver-HCC
7	18598573	18598574	7	18882527	18882528	+	+	h2hINV	cna23	major	sim70	Liver-HCC
7	87268873	130319260	11	1	130927921	-	+	TRA	cna23,cna36	major,major	sim70	Liver-HCC
7	130319261	130319262	7	153035389	153035390	+	-	DEL	cna24	minor	sim70	Liver-HCC
8	95417062	95417063	8	141234935	141234936	-	+	DUP	cna27	major	sim70	Liver-HCC
8	95417062	95417063	8	141234935	141234936	-	+	DUP	cna27	minor	sim70	Liver-HCC
9	22581788	22581789	9	28039802	28039803	+	+	h2hINV	cna29	minor	sim70	Liver-HCC
9	99507688	99507689	9	99943524	99943525	-	-	t2tINV	cna29	major	sim70	Liver-HCC
9	132302858	132302859	9	137407622	137407623	-	+	DUP	cna30	major	sim70	Liver-HCC
9	138323750	138323751	9	141213431	141213432	+	-	DEL	cna32	minor	sim70	Liver-HCC
10	3126857	3126858	10	19783201	19783202	-	-	t2tINV	cna33	minor	sim70	Liver-HCC
10	15969357	64849909	15	1	58924624	-	+	TRA	cna33,cna40	major,major	sim70	Liver-HCC
10	64849910	64849911	10	64959558	64959559	+	-	DEL	cna34	minor	sim70	Liver-HCC
11	1	2	11	135006516	135006517	+	-	DEL	cna36	minor	sim70	Liver-HCC
11	41155610	41155611	11	41474713	41474714	+	+	h2hINV	cna36	major	sim70	Liver-HCC
11	72993310	72993311	11	73003320	73003321	+	+	h2hINV	cna36	major	sim70	Liver-HCC
11	83028410	83028411	11	83058597	83058598	+	+	h2hINV	cna36	major	sim70	Liver-HCC
12	1	2	12	133851895	133851896	+	-	DEL	cna37	minor	sim70	Liver-HCC
12	71091994	71091995	12	71101995	71101996	+	+	h2hINV	cna37	major	sim70	Liver-HCC
13	97065899	97065900	13	97127409	97127410	+	+	h2hINV	cna38	minor	sim70	Liver-HCC
15	71130581	71130582	15	91418827	91418828	-	-	t2tINV	cna40	major	sim70	Liver-HCC
16	77923989	77923990	16	77972068	77972069	-	-	t2tINV	cna41	major	sim70	Liver-HCC
17	15763836	15763837	17	15773841	15773842	+	+	h2hINV	cna42	major	sim70	Liver-HCC
18	27179726	27179727	18	29833901	29833902	+	+	h2hINV	cna43	major	sim70	Liver-HCC
18	50410326	50410327	18	61150506	61150507	-	-	t2tINV	cna43	minor	sim70	Liver-HCC
19	52223278	52223279	19	52233290	52233291	+	+	h2hINV	cna44	major	sim70	Liver-HCC
20	463595	463596	20	653384	653385	+	+	h2hINV	cna45	major	sim70	Liver-HCC
20	39308517	39308518	20	53567119	53567120	-	+	DUP	cna46	major	sim70	Liver-HCC
20	39308517	39308518	20	53567119	53567120	-	+	DUP	cna46	minor	sim70	Liver-HCC
20	53567120	53567121	20	55804488	55804489	-	+	DUP	cna47	major	sim70	Liver-HCC
21	1	2	21	35439827	35439828	+	-	DEL	cna49	minor	sim70	Liver-HCC
21	43792275	43792276	21	44148984	44148985	-	-	t2tINV	cna50	major	sim70	Liver-HCC
21	47980112	47980113	21	48129895	48129896	-	+	DUP	cna51	major	sim70	Liver-HCC
X	1	2	X	34146709	34146710	-	+	DUP	cna53	major	sim70	Liver-HCC
X	1	2	X	34146709	34146710	-	+	DUP	cna53	minor	sim70	Liver-HCC
X	34146710	34146711	X	34221372	34221373	-	+	DUP	cna54	major	sim70	Liver-HCC
X	34221373	34221374	X	42208843	42208844	-	+	DUP	cna55	major	sim70	Liver-HCC
X	34221373	34221374	X	42208843	42208844	-	+	DUP	cna55	minor	sim70	Liver-HCC
X	42208844	42208845	X	42219104	42219105	-	+	DUP	cna56	major	sim70	Liver-HCC
X	42219105	42219106	X	43596715	43596716	-	+	DUP	cna57	major	sim70	Liver-HCC
X	42219105	42219106	X	43596715	43596716	-	+	DUP	cna57	minor	sim70	Liver-HCC
X	43596716	43596717	X	43652467	43652468	+	-	DEL	cna58	minor	sim70	Liver-HCC
X	77270414	77270415	X	112689250	112689251	+	+	h2hINV	cna59	major	sim70	Liver-HCC
X	107581058	107581059	X	109111091	109111092	-	+	DUP	cna60	major	sim70	Liver-HCC
X	109111092	109111093	X	109276853	109276854	+	-	DEL	cna61	minor	sim70	Liver-HCC
X	110271303	110271304	X	110310283	110310284	+	-	DEL	cna63	minor	sim70	Liver-HCC
X	110310284	110310285	X	111888187	111888188	-	+	DUP	cna64	major	sim70	Liver-HCC
X	111986649	111986650	X	128011399	128011400	-	+	DUP	cna66	major	sim70	Liver-HCC
X	128021867	128021868	X	128082914	128082915	-	+	DUP	cna68	major	sim70	Liver-HCC
X	142675340	142675341	X	152415084	152415085	-	+	DUP	cna70	major	sim70	Liver-HCC
X	142675340	142675341	X	152415084	152415085	-	+	DUP	cna70	minor	sim70	Liver-HCC
X	152415085	152415086	X	155270560	155270561	-	+	DUP	cna71	major	sim70	Liver-HCC
X	152415085	152415086	X	155270560	155270561	-	+	DUP	cna71	minor	sim70	Liver-HCC
