chrom1	start1	end1	chrom2	start2	end2	strand1	strand2	svclass	id	allele	donor_id	tumor
1	1	2	1	1949906	1949907	-	+	DUP	cna0	major	sim95	Liver-HCC
1	1949907	1949908	1	4100474	4100475	+	-	DEL	cna1	minor	sim95	Liver-HCC
1	4100475	4100476	1	4337688	4337689	-	+	DUP	cna2	major	sim95	Liver-HCC
1	4337689	4337690	1	84268063	84268064	-	+	DUP	cna3	major	sim95	Liver-HCC
1	4337689	4337690	1	84268063	84268064	-	+	DUP	cna3	minor	sim95	Liver-HCC
1	72081100	84268063	10	14147342	31500490	-	+	TRA	cna3,cna56	minor,minor	sim95	Liver-HCC
1	84268064	84268065	1	224451192	224451193	-	+	DUP	cna4	major	sim95	Liver-HCC
1	224451193	224451194	1	224466395	224466396	-	+	DUP	cna5	major	sim95	Liver-HCC
1	224466396	224466397	1	242594230	242594231	-	+	DUP	cna6	major	sim95	Liver-HCC
1	224466396	224466397	1	242594230	242594231	-	+	DUP	cna6	minor	sim95	Liver-HCC
1	224466396	237651801	11	39967410	61149284	+	+	TRA	cna6,cna58	minor,major	sim95	Liver-HCC
1	231890705	242594230	19	28682178	59128983	-	-	TRA	cna74,cna6	minor,minor	sim95	Liver-HCC
1	242594231	242594232	1	242681179	242681180	-	+	DUP	cna7	major	sim95	Liver-HCC
1	242681180	242681181	1	243111571	243111572	+	-	DEL	cna8	minor	sim95	Liver-HCC
1	243111572	243111573	1	244032483	244032484	-	+	DUP	cna9	major	sim95	Liver-HCC
1	244032484	244032485	1	249149477	249149478	-	+	DUP	cna10	major	sim95	Liver-HCC
1	244032484	246798401	8	121426045	146364022	+	-	TRA	cna10,cna47	major,major	sim95	Liver-HCC
1	249149478	249149479	1	249164684	249164685	-	+	DUP	cna11	major	sim95	Liver-HCC
1	249164685	249164686	1	249250621	249250622	-	+	DUP	cna12	major	sim95	Liver-HCC
1	249164685	249164686	1	249250621	249250622	-	+	DUP	cna12	minor	sim95	Liver-HCC
2	1	2	2	154655389	154655390	+	-	DEL	cna13	minor	sim95	Liver-HCC
2	1	29333080	8	1	25629340	+	+	TRA	cna13,cna45	major,minor	sim95	Liver-HCC
2	87851879	154655389	7	135280367	152839719	-	-	TRA	cna13,cna42	major,major	sim95	Liver-HCC
2	154655390	154655391	2	154843753	154843754	-	+	DUP	cna14	major	sim95	Liver-HCC
2	154655390	154655391	2	154843753	154843754	-	+	DUP	cna14	minor	sim95	Liver-HCC
2	154843754	154843755	2	162927317	162927318	-	+	DUP	cna15	major	sim95	Liver-HCC
2	162927318	162927319	2	234378120	234378121	-	+	DUP	cna16	major	sim95	Liver-HCC
2	162927318	162927319	2	234378120	234378121	-	+	DUP	cna16	minor	sim95	Liver-HCC
2	234378121	234378122	2	234626537	234626538	-	+	DUP	cna17	major	sim95	Liver-HCC
2	234626538	234626539	2	243199373	243199374	-	+	DUP	cna18	major	sim95	Liver-HCC
3	1	2	3	38438272	38438273	+	-	DEL	cna19	minor	sim95	Liver-HCC
3	35005706	35005707	3	35531279	35531280	+	+	h2hINV	cna19	major	sim95	Liver-HCC
3	38438273	38438274	3	39160505	39160506	-	+	DUP	cna20	major	sim95	Liver-HCC
3	38438273	38438274	3	39160505	39160506	+	-	DEL	cna20	minor	sim95	Liver-HCC
3	39160506	39160507	3	97062016	97062017	-	+	DUP	cna21	major	sim95	Liver-HCC
3	39160506	39160507	3	97062016	97062017	-	+	DUP	cna21	minor	sim95	Liver-HCC
3	39160506	39576003	19	18644578	59128983	+	-	TRA	cna74,cna21	major,major	sim95	Liver-HCC
3	97062017	97062018	3	102819830	102819831	-	+	DUP	cna22	major	sim95	Liver-HCC
3	102819831	102819832	3	104836925	104836926	-	+	DUP	cna23	major	sim95	Liver-HCC
3	102819831	102819832	3	104836925	104836926	+	-	DEL	cna23	minor	sim95	Liver-HCC
3	104836926	104836927	3	122924291	122924292	-	+	DUP	cna24	major	sim95	Liver-HCC
3	122924292	122924293	3	122998910	122998911	-	+	DUP	cna25	major	sim95	Liver-HCC
3	175747206	175747207	3	175757213	175757214	+	+	h2hINV	cna26	major	sim95	Liver-HCC
3	183576540	183576541	3	183797962	183797963	+	-	DEL	cna27	minor	sim95	Liver-HCC
3	183797963	183797964	3	192737631	192737632	-	+	DUP	cna28	major	sim95	Liver-HCC
3	183797963	183797964	3	192737631	192737632	-	+	DUP	cna28	minor	sim95	Liver-HCC
4	1	2	4	28140065	28140066	+	-	DEL	cna30	minor	sim95	Liver-HCC
4	28140066	28140067	4	191154276	191154277	-	+	DUP	cna31	major	sim95	Liver-HCC
4	123676376	123676377	4	124251320	124251321	+	+	h2hINV	cna31	major	sim95	Liver-HCC
5	1	2	5	64496502	64496503	-	+	DUP	cna32	major	sim95	Liver-HCC
5	1	2	5	64496502	64496503	-	+	DUP	cna32	minor	sim95	Liver-HCC
5	6619700	64496502	7	85491340	152839719	-	-	TRA	cna32,cna42	minor,minor	sim95	Liver-HCC
5	64496503	64496504	5	65179735	65179736	-	+	DUP	cna33	major	sim95	Liver-HCC
5	64496503	64496504	5	65179735	65179736	+	-	DEL	cna33	minor	sim95	Liver-HCC
5	65179736	65179737	5	138152780	138152781	-	+	DUP	cna34	major	sim95	Liver-HCC
5	138152781	138152782	5	146664234	146664235	-	+	DUP	cna35	major	sim95	Liver-HCC
5	138152781	138152782	5	146664234	146664235	+	-	DEL	cna35	minor	sim95	Liver-HCC
5	146664235	146664236	5	146690700	146690701	-	+	DUP	cna36	major	sim95	Liver-HCC
5	146690701	146690702	5	146976835	146976836	-	+	DUP	cna37	major	sim95	Liver-HCC
5	146690701	146690702	5	146976835	146976836	+	-	DEL	cna37	minor	sim95	Liver-HCC
5	146976836	146976837	5	180915260	180915261	-	+	DUP	cna38	major	sim95	Liver-HCC
5	146976836	146976837	5	180915260	180915261	-	+	DUP	cna38	minor	sim95	Liver-HCC
6	1	2	6	126231720	126231721	-	+	DUP	cna39	major	sim95	Liver-HCC
6	1	2	6	126231720	126231721	-	+	DUP	cna39	minor	sim95	Liver-HCC
6	141793982	141793983	6	171115067	171115068	-	+	DUP	cna41	major	sim95	Liver-HCC
6	141793982	141793983	6	171115067	171115068	+	-	DEL	cna41	minor	sim95	Liver-HCC
7	1	2	7	152839719	152839720	-	+	DUP	cna42	major	sim95	Liver-HCC
7	1	2	7	152839719	152839720	-	+	DUP	cna42	minor	sim95	Liver-HCC
7	152839720	152839721	7	154740619	154740620	-	+	DUP	cna43	major	sim95	Liver-HCC
7	152839720	152839721	7	154740619	154740620	+	-	DEL	cna43	minor	sim95	Liver-HCC
7	154740620	154740621	7	159138663	159138664	-	+	DUP	cna44	major	sim95	Liver-HCC
8	1	2	8	73473969	73473970	-	+	DUP	cna45	major	sim95	Liver-HCC
8	1	2	8	73473969	73473970	-	+	DUP	cna45	minor	sim95	Liver-HCC
8	73473970	73473971	8	73747926	73747927	+	-	DEL	cna46	minor	sim95	Liver-HCC
8	73747927	73747928	8	146364022	146364023	-	+	DUP	cna47	major	sim95	Liver-HCC
8	91166210	146364022	11	121864680	132855649	-	-	TRA	cna47,cna58	major,major	sim95	Liver-HCC
9	1	2	9	37536836	37536837	-	+	DUP	cna48	major	sim95	Liver-HCC
9	1	2	9	37536836	37536837	+	-	DEL	cna48	minor	sim95	Liver-HCC
9	37536837	37536838	9	93646161	93646162	-	+	DUP	cna49	major	sim95	Liver-HCC
9	93646162	93646163	9	121442199	121442200	-	+	DUP	cna50	major	sim95	Liver-HCC
9	121442200	121442201	9	121825011	121825012	-	+	DUP	cna51	major	sim95	Liver-HCC
9	121442200	121442201	9	121825011	121825012	-	+	DUP	cna51	minor	sim95	Liver-HCC
9	121825012	121825013	9	122976843	122976844	-	+	DUP	cna52	major	sim95	Liver-HCC
9	121825012	121825013	9	122976843	122976844	+	-	DEL	cna52	minor	sim95	Liver-HCC
9	122976844	122976845	9	140712162	140712163	+	-	DEL	cna53	minor	sim95	Liver-HCC
9	140712163	140712164	9	141213431	141213432	-	+	DUP	cna54	major	sim95	Liver-HCC
10	1	2	10	14147341	14147342	-	+	DUP	cna55	major	sim95	Liver-HCC
10	1	2	10	14147341	14147342	+	-	DEL	cna55	minor	sim95	Liver-HCC
10	14147342	14147343	10	135534747	135534748	-	+	DUP	cna56	major	sim95	Liver-HCC
10	14147342	14147343	10	135534747	135534748	-	+	DUP	cna56	minor	sim95	Liver-HCC
10	14147342	101015658	17	1	15832860	+	+	TRA	cna56,cna70	major,major	sim95	Liver-HCC
10	92259457	92259458	10	109848596	109848597	+	+	h2hINV	cna56	major	sim95	Liver-HCC
11	1	2	11	39967409	39967410	+	-	DEL	cna57	minor	sim95	Liver-HCC
11	39967410	39967411	11	132855649	132855650	-	+	DUP	cna58	major	sim95	Liver-HCC
11	51469410	51469411	11	94033455	94033456	+	+	h2hINV	cna58	major	sim95	Liver-HCC
11	132855650	132855651	11	135006516	135006517	-	+	DUP	cna59	major	sim95	Liver-HCC
12	1	2	12	133694528	133694529	-	+	DUP	cna60	major	sim95	Liver-HCC
12	1	78518895	X	73423345	85732587	+	+	TRA	cna60,cna87	minor,minor	sim95	Liver-HCC
12	52327094	52327095	12	53826419	53826420	-	-	t2tINV	cna60	minor	sim95	Liver-HCC
12	80024549	133694528	14	51427800	67870322	-	+	TRA	cna66,cna60	major,minor	sim95	Liver-HCC
12	133694529	133694530	12	133851895	133851896	-	+	DUP	cna61	major	sim95	Liver-HCC
13	1	2	13	76968683	76968684	+	-	DEL	cna62	minor	sim95	Liver-HCC
13	76968684	76968685	13	115158025	115158026	-	+	DUP	cna63	major	sim95	Liver-HCC
13	115158026	115158027	13	115169878	115169879	-	+	DUP	cna64	major	sim95	Liver-HCC
13	115158026	115158027	13	115169878	115169879	+	-	DEL	cna64	minor	sim95	Liver-HCC
14	1	2	14	51427799	51427800	+	-	DEL	cna65	minor	sim95	Liver-HCC
14	51427800	51427801	14	107349540	107349541	-	+	DUP	cna66	major	sim95	Liver-HCC
14	51427800	51427801	14	107349540	107349541	-	+	DUP	cna66	minor	sim95	Liver-HCC
15	1	2	15	102531392	102531393	-	+	DUP	cna67	major	sim95	Liver-HCC
16	1	2	16	90263108	90263109	-	+	DUP	cna68	major	sim95	Liver-HCC
16	90263109	90263110	16	90354753	90354754	-	+	DUP	cna69	major	sim95	Liver-HCC
16	90263109	90263110	16	90354753	90354754	-	+	DUP	cna69	minor	sim95	Liver-HCC
17	1	2	17	81195210	81195211	-	+	DUP	cna70	major	sim95	Liver-HCC
18	1	2	18	6221760	6221761	-	+	DUP	cna71	major	sim95	Liver-HCC
18	1	2	18	6221760	6221761	+	-	DEL	cna71	minor	sim95	Liver-HCC
18	6221761	6221762	18	73497281	73497282	-	+	DUP	cna72	major	sim95	Liver-HCC
18	6221761	6221762	18	73497281	73497282	-	+	DUP	cna72	minor	sim95	Liver-HCC
18	73497282	73497283	18	78077248	78077249	-	+	DUP	cna73	major	sim95	Liver-HCC
19	1	2	19	59128983	59128984	-	+	DUP	cna74	major	sim95	Liver-HCC
19	2878978	2878979	19	2888980	2888981	+	+	h2hINV	cna74	minor	sim95	Liver-HCC
19	3565378	3565379	19	9623741	9623742	-	-	t2tINV	cna74	major	sim95	Liver-HCC
19	7198078	7198079	19	8782708	8782709	+	+	h2hINV	cna74	major	sim95	Liver-HCC
20	1	2	20	62180966	62180967	-	+	DUP	cna75	major	sim95	Liver-HCC
20	1	2	20	62180966	62180967	+	-	DEL	cna75	minor	sim95	Liver-HCC
20	62180967	62180968	20	63025520	63025521	-	+	DUP	cna76	major	sim95	Liver-HCC
21	1	2	21	48129895	48129896	+	-	DEL	cna77	minor	sim95	Liver-HCC
22	1	2	22	51304566	51304567	+	-	DEL	cna78	minor	sim95	Liver-HCC
22	19423080	51304566	Y	57534251	59373566	-	-	TRA	cna78,cna88	major,major	sim95	Liver-HCC
22	31795680	31795681	22	31841452	31841453	-	-	t2tINV	cna78	major	sim95	Liver-HCC
X	1	2	X	14378902	14378903	-	+	DUP	cna79	major	sim95	Liver-HCC
X	1	2	X	14378902	14378903	+	-	DEL	cna79	minor	sim95	Liver-HCC
X	14378903	14378904	X	15969298	15969299	+	-	DEL	cna80	minor	sim95	Liver-HCC
X	15969299	15969300	X	16990857	16990858	-	+	DUP	cna81	major	sim95	Liver-HCC
X	16990858	16990859	X	62595710	62595711	-	+	DUP	cna82	major	sim95	Liver-HCC
X	16990858	16990859	X	62595710	62595711	+	-	DEL	cna82	minor	sim95	Liver-HCC
X	31157714	31157715	X	38968320	38968321	+	+	h2hINV	cna82	major	sim95	Liver-HCC
X	62595711	62595712	X	73138016	73138017	-	+	DUP	cna83	major	sim95	Liver-HCC
X	73138017	73138018	X	73370005	73370006	-	+	DUP	cna84	major	sim95	Liver-HCC
X	73138017	73138018	X	73370005	73370006	-	+	DUP	cna84	minor	sim95	Liver-HCC
X	73370006	73370007	X	73384967	73384968	+	-	DEL	cna85	minor	sim95	Liver-HCC
X	73384968	73384969	X	73423344	73423345	-	+	DUP	cna86	major	sim95	Liver-HCC
X	73423345	73423346	X	155270560	155270561	-	+	DUP	cna87	major	sim95	Liver-HCC
X	73423345	73423346	X	155270560	155270561	-	+	DUP	cna87	minor	sim95	Liver-HCC
Y	1	2	Y	59373566	59373567	+	-	DEL	cna88	minor	sim95	Liver-HCC
