chrom	start	end	major_cn	minor_cn	donor_id	study	id
1	1	6614170	2	2	sim33	Liver-HCC	cna0
1	6614171	12494017	2	1	sim33	Liver-HCC	cna1
1	12494018	21787443	2	0	sim33	Liver-HCC	cna2
1	21787444	36325488	3	2	sim33	Liver-HCC	cna3
1	36325489	90472951	2	2	sim33	Liver-HCC	cna4
1	90472952	206556332	1	0	sim33	Liver-HCC	cna5
1	206556333	238028733	2	1	sim33	Liver-HCC	cna6
1	238028734	249250621	1	0	sim33	Liver-HCC	cna7
2	1	118772085	2	2	sim33	Liver-HCC	cna8
2	118772086	118792461	1	0	sim33	Liver-HCC	cna9
2	118792462	153835172	3	1	sim33	Liver-HCC	cna10
2	153835173	155885784	2	0	sim33	Liver-HCC	cna11
2	155885785	155984531	2	1	sim33	Liver-HCC	cna12
2	155984532	157500669	3	1	sim33	Liver-HCC	cna13
2	157500670	157648702	4	1	sim33	Liver-HCC	cna14
2	157648703	242884062	1	0	sim33	Liver-HCC	cna15
2	242884063	243178994	4	2	sim33	Liver-HCC	cna16
2	243178995	243199373	4	1	sim33	Liver-HCC	cna17
3	1	37373234	2	0	sim33	Liver-HCC	cna18
3	37373235	70076974	4	2	sim33	Liver-HCC	cna19
3	70076975	72047549	2	2	sim33	Liver-HCC	cna20
3	72047550	72356941	4	2	sim33	Liver-HCC	cna21
3	72356942	87773303	1	0	sim33	Liver-HCC	cna22
3	87773304	198001294	2	0	sim33	Liver-HCC	cna23
3	198001295	198022430	2	1	sim33	Liver-HCC	cna24
4	1	92570688	2	1	sim33	Liver-HCC	cna25
4	92570689	174850699	1	0	sim33	Liver-HCC	cna26
4	174850700	191154276	2	2	sim33	Liver-HCC	cna27
5	1	67578508	2	2	sim33	Liver-HCC	cna28
5	67578509	70977351	3	1	sim33	Liver-HCC	cna29
5	70977352	122220078	4	1	sim33	Liver-HCC	cna30
5	122220079	125294810	2	0	sim33	Liver-HCC	cna31
5	125294811	137582445	3	1	sim33	Liver-HCC	cna32
5	137582446	138212037	0	0	sim33	Liver-HCC	cna33
5	138212038	180915260	3	1	sim33	Liver-HCC	cna34
6	1	21026610	2	2	sim33	Liver-HCC	cna35
6	21026611	40793715	2	1	sim33	Liver-HCC	cna36
6	40793716	41178215	1	0	sim33	Liver-HCC	cna37
6	41178216	41371736	2	1	sim33	Liver-HCC	cna38
6	41371737	41885181	5	2	sim33	Liver-HCC	cna39
6	41885182	115964118	2	1	sim33	Liver-HCC	cna40
6	115964119	171115067	1	0	sim33	Liver-HCC	cna41
7	1	159138663	1	0	sim33	Liver-HCC	cna42
8	1	44649194	2	0	sim33	Liver-HCC	cna43
8	44649195	146339751	2	2	sim33	Liver-HCC	cna44
8	146339752	146364022	1	0	sim33	Liver-HCC	cna45
9	1	51734138	3	0	sim33	Liver-HCC	cna46
9	51734139	52530315	2	1	sim33	Liver-HCC	cna47
9	52530316	102977912	2	0	sim33	Liver-HCC	cna48
9	102977913	104802502	1	0	sim33	Liver-HCC	cna49
9	104802503	132485322	2	1	sim33	Liver-HCC	cna50
9	132485323	132545015	1	0	sim33	Liver-HCC	cna51
9	132545016	132556669	2	1	sim33	Liver-HCC	cna52
9	132556670	132580054	3	1	sim33	Liver-HCC	cna53
9	132580055	132991428	1	0	sim33	Liver-HCC	cna54
9	132991429	141213431	4	1	sim33	Liver-HCC	cna55
10	1	52042263	2	2	sim33	Liver-HCC	cna56
10	52042264	135534747	1	0	sim33	Liver-HCC	cna57
11	1	15373602	2	1	sim33	Liver-HCC	cna58
11	15373603	15816666	4	1	sim33	Liver-HCC	cna59
11	15816667	16161577	3	1	sim33	Liver-HCC	cna60
11	16161578	135006516	1	3	sim33	Liver-HCC	cna61
12	1	84784532	2	1	sim33	Liver-HCC	cna62
12	84784533	102975526	2	2	sim33	Liver-HCC	cna63
12	102975527	106918704	2	1	sim33	Liver-HCC	cna64
12	106918705	107399073	3	1	sim33	Liver-HCC	cna65
12	107399074	107729856	4	2	sim33	Liver-HCC	cna66
12	107729857	115358867	2	1	sim33	Liver-HCC	cna67
12	115358868	133851895	2	2	sim33	Liver-HCC	cna68
13	1	38042938	2	1	sim33	Liver-HCC	cna69
13	38042939	38415311	1	0	sim33	Liver-HCC	cna70
13	38415312	41963227	3	1	sim33	Liver-HCC	cna71
13	41963228	42179151	4	1	sim33	Liver-HCC	cna72
13	42179152	115169878	2	1	sim33	Liver-HCC	cna73
14	1	3170960	2	2	sim33	Liver-HCC	cna74
14	3170961	65204291	3	2	sim33	Liver-HCC	cna75
14	65204292	107349540	3	1	sim33	Liver-HCC	cna76
15	1	102531392	2	1	sim33	Liver-HCC	cna77
16	1	90354753	2	0	sim33	Liver-HCC	cna78
17	1	50307232	2	0	sim33	Liver-HCC	cna79
17	50307233	50456366	1	0	sim33	Liver-HCC	cna80
17	50456367	50544483	2	1	sim33	Liver-HCC	cna81
17	50544484	81195210	2	0	sim33	Liver-HCC	cna82
18	1	78077248	2	2	sim33	Liver-HCC	cna83
19	1	59128983	2	2	sim33	Liver-HCC	cna84
20	1	63025520	1	0	sim33	Liver-HCC	cna85
21	1	22507046	1	0	sim33	Liver-HCC	cna86
21	22507047	42750336	3	0	sim33	Liver-HCC	cna87
21	42750337	48129895	3	1	sim33	Liver-HCC	cna88
22	1	51304566	2	0	sim33	Liver-HCC	cna89
X	1	155270560	2	0	sim33	Liver-HCC	cna90
Y	1	4896257	1	0	sim33	Liver-HCC	cna91
Y	4896258	43959574	2	1	sim33	Liver-HCC	cna92
Y	43959575	59326457	3	2	sim33	Liver-HCC	cna93
Y	59326458	59373566	4	0	sim33	Liver-HCC	cna94
