chrom1	start1	end1	chrom2	start2	end2	strand1	strand2	svclass	id	allele	donor_id	tumor
1	12614038	12614039	1	249250621	249250622	-	+	DUP	cna1	major	sim7	Liver-HCC
4	1	2	4	191154276	191154277	+	-	DEL	cna4	minor	sim7	Liver-HCC
6	143161340	171115067	8	1	30439261	-	+	TRA	cna6,cna8	major,minor	sim7	Liver-HCC
11	28981993	28981994	11	29049414	29049415	-	+	DUP	cna12	major	sim7	Liver-HCC
11	57794810	57794811	11	107239408	107239409	+	+	h2hINV	cna13	major	sim7	Liver-HCC
16	16110932	16110933	16	16243378	16243379	-	+	DUP	cna19	major	sim7	Liver-HCC
16	16110932	16110933	16	16243378	16243379	+	-	DEL	cna19	minor	sim7	Liver-HCC
16	16243379	16243380	16	22446451	22446452	-	+	DUP	cna20	major	sim7	Liver-HCC
16	22938883	22938884	16	90354753	90354754	-	+	DUP	cna22	major	sim7	Liver-HCC
16	22938883	22938884	16	90354753	90354754	+	-	DEL	cna22	minor	sim7	Liver-HCC
17	77472446	77472447	17	81195210	81195211	+	-	DEL	cna24	minor	sim7	Liver-HCC
20	1	2	20	63025520	63025521	-	+	DUP	cna27	major	sim7	Liver-HCC
20	1	2	20	63025520	63025521	-	+	DUP	cna27	minor	sim7	Liver-HCC
