chrom	start	end	major_cn	minor_cn	donor_id	study	id
1	1	61742065	1	1	sim30	Liver-HCC	cna0
1	61742066	62364150	3	0	sim30	Liver-HCC	cna1
1	62364151	249250621	1	1	sim30	Liver-HCC	cna2
2	1	243199373	1	1	sim30	Liver-HCC	cna3
3	1	42147932	1	1	sim30	Liver-HCC	cna4
3	42147933	198022430	2	2	sim30	Liver-HCC	cna5
4	1	188881593	1	0	sim30	Liver-HCC	cna6
4	188881594	191154276	1	1	sim30	Liver-HCC	cna7
5	1	42164691	1	1	sim30	Liver-HCC	cna8
5	42164692	45721825	1	0	sim30	Liver-HCC	cna9
5	45721826	180915260	1	1	sim30	Liver-HCC	cna10
6	1	64068914	1	1	sim30	Liver-HCC	cna11
6	64068915	65437363	2	0	sim30	Liver-HCC	cna12
6	65437364	66333902	2	1	sim30	Liver-HCC	cna13
6	66333903	168631442	1	1	sim30	Liver-HCC	cna14
6	168631443	168760279	4	2	sim30	Liver-HCC	cna15
6	168760280	171115067	1	1	sim30	Liver-HCC	cna16
7	1	159138663	1	1	sim30	Liver-HCC	cna17
8	1	146364022	1	1	sim30	Liver-HCC	cna18
9	1	89551077	1	1	sim30	Liver-HCC	cna19
9	89551078	141119702	2	1	sim30	Liver-HCC	cna20
9	141119703	141213431	1	0	sim30	Liver-HCC	cna21
10	1	135534747	1	1	sim30	Liver-HCC	cna22
11	1	135006516	1	1	sim30	Liver-HCC	cna23
12	1	2637395	2	2	sim30	Liver-HCC	cna24
12	2637396	133851895	1	1	sim30	Liver-HCC	cna25
13	1	100125615	4	0	sim30	Liver-HCC	cna26
13	100125616	115169878	1	0	sim30	Liver-HCC	cna27
14	1	107349540	3	1	sim30	Liver-HCC	cna28
15	1	102531392	1	1	sim30	Liver-HCC	cna29
16	1	90354753	1	1	sim30	Liver-HCC	cna30
17	1	22588806	1	1	sim30	Liver-HCC	cna31
17	22588807	22747619	2	1	sim30	Liver-HCC	cna32
17	22747620	25020155	1	1	sim30	Liver-HCC	cna33
17	25020156	69654070	2	0	sim30	Liver-HCC	cna34
17	69654071	69666625	4	2	sim30	Liver-HCC	cna35
17	69666626	80999381	2	0	sim30	Liver-HCC	cna36
17	80999382	81195210	4	1	sim30	Liver-HCC	cna37
18	1	78077248	1	1	sim30	Liver-HCC	cna38
19	1	46551813	4	2	sim30	Liver-HCC	cna39
19	46551814	59128983	1	0	sim30	Liver-HCC	cna40
20	1	62987411	2	2	sim30	Liver-HCC	cna41
20	62987412	63025520	2	1	sim30	Liver-HCC	cna42
21	1	48129895	1	0	sim30	Liver-HCC	cna43
22	1	51304566	2	2	sim30	Liver-HCC	cna44
X	1	49731830	2	1	sim30	Liver-HCC	cna45
X	49731831	58352711	2	0	sim30	Liver-HCC	cna46
X	58352712	155270560	1	1	sim30	Liver-HCC	cna47
