chrom1	start1	end1	chrom2	start2	end2	strand1	strand2	svclass	id	allele	donor_id	tumor
1	1	2	1	249250621	249250622	-	+	DUP	cna0	major	sim62	Liver-HCC
1	57793700	57793701	1	102882631	102882632	-	-	t2tINV	cna0	major	sim62	Liver-HCC
1	67593500	67593501	1	125134211	125134212	+	+	h2hINV	cna0	major	sim62	Liver-HCC
1	171211300	171211301	1	171221301	171221302	+	+	h2hINV	cna0	minor	sim62	Liver-HCC
2	1	2	2	46447517	46447518	-	+	DUP	cna1	major	sim62	Liver-HCC
2	47736402	47736403	2	243199373	243199374	-	+	DUP	cna3	major	sim62	Liver-HCC
4	92048176	92048177	4	92058178	92058179	+	+	h2hINV	cna5	major	sim62	Liver-HCC
8	49043610	49043611	8	56122780	56122781	-	-	t2tINV	cna9	minor	sim62	Liver-HCC
11	21700210	21700211	11	22056614	22056615	-	-	t2tINV	cna12	major	sim62	Liver-HCC
11	55818910	55818911	11	107146257	107146258	+	+	h2hINV	cna12	major	sim62	Liver-HCC
11	81745610	81745611	11	87153528	87153529	-	-	t2tINV	cna12	major	sim62	Liver-HCC
11	99418110	135006516	21	14023439	48129895	-	-	TRA	cna12,cna22	major,minor	sim62	Liver-HCC
12	1	2	12	133851895	133851896	-	+	DUP	cna13	major	sim62	Liver-HCC
12	1	2	12	133851895	133851896	+	-	DEL	cna13	minor	sim62	Liver-HCC
13	1	2	13	115169878	115169879	-	+	DUP	cna14	major	sim62	Liver-HCC
13	1	2	13	115169878	115169879	+	-	DEL	cna14	minor	sim62	Liver-HCC
13	34901299	34901300	13	48222880	48222881	-	-	t2tINV	cna14	major	sim62	Liver-HCC
15	1	2	15	102531392	102531393	-	+	DUP	cna16	major	sim62	Liver-HCC
15	1	2	15	102531392	102531393	+	-	DEL	cna16	minor	sim62	Liver-HCC
16	1	2	16	90354753	90354754	-	+	DUP	cna17	major	sim62	Liver-HCC
16	1	2	16	90354753	90354754	+	-	DEL	cna17	minor	sim62	Liver-HCC
17	1	2	17	81195210	81195211	-	+	DUP	cna18	major	sim62	Liver-HCC
17	1	2	17	81195210	81195211	+	-	DEL	cna18	minor	sim62	Liver-HCC
18	67924526	67924527	18	68619563	68619564	-	-	t2tINV	cna19	major	sim62	Liver-HCC
