chrom1	start1	end1	chrom2	start2	end2	strand1	strand2	svclass	id	allele	donor_id	tumor
1	1	2	1	5883484	5883485	-	+	DUP	cna0	major	sim87	Liver-HCC
1	17248248	17248249	1	21704805	21704806	-	+	DUP	cna2	major	sim87	Liver-HCC
1	19580800	19580801	1	20748138	20748139	+	+	h2hINV	cna2	minor	sim87	Liver-HCC
1	97287100	217916623	3	79814898	88290054	-	-	TRA	cna3,cna11	minor,minor	sim87	Liver-HCC
1	106261093	217916623	14	31579821	106702464	-	-	TRA	cna46,cna3	minor,major	sim87	Liver-HCC
1	156347900	156347901	1	156431116	156431117	-	-	t2tINV	cna3	major	sim87	Liver-HCC
1	217916624	217916625	1	247673757	247673758	-	+	DUP	cna4	major	sim87	Liver-HCC
1	217916624	217916625	1	247673757	247673758	+	-	DEL	cna4	minor	sim87	Liver-HCC
1	245328900	247673757	3	1	16789794	-	+	TRA	cna4,cna9	major,minor	sim87	Liver-HCC
1	247673758	247673759	1	249250621	249250622	-	+	DUP	cna5	major	sim87	Liver-HCC
1	247673758	247673759	1	249250621	249250622	-	+	DUP	cna5	minor	sim87	Liver-HCC
2	1	2	2	36318553	36318554	-	+	DUP	cna6	major	sim87	Liver-HCC
2	1	2	2	36318553	36318554	-	+	DUP	cna6	minor	sim87	Liver-HCC
2	36318554	36318555	2	173182656	173182657	-	+	DUP	cna7	major	sim87	Liver-HCC
2	36318554	36318555	2	173182656	173182657	+	-	DEL	cna7	minor	sim87	Liver-HCC
3	63819513	63819514	3	70640866	70640867	-	+	DUP	cna10	major	sim87	Liver-HCC
3	88290055	88290056	3	102019034	102019035	+	-	DEL	cna12	minor	sim87	Liver-HCC
3	88290055	91474007	9	88939939	127377215	+	+	TRA	cna12,cna33	major,major	sim87	Liver-HCC
3	102019035	102019036	3	102598804	102598805	-	+	DUP	cna13	major	sim87	Liver-HCC
3	102598805	102598806	3	174289580	174289581	-	+	DUP	cna14	major	sim87	Liver-HCC
3	102598805	102598806	3	174289580	174289581	+	-	DEL	cna14	minor	sim87	Liver-HCC
3	177161876	177161877	3	177205434	177205435	-	+	DUP	cna16	major	sim87	Liver-HCC
3	177161876	177161877	3	177205434	177205435	-	+	DUP	cna16	minor	sim87	Liver-HCC
4	153868676	191154276	13	1	30931088	-	+	TRA	cna18,cna45	minor,major	sim87	Liver-HCC
6	37624085	37624086	6	37652928	37652929	-	+	DUP	cna21	major	sim87	Liver-HCC
6	37624085	37624086	6	37652928	37652929	+	-	DEL	cna21	minor	sim87	Liver-HCC
6	138558914	138558915	6	171115067	171115068	-	+	DUP	cna23	major	sim87	Liver-HCC
6	138558914	138558915	6	171115067	171115068	+	-	DEL	cna23	minor	sim87	Liver-HCC
8	19667594	19667595	8	21542808	21542809	-	+	DUP	cna26	major	sim87	Liver-HCC
8	19667594	19667595	8	21542808	21542809	+	-	DEL	cna26	minor	sim87	Liver-HCC
8	21542809	21542810	8	21767477	21767478	-	+	DUP	cna27	major	sim87	Liver-HCC
8	71445657	71445658	8	72736613	72736614	-	+	DUP	cna29	major	sim87	Liver-HCC
8	71445657	71445658	8	72736613	72736614	-	+	DUP	cna29	minor	sim87	Liver-HCC
9	87419934	87419935	9	88939938	88939939	-	+	DUP	cna32	major	sim87	Liver-HCC
9	88939939	88939940	9	141213431	141213432	+	-	DEL	cna33	minor	sim87	Liver-HCC
9	139444588	139444589	9	139894302	139894303	-	-	t2tINV	cna33	major	sim87	Liver-HCC
10	1	2	10	135534747	135534748	+	-	DEL	cna34	minor	sim87	Liver-HCC
10	99986457	99986458	10	99996460	99996461	+	+	h2hINV	cna34	major	sim87	Liver-HCC
11	67309210	67309211	11	76344839	76344840	+	+	h2hINV	cna35	minor	sim87	Liver-HCC
11	80874410	80874411	11	81394950	81394951	+	+	h2hINV	cna35	minor	sim87	Liver-HCC
11	125067211	125067212	11	134051322	134051323	+	-	DEL	cna36	minor	sim87	Liver-HCC
12	1	2	12	64280113	64280114	-	+	DUP	cna38	major	sim87	Liver-HCC
12	1	2	12	64280113	64280114	-	+	DUP	cna38	minor	sim87	Liver-HCC
12	64280114	64280115	12	64444843	64444844	-	+	DUP	cna39	major	sim87	Liver-HCC
12	64280114	64280115	12	64444843	64444844	+	-	DEL	cna39	minor	sim87	Liver-HCC
12	64444844	64444845	12	64710397	64710398	-	+	DUP	cna40	major	sim87	Liver-HCC
12	64444844	64444845	12	64710397	64710398	-	+	DUP	cna40	minor	sim87	Liver-HCC
12	64710398	64710399	12	65000907	65000908	+	-	DEL	cna41	major	sim87	Liver-HCC
12	64710398	64710399	12	65000907	65000908	+	-	DEL	cna41	minor	sim87	Liver-HCC
12	65000908	65000909	12	65022578	65022579	-	+	DUP	cna42	major	sim87	Liver-HCC
12	65043049	65043050	12	133851895	133851896	-	+	DUP	cna44	major	sim87	Liver-HCC
12	71433594	71433595	12	100422637	100422638	-	-	t2tINV	cna44	minor	sim87	Liver-HCC
12	110929816	133851895	17	1	30387837	-	+	TRA	cna52,cna44	minor,minor	sim87	Liver-HCC
13	1	2	13	115169878	115169879	-	+	DUP	cna45	major	sim87	Liver-HCC
13	22668899	22668900	13	23260271	23260272	+	+	h2hINV	cna45	minor	sim87	Liver-HCC
14	35852321	35852322	14	35881851	35881852	-	-	t2tINV	cna46	minor	sim87	Liver-HCC
14	106702465	106702466	14	106960414	106960415	-	+	DUP	cna47	major	sim87	Liver-HCC
14	106702465	106702466	14	106960414	106960415	-	+	DUP	cna47	minor	sim87	Liver-HCC
14	106960415	106960416	14	107127566	107127567	-	+	DUP	cna48	major	sim87	Liver-HCC
14	107127567	107127568	14	107349540	107349541	-	+	DUP	cna49	major	sim87	Liver-HCC
14	107127567	107127568	14	107349540	107349541	+	-	DEL	cna49	minor	sim87	Liver-HCC
17	1	2	17	81195210	81195211	-	+	DUP	cna52	major	sim87	Liver-HCC
18	1	2	18	78077248	78077249	-	+	DUP	cna53	major	sim87	Liver-HCC
22	33204780	33204781	22	33214786	33214787	+	+	h2hINV	cna57	minor	sim87	Liver-HCC
X	1	2	X	105803335	105803336	+	-	DEL	cna58	minor	sim87	Liver-HCC
X	116197214	116197215	X	117341977	117341978	+	+	h2hINV	cna59	major	sim87	Liver-HCC
Y	1	2	Y	28085459	28085460	+	-	DEL	cna60	minor	sim87	Liver-HCC
Y	28542557	28542558	Y	28878283	28878284	-	+	DUP	cna62	major	sim87	Liver-HCC
Y	28542557	28542558	Y	28878283	28878284	-	+	DUP	cna62	minor	sim87	Liver-HCC
Y	28878284	28878285	Y	50315215	50315216	-	+	DUP	cna63	major	sim87	Liver-HCC
Y	50315216	50315217	Y	50972141	50972142	-	+	DUP	cna64	major	sim87	Liver-HCC
Y	50315216	50315217	Y	50972141	50972142	+	-	DEL	cna64	minor	sim87	Liver-HCC
Y	51165803	51165804	Y	51234496	51234497	-	+	DUP	cna66	major	sim87	Liver-HCC
Y	51234497	51234498	Y	52699024	52699025	-	+	DUP	cna67	major	sim87	Liver-HCC
Y	51234497	51234498	Y	52699024	52699025	-	+	DUP	cna67	minor	sim87	Liver-HCC
Y	55672927	55672928	Y	56017908	56017909	-	+	DUP	cna69	major	sim87	Liver-HCC
Y	55672927	55672928	Y	56017908	56017909	-	+	DUP	cna69	minor	sim87	Liver-HCC
Y	56017909	56017910	Y	59373566	59373567	+	-	DEL	cna70	minor	sim87	Liver-HCC
