chrom	start	end	major_cn	minor_cn	donor_id	study	id
1	1	11024067	2	1	sim21	Liver-HCC	cna0
1	11024068	148944928	1	1	sim21	Liver-HCC	cna1
1	148944929	153653531	2	0	sim21	Liver-HCC	cna2
1	153653532	249250621	1	1	sim21	Liver-HCC	cna3
2	1	187189883	1	1	sim21	Liver-HCC	cna4
2	187189884	199458966	2	1	sim21	Liver-HCC	cna5
2	199458967	243199373	1	1	sim21	Liver-HCC	cna6
3	1	13422304	5	2	sim21	Liver-HCC	cna7
3	13422305	64332252	1	1	sim21	Liver-HCC	cna8
3	64332253	170380737	1	0	sim21	Liver-HCC	cna9
3	170380738	185694071	4	0	sim21	Liver-HCC	cna10
3	185694072	187015321	1	1	sim21	Liver-HCC	cna11
3	187015322	187195608	4	1	sim21	Liver-HCC	cna12
3	187195609	197677967	1	1	sim21	Liver-HCC	cna13
3	197677968	198022430	3	0	sim21	Liver-HCC	cna14
4	1	191154276	1	1	sim21	Liver-HCC	cna15
5	1	180915260	2	0	sim21	Liver-HCC	cna16
6	1	171115067	1	1	sim21	Liver-HCC	cna17
7	1	100988601	1	1	sim21	Liver-HCC	cna18
7	100988602	116933002	2	0	sim21	Liver-HCC	cna19
7	116933003	116977455	3	1	sim21	Liver-HCC	cna20
7	116977456	159138663	1	1	sim21	Liver-HCC	cna21
8	1	146295099	2	1	sim21	Liver-HCC	cna22
8	146295100	146364022	1	1	sim21	Liver-HCC	cna23
9	1	108307729	1	1	sim21	Liver-HCC	cna24
9	108307730	141058400	2	0	sim21	Liver-HCC	cna25
9	141058401	141213431	1	1	sim21	Liver-HCC	cna26
10	1	67671385	1	2	sim21	Liver-HCC	cna27
10	67671386	89657276	1	1	sim21	Liver-HCC	cna28
10	89657277	135534747	1	0	sim21	Liver-HCC	cna29
11	1	127549915	1	1	sim21	Liver-HCC	cna30
11	127549916	135006516	2	0	sim21	Liver-HCC	cna31
12	1	30484412	2	0	sim21	Liver-HCC	cna32
12	30484413	60879125	2	1	sim21	Liver-HCC	cna33
12	60879126	98572665	1	1	sim21	Liver-HCC	cna34
12	98572666	100136575	4	1	sim21	Liver-HCC	cna35
12	100136576	132942123	1	1	sim21	Liver-HCC	cna36
12	132942124	133800921	2	2	sim21	Liver-HCC	cna37
12	133800922	133851895	2	1	sim21	Liver-HCC	cna38
13	1	108794864	2	0	sim21	Liver-HCC	cna39
13	108794865	109771425	3	2	sim21	Liver-HCC	cna40
13	109771426	115169878	1	1	sim21	Liver-HCC	cna41
14	1	8368591	1	1	sim21	Liver-HCC	cna42
14	8368592	43701985	4	1	sim21	Liver-HCC	cna43
14	43701986	43714017	1	0	sim21	Liver-HCC	cna44
14	43714018	107349540	1	1	sim21	Liver-HCC	cna45
15	1	45966144	2	1	sim21	Liver-HCC	cna46
15	45966145	46745418	2	2	sim21	Liver-HCC	cna47
15	46745419	102531392	1	0	sim21	Liver-HCC	cna48
16	1	90354753	1	1	sim21	Liver-HCC	cna49
17	1	81195210	1	1	sim21	Liver-HCC	cna50
18	1	78077248	1	1	sim21	Liver-HCC	cna51
19	1	57725146	2	2	sim21	Liver-HCC	cna52
19	57725147	59128983	1	1	sim21	Liver-HCC	cna53
20	1	63025520	1	0	sim21	Liver-HCC	cna54
21	1	47771198	1	1	sim21	Liver-HCC	cna55
21	47771199	48129895	2	1	sim21	Liver-HCC	cna56
22	1	51304566	2	2	sim21	Liver-HCC	cna57
X	1	96561869	2	2	sim21	Liver-HCC	cna58
X	96561870	103714106	2	1	sim21	Liver-HCC	cna59
X	103714107	155270560	3	2	sim21	Liver-HCC	cna60
Y	1	9388720	1	1	sim21	Liver-HCC	cna61
Y	9388721	9830450	2	1	sim21	Liver-HCC	cna62
Y	9830451	57284185	1	0	sim21	Liver-HCC	cna63
Y	57284186	57391184	1	1	sim21	Liver-HCC	cna64
Y	57391185	58319657	1	0	sim21	Liver-HCC	cna65
Y	58319658	59373566	2	2	sim21	Liver-HCC	cna66
