chrom	start	end	major_cn	minor_cn	donor_id	study	id
1	1	148746697	1	1	sim53	Liver-HCC	cna0
1	148746698	214969058	2	2	sim53	Liver-HCC	cna1
1	214969059	249250621	1	1	sim53	Liver-HCC	cna2
2	1	243199373	1	1	sim53	Liver-HCC	cna3
3	1	198022430	1	1	sim53	Liver-HCC	cna4
4	1	3449322	1	1	sim53	Liver-HCC	cna5
4	3449323	191154276	4	1	sim53	Liver-HCC	cna6
5	1	164231035	1	1	sim53	Liver-HCC	cna7
5	164231036	173909865	2	1	sim53	Liver-HCC	cna8
5	173909866	180915260	1	1	sim53	Liver-HCC	cna9
6	1	171115067	1	1	sim53	Liver-HCC	cna10
7	1	159138663	1	1	sim53	Liver-HCC	cna11
8	1	105820844	1	1	sim53	Liver-HCC	cna12
8	105820845	105840483	1	0	sim53	Liver-HCC	cna13
8	105840484	146364022	1	1	sim53	Liver-HCC	cna14
9	1	141213431	1	1	sim53	Liver-HCC	cna15
10	1	135534747	1	1	sim53	Liver-HCC	cna16
11	1	134793716	2	1	sim53	Liver-HCC	cna17
11	134793717	135006516	2	2	sim53	Liver-HCC	cna18
12	1	133851895	1	1	sim53	Liver-HCC	cna19
13	1	115169878	1	1	sim53	Liver-HCC	cna20
14	1	107349540	1	1	sim53	Liver-HCC	cna21
15	1	102531392	1	1	sim53	Liver-HCC	cna22
16	1	90354753	1	1	sim53	Liver-HCC	cna23
17	1	43684714	2	1	sim53	Liver-HCC	cna24
17	43684715	43706494	1	1	sim53	Liver-HCC	cna25
17	43706495	51992154	2	2	sim53	Liver-HCC	cna26
17	51992155	52049015	1	1	sim53	Liver-HCC	cna27
17	52049016	53035710	1	0	sim53	Liver-HCC	cna28
17	53035711	81195210	1	1	sim53	Liver-HCC	cna29
18	1	25700530	2	2	sim53	Liver-HCC	cna30
18	25700531	29881151	2	0	sim53	Liver-HCC	cna31
18	29881152	30278418	1	0	sim53	Liver-HCC	cna32
18	30278419	77954806	2	1	sim53	Liver-HCC	cna33
18	77954807	78077248	2	2	sim53	Liver-HCC	cna34
19	1	57336783	2	0	sim53	Liver-HCC	cna35
19	57336784	59128983	3	2	sim53	Liver-HCC	cna36
20	1	63025520	1	1	sim53	Liver-HCC	cna37
21	1	48129895	1	1	sim53	Liver-HCC	cna38
22	1	51304566	1	1	sim53	Liver-HCC	cna39
X	1	155270560	1	1	sim53	Liver-HCC	cna40
Y	1	59373566	1	1	sim53	Liver-HCC	cna41
