chrom	start	end	major_cn	minor_cn	donor_id	study	id
1	1	249250621	1	0	sim23	Liver-HCC	cna0
2	1	208300590	1	0	sim23	Liver-HCC	cna1
2	208300591	220770098	2	0	sim23	Liver-HCC	cna2
2	220770099	240190232	1	1	sim23	Liver-HCC	cna3
2	240190233	242028567	3	1	sim23	Liver-HCC	cna4
2	242028568	242521714	2	1	sim23	Liver-HCC	cna5
2	242521715	243199373	1	0	sim23	Liver-HCC	cna6
3	1	117654429	1	0	sim23	Liver-HCC	cna7
3	117654430	118023557	1	1	sim23	Liver-HCC	cna8
3	118023558	123978730	2	0	sim23	Liver-HCC	cna9
3	123978731	198022430	1	0	sim23	Liver-HCC	cna10
4	1	28004375	2	1	sim23	Liver-HCC	cna11
4	28004376	34336653	3	3	sim23	Liver-HCC	cna12
4	34336654	191154276	2	2	sim23	Liver-HCC	cna13
5	1	6685842	1	0	sim23	Liver-HCC	cna14
5	6685843	180915260	1	1	sim23	Liver-HCC	cna15
6	1	121289434	1	0	sim23	Liver-HCC	cna16
6	121289435	171115067	1	1	sim23	Liver-HCC	cna17
7	1	141040813	4	1	sim23	Liver-HCC	cna18
7	141040814	159138663	3	2	sim23	Liver-HCC	cna19
8	1	146364022	2	2	sim23	Liver-HCC	cna20
9	1	53057988	2	2	sim23	Liver-HCC	cna21
9	53057989	141213431	3	1	sim23	Liver-HCC	cna22
10	1	135534747	2	1	sim23	Liver-HCC	cna23
11	1	113806340	2	1	sim23	Liver-HCC	cna24
11	113806341	135006516	1	1	sim23	Liver-HCC	cna25
12	1	133851895	2	1	sim23	Liver-HCC	cna26
13	1	20289087	2	1	sim23	Liver-HCC	cna27
13	20289088	21675353	3	2	sim23	Liver-HCC	cna28
13	21675354	110160145	2	2	sim23	Liver-HCC	cna29
13	110160146	115169878	1	0	sim23	Liver-HCC	cna30
14	1	107349540	2	2	sim23	Liver-HCC	cna31
15	1	102531392	2	2	sim23	Liver-HCC	cna32
16	1	90354753	2	2	sim23	Liver-HCC	cna33
17	1	81195210	2	2	sim23	Liver-HCC	cna34
18	1	78077248	1	0	sim23	Liver-HCC	cna35
19	1	59128983	1	0	sim23	Liver-HCC	cna36
20	1	63025520	1	0	sim23	Liver-HCC	cna37
21	1	46920474	1	0	sim23	Liver-HCC	cna38
21	46920475	48129895	2	1	sim23	Liver-HCC	cna39
22	1	51304566	2	2	sim23	Liver-HCC	cna40
X	1	155270560	2	2	sim23	Liver-HCC	cna41
Y	1	48719967	2	2	sim23	Liver-HCC	cna42
Y	48719968	59373566	1	0	sim23	Liver-HCC	cna43
