chrom	start	end	major_cn	minor_cn	donor_id	study	id
1	1	44402800	2	1	sim6	Liver-HCC	cna0
1	44402801	249250621	1	0	sim6	Liver-HCC	cna1
2	1	27684528	1	0	sim6	Liver-HCC	cna2
2	27684529	243199373	2	1	sim6	Liver-HCC	cna3
3	1	198022430	1	0	sim6	Liver-HCC	cna4
4	1	191154276	1	0	sim6	Liver-HCC	cna5
5	1	5727851	2	1	sim6	Liver-HCC	cna6
5	5727852	7197843	3	0	sim6	Liver-HCC	cna7
5	7197844	13382522	1	0	sim6	Liver-HCC	cna8
5	13382523	24275271	2	2	sim6	Liver-HCC	cna9
5	24275272	25009260	2	1	sim6	Liver-HCC	cna10
5	25009261	111308921	1	0	sim6	Liver-HCC	cna11
5	111308922	111336251	2	1	sim6	Liver-HCC	cna12
5	111336252	112322629	2	0	sim6	Liver-HCC	cna13
5	112322630	180915260	2	1	sim6	Liver-HCC	cna14
6	1	169198479	2	2	sim6	Liver-HCC	cna15
6	169198480	171115067	3	1	sim6	Liver-HCC	cna16
7	1	159138663	2	2	sim6	Liver-HCC	cna17
8	1	146364022	2	2	sim6	Liver-HCC	cna18
9	1	141213431	2	0	sim6	Liver-HCC	cna19
10	1	42414067	2	1	sim6	Liver-HCC	cna20
10	42414068	45067466	3	1	sim6	Liver-HCC	cna21
10	45067467	131434538	2	1	sim6	Liver-HCC	cna22
10	131434539	135534747	1	0	sim6	Liver-HCC	cna23
11	1	111617143	2	0	sim6	Liver-HCC	cna24
11	111617144	112189719	1	0	sim6	Liver-HCC	cna25
11	112189720	135006516	3	1	sim6	Liver-HCC	cna26
12	1	133851895	2	0	sim6	Liver-HCC	cna27
13	1	44964817	2	0	sim6	Liver-HCC	cna28
13	44964818	100043384	2	2	sim6	Liver-HCC	cna29
13	100043385	115169878	2	1	sim6	Liver-HCC	cna30
14	1	22057448	2	1	sim6	Liver-HCC	cna31
14	22057449	22093522	4	2	sim6	Liver-HCC	cna32
14	22093523	107349540	1	0	sim6	Liver-HCC	cna33
15	1	102531392	3	1	sim6	Liver-HCC	cna34
16	1	90354753	2	2	sim6	Liver-HCC	cna35
17	1	80997224	2	2	sim6	Liver-HCC	cna36
17	80997225	81195210	4	1	sim6	Liver-HCC	cna37
18	1	71741848	2	2	sim6	Liver-HCC	cna38
18	71741849	78077248	2	1	sim6	Liver-HCC	cna39
19	1	59128983	2	1	sim6	Liver-HCC	cna40
20	1	63025520	2	1	sim6	Liver-HCC	cna41
21	1	32954772	2	1	sim6	Liver-HCC	cna42
21	32954773	48129895	2	0	sim6	Liver-HCC	cna43
22	1	18561080	2	1	sim6	Liver-HCC	cna44
22	18561081	18698337	3	0	sim6	Liver-HCC	cna45
22	18698338	18790114	1	0	sim6	Liver-HCC	cna46
22	18790115	45343316	2	1	sim6	Liver-HCC	cna47
22	45343317	50995558	2	2	sim6	Liver-HCC	cna48
22	50995559	51304566	1	0	sim6	Liver-HCC	cna49
X	1	147507480	2	1	sim6	Liver-HCC	cna50
X	147507481	155270560	2	2	sim6	Liver-HCC	cna51
Y	1	59373566	1	0	sim6	Liver-HCC	cna52
