chrom	start	end	major_cn	minor_cn	donor_id	study	id
1	1	14167122	1	0	sim100	Liver-HCC	cna0
1	14167123	100376572	2	2	sim100	Liver-HCC	cna1
1	100376573	100743086	1	1	sim100	Liver-HCC	cna2
1	100743087	127705244	2	1	sim100	Liver-HCC	cna3
1	127705245	241636524	2	0	sim100	Liver-HCC	cna4
1	241636525	241679415	1	0	sim100	Liver-HCC	cna5
1	241679416	249250621	1	1	sim100	Liver-HCC	cna6
2	1	34712106	4	1	sim100	Liver-HCC	cna7
2	34712107	38153335	3	1	sim100	Liver-HCC	cna8
2	38153336	112612729	1	1	sim100	Liver-HCC	cna9
2	112612730	112945796	2	0	sim100	Liver-HCC	cna10
2	112945797	113109603	1	1	sim100	Liver-HCC	cna11
2	113109604	243199373	1	0	sim100	Liver-HCC	cna12
3	1	16645528	2	2	sim100	Liver-HCC	cna13
3	16645529	57498510	1	1	sim100	Liver-HCC	cna14
3	57498511	57518869	1	0	sim100	Liver-HCC	cna15
3	57518870	73891633	2	2	sim100	Liver-HCC	cna16
3	73891634	74220852	2	1	sim100	Liver-HCC	cna17
3	74220853	198022430	1	1	sim100	Liver-HCC	cna18
4	1	189906500	1	1	sim100	Liver-HCC	cna19
4	189906501	190430729	1	0	sim100	Liver-HCC	cna20
4	190430730	190533000	2	1	sim100	Liver-HCC	cna21
4	190533001	190635937	6	2	sim100	Liver-HCC	cna22
4	190635938	191154276	1	1	sim100	Liver-HCC	cna23
5	1	180915260	1	1	sim100	Liver-HCC	cna24
6	1	4131800	1	1	sim100	Liver-HCC	cna25
6	4131801	10437904	2	1	sim100	Liver-HCC	cna26
6	10437905	11618180	2	0	sim100	Liver-HCC	cna27
6	11618181	67677300	2	1	sim100	Liver-HCC	cna28
6	67677301	76350639	1	1	sim100	Liver-HCC	cna29
6	76350640	93517203	2	1	sim100	Liver-HCC	cna30
6	93517204	171036122	1	0	sim100	Liver-HCC	cna31
6	171036123	171115067	2	0	sim100	Liver-HCC	cna32
7	1	159138663	1	1	sim100	Liver-HCC	cna33
8	1	79445967	1	1	sim100	Liver-HCC	cna34
8	79445968	115966665	1	0	sim100	Liver-HCC	cna35
8	115966666	146364022	1	1	sim100	Liver-HCC	cna36
9	1	14625717	4	1	sim100	Liver-HCC	cna37
9	14625718	19173154	2	2	sim100	Liver-HCC	cna38
9	19173155	135220954	1	1	sim100	Liver-HCC	cna39
9	135220955	141213431	2	0	sim100	Liver-HCC	cna40
10	1	135534747	1	1	sim100	Liver-HCC	cna41
11	1	135006516	1	0	sim100	Liver-HCC	cna42
12	1	133851895	1	1	sim100	Liver-HCC	cna43
13	1	110615562	1	1	sim100	Liver-HCC	cna44
13	110615563	111434526	0	0	sim100	Liver-HCC	cna45
13	111434527	111784454	4	0	sim100	Liver-HCC	cna46
13	111784455	111897216	2	0	sim100	Liver-HCC	cna47
13	111897217	112472354	1	1	sim100	Liver-HCC	cna48
13	112472355	115155723	2	2	sim100	Liver-HCC	cna49
13	115155724	115169878	3	1	sim100	Liver-HCC	cna50
14	1	107349540	1	1	sim100	Liver-HCC	cna51
15	1	97534164	4	2	sim100	Liver-HCC	cna52
15	97534165	102531392	3	1	sim100	Liver-HCC	cna53
16	1	90354753	2	1	sim100	Liver-HCC	cna54
17	1	71091676	1	1	sim100	Liver-HCC	cna55
17	71091677	71179463	2	1	sim100	Liver-HCC	cna56
17	71179464	81195210	1	0	sim100	Liver-HCC	cna57
18	1	10513730	1	0	sim100	Liver-HCC	cna58
18	10513731	12170133	5	1	sim100	Liver-HCC	cna59
18	12170134	14038807	4	2	sim100	Liver-HCC	cna60
18	14038808	16093514	1	1	sim100	Liver-HCC	cna61
18	16093515	38757666	1	0	sim100	Liver-HCC	cna62
18	38757667	39894810	2	1	sim100	Liver-HCC	cna63
18	39894811	78077248	2	2	sim100	Liver-HCC	cna64
19	1	54795141	1	1	sim100	Liver-HCC	cna65
19	54795142	56251055	1	0	sim100	Liver-HCC	cna66
19	56251056	59128983	2	1	sim100	Liver-HCC	cna67
20	1	4546601	2	2	sim100	Liver-HCC	cna68
20	4546602	5377679	2	1	sim100	Liver-HCC	cna69
20	5377680	14688515	2	2	sim100	Liver-HCC	cna70
20	14688516	14753259	1	1	sim100	Liver-HCC	cna71
20	14753260	22665736	4	1	sim100	Liver-HCC	cna72
20	22665737	28531945	4	2	sim100	Liver-HCC	cna73
20	28531946	29781072	1	1	sim100	Liver-HCC	cna74
20	29781073	61935723	2	1	sim100	Liver-HCC	cna75
20	61935724	62075801	4	0	sim100	Liver-HCC	cna76
20	62075802	62516432	2	1	sim100	Liver-HCC	cna77
20	62516433	62561538	1	1	sim100	Liver-HCC	cna78
20	62561539	63025520	2	1	sim100	Liver-HCC	cna79
21	1	46408149	1	0	sim100	Liver-HCC	cna80
21	46408150	46926507	2	1	sim100	Liver-HCC	cna81
21	46926508	48129895	4	2	sim100	Liver-HCC	cna82
22	1	489237	3	1	sim100	Liver-HCC	cna83
22	489238	51304566	1	1	sim100	Liver-HCC	cna84
X	1	109876991	1	1	sim100	Liver-HCC	cna85
X	109876992	110019558	0	0	sim100	Liver-HCC	cna86
X	110019559	151746728	2	2	sim100	Liver-HCC	cna87
X	151746729	151838813	0	0	sim100	Liver-HCC	cna88
X	151838814	155270560	1	1	sim100	Liver-HCC	cna89
Y	1	1634951	2	1	sim100	Liver-HCC	cna90
Y	1634952	1656173	1	1	sim100	Liver-HCC	cna91
Y	1656174	3193022	4	2	sim100	Liver-HCC	cna92
Y	3193023	21067310	1	1	sim100	Liver-HCC	cna93
Y	21067311	21085479	3	1	sim100	Liver-HCC	cna94
Y	21085480	59373566	1	0	sim100	Liver-HCC	cna95
