chrom	start	end	major_cn	minor_cn	donor_id	study	id
1	1	168108	3	2	sim50	Liver-HCC	cna0
1	168109	249250621	1	1	sim50	Liver-HCC	cna1
2	1	225681655	1	1	sim50	Liver-HCC	cna2
2	225681656	230214005	2	2	sim50	Liver-HCC	cna3
2	230214006	231296349	1	0	sim50	Liver-HCC	cna4
2	231296350	243199373	1	1	sim50	Liver-HCC	cna5
3	1	198022430	1	1	sim50	Liver-HCC	cna6
4	1	60459764	1	1	sim50	Liver-HCC	cna7
4	60459765	88098436	1	0	sim50	Liver-HCC	cna8
4	88098437	189812900	1	1	sim50	Liver-HCC	cna9
4	189812901	191154276	1	0	sim50	Liver-HCC	cna10
5	1	2233238	1	1	sim50	Liver-HCC	cna11
5	2233239	50370220	1	0	sim50	Liver-HCC	cna12
5	50370221	180915260	1	1	sim50	Liver-HCC	cna13
6	1	171115067	1	1	sim50	Liver-HCC	cna14
7	1	159138663	1	0	sim50	Liver-HCC	cna15
8	1	146364022	1	1	sim50	Liver-HCC	cna16
9	1	141213431	1	1	sim50	Liver-HCC	cna17
10	1	30750575	1	1	sim50	Liver-HCC	cna18
10	30750576	30813844	3	1	sim50	Liver-HCC	cna19
10	30813845	30843902	2	1	sim50	Liver-HCC	cna20
10	30843903	135534747	1	1	sim50	Liver-HCC	cna21
11	1	135006516	1	1	sim50	Liver-HCC	cna22
12	1	6380575	1	0	sim50	Liver-HCC	cna23
12	6380576	133851895	2	1	sim50	Liver-HCC	cna24
13	1	115169878	2	1	sim50	Liver-HCC	cna25
14	1	76886893	2	1	sim50	Liver-HCC	cna26
14	76886894	107349540	1	1	sim50	Liver-HCC	cna27
15	1	102531392	1	1	sim50	Liver-HCC	cna28
16	1	90354753	1	1	sim50	Liver-HCC	cna29
17	1	80908266	2	1	sim50	Liver-HCC	cna30
17	80908267	81195210	1	1	sim50	Liver-HCC	cna31
18	1	44015856	2	1	sim50	Liver-HCC	cna32
18	44015857	77612813	1	1	sim50	Liver-HCC	cna33
18	77612814	78077248	3	2	sim50	Liver-HCC	cna34
19	1	59128983	1	1	sim50	Liver-HCC	cna35
20	1	63025520	1	0	sim50	Liver-HCC	cna36
21	1	9356074	1	1	sim50	Liver-HCC	cna37
21	9356075	48080785	2	2	sim50	Liver-HCC	cna38
21	48080786	48129895	1	0	sim50	Liver-HCC	cna39
22	1	6516625	2	0	sim50	Liver-HCC	cna40
22	6516626	14550970	2	1	sim50	Liver-HCC	cna41
22	14550971	17154254	1	0	sim50	Liver-HCC	cna42
22	17154255	37458941	2	2	sim50	Liver-HCC	cna43
22	37458942	51304566	2	1	sim50	Liver-HCC	cna44
X	1	85807189	2	2	sim50	Liver-HCC	cna45
X	85807190	155270560	1	1	sim50	Liver-HCC	cna46
