chrom1	start1	end1	chrom2	start2	end2	strand1	strand2	svclass	id	allele	donor_id	tumor
1	3798526	3798527	1	12151003	12151004	-	+	DUP	cna1	major	sim89	Liver-HCC
1	3798526	3798527	1	12151003	12151004	-	+	DUP	cna1	minor	sim89	Liver-HCC
1	13090362	13090363	1	15221375	15221376	-	+	DUP	cna3	major	sim89	Liver-HCC
1	13090362	13090363	1	15221375	15221376	+	-	DEL	cna3	minor	sim89	Liver-HCC
1	15221376	15221377	1	43488360	43488361	-	+	DUP	cna4	major	sim89	Liver-HCC
1	15221376	15221377	1	43488360	43488361	-	+	DUP	cna4	minor	sim89	Liver-HCC
1	47172987	47172988	1	47201284	47201285	-	+	DUP	cna6	major	sim89	Liver-HCC
1	237398419	237398420	1	237511867	237511868	-	+	DUP	cna8	major	sim89	Liver-HCC
1	237398419	237398420	1	237511867	237511868	-	+	DUP	cna8	minor	sim89	Liver-HCC
2	1	181249180	6	111005954	170332429	+	-	TRA	cna10,cna14	major,major	sim89	Liver-HCC
3	65984406	65984407	3	67602261	67602262	+	+	h2hINV	cna11	major	sim89	Liver-HCC
6	93693640	170332429	10	51027358	135534747	-	-	TRA	cna14,cna26	minor,minor	sim89	Liver-HCC
6	170332430	170332431	6	170977056	170977057	+	-	DEL	cna15	minor	sim89	Liver-HCC
7	90142873	90142874	7	90199529	90199530	-	-	t2tINV	cna17	major	sim89	Liver-HCC
7	104722324	104722325	7	159043630	159043631	-	+	DUP	cna18	major	sim89	Liver-HCC
7	104722324	104722325	7	159043630	159043631	-	+	DUP	cna18	minor	sim89	Liver-HCC
8	1	2	8	60637490	60637491	-	+	DUP	cna20	major	sim89	Liver-HCC
8	60687567	60687568	8	80831608	80831609	+	-	DEL	cna22	minor	sim89	Liver-HCC
8	80831609	80831610	8	80843403	80843404	-	+	DUP	cna23	major	sim89	Liver-HCC
8	80831609	80831610	8	80843403	80843404	-	+	DUP	cna23	minor	sim89	Liver-HCC
11	57365210	57365211	11	57626501	57626502	-	-	t2tINV	cna27	major	sim89	Liver-HCC
11	134449869	134449870	11	135006516	135006517	+	-	DEL	cna28	minor	sim89	Liver-HCC
12	1	2	12	131300248	131300249	-	+	DUP	cna29	major	sim89	Liver-HCC
12	1	2	12	131300248	131300249	-	+	DUP	cna29	minor	sim89	Liver-HCC
12	14546594	131300248	16	56558136	90354753	-	-	TRA	cna29,cna39	major,minor	sim89	Liver-HCC
12	131320669	131320670	12	133851895	133851896	-	+	DUP	cna31	major	sim89	Liver-HCC
12	131320669	131320670	12	133851895	133851896	-	+	DUP	cna31	minor	sim89	Liver-HCC
14	29244477	29244478	14	50572295	50572296	+	-	DEL	cna34	minor	sim89	Liver-HCC
14	50572296	50572297	14	56196177	56196178	-	+	DUP	cna35	major	sim89	Liver-HCC
14	56196178	56196179	14	107301709	107301710	+	-	DEL	cna36	minor	sim89	Liver-HCC
14	107301710	107301711	14	107349540	107349541	-	+	DUP	cna37	major	sim89	Liver-HCC
15	1	2	15	102531392	102531393	-	+	DUP	cna38	major	sim89	Liver-HCC
16	1	2	16	90354753	90354754	-	+	DUP	cna39	major	sim89	Liver-HCC
17	1	2	17	81195210	81195211	-	+	DUP	cna40	major	sim89	Liver-HCC
19	1	2	19	59128983	59128984	+	-	DEL	cna42	minor	sim89	Liver-HCC
20	1	2	20	5183472	5183473	+	-	DEL	cna43	minor	sim89	Liver-HCC
20	5358143	5358144	20	63025520	63025521	-	+	DUP	cna45	major	sim89	Liver-HCC
21	46858630	46858631	21	46880638	46880639	-	+	DUP	cna47	major	sim89	Liver-HCC
21	46858630	46858631	21	46880638	46880639	-	+	DUP	cna47	minor	sim89	Liver-HCC
21	46880639	46880640	21	46933268	46933269	-	+	DUP	cna48	major	sim89	Liver-HCC
22	1	2	22	51304566	51304567	+	-	DEL	cna50	minor	sim89	Liver-HCC
X	26541184	26541185	X	26735380	26735381	-	+	DUP	cna52	major	sim89	Liver-HCC
X	26541184	26541185	X	26735380	26735381	-	+	DUP	cna52	minor	sim89	Liver-HCC
X	26735381	26735382	X	26883803	26883804	-	+	DUP	cna53	major	sim89	Liver-HCC
X	26735381	26735382	X	26883803	26883804	+	-	DEL	cna53	minor	sim89	Liver-HCC
X	26883804	26883805	X	45805134	45805135	-	+	DUP	cna54	major	sim89	Liver-HCC
X	26883804	26883805	X	45805134	45805135	-	+	DUP	cna54	minor	sim89	Liver-HCC
X	45805135	45805136	X	45816409	45816410	+	-	DEL	cna55	minor	sim89	Liver-HCC
X	45816410	45816411	X	47529748	47529749	-	+	DUP	cna56	major	sim89	Liver-HCC
X	45816410	45816411	X	47529748	47529749	-	+	DUP	cna56	minor	sim89	Liver-HCC
X	47529749	47529750	X	49949716	49949717	-	+	DUP	cna57	major	sim89	Liver-HCC
X	47529749	47529750	X	49949716	49949717	-	+	DUP	cna57	minor	sim89	Liver-HCC
X	49949717	49949718	X	155270560	155270561	-	+	DUP	cna58	major	sim89	Liver-HCC
