chrom1	start1	end1	chrom2	start2	end2	strand1	strand2	svclass	id	allele	donor_id	tumor
1	95073737	95073738	1	191008315	191008316	+	-	DEL	cna1	minor	sim42	Liver-HCC
2	182857979	182857980	2	182878132	182878133	-	-	t2tINV	cna3	major	sim42	Liver-HCC
4	123261045	123261046	4	190171559	190171560	-	+	DUP	cna6	major	sim42	Liver-HCC
5	61470986	61470987	5	166427902	166427903	-	+	DUP	cna9	major	sim42	Liver-HCC
5	61470986	61470987	5	166427902	166427903	-	+	DUP	cna9	minor	sim42	Liver-HCC
5	90747600	90747601	5	106660121	106660122	+	+	h2hINV	cna9	minor	sim42	Liver-HCC
6	1	2	6	51317207	51317208	-	+	DUP	cna11	major	sim42	Liver-HCC
6	1	2	6	51317207	51317208	-	+	DUP	cna11	minor	sim42	Liver-HCC
7	68453539	68453540	7	72013681	72013682	-	+	DUP	cna14	major	sim42	Liver-HCC
8	125253510	125253511	8	130672216	130672217	-	-	t2tINV	cna16	minor	sim42	Liver-HCC
10	10224795	10224796	10	116155759	116155760	+	-	DEL	cna19	minor	sim42	Liver-HCC
10	116155760	116155761	10	118315376	118315377	-	+	DUP	cna20	major	sim42	Liver-HCC
10	116155760	116155761	10	118315376	118315377	-	+	DUP	cna20	minor	sim42	Liver-HCC
11	34350010	34350011	11	41796104	41796105	-	-	t2tINV	cna22	major	sim42	Liver-HCC
11	133654695	133654696	11	135006516	135006517	-	+	DUP	cna23	major	sim42	Liver-HCC
11	133654695	133654696	11	135006516	135006517	-	+	DUP	cna23	minor	sim42	Liver-HCC
12	1	2	12	119558869	119558870	-	+	DUP	cna24	major	sim42	Liver-HCC
15	55101681	102531392	18	1	31369607	-	+	TRA	cna28,cna31	minor,minor	sim42	Liver-HCC
17	1	2	17	81195210	81195211	-	+	DUP	cna30	major	sim42	Liver-HCC
18	76829191	76829192	18	78077248	78077249	-	+	DUP	cna32	major	sim42	Liver-HCC
19	17258749	17258750	19	18928146	18928147	-	+	DUP	cna34	major	sim42	Liver-HCC
20	1	2	20	63025520	63025521	+	-	DEL	cna36	minor	sim42	Liver-HCC
22	1	2	22	51304566	51304567	+	-	DEL	cna38	minor	sim42	Liver-HCC
X	1	2	X	51235938	51235939	+	-	DEL	cna39	minor	sim42	Liver-HCC
X	51235939	51235940	X	94147409	94147410	-	+	DUP	cna40	major	sim42	Liver-HCC
X	51235939	51235940	X	94147409	94147410	-	+	DUP	cna40	minor	sim42	Liver-HCC
X	94147410	94147411	X	95518169	95518170	-	+	DUP	cna41	major	sim42	Liver-HCC
X	94147410	94147411	X	95518169	95518170	+	-	DEL	cna41	minor	sim42	Liver-HCC
X	95518170	95518171	X	96719214	96719215	-	+	DUP	cna42	major	sim42	Liver-HCC
X	95518170	95518171	X	96719214	96719215	-	+	DUP	cna42	minor	sim42	Liver-HCC
X	96719215	96719216	X	98062336	98062337	-	+	DUP	cna43	major	sim42	Liver-HCC
X	96719215	96719216	X	98062336	98062337	-	+	DUP	cna43	minor	sim42	Liver-HCC
X	98062337	98062338	X	130844835	130844836	-	+	DUP	cna44	major	sim42	Liver-HCC
X	130844836	130844837	X	148808738	148808739	-	+	DUP	cna45	major	sim42	Liver-HCC
X	148808739	148808740	X	150818763	150818764	+	-	DEL	cna46	minor	sim42	Liver-HCC
