chrom	start	end	major_cn	minor_cn	donor_id	study	id
1	1	72893578	1	1	sim98	Liver-HCC	cna0
1	72893579	122552738	2	2	sim98	Liver-HCC	cna1
1	122552739	157068908	2	0	sim98	Liver-HCC	cna2
1	157068909	157892422	1	1	sim98	Liver-HCC	cna3
1	157892423	246023197	1	0	sim98	Liver-HCC	cna4
1	246023198	249250621	3	1	sim98	Liver-HCC	cna5
2	1	167055661	1	1	sim98	Liver-HCC	cna6
2	167055662	243199373	2	2	sim98	Liver-HCC	cna7
3	1	60157060	1	1	sim98	Liver-HCC	cna8
3	60157061	60257831	4	1	sim98	Liver-HCC	cna9
3	60257832	198022430	1	1	sim98	Liver-HCC	cna10
4	1	130117977	2	1	sim98	Liver-HCC	cna11
4	130117978	141203570	4	1	sim98	Liver-HCC	cna12
4	141203571	179565683	1	1	sim98	Liver-HCC	cna13
4	179565684	191154276	2	2	sim98	Liver-HCC	cna14
5	1	9450181	2	2	sim98	Liver-HCC	cna15
5	9450182	127698756	2	1	sim98	Liver-HCC	cna16
5	127698757	130993261	1	0	sim98	Liver-HCC	cna17
5	130993262	174029146	2	2	sim98	Liver-HCC	cna18
5	174029147	180874032	2	1	sim98	Liver-HCC	cna19
5	180874033	180915260	4	2	sim98	Liver-HCC	cna20
6	1	171115067	1	1	sim98	Liver-HCC	cna21
7	1	157752206	1	1	sim98	Liver-HCC	cna22
7	157752207	159138663	1	0	sim98	Liver-HCC	cna23
8	1	146364022	1	1	sim98	Liver-HCC	cna24
9	1	140722422	1	1	sim98	Liver-HCC	cna25
9	140722423	141213431	2	1	sim98	Liver-HCC	cna26
10	1	135534747	1	1	sim98	Liver-HCC	cna27
11	1	14851972	1	1	sim98	Liver-HCC	cna28
11	14851973	17907213	2	1	sim98	Liver-HCC	cna29
11	17907214	20287757	2	0	sim98	Liver-HCC	cna30
11	20287758	132838202	1	1	sim98	Liver-HCC	cna31
11	132838203	135006516	2	0	sim98	Liver-HCC	cna32
12	1	37105300	1	1	sim98	Liver-HCC	cna33
12	37105301	45448046	2	2	sim98	Liver-HCC	cna34
12	45448047	45457556	1	0	sim98	Liver-HCC	cna35
12	45457557	45821996	4	1	sim98	Liver-HCC	cna36
12	45821997	47780011	1	0	sim98	Liver-HCC	cna37
12	47780012	47838127	2	2	sim98	Liver-HCC	cna38
12	47838128	48429579	3	1	sim98	Liver-HCC	cna39
12	48429580	133851895	2	2	sim98	Liver-HCC	cna40
13	1	115169878	1	1	sim98	Liver-HCC	cna41
14	1	107349540	1	0	sim98	Liver-HCC	cna42
15	1	102531392	1	1	sim98	Liver-HCC	cna43
16	1	74232069	1	1	sim98	Liver-HCC	cna44
16	74232070	90000352	1	0	sim98	Liver-HCC	cna45
16	90000353	90202525	2	2	sim98	Liver-HCC	cna46
16	90202526	90354753	6	1	sim98	Liver-HCC	cna47
17	1	31452097	2	1	sim98	Liver-HCC	cna48
17	31452098	32392889	2	0	sim98	Liver-HCC	cna49
17	32392890	81195210	2	2	sim98	Liver-HCC	cna50
18	1	12567833	1	1	sim98	Liver-HCC	cna51
18	12567834	17888873	2	1	sim98	Liver-HCC	cna52
18	17888874	60292594	1	0	sim98	Liver-HCC	cna53
18	60292595	62294202	1	1	sim98	Liver-HCC	cna54
18	62294203	62606674	2	1	sim98	Liver-HCC	cna55
18	62606675	78077248	3	0	sim98	Liver-HCC	cna56
19	1	16622646	2	1	sim98	Liver-HCC	cna57
19	16622647	17553919	2	0	sim98	Liver-HCC	cna58
19	17553920	17662001	2	1	sim98	Liver-HCC	cna59
19	17662002	58858189	1	0	sim98	Liver-HCC	cna60
19	58858190	59128983	4	1	sim98	Liver-HCC	cna61
20	1	62876538	2	2	sim98	Liver-HCC	cna62
20	62876539	63025520	4	1	sim98	Liver-HCC	cna63
21	1	48129895	2	2	sim98	Liver-HCC	cna64
22	1	9881805	2	1	sim98	Liver-HCC	cna65
22	9881806	33114306	1	1	sim98	Liver-HCC	cna66
22	33114307	51304566	1	0	sim98	Liver-HCC	cna67
X	1	155270560	1	1	sim98	Liver-HCC	cna68
Y	1	35122906	1	1	sim98	Liver-HCC	cna69
Y	35122907	59330759	2	2	sim98	Liver-HCC	cna70
Y	59330760	59373566	1	0	sim98	Liver-HCC	cna71
