chrom	start	end	major_cn	minor_cn	donor_id	study	id
1	1	249250621	2	1	sim5	Liver-HCC	cna0
2	1	49230220	1	1	sim5	Liver-HCC	cna1
2	49230221	112696424	2	1	sim5	Liver-HCC	cna2
2	112696425	243199373	1	1	sim5	Liver-HCC	cna3
3	1	50880239	1	1	sim5	Liver-HCC	cna4
3	50880240	50965023	4	1	sim5	Liver-HCC	cna5
3	50965024	52740358	1	0	sim5	Liver-HCC	cna6
3	52740359	198022430	2	0	sim5	Liver-HCC	cna7
4	1	129016017	1	1	sim5	Liver-HCC	cna8
4	129016018	191053665	2	2	sim5	Liver-HCC	cna9
4	191053666	191154276	1	1	sim5	Liver-HCC	cna10
5	1	180915260	1	1	sim5	Liver-HCC	cna11
6	1	41503065	1	1	sim5	Liver-HCC	cna12
6	41503066	42643499	3	2	sim5	Liver-HCC	cna13
6	42643500	160392986	2	3	sim5	Liver-HCC	cna14
6	160392987	171115067	3	2	sim5	Liver-HCC	cna15
7	1	156578970	1	1	sim5	Liver-HCC	cna16
7	156578971	156642838	5	1	sim5	Liver-HCC	cna17
7	156642839	159138663	1	1	sim5	Liver-HCC	cna18
8	1	46645267	1	0	sim5	Liver-HCC	cna19
8	46645268	146083320	2	2	sim5	Liver-HCC	cna20
8	146083321	146364022	1	1	sim5	Liver-HCC	cna21
9	1	93743033	2	1	sim5	Liver-HCC	cna22
9	93743034	141213431	1	1	sim5	Liver-HCC	cna23
10	1	126892650	2	1	sim5	Liver-HCC	cna24
10	126892651	135534747	1	0	sim5	Liver-HCC	cna25
11	1	135006516	1	1	sim5	Liver-HCC	cna26
12	1	133851895	1	1	sim5	Liver-HCC	cna27
13	1	21980400	2	1	sim5	Liver-HCC	cna28
13	21980401	22644606	1	0	sim5	Liver-HCC	cna29
13	22644607	91917171	2	2	sim5	Liver-HCC	cna30
13	91917172	110833477	2	1	sim5	Liver-HCC	cna31
13	110833478	113004551	1	1	sim5	Liver-HCC	cna32
13	113004552	115169878	3	1	sim5	Liver-HCC	cna33
14	1	107349540	1	0	sim5	Liver-HCC	cna34
15	1	102531392	1	0	sim5	Liver-HCC	cna35
16	1	87874157	1	0	sim5	Liver-HCC	cna36
16	87874158	88787013	2	0	sim5	Liver-HCC	cna37
16	88787014	90354753	2	1	sim5	Liver-HCC	cna38
17	1	81195210	2	0	sim5	Liver-HCC	cna39
18	1	78077248	2	0	sim5	Liver-HCC	cna40
19	1	59128983	2	2	sim5	Liver-HCC	cna41
20	1	63025520	2	2	sim5	Liver-HCC	cna42
21	1	48129895	2	2	sim5	Liver-HCC	cna43
22	1	51304566	2	1	sim5	Liver-HCC	cna44
X	1	147379657	2	1	sim5	Liver-HCC	cna45
X	147379658	155270560	2	0	sim5	Liver-HCC	cna46
Y	1	59373566	1	1	sim5	Liver-HCC	cna47
