chrom	start	end	major_cn	minor_cn	donor_id	study	id
1	1	249250621	1	1	sim43	Liver-HCC	cna0
2	1	243199373	2	2	sim43	Liver-HCC	cna1
3	1	18837217	1	1	sim43	Liver-HCC	cna2
3	18837218	74195928	2	0	sim43	Liver-HCC	cna3
3	74195929	198022430	1	1	sim43	Liver-HCC	cna4
4	1	191154276	1	1	sim43	Liver-HCC	cna5
5	1	180915260	1	1	sim43	Liver-HCC	cna6
6	1	171115067	1	1	sim43	Liver-HCC	cna7
7	1	159138663	1	1	sim43	Liver-HCC	cna8
8	1	29107269	3	1	sim43	Liver-HCC	cna9
8	29107270	146364022	1	1	sim43	Liver-HCC	cna10
9	1	141213431	1	0	sim43	Liver-HCC	cna11
10	1	70699796	1	0	sim43	Liver-HCC	cna12
10	70699797	72355523	1	1	sim43	Liver-HCC	cna13
10	72355524	72874334	2	2	sim43	Liver-HCC	cna14
10	72874335	135534747	1	1	sim43	Liver-HCC	cna15
11	1	135006516	1	1	sim43	Liver-HCC	cna16
12	1	133851895	1	1	sim43	Liver-HCC	cna17
13	1	115169878	1	1	sim43	Liver-HCC	cna18
14	1	107349540	2	2	sim43	Liver-HCC	cna19
15	1	41599516	2	2	sim43	Liver-HCC	cna20
15	41599517	49717167	2	1	sim43	Liver-HCC	cna21
15	49717168	102531392	1	1	sim43	Liver-HCC	cna22
16	1	90354753	2	1	sim43	Liver-HCC	cna23
17	1	77727638	2	1	sim43	Liver-HCC	cna24
17	77727639	81195210	1	1	sim43	Liver-HCC	cna25
18	1	78077248	2	1	sim43	Liver-HCC	cna26
19	1	46058866	2	1	sim43	Liver-HCC	cna27
19	46058867	59128983	1	1	sim43	Liver-HCC	cna28
20	1	63025520	2	2	sim43	Liver-HCC	cna29
21	1	48129895	2	2	sim43	Liver-HCC	cna30
22	1	51304566	2	2	sim43	Liver-HCC	cna31
X	1	34347980	2	0	sim43	Liver-HCC	cna32
X	34347981	155270560	2	1	sim43	Liver-HCC	cna33
Y	1	59373566	1	1	sim43	Liver-HCC	cna34
