chrom1	start1	end1	chrom2	start2	end2	strand1	strand2	svclass	id	allele	donor_id	tumor
1	1	2	1	6614170	6614171	-	+	DUP	cna0	major	sim33	Liver-HCC
1	1	2	1	6614170	6614171	-	+	DUP	cna0	minor	sim33	Liver-HCC
1	6614171	6614172	1	12494017	12494018	-	+	DUP	cna1	major	sim33	Liver-HCC
1	9137000	9137001	1	9147006	9147007	-	-	t2tINV	cna1	major	sim33	Liver-HCC
1	12494018	12494019	1	21787443	21787444	-	+	DUP	cna2	major	sim33	Liver-HCC
1	12494018	12494019	1	21787443	21787444	+	-	DEL	cna2	minor	sim33	Liver-HCC
1	21787444	21787445	1	36325488	36325489	-	+	DUP	cna3	major	sim33	Liver-HCC
1	21787444	21787445	1	36325488	36325489	-	+	DUP	cna3	minor	sim33	Liver-HCC
1	30034500	30034501	1	30312879	30312880	-	-	t2tINV	cna3	minor	sim33	Liver-HCC
1	36325489	36325490	1	90472951	90472952	-	+	DUP	cna4	major	sim33	Liver-HCC
1	36325489	36325490	1	90472951	90472952	-	+	DUP	cna4	minor	sim33	Liver-HCC
1	90472952	90472953	1	206556332	206556333	+	-	DEL	cna5	minor	sim33	Liver-HCC
1	206556333	206556334	1	238028733	238028734	-	+	DUP	cna6	major	sim33	Liver-HCC
1	238028734	238028735	1	249250621	249250622	+	-	DEL	cna7	minor	sim33	Liver-HCC
2	1	2	2	118772085	118772086	-	+	DUP	cna8	major	sim33	Liver-HCC
2	1	2	2	118772085	118772086	-	+	DUP	cna8	minor	sim33	Liver-HCC
2	1	28969180	8	1	14310087	+	+	TRA	cna8,cna43	minor,minor	sim33	Liver-HCC
2	70805579	70805580	2	73792265	73792266	-	-	t2tINV	cna8	major	sim33	Liver-HCC
2	105783279	105783280	2	105793292	105793293	-	-	t2tINV	cna8	minor	sim33	Liver-HCC
2	118772086	118772087	2	118792461	118792462	+	-	DEL	cna9	minor	sim33	Liver-HCC
2	118792462	118792463	2	153835172	153835173	-	+	DUP	cna10	major	sim33	Liver-HCC
2	118792462	134166780	4	126317894	174850699	+	-	TRA	cna10,cna26	major,major	sim33	Liver-HCC
2	132946879	132946880	2	132991670	132991671	-	-	t2tINV	cna10	major	sim33	Liver-HCC
2	137014579	137014580	2	137024588	137024589	-	-	t2tINV	cna10	major	sim33	Liver-HCC
2	153835173	153835174	2	155885784	155885785	-	+	DUP	cna11	major	sim33	Liver-HCC
2	153835173	153835174	2	155885784	155885785	+	-	DEL	cna11	minor	sim33	Liver-HCC
2	155885785	155885786	2	155984531	155984532	-	+	DUP	cna12	major	sim33	Liver-HCC
2	155984532	155984533	2	157500669	157500670	-	+	DUP	cna13	major	sim33	Liver-HCC
2	157500670	157500671	2	157648702	157648703	-	+	DUP	cna14	major	sim33	Liver-HCC
2	157648703	157648704	2	242884062	242884063	+	-	DEL	cna15	minor	sim33	Liver-HCC
2	222063579	222063580	2	222388994	222388995	-	-	t2tINV	cna15	major	sim33	Liver-HCC
2	242884063	242884064	2	243178994	243178995	-	+	DUP	cna16	major	sim33	Liver-HCC
2	242884063	242884064	2	243178994	243178995	-	+	DUP	cna16	minor	sim33	Liver-HCC
2	243178995	243178996	2	243199373	243199374	-	+	DUP	cna17	major	sim33	Liver-HCC
3	1	2	3	37373234	37373235	-	+	DUP	cna18	major	sim33	Liver-HCC
3	1	2	3	37373234	37373235	+	-	DEL	cna18	minor	sim33	Liver-HCC
3	1	33167907	5	125294811	137197153	+	+	TRA	cna18,cna32	major,major	sim33	Liver-HCC
3	27129306	27129307	3	32715173	32715174	-	-	t2tINV	cna18	major	sim33	Liver-HCC
3	37373235	37373236	3	70076974	70076975	-	+	DUP	cna19	major	sim33	Liver-HCC
3	37373235	37373236	3	70076974	70076975	-	+	DUP	cna19	minor	sim33	Liver-HCC
3	70076975	70076976	3	72047549	72047550	-	+	DUP	cna20	major	sim33	Liver-HCC
3	70076975	70076976	3	72047549	72047550	-	+	DUP	cna20	minor	sim33	Liver-HCC
3	72047550	72047551	3	72356941	72356942	-	+	DUP	cna21	major	sim33	Liver-HCC
3	72047550	72047551	3	72356941	72356942	-	+	DUP	cna21	minor	sim33	Liver-HCC
3	72356942	72356943	3	87773303	87773304	+	-	DEL	cna22	minor	sim33	Liver-HCC
3	87773304	87773305	3	198001294	198001295	-	+	DUP	cna23	major	sim33	Liver-HCC
3	87773304	87773305	3	198001294	198001295	+	-	DEL	cna23	minor	sim33	Liver-HCC
3	198001295	198001296	3	198022430	198022431	-	+	DUP	cna24	major	sim33	Liver-HCC
4	1	2	4	92570688	92570689	-	+	DUP	cna25	major	sim33	Liver-HCC
4	92570689	92570690	4	174850699	174850700	+	-	DEL	cna26	minor	sim33	Liver-HCC
4	174850700	174850701	4	191154276	191154277	-	+	DUP	cna27	major	sim33	Liver-HCC
4	174850700	174850701	4	191154276	191154277	-	+	DUP	cna27	minor	sim33	Liver-HCC
5	1	2	5	67578508	67578509	-	+	DUP	cna28	major	sim33	Liver-HCC
5	1	2	5	67578508	67578509	-	+	DUP	cna28	minor	sim33	Liver-HCC
5	56440200	67578508	12	83504891	84784532	-	-	TRA	cna28,cna62	major,minor	sim33	Liver-HCC
5	67578509	67578510	5	70977351	70977352	-	+	DUP	cna29	major	sim33	Liver-HCC
5	70977352	70977353	5	122220078	122220079	-	+	DUP	cna30	major	sim33	Liver-HCC
5	122220079	122220080	5	125294810	125294811	-	+	DUP	cna31	major	sim33	Liver-HCC
5	122220079	122220080	5	125294810	125294811	+	-	DEL	cna31	minor	sim33	Liver-HCC
5	125294811	125294812	5	137582445	137582446	-	+	DUP	cna32	major	sim33	Liver-HCC
5	137582446	137582447	5	138212037	138212038	+	-	DEL	cna33	major	sim33	Liver-HCC
5	137582446	137582447	5	138212037	138212038	+	-	DEL	cna33	minor	sim33	Liver-HCC
5	138212038	138212039	5	180915260	180915261	-	+	DUP	cna34	major	sim33	Liver-HCC
6	1	2	6	21026610	21026611	-	+	DUP	cna35	major	sim33	Liver-HCC
6	1	2	6	21026610	21026611	-	+	DUP	cna35	minor	sim33	Liver-HCC
6	21026611	21026612	6	40793715	40793716	-	+	DUP	cna36	major	sim33	Liver-HCC
6	40793716	40793717	6	41178215	41178216	+	-	DEL	cna37	minor	sim33	Liver-HCC
6	41178216	41178217	6	41371736	41371737	-	+	DUP	cna38	major	sim33	Liver-HCC
6	41371737	41371738	6	41885181	41885182	-	+	DUP	cna39	major	sim33	Liver-HCC
6	41371737	41371738	6	41885181	41885182	-	+	DUP	cna39	minor	sim33	Liver-HCC
6	41885182	41885183	6	115964118	115964119	-	+	DUP	cna40	major	sim33	Liver-HCC
6	110885140	110885141	6	111236502	111236503	-	-	t2tINV	cna40	major	sim33	Liver-HCC
6	114674140	114674141	6	119591001	119591002	-	-	t2tINV	cna41	major	sim33	Liver-HCC
6	115964119	115964120	6	171115067	171115068	+	-	DEL	cna41	minor	sim33	Liver-HCC
7	1	2	7	159138663	159138664	+	-	DEL	cna42	minor	sim33	Liver-HCC
7	52890273	52890274	7	53979085	53979086	-	-	t2tINV	cna42	major	sim33	Liver-HCC
7	74149673	74149674	7	85402568	85402569	-	-	t2tINV	cna42	major	sim33	Liver-HCC
8	1	2	8	44649194	44649195	-	+	DUP	cna43	major	sim33	Liver-HCC
8	1	2	8	44649194	44649195	+	-	DEL	cna43	minor	sim33	Liver-HCC
8	44649195	44649196	8	146339751	146339752	-	+	DUP	cna44	major	sim33	Liver-HCC
8	44649195	44649196	8	146339751	146339752	-	+	DUP	cna44	minor	sim33	Liver-HCC
8	141333410	141333411	8	141635298	141635299	-	-	t2tINV	cna44	minor	sim33	Liver-HCC
8	146339752	146339753	8	146364022	146364023	+	-	DEL	cna45	minor	sim33	Liver-HCC
9	1	2	9	51734138	51734139	-	+	DUP	cna46	major	sim33	Liver-HCC
9	1	2	9	51734138	51734139	+	-	DEL	cna46	minor	sim33	Liver-HCC
9	51734139	51734140	9	52530315	52530316	-	+	DUP	cna47	major	sim33	Liver-HCC
9	52530316	52530317	9	102977912	102977913	-	+	DUP	cna48	major	sim33	Liver-HCC
9	52530316	52530317	9	102977912	102977913	+	-	DEL	cna48	minor	sim33	Liver-HCC
9	102977913	102977914	9	104802502	104802503	+	-	DEL	cna49	minor	sim33	Liver-HCC
9	104802503	104802504	9	132485322	132485323	-	+	DUP	cna50	major	sim33	Liver-HCC
9	132485323	132485324	9	132545015	132545016	+	-	DEL	cna51	minor	sim33	Liver-HCC
9	132545016	132545017	9	132556669	132556670	-	+	DUP	cna52	major	sim33	Liver-HCC
9	132556670	132556671	9	132580054	132580055	-	+	DUP	cna53	major	sim33	Liver-HCC
9	132580055	132580056	9	132991428	132991429	+	-	DEL	cna54	minor	sim33	Liver-HCC
9	132991429	132991430	9	141213431	141213432	-	+	DUP	cna55	major	sim33	Liver-HCC
10	1	2	10	52042263	52042264	-	+	DUP	cna56	major	sim33	Liver-HCC
10	1	2	10	52042263	52042264	-	+	DUP	cna56	minor	sim33	Liver-HCC
10	52042264	52042265	10	135534747	135534748	+	-	DEL	cna57	minor	sim33	Liver-HCC
11	1	2	11	15373602	15373603	-	+	DUP	cna58	major	sim33	Liver-HCC
11	15373603	15373604	11	15816666	15816667	-	+	DUP	cna59	major	sim33	Liver-HCC
11	15816667	15816668	11	16161577	16161578	-	+	DUP	cna60	major	sim33	Liver-HCC
11	16161578	16161579	11	135006516	135006517	-	+	DUP	cna61	minor	sim33	Liver-HCC
11	113345210	113345211	11	113397031	113397032	-	-	t2tINV	cna61	major	sim33	Liver-HCC
11	116495110	116495111	11	116505119	116505120	-	-	t2tINV	cna61	major	sim33	Liver-HCC
12	1	2	12	84784532	84784533	-	+	DUP	cna62	major	sim33	Liver-HCC
12	69344094	84784532	Y	37421909	43959574	-	-	TRA	cna62,cna92	major,major	sim33	Liver-HCC
12	84784533	84784534	12	102975526	102975527	-	+	DUP	cna63	major	sim33	Liver-HCC
12	84784533	84784534	12	102975526	102975527	-	+	DUP	cna63	minor	sim33	Liver-HCC
12	85642094	102975526	21	1	15159962	-	+	TRA	cna63,cna86	major,minor	sim33	Liver-HCC
12	102975527	102975528	12	106918704	106918705	-	+	DUP	cna64	major	sim33	Liver-HCC
12	106918705	106918706	12	107399073	107399074	-	+	DUP	cna65	major	sim33	Liver-HCC
12	107399074	107399075	12	107729856	107729857	-	+	DUP	cna66	major	sim33	Liver-HCC
12	107399074	107399075	12	107729856	107729857	-	+	DUP	cna66	minor	sim33	Liver-HCC
12	107729857	107729858	12	115358867	115358868	-	+	DUP	cna67	major	sim33	Liver-HCC
12	115358868	115358869	12	133851895	133851896	-	+	DUP	cna68	major	sim33	Liver-HCC
12	115358868	115358869	12	133851895	133851896	-	+	DUP	cna68	minor	sim33	Liver-HCC
12	115934394	115934395	12	124841682	124841683	-	-	t2tINV	cna68	major	sim33	Liver-HCC
13	1	2	13	38042938	38042939	-	+	DUP	cna69	major	sim33	Liver-HCC
13	38042939	38042940	13	38415311	38415312	+	-	DEL	cna70	minor	sim33	Liver-HCC
13	38415312	38415313	13	41963227	41963228	-	+	DUP	cna71	major	sim33	Liver-HCC
13	41963228	41963229	13	42179151	42179152	-	+	DUP	cna72	major	sim33	Liver-HCC
13	42179152	42179153	13	115169878	115169879	-	+	DUP	cna73	major	sim33	Liver-HCC
13	45230199	45230200	13	49848117	49848118	-	-	t2tINV	cna73	major	sim33	Liver-HCC
13	107182299	107182300	13	107192309	107192310	-	-	t2tINV	cna73	major	sim33	Liver-HCC
14	1	2	14	3170960	3170961	-	+	DUP	cna74	major	sim33	Liver-HCC
14	1	2	14	3170960	3170961	-	+	DUP	cna74	minor	sim33	Liver-HCC
14	3170961	3170962	14	65204291	65204292	-	+	DUP	cna75	major	sim33	Liver-HCC
14	3170961	3170962	14	65204291	65204292	-	+	DUP	cna75	minor	sim33	Liver-HCC
14	65204292	65204293	14	107349540	107349541	-	+	DUP	cna76	major	sim33	Liver-HCC
15	1	2	15	102531392	102531393	-	+	DUP	cna77	major	sim33	Liver-HCC
16	1	2	16	90354753	90354754	-	+	DUP	cna78	major	sim33	Liver-HCC
16	1	2	16	90354753	90354754	+	-	DEL	cna78	minor	sim33	Liver-HCC
17	1	2	17	50307232	50307233	-	+	DUP	cna79	major	sim33	Liver-HCC
17	1	2	17	50307232	50307233	+	-	DEL	cna79	minor	sim33	Liver-HCC
17	8646936	8646937	17	8656949	8656950	-	-	t2tINV	cna79	major	sim33	Liver-HCC
17	50307233	50307234	17	50456366	50456367	+	-	DEL	cna80	minor	sim33	Liver-HCC
17	50456367	50456368	17	50544483	50544484	-	+	DUP	cna81	major	sim33	Liver-HCC
17	50544484	50544485	17	81195210	81195211	-	+	DUP	cna82	major	sim33	Liver-HCC
17	50544484	50544485	17	81195210	81195211	+	-	DEL	cna82	minor	sim33	Liver-HCC
18	1	2	18	78077248	78077249	-	+	DUP	cna83	major	sim33	Liver-HCC
18	1	2	18	78077248	78077249	-	+	DUP	cna83	minor	sim33	Liver-HCC
18	50631426	50631427	18	55838745	55838746	+	+	h2hINV	cna83	major	sim33	Liver-HCC
19	1	2	19	59128983	59128984	-	+	DUP	cna84	major	sim33	Liver-HCC
19	1	2	19	59128983	59128984	-	+	DUP	cna84	minor	sim33	Liver-HCC
20	1	2	20	63025520	63025521	+	-	DEL	cna85	minor	sim33	Liver-HCC
21	1	2	21	22507046	22507047	+	-	DEL	cna86	minor	sim33	Liver-HCC
21	22507047	22507048	21	42750336	42750337	-	+	DUP	cna87	major	sim33	Liver-HCC
21	22507047	22507048	21	42750336	42750337	+	-	DEL	cna87	minor	sim33	Liver-HCC
21	37044675	37044676	21	44612573	44612574	-	-	t2tINV	cna88	major	sim33	Liver-HCC
21	42750337	42750338	21	48129895	48129896	-	+	DUP	cna88	major	sim33	Liver-HCC
22	1	2	22	51304566	51304567	-	+	DUP	cna89	major	sim33	Liver-HCC
22	1	2	22	51304566	51304567	+	-	DEL	cna89	minor	sim33	Liver-HCC
22	25563080	25563081	22	43310238	43310239	-	-	t2tINV	cna89	major	sim33	Liver-HCC
22	25927280	25927281	22	25937290	25937291	-	-	t2tINV	cna89	major	sim33	Liver-HCC
22	40727280	40727281	22	40737282	40737283	-	-	t2tINV	cna89	major	sim33	Liver-HCC
X	1	2	X	155270560	155270561	-	+	DUP	cna90	major	sim33	Liver-HCC
X	1	2	X	155270560	155270561	+	-	DEL	cna90	minor	sim33	Liver-HCC
Y	1	2	Y	4896257	4896258	+	-	DEL	cna91	minor	sim33	Liver-HCC
Y	4896258	4896259	Y	43959574	43959575	-	+	DUP	cna92	major	sim33	Liver-HCC
Y	43959575	43959576	Y	59326457	59326458	-	+	DUP	cna93	major	sim33	Liver-HCC
Y	43959575	43959576	Y	59326457	59326458	-	+	DUP	cna93	minor	sim33	Liver-HCC
Y	59326458	59326459	Y	59373566	59373567	-	+	DUP	cna94	major	sim33	Liver-HCC
Y	59326458	59326459	Y	59373566	59373567	+	-	DEL	cna94	minor	sim33	Liver-HCC
