chrom1	start1	end1	chrom2	start2	end2	strand1	strand2	svclass	id	allele	donor_id	tumor
1	1	2	1	249250621	249250622	-	+	DUP	cna0	major	sim5	Liver-HCC
2	49230221	49230222	2	112696424	112696425	-	+	DUP	cna2	major	sim5	Liver-HCC
3	50880240	50880241	3	50965023	50965024	-	+	DUP	cna5	major	sim5	Liver-HCC
3	50965024	50965025	3	52740358	52740359	+	-	DEL	cna6	minor	sim5	Liver-HCC
3	52740359	52740360	3	198022430	198022431	-	+	DUP	cna7	major	sim5	Liver-HCC
3	52740359	52740360	3	198022430	198022431	+	-	DEL	cna7	minor	sim5	Liver-HCC
4	129016018	129016019	4	191053665	191053666	-	+	DUP	cna9	major	sim5	Liver-HCC
4	129016018	129016019	4	191053665	191053666	-	+	DUP	cna9	minor	sim5	Liver-HCC
6	41503066	41503067	6	42643499	42643500	-	+	DUP	cna13	major	sim5	Liver-HCC
6	41503066	41503067	6	42643499	42643500	-	+	DUP	cna13	minor	sim5	Liver-HCC
6	42643500	42643501	6	160392986	160392987	-	+	DUP	cna14	major	sim5	Liver-HCC
6	42643500	42643501	6	160392986	160392987	-	+	DUP	cna14	minor	sim5	Liver-HCC
6	160392987	160392988	6	171115067	171115068	-	+	DUP	cna15	major	sim5	Liver-HCC
6	160392987	160392988	6	171115067	171115068	-	+	DUP	cna15	minor	sim5	Liver-HCC
7	156578971	156578972	7	156642838	156642839	-	+	DUP	cna17	major	sim5	Liver-HCC
8	1	2	8	46645267	46645268	+	-	DEL	cna19	minor	sim5	Liver-HCC
8	46645268	46645269	8	146083320	146083321	-	+	DUP	cna20	major	sim5	Liver-HCC
8	46645268	46645269	8	146083320	146083321	-	+	DUP	cna20	minor	sim5	Liver-HCC
9	1	2	9	93743033	93743034	-	+	DUP	cna22	major	sim5	Liver-HCC
10	1	2	10	126892650	126892651	-	+	DUP	cna24	major	sim5	Liver-HCC
10	55227557	55227558	10	55237567	55237568	-	-	t2tINV	cna24	major	sim5	Liver-HCC
10	97862557	126892650	18	1	66823051	-	+	TRA	cna24,cna40	minor,major	sim5	Liver-HCC
10	126892651	126892652	10	135534747	135534748	+	-	DEL	cna25	minor	sim5	Liver-HCC
11	5408310	5408311	11	10970089	10970090	+	+	h2hINV	cna26	minor	sim5	Liver-HCC
13	1	2	13	21980400	21980401	-	+	DUP	cna28	major	sim5	Liver-HCC
13	21980401	21980402	13	22644606	22644607	+	-	DEL	cna29	minor	sim5	Liver-HCC
13	22644607	22644608	13	91917171	91917172	-	+	DUP	cna30	major	sim5	Liver-HCC
13	22644607	22644608	13	91917171	91917172	-	+	DUP	cna30	minor	sim5	Liver-HCC
13	91917172	91917173	13	110833477	110833478	-	+	DUP	cna31	major	sim5	Liver-HCC
13	113004552	113004553	13	115169878	115169879	-	+	DUP	cna33	major	sim5	Liver-HCC
14	1	2	14	107349540	107349541	+	-	DEL	cna34	minor	sim5	Liver-HCC
15	1	2	15	102531392	102531393	+	-	DEL	cna35	minor	sim5	Liver-HCC
16	1	2	16	87874157	87874158	+	-	DEL	cna36	minor	sim5	Liver-HCC
16	87874158	87874159	16	88787013	88787014	-	+	DUP	cna37	major	sim5	Liver-HCC
16	87874158	87874159	16	88787013	88787014	+	-	DEL	cna37	minor	sim5	Liver-HCC
16	88787014	88787015	16	90354753	90354754	-	+	DUP	cna38	major	sim5	Liver-HCC
17	1	2	17	81195210	81195211	-	+	DUP	cna39	major	sim5	Liver-HCC
17	1	2	17	81195210	81195211	+	-	DEL	cna39	minor	sim5	Liver-HCC
18	1	2	18	78077248	78077249	-	+	DUP	cna40	major	sim5	Liver-HCC
18	1	2	18	78077248	78077249	+	-	DEL	cna40	minor	sim5	Liver-HCC
19	1	2	19	59128983	59128984	-	+	DUP	cna41	major	sim5	Liver-HCC
19	1	2	19	59128983	59128984	-	+	DUP	cna41	minor	sim5	Liver-HCC
20	1	2	20	63025520	63025521	-	+	DUP	cna42	major	sim5	Liver-HCC
20	1	2	20	63025520	63025521	-	+	DUP	cna42	minor	sim5	Liver-HCC
21	1	2	21	48129895	48129896	-	+	DUP	cna43	major	sim5	Liver-HCC
21	1	2	21	48129895	48129896	-	+	DUP	cna43	minor	sim5	Liver-HCC
22	1	2	22	51304566	51304567	-	+	DUP	cna44	major	sim5	Liver-HCC
X	1	2	X	147379657	147379658	-	+	DUP	cna45	major	sim5	Liver-HCC
X	147379658	147379659	X	155270560	155270561	-	+	DUP	cna46	major	sim5	Liver-HCC
X	147379658	147379659	X	155270560	155270561	+	-	DEL	cna46	minor	sim5	Liver-HCC
